# Public ULB numerical table: Z A Mcal(MeV) beta2; source precision retained
8 16 -4.51 0.23
8 17 -0.23 0.31
8 18 -2.63 0.23
8 19 2.38 0.26
8 20 2.16 0.25
8 21 8.47 0.26
8 22 10.10 0.20
8 23 16.99 0.19
8 24 20.87 0.15
8 25 29.73 0.17
8 26 36.11 0.18
8 27 46.08 0.42
8 28 53.30 0.17
8 29 63.03 0.28
8 30 69.62 0.02
8 31 78.87 0.17
8 32 86.88 0.01
8 33 96.19 0.03
8 34 104.60 0.02
8 35 113.92 0.08
8 36 122.80 0.01
8 37 132.06 0.00
9 17 3.18 0.26
9 18 0.61 0.25
9 19 -3.14 0.26
9 20 0.25 0.26
9 21 -1.80 0.30
9 22 2.57 0.29
9 23 2.78 0.27
9 24 8.63 0.24
9 25 11.52 0.22
9 26 19.33 0.18
9 27 24.38 0.23
9 28 33.46 0.19
9 29 39.67 0.22
9 30 48.93 0.39
9 31 56.39 0.30
9 32 65.78 0.42
9 33 73.77 0.32
9 34 83.13 0.43
9 35 90.69 0.30
9 36 99.92 0.25
9 37 108.13 0.23
9 38 117.32 0.33
10 18 3.60 0.22
10 19 0.13 0.26
10 20 -7.89 0.29
10 21 -6.54 0.50
10 22 -8.79 0.31
10 23 -5.86 0.28
10 24 -7.23 0.28
10 25 -3.17 0.25
10 26 -0.93 0.23
10 27 5.71 0.18
10 28 9.59 0.23
10 29 17.73 0.16
10 30 22.79 0.22
10 31 31.64 0.32
10 32 37.70 0.27
10 33 46.87 0.35
10 34 53.73 0.32
10 35 62.96 0.31
10 36 70.67 0.32
10 37 79.87 0.33
10 38 87.79 0.32
10 39 96.89 0.24
10 40 104.94 0.26
10 41 115.57 0.37
10 42 122.46 0.20
11 19 12.25 0.25
11 20 7.06 0.31
11 21 -2.83 0.48
11 22 -7.96 0.57
11 23 -10.00 0.46
11 24 -7.73 0.33
11 25 -10.43 0.36
11 26 -7.10 0.28
11 27 -6.39 0.24
11 28 -0.70 0.23
11 29 1.54 0.27
11 30 8.78 0.41
11 31 12.06 0.41
11 32 19.23 0.53
11 33 24.33 0.40
11 34 32.22 0.48
11 35 38.24 0.44
11 36 47.14 0.48
11 37 53.65 0.40
11 38 62.65 0.39
11 39 70.35 0.37
11 40 79.55 0.56
11 41 87.10 0.33
11 42 96.31 0.30
11 43 104.21 0.30
11 44 113.25 0.36
12 20 15.83 0.25
12 21 9.29 0.30
12 22 -1.10 0.32
12 23 -5.95 0.47
12 24 -13.55 0.39
12 25 -13.37 0.39
12 26 -16.57 0.30
12 27 -14.95 0.27
12 28 -15.38 0.27
12 29 -11.13 0.24
12 30 -9.87 0.25
12 31 -3.77 0.20
12 32 -1.37 0.25
12 33 5.68 0.38
12 34 9.12 0.33
12 35 16.51 0.40
12 36 21.13 0.36
12 37 29.30 0.43
12 38 34.78 0.37
12 39 43.18 0.37
12 40 50.04 0.35
12 41 59.31 0.27
12 42 66.23 0.24
12 43 75.28 0.27
12 44 82.85 0.23
12 45 92.08 0.17
12 46 99.55 0.14
12 47 108.59 0.12
13 21 25.68 0.24
13 22 17.64 0.29
13 23 6.16 0.26
13 24 0.66 0.46
13 25 -8.97 0.41
13 26 -14.08 0.37
13 27 -17.46 0.32
13 28 -16.57 0.29
13 29 -18.22 0.29
13 30 -15.14 0.28
13 31 -15.30 0.28
13 32 -10.25 0.33
13 33 -9.20 0.28
13 34 -3.25 0.31
13 35 -0.84 0.29
13 36 5.84 0.33
13 37 9.27 0.31
13 38 16.18 0.38
13 39 21.06 0.33
13 40 28.69 0.35
13 41 34.58 0.32
13 42 42.65 0.32
13 43 49.48 0.28
13 44 58.37 0.26
13 45 65.28 0.23
13 46 74.78 0.17
13 47 81.85 0.15
13 48 90.85 0.16
13 49 98.35 0.04
13 50 107.45 0.03
14 22 32.20 0.25
14 23 22.37 0.29
14 24 9.36 0.28
14 25 2.54 0.40
14 26 -7.48 0.30
14 27 -12.86 0.32
14 28 -20.99 0.30
14 29 -21.41 0.27
14 30 -23.77 0.25
14 31 -21.89 0.25
14 32 -23.07 0.25
14 33 -19.25 0.20
14 34 -19.19 0.27
14 35 -14.17 0.26
14 36 -12.95 0.27
14 37 -7.14 0.31
14 38 -4.79 0.27
14 39 1.76 0.31
14 40 5.22 0.27
14 41 12.34 0.34
14 42 16.89 0.28
14 43 24.47 0.29
14 44 30.28 0.28
14 45 38.87 0.26
14 46 45.27 0.22
14 47 53.52 0.17
14 48 61.21 0.12
14 49 70.23 0.28
14 50 77.27 0.01
14 52 94.45 0.02
14 53 103.57 0.00
14 54 111.69 0.01
14 55 120.97 0.02
15 23 42.19 0.21
15 24 32.11 0.27
15 25 18.16 0.25
15 26 10.65 0.28
15 27 -1.08 0.27
15 28 -7.07 0.30
15 29 -16.41 0.26
15 30 -20.86 0.21
15 31 -24.26 0.22
15 32 -22.98 0.17
15 33 -25.22 0.21
15 34 -22.48 0.20
15 35 -23.66 0.22
15 36 -19.56 0.23
15 37 -19.51 0.23
15 38 -14.55 0.27
15 39 -13.38 0.25
15 40 -7.64 0.29
15 41 -5.42 0.28
15 42 1.03 0.28
15 43 4.56 0.29
15 44 11.60 0.26
15 45 16.46 0.28
15 46 24.39 0.24
15 47 30.15 0.21
15 48 38.25 0.19
15 49 45.19 0.16
15 50 54.29 0.11
15 51 61.87 0.17
15 52 70.84 0.17
15 53 78.34 0.07
15 54 87.43 0.04
15 55 95.58 0.07
15 56 104.75 0.09
15 57 112.87 0.07
16 24 50.19 0.08
16 25 40.14 0.23
16 26 25.13 0.24
16 27 16.38 0.29
16 28 3.58 0.26
16 29 -3.53 0.28
16 30 -13.63 0.27
16 31 -19.09 0.22
16 32 -25.85 0.21
16 33 -26.28 0.22
16 34 -29.07 0.20
16 35 -27.51 0.16
16 36 -29.52 0.18
16 37 -26.63 0.19
16 38 -27.51 0.20
16 39 -23.57 0.23
16 40 -23.39 0.24
16 41 -18.77 0.27
16 42 -17.31 0.26
16 43 -11.74 0.24
16 44 -9.14 0.25
16 45 -2.90 0.22
16 46 1.20 0.22
16 47 8.35 0.21
16 48 13.52 0.19
16 49 21.12 0.17
16 50 27.47 0.16
16 51 36.45 0.13
16 52 43.14 0.17
16 53 52.30 0.27
16 54 59.84 0.20
16 55 68.95 0.30
16 56 76.83 0.18
16 57 85.88 0.19
17 25 60.84 0.30
17 26 50.25 0.22
17 27 35.20 0.23
17 28 26.21 0.26
17 29 13.04 0.25
17 30 4.82 0.28
17 31 -6.33 0.26
17 32 -12.13 0.17
17 33 -20.77 0.22
17 34 -24.73 0.18
17 35 -28.33 0.20
17 36 -27.85 0.12
17 37 -30.41 0.12
17 38 -28.47 0.13
17 39 -30.34 0.20
17 40 -27.41 0.20
17 41 -28.37 0.22
17 42 -24.66 0.27
17 43 -24.35 0.23
17 44 -19.48 0.22
17 45 -18.04 0.23
17 46 -12.55 0.21
17 47 -9.38 0.21
17 48 -2.78 0.18
17 49 1.54 0.21
17 50 8.85 0.14
17 51 14.36 0.18
17 52 22.60 0.12
17 53 28.69 0.19
17 54 37.80 0.20
17 55 44.13 0.21
17 56 53.35 0.25
17 57 60.38 0.23
17 58 69.74 0.31
17 59 77.20 0.25
17 60 86.21 0.34
18 28 44.11 0.10
18 29 34.82 0.35
18 30 19.72 0.27
18 31 10.36 0.27
18 32 -1.85 0.26
18 33 -8.90 0.23
18 34 -17.83 0.20
18 35 -22.64 0.22
18 36 -29.52 0.16
18 37 -30.59 0.13
18 38 -33.95 0.12
18 39 -32.89 0.15
18 40 -35.79 0.16
18 41 -33.85 0.17
18 42 -35.58 0.19
18 43 -32.80 0.26
18 44 -33.32 0.22
18 45 -29.56 0.20
18 46 -28.73 0.19
18 47 -24.18 0.15
18 48 -21.61 0.17
18 49 -15.80 0.15
18 50 -12.14 0.16
18 51 -5.49 0.14
18 52 -0.73 0.14
18 53 6.94 0.12
18 54 12.29 0.13
18 55 20.74 0.14
18 56 26.54 0.14
18 57 35.53 0.15
18 58 41.75 0.15
18 59 51.24 0.21
18 60 57.68 0.18
18 61 66.59 0.18
18 62 74.15 0.21
18 63 83.20 0.31
18 64 91.01 0.23
18 65 99.98 0.31
19 29 54.63 0.07
19 30 44.77 0.35
19 31 29.88 0.25
19 32 20.68 0.21
19 33 7.82 0.21
19 34 -0.30 0.21
19 35 -10.30 0.17
19 36 -16.20 0.12
19 37 -24.49 0.12
19 38 -28.57 0.06
19 39 -32.78 0.08
19 40 -32.63 0.17
19 41 -36.29 0.13
19 42 -35.09 0.12
19 43 -37.81 0.15
19 44 -35.90 0.13
19 45 -37.36 0.16
19 46 -34.50 0.13
19 47 -34.86 0.13
19 48 -31.24 0.13
19 49 -29.52 0.13
19 50 -24.37 0.13
19 51 -21.59 0.13
19 52 -15.16 0.10
19 53 -11.61 0.12
19 54 -4.46 0.12
19 55 -0.03 0.12
19 56 8.01 0.12
19 57 12.82 0.12
19 58 21.44 0.11
19 59 26.79 0.12
19 60 35.85 0.11
19 61 41.59 0.12
19 62 50.51 0.11
19 63 57.08 0.14
19 64 66.04 0.12
19 65 73.16 0.15
19 66 82.19 0.16
19 67 89.71 0.17
19 68 98.62 0.15
20 31 54.24 0.32
20 32 39.21 0.24
20 33 28.35 0.28
20 34 13.95 0.28
20 35 4.79 0.23
20 36 -6.06 0.20
20 37 -12.40 0.13
20 38 -21.58 0.16
20 39 -26.61 0.08
20 40 -33.90 0.00
20 41 -34.83 0.14
20 42 -39.37 0.13
20 43 -38.86 0.18
20 44 -42.33 0.13
20 45 -41.27 0.18
20 46 -43.61 0.15
20 47 -41.69 0.18
20 48 -42.63 0.15
20 49 -39.81 0.12
20 50 -38.72 0.12
20 51 -34.32 0.10
20 52 -32.19 0.10
20 53 -26.77 0.01
20 54 -23.53 0.09
20 55 -17.09 0.02
20 56 -13.29 0.09
20 57 -6.16 0.04
20 58 -1.84 0.03
20 59 5.74 0.03
20 60 10.55 0.03
20 61 19.01 0.11
20 62 24.09 0.07
20 63 32.89 0.06
20 64 38.44 0.10
20 65 47.41 0.13
20 66 53.61 0.11
20 67 62.52 0.14
20 68 69.44 0.12
20 69 78.40 0.15
21 32 64.80 0.32
21 33 49.89 0.25
21 34 38.31 0.27
21 35 24.29 0.19
21 36 15.17 0.26
21 37 3.28 0.22
21 38 -4.10 0.23
21 39 -14.04 0.13
21 40 -19.88 0.17
21 41 -28.26 0.06
21 42 -31.92 0.18
21 43 -37.62 0.14
21 44 -38.29 0.13
21 45 -42.07 0.15
21 46 -41.97 0.19
21 47 -45.02 0.16
21 48 -43.96 0.16
21 49 -45.75 0.13
21 50 -43.58 0.13
21 51 -43.32 0.13
21 52 -39.44 0.12
21 53 -38.12 0.12
21 54 -32.93 0.12
21 55 -30.84 0.12
21 56 -24.94 0.10
21 57 -22.00 0.11
21 58 -15.45 0.12
21 59 -11.87 0.11
21 60 -4.70 0.11
21 61 -0.67 0.12
21 62 6.82 0.13
21 63 11.32 0.12
21 64 19.34 0.11
21 65 24.36 0.13
21 66 32.82 0.17
21 67 38.35 0.14
21 68 46.88 0.17
21 69 53.20 0.14
21 70 61.81 0.16
21 71 68.74 0.14
21 72 77.57 0.15
21 73 84.86 0.15
21 74 93.84 0.14
22 37 22.09 0.24
22 38 9.13 0.25
22 39 0.80 0.21
22 40 -10.14 0.16
22 41 -16.73 0.13
22 42 -26.02 0.12
22 43 -30.83 0.14
22 44 -38.26 0.12
22 45 -40.13 0.18
22 46 -44.68 0.15
22 47 -45.39 0.24
22 48 -49.00 0.18
22 49 -48.93 0.18
22 50 -51.29 0.15
22 51 -49.86 0.16
22 52 -50.21 0.15
22 53 -47.09 0.12
22 54 -46.36 0.13
22 55 -42.05 0.14
22 56 -40.44 0.14
22 57 -35.14 0.13
22 58 -32.87 0.13
22 59 -27.08 0.12
22 60 -24.02 0.12
22 61 -17.49 0.12
22 62 -14.16 0.12
22 63 -7.22 0.12
22 64 -3.33 0.12
22 65 4.13 0.13
22 66 8.51 0.13
22 67 16.31 0.17
22 68 21.34 0.14
22 69 29.50 0.17
22 70 35.15 0.13
22 71 43.36 0.16
22 72 49.86 0.15
22 73 58.33 0.15
22 74 65.34 0.14
22 75 74.17 0.12
22 76 81.46 0.14
22 77 90.34 0.12
22 78 97.99 0.10
22 79 106.91 0.09
23 38 32.19 0.26
23 39 19.76 0.12
23 40 10.65 0.23
23 41 -1.18 0.18
23 42 -8.57 0.12
23 43 -18.45 0.14
23 44 -24.44 0.14
23 45 -32.98 0.17
23 46 -38.09 0.29
23 47 -42.96 0.30
23 48 -44.62 0.27
23 49 -48.52 0.23
23 50 -49.19 0.21
23 51 -51.97 0.18
23 52 -51.15 0.18
23 53 -52.33 0.18
23 54 -49.76 0.14
23 55 -49.91 0.17
23 56 -46.22 0.18
23 57 -45.39 0.17
23 58 -40.69 0.16
23 59 -39.19 0.17
23 60 -34.03 0.16
23 61 -31.68 0.18
23 62 -26.03 0.28
23 63 -23.14 0.26
23 64 -17.13 0.29
23 65 -13.75 0.27
23 66 -7.23 0.25
23 67 -3.31 0.25
23 68 3.99 0.27
23 69 8.36 0.23
23 70 15.87 0.20
23 71 21.28 0.20
23 72 29.19 0.21
23 73 35.17 0.16
23 74 43.33 0.15
23 75 49.96 0.16
23 76 58.61 0.18
23 77 65.58 0.14
23 78 74.43 0.15
23 79 81.82 0.12
23 80 90.69 0.13
23 81 98.38 0.10
23 82 107.33 0.09
24 39 41.80 0.28
24 40 27.29 0.30
24 41 17.04 0.25
24 42 4.30 0.20
24 43 -3.90 0.13
24 44 -14.62 0.13
24 45 -20.94 0.15
24 46 -30.21 0.15
24 47 -35.73 0.30
24 48 -43.13 0.26
24 49 -46.35 0.29
24 50 -50.76 0.26
24 51 -51.97 0.21
24 52 -55.42 0.19
24 53 -55.42 0.18
24 54 -57.14 0.18
24 55 -55.19 0.22
24 56 -56.12 0.20
24 57 -53.03 0.17
24 58 -52.94 0.19
24 59 -48.88 0.19
24 60 -48.08 0.20
24 61 -43.32 0.14
24 62 -41.83 0.17
24 63 -36.61 0.27
24 64 -34.53 0.28
24 65 -28.94 0.27
24 66 -26.28 0.27
24 67 -20.22 0.24
24 68 -16.98 0.24
24 69 -10.47 0.20
24 70 -6.50 0.23
24 71 0.49 0.20
24 72 5.27 0.17
24 73 12.67 0.19
24 74 18.16 0.15
24 75 25.84 0.15
24 76 32.19 0.14
24 77 40.55 0.18
24 78 47.19 0.15
24 79 55.91 0.14
24 80 62.98 0.14
24 81 71.74 0.13
24 82 79.34 0.11
24 83 88.65 0.10
24 84 95.86 0.07
24 85 104.84 0.06
24 86 112.32 0.00
24 87 121.36 0.02
25 43 14.72 0.27
25 44 5.49 0.14
25 45 -5.78 0.12
25 46 -13.15 0.18
25 47 -23.20 0.21
25 48 -29.67 0.29
25 49 -38.62 0.30
25 50 -44.15 0.31
25 51 -49.04 0.28
25 52 -50.53 0.20
25 53 -54.64 0.26
25 54 -55.14 0.22
25 55 -57.62 0.26
25 56 -56.53 0.28
25 57 -58.17 0.25
25 58 -55.66 0.24
25 59 -56.44 0.26
25 60 -52.96 0.26
25 61 -53.02 0.28
25 62 -48.91 0.27
25 63 -48.24 0.29
25 64 -43.56 0.31
25 65 -42.33 0.29
25 66 -37.28 0.31
25 67 -35.27 0.29
25 68 -30.02 0.29
25 69 -27.05 0.27
25 70 -21.34 0.22
25 71 -17.68 0.24
25 72 -11.06 0.27
25 73 -6.91 0.23
25 74 0.01 0.23
25 75 5.29 0.22
25 76 12.65 0.17
25 77 18.57 0.19
25 78 26.73 0.23
25 79 32.94 0.17
25 80 41.41 0.18
25 81 48.24 0.17
25 82 56.93 0.12
25 83 64.28 0.13
25 84 73.19 0.11
25 85 80.80 0.12
25 86 89.76 0.08
25 87 97.29 0.07
25 88 106.34 0.05
26 45 11.89 0.15
26 46 -0.49 0.16
26 47 -8.40 0.16
26 48 -19.04 0.18
26 49 -25.75 0.26
26 50 -35.17 0.26
26 51 -41.25 0.29
26 52 -48.36 0.26
26 53 -51.53 0.22
26 54 -56.15 0.20
26 55 -57.26 0.21
26 56 -60.23 0.20
26 57 -59.76 0.23
26 58 -61.96 0.21
26 59 -60.23 0.23
26 60 -61.58 0.22
26 61 -58.90 0.22
26 62 -59.42 0.23
26 63 -55.94 0.24
26 64 -55.81 0.24
26 65 -51.68 0.24
26 66 -51.04 0.26
26 67 -46.46 0.29
26 68 -45.15 0.26
26 69 -40.20 0.27
26 70 -38.13 0.24
26 71 -32.86 0.20
26 72 -30.02 0.20
26 73 -24.37 0.18
26 74 -20.54 0.16
26 75 -14.07 0.13
26 76 -9.64 0.14
26 77 -2.81 0.15
26 78 2.76 0.16
26 79 10.49 0.17
26 80 16.43 0.15
26 81 24.65 0.17
26 82 31.10 0.16
26 83 39.56 0.14
26 84 46.61 0.15
26 85 55.41 0.12
26 86 62.81 0.13
26 87 71.85 0.09
26 88 79.48 0.12
26 89 88.73 0.09
26 90 96.16 0.10
26 91 105.26 0.14
27 46 22.33 0.14
27 47 9.70 0.18
27 48 0.83 0.17
27 49 -10.74 0.20
27 50 -18.16 0.21
27 51 -28.15 0.22
27 52 -34.42 0.29
27 53 -43.22 0.22
27 54 -48.53 0.20
27 55 -53.64 0.20
27 56 -55.33 0.18
27 57 -59.03 0.20
27 58 -58.93 0.21
27 59 -61.93 0.21
27 60 -61.02 0.21
27 61 -62.89 0.21
27 62 -60.97 0.23
27 63 -62.07 0.20
27 64 -59.21 0.22
27 65 -59.77 0.21
27 66 -56.36 0.21
27 67 -56.21 0.22
27 68 -52.28 0.19
27 69 -51.49 0.23
27 70 -47.12 0.19
27 71 -45.71 0.19
27 72 -40.90 0.16
27 73 -38.87 0.15
27 74 -34.01 0.17
27 75 -30.62 0.14
27 76 -24.45 0.14
27 77 -20.74 0.12
27 78 -14.25 0.15
27 79 -9.17 0.15
27 80 -1.80 0.14
27 81 3.77 0.17
27 82 11.77 0.17
27 83 17.80 0.17
27 84 26.05 0.15
27 85 32.72 0.15
27 86 41.39 0.11
27 87 48.38 0.15
27 88 57.27 0.10
27 89 64.67 0.15
27 90 73.65 0.12
27 91 81.40 0.15
27 92 90.39 0.20
28 48 16.77 0.14
28 49 7.31 0.13
28 50 -4.86 0.17
28 51 -12.58 0.19
28 52 -23.24 0.20
28 53 -30.33 0.26
28 54 -39.45 0.19
28 55 -45.26 0.21
28 56 -52.44 0.16
28 57 -55.35 0.18
28 58 -59.57 0.19
28 59 -60.07 0.23
28 60 -63.52 0.20
28 61 -63.02 0.20
28 62 -65.69 0.20
28 63 -64.27 0.19
28 64 -66.19 0.19
28 65 -63.93 0.20
28 66 -65.17 0.20
28 67 -62.30 0.21
28 68 -62.82 0.21
28 69 -59.48 0.15
28 70 -59.33 0.20
28 71 -55.47 0.17
28 72 -54.71 0.15
28 73 -50.55 0.16
28 74 -49.01 0.13
28 75 -44.47 0.16
28 76 -41.97 0.12
28 77 -36.73 0.12
28 78 -33.44 0.10
28 79 -27.41 0.11
28 80 -22.59 0.12
28 81 -15.51 0.12
28 82 -10.32 0.13
28 83 -2.67 0.15
28 84 2.99 0.15
28 85 10.99 0.14
28 86 17.21 0.14
28 87 25.66 0.12
28 88 32.21 0.15
28 89 40.92 0.16
28 90 47.84 0.16
28 91 56.70 0.13
28 92 63.98 0.19
28 93 72.87 0.26
28 94 80.46 0.21
28 95 89.34 0.27
29 50 17.84 0.14
29 51 5.04 0.17
29 52 -3.31 0.19
29 53 -14.70 0.18
29 54 -22.19 0.24
29 55 -31.97 0.21
29 56 -38.29 0.18
29 57 -46.63 0.17
29 58 -51.06 0.17
29 59 -56.11 0.19
29 60 -57.21 0.22
29 61 -61.37 0.21
29 62 -61.38 0.20
29 63 -64.65 0.21
29 64 -63.82 0.22
29 65 -66.40 0.21
29 66 -64.73 0.22
29 67 -66.66 0.21
29 68 -64.44 0.22
29 69 -65.60 0.21
29 70 -62.78 0.25
29 71 -63.35 0.20
29 72 -60.11 0.19
29 73 -59.91 0.18
29 74 -56.24 0.18
29 75 -55.35 0.16
29 76 -51.37 0.17
29 77 -49.34 0.14
29 78 -44.53 0.13
29 79 -41.58 0.13
29 80 -36.08 0.15
29 81 -31.83 0.16
29 82 -25.01 0.15
29 83 -20.49 0.17
29 84 -13.20 0.18
29 85 -8.00 0.19
29 86 -0.21 0.20
29 87 5.44 0.20
29 88 13.68 0.18
29 89 19.65 0.20
29 90 28.06 0.20
29 91 34.46 0.20
29 92 43.06 0.21
29 93 49.77 0.24
29 94 58.54 0.24
29 95 65.50 0.23
29 96 74.31 0.28
29 97 81.66 0.25
29 98 90.37 0.35
29 99 97.96 0.31
29 100 106.81 0.33
29 101 114.66 0.32
30 53 4.22 0.18
30 54 -7.79 0.18
30 55 -15.97 0.26
30 56 -26.20 0.21
30 57 -33.19 0.21
30 58 -42.04 0.19
30 59 -47.28 0.21
30 60 -53.71 0.20
30 61 -56.24 0.23
30 62 -60.79 0.24
30 63 -61.46 0.23
30 64 -65.20 0.22
30 65 -65.09 0.24
30 66 -68.12 0.22
30 67 -67.17 0.24
30 68 -69.65 0.24
30 69 -68.14 0.24
30 70 -69.85 0.23
30 71 -67.67 0.25
30 72 -68.75 0.22
30 73 -66.05 0.24
30 74 -66.41 0.21
30 75 -63.23 0.17
30 76 -62.86 0.17
30 77 -59.53 0.17
30 78 -58.03 0.14
30 79 -53.95 0.12
30 80 -51.51 0.12
30 81 -46.51 0.14
30 82 -42.64 0.14
30 83 -36.35 0.17
30 84 -32.16 0.16
30 85 -25.27 0.20
30 86 -20.55 0.20
30 87 -13.19 0.21
30 88 -7.97 0.21
30 89 -0.08 0.20
30 90 5.38 0.23
30 91 13.51 0.22
30 92 19.34 0.23
30 93 27.61 0.23
30 94 33.80 0.25
30 95 42.26 0.25
30 96 48.75 0.28
30 97 57.41 0.30
30 98 64.11 0.28
30 99 72.76 0.33
30 100 79.90 0.31
30 101 88.57 0.34
31 54 14.94 0.15
31 55 2.90 0.22
31 56 -6.06 0.29
31 57 -16.81 0.23
31 58 -24.16 0.22
31 59 -33.52 0.22
31 60 -39.37 0.16
31 61 -47.11 0.23
31 62 -50.97 0.27
31 63 -56.49 0.25
31 64 -57.86 0.25
31 65 -62.23 0.26
31 66 -62.49 0.27
31 67 -66.22 0.26
31 68 -65.91 0.28
31 69 -69.01 0.26
31 70 -68.01 0.28
31 71 -70.50 0.26
31 72 -68.90 0.29
31 73 -70.64 0.27
31 74 -68.54 0.28
31 75 -69.39 0.24
31 76 -66.54 0.23
31 77 -66.79 0.22
31 78 -63.64 0.20
31 79 -62.81 0.19
31 80 -59.09 0.13
31 81 -57.27 0.12
31 82 -52.71 0.12
31 83 -49.45 0.18
31 84 -43.66 0.19
31 85 -40.17 0.21
31 86 -33.68 0.23
31 87 -29.57 0.22
31 88 -22.60 0.24
31 89 -17.96 0.25
31 90 -10.61 0.26
31 91 -5.57 0.25
31 92 2.15 0.27
31 93 7.47 0.26
31 94 15.50 0.25
31 95 21.06 0.28
31 96 29.20 0.26
31 97 35.22 0.28
31 98 43.55 0.27
31 99 49.91 0.28
31 100 58.43 0.31
31 101 65.10 0.27
31 102 73.68 0.30
31 103 80.77 0.26
31 104 89.38 0.30
31 105 96.89 0.27
31 106 105.63 0.27
32 58 -9.84 0.24
32 59 -17.87 0.21
32 60 -27.69 0.20
32 61 -34.21 0.21
32 62 -42.38 0.24
32 63 -47.26 0.27
32 64 -53.76 0.25
32 65 -56.17 0.25
32 66 -61.22 0.26
32 67 -62.27 0.25
32 68 -66.28 0.25
32 69 -66.54 0.25
32 70 -70.15 0.25
32 71 -69.86 0.25
32 72 -72.83 0.26
32 73 -71.93 0.27
32 74 -74.11 0.27
32 75 -72.61 0.26
32 76 -74.02 0.24
32 77 -71.85 0.23
32 78 -72.58 0.20
32 79 -70.33 0.18
32 80 -69.80 0.16
32 81 -66.81 0.14
32 82 -65.30 0.14
32 83 -61.31 0.15
32 84 -58.46 0.16
32 85 -53.21 0.20
32 86 -49.98 0.20
32 87 -43.99 0.21
32 88 -40.25 0.21
32 89 -33.70 0.24
32 90 -29.54 0.24
32 91 -22.60 0.25
32 92 -18.01 0.25
32 93 -10.69 0.27
32 94 -5.85 0.27
32 95 1.86 0.27
32 96 6.95 0.27
32 97 14.84 0.27
32 98 20.36 0.28
32 99 28.46 0.26
32 100 34.33 0.27
32 101 42.64 0.28
32 102 48.83 0.29
32 103 57.25 0.31
32 104 63.80 0.27
32 105 72.28 0.31
32 106 79.28 0.26
32 107 87.84 0.28
32 108 95.27 0.25
32 109 103.99 0.25
33 59 1.13 0.24
33 60 -7.69 0.23
33 61 -17.85 0.21
33 62 -24.80 0.21
33 63 -33.64 0.24
33 64 -39.26 0.25
33 65 -46.64 0.24
33 66 -50.55 0.25
33 67 -56.09 0.25
33 68 -58.19 0.26
33 69 -62.49 0.27
33 70 -63.37 0.26
33 71 -67.39 0.27
33 72 -67.77 0.25
33 73 -71.12 0.25
33 74 -70.89 0.27
33 75 -73.53 0.26
33 76 -72.62 0.26
33 77 -74.55 0.24
33 78 -73.01 0.22
33 79 -74.31 0.20
33 80 -72.66 0.20
33 81 -72.70 0.17
33 82 -70.26 0.15
33 83 -69.18 0.11
33 84 -65.62 0.15
33 85 -63.27 0.17
33 86 -58.49 0.19
33 87 -55.78 0.19
33 88 -50.34 0.22
33 89 -47.05 0.22
33 90 -41.01 0.24
33 91 -37.28 0.24
33 92 -30.82 0.25
33 93 -26.78 0.26
33 94 -19.96 0.27
33 95 -15.57 0.27
33 96 -8.25 0.28
33 97 -3.63 0.27
33 98 4.07 0.28
33 99 9.01 0.28
33 100 17.01 0.27
33 101 22.29 0.28
33 102 30.38 0.28
33 103 36.07 0.28
33 104 44.27 0.31
33 105 50.28 0.28
33 106 58.55 0.30
33 107 65.06 0.27
33 108 73.36 0.28
33 109 80.38 0.24
33 110 88.80 0.26
34 61 0.17 0.23
34 62 -10.79 0.22
34 63 -18.34 0.21
34 64 -27.63 0.24
34 65 -33.84 0.28
34 66 -41.94 0.26
34 67 -46.38 0.26
34 68 -53.29 0.27
34 69 -56.00 0.27
34 70 -61.30 0.29
34 71 -62.72 0.27
34 72 -67.28 0.29
34 73 -68.05 0.30
34 74 -72.10 0.28
34 75 -72.37 0.28
34 76 -75.65 0.28
34 77 -75.30 0.27
34 78 -77.77 0.26
34 79 -76.69 0.24
34 80 -78.50 0.20
34 81 -77.41 0.18
34 82 -77.93 0.15
34 83 -76.09 0.13
34 84 -75.59 0.12
34 85 -72.53 0.13
34 86 -70.64 0.17
34 87 -66.21 0.18
34 88 -64.00 0.20
34 89 -58.89 0.22
34 90 -56.15 0.23
34 91 -50.46 0.24
34 92 -47.26 0.25
34 93 -41.18 0.25
34 94 -37.58 0.26
34 95 -31.11 0.26
34 96 -27.21 0.27
34 97 -20.29 0.29
34 98 -16.13 0.28
34 99 -8.90 0.28
34 100 -4.31 0.29
34 101 3.15 0.28
34 102 8.17 0.29
34 103 15.88 0.28
34 104 21.25 0.28
34 105 29.24 0.28
34 106 34.85 0.26
34 107 42.97 0.31
34 108 49.00 0.26
34 109 57.19 0.28
34 110 63.70 0.22
34 111 71.98 0.24
34 112 78.89 0.19
34 113 87.26 0.20
34 114 94.47 0.14
34 115 102.92 0.16
34 116 110.64 0.13
34 117 119.31 0.14
34 118 127.23 0.14
34 119 136.07 0.12
35 64 -7.77 0.24
35 65 -17.71 0.25
35 66 -24.47 0.28
35 67 -33.12 0.25
35 68 -38.58 0.27
35 69 -46.05 0.27
35 70 -50.12 0.28
35 71 -55.88 0.28
35 72 -58.28 0.29
35 73 -63.18 0.31
35 74 -64.50 0.31
35 75 -68.98 0.28
35 76 -69.86 0.29
35 77 -73.58 0.27
35 78 -73.71 0.27
35 79 -76.76 0.26
35 80 -76.23 0.22
35 81 -78.52 0.22
35 82 -77.99 0.17
35 83 -79.07 0.15
35 84 -77.78 0.14
35 85 -77.95 0.12
35 86 -75.35 0.14
35 87 -73.89 0.16
35 88 -69.86 0.16
35 89 -68.16 0.19
35 90 -63.55 0.21
35 91 -61.20 0.22
35 92 -56.04 0.23
35 93 -53.24 0.25
35 94 -47.57 0.24
35 95 -44.53 0.27
35 96 -38.60 0.29
35 97 -35.15 0.28
35 98 -28.82 0.29
35 99 -24.93 0.29
35 100 -18.07 0.30
35 101 -13.89 0.30
35 102 -6.73 0.30
35 103 -2.17 0.29
35 104 5.18 0.27
35 105 10.15 0.28
35 106 17.82 0.27
35 107 23.08 0.26
35 108 30.94 0.33
35 109 36.50 0.22
35 110 44.62 0.26
35 111 50.47 0.21
35 112 58.65 0.22
35 113 64.87 0.15
35 114 73.13 0.18
35 115 79.57 0.12
35 116 88.06 0.09
35 117 95.08 0.09
35 118 103.55 0.12
35 119 111.29 0.12
35 120 120.04 0.11
36 67 -17.90 0.28
36 68 -27.02 0.27
36 69 -32.79 0.27
36 70 -41.23 0.29
36 71 -45.80 0.29
36 72 -52.87 0.30
36 73 -55.92 0.42
36 74 -61.68 0.31
36 75 -63.57 0.33
36 76 -68.44 0.29
36 77 -69.76 0.40
36 78 -73.95 0.27
36 79 -74.73 0.28
36 80 -78.18 0.26
36 81 -78.20 0.23
36 82 -81.10 0.20
36 83 -81.14 0.17
36 84 -82.83 0.14
36 85 -82.13 0.12
36 86 -82.88 0.10
36 87 -80.68 0.12
36 88 -79.56 0.15
36 89 -75.89 0.16
36 90 -74.65 0.19
36 91 -70.39 0.20
36 92 -68.58 0.21
36 93 -63.76 0.24
36 94 -61.50 0.24
36 95 -56.26 0.26
36 96 -53.65 0.27
36 97 -48.10 0.29
36 98 -45.14 0.29
36 99 -39.12 0.30
36 100 -35.75 0.30
36 101 -29.31 0.30
36 102 -25.58 0.29
36 103 -18.82 0.28
36 104 -14.66 0.28
36 105 -7.63 0.28
36 106 -3.06 0.28
36 107 4.26 0.29
36 108 9.15 0.27
36 109 16.76 0.23
36 110 21.89 0.22
36 111 29.66 0.22
36 112 35.15 0.17
36 113 43.10 0.15
36 114 48.69 0.12
36 115 56.61 0.12
36 116 62.57 0.10
36 117 70.67 0.09
36 118 77.22 0.08
36 119 85.63 0.10
36 120 93.16 0.10
37 69 -17.02 0.29
37 70 -23.38 0.27
37 71 -32.32 0.30
37 72 -37.80 0.29
37 73 -45.48 0.31
37 74 -50.37 0.45
37 75 -56.31 0.43
37 76 -59.17 0.47
37 77 -64.45 0.42
37 78 -66.15 0.40
37 79 -70.60 0.39
37 80 -71.73 0.30
37 81 -75.66 0.27
37 82 -76.31 0.27
37 83 -79.49 0.17
37 84 -80.28 0.18
37 85 -82.53 0.13
37 86 -82.26 0.12
37 87 -83.64 0.11
37 88 -81.91 0.12
37 89 -81.28 0.14
37 90 -78.08 0.14
37 91 -77.19 0.17
37 92 -73.33 0.17
37 93 -72.01 0.22
37 94 -67.66 0.24
37 95 -65.90 0.24
37 96 -61.13 0.38
37 97 -59.01 0.29
37 98 -54.20 0.39
37 99 -51.57 0.39
37 100 -46.01 0.42
37 101 -43.18 0.40
37 102 -37.19 0.39
37 103 -33.82 0.40
37 104 -27.37 0.37
37 105 -23.59 0.37
37 106 -16.95 0.38
37 107 -12.61 0.38
37 108 -5.71 0.38
37 109 -1.15 0.25
37 110 6.13 0.27
37 111 10.91 0.23
37 112 18.33 0.22
37 113 23.40 0.17
37 114 30.99 0.12
37 115 36.02 0.10
37 116 43.60 0.08
37 117 49.03 0.08
37 118 56.58 0.07
37 119 62.76 0.04
37 120 71.14 0.08
37 121 78.44 0.08
37 122 86.98 0.10
37 123 94.68 0.12
37 124 103.39 0.12
37 125 111.23 0.12
37 126 120.06 0.11
37 127 127.95 0.12
37 128 136.84 0.11
38 71 -16.87 0.28
38 72 -26.34 0.29
38 73 -32.23 0.32
38 74 -40.72 0.30
38 75 -45.80 0.45
38 76 -52.94 0.43
38 77 -56.76 0.49
38 78 -62.54 0.42
38 79 -64.99 0.42
38 80 -69.78 0.35
38 81 -71.57 0.29
38 82 -75.85 0.26
38 83 -76.90 0.27
38 84 -80.80 0.16
38 85 -81.88 0.17
38 86 -84.80 0.11
38 87 -85.12 0.11
38 88 -87.16 0.09
38 89 -85.82 0.11
38 90 -85.55 0.12
38 91 -82.74 0.13
38 92 -82.28 0.18
38 93 -78.83 0.20
38 94 -77.97 0.20
38 95 -74.05 0.26
38 96 -72.73 0.24
38 97 -68.37 0.26
38 98 -66.72 0.28
38 99 -62.11 0.38
38 100 -60.11 0.38
38 101 -55.23 0.41
38 102 -52.56 0.39
38 103 -47.13 0.39
38 104 -44.01 0.39
38 105 -38.01 0.37
38 106 -34.56 0.36
38 107 -28.23 0.28
38 108 -24.47 0.27
38 109 -17.86 0.30
38 110 -13.72 0.26
38 111 -6.74 0.23
38 112 -2.37 0.22
38 113 4.71 0.21
38 114 9.40 0.17
38 115 16.58 0.12
38 116 21.33 0.10
38 117 28.62 0.08
38 118 33.66 0.06
38 119 40.91 0.07
38 120 46.42 0.00
38 121 54.75 0.07
38 122 61.86 0.08
38 123 70.30 0.10
38 124 77.78 0.11
38 125 86.41 0.11
38 126 94.08 0.11
38 127 102.90 0.11
38 128 110.66 0.11
38 129 119.56 0.10
39 72 -6.46 0.28
39 73 -16.33 0.31
39 74 -22.75 0.32
39 75 -31.80 0.31
39 76 -37.84 0.49
39 77 -45.84 0.50
39 78 -51.38 0.51
39 79 -57.06 0.47
39 80 -60.29 0.43
39 81 -65.23 0.32
39 82 -67.41 0.31
39 83 -72.16 0.24
39 84 -73.72 0.28
39 85 -78.05 0.16
39 86 -79.61 0.16
39 87 -83.14 0.09
39 88 -83.87 0.12
39 89 -86.69 0.00
39 90 -85.62 0.13
39 91 -85.88 0.13
39 92 -83.52 0.14
39 93 -83.50 0.16
39 94 -80.45 0.17
39 95 -80.07 0.21
39 96 -76.58 0.23
39 97 -75.75 0.24
39 98 -71.79 0.30
39 99 -70.62 0.37
39 100 -66.87 0.48
39 101 -65.01 0.41
39 102 -60.99 0.46
39 103 -58.36 0.41
39 104 -53.51 0.43
39 105 -50.62 0.42
39 106 -44.99 0.46
39 107 -41.93 0.42
39 108 -36.12 0.43
39 109 -32.61 0.29
39 110 -26.24 0.40
39 111 -22.58 0.24
39 112 -15.98 0.24
39 113 -12.01 0.23
39 114 -5.24 0.19
39 115 -1.00 0.14
39 116 5.83 0.13
39 117 10.18 0.06
39 118 16.95 0.04
39 119 21.50 0.00
39 120 28.47 0.05
39 121 33.46 0.00
39 122 41.73 0.04
39 123 48.61 0.06
39 124 57.04 0.06
39 125 64.23 0.07
39 126 72.76 0.09
39 127 80.19 0.09
39 128 88.85 0.09
39 129 96.48 0.09
39 130 105.21 0.07
40 69 41.96 0.23
40 70 29.85 0.26
40 71 20.28 0.30
40 72 8.94 0.29
40 73 1.16 0.29
40 74 -9.35 0.29
40 75 -16.13 0.32
40 76 -25.63 0.31
40 77 -32.12 0.43
40 78 -40.61 0.43
40 79 -46.11 0.47
40 80 -53.28 0.44
40 81 -57.22 0.40
40 82 -63.17 0.30
40 83 -66.09 0.30
40 84 -71.20 0.26
40 85 -73.21 0.27
40 86 -77.97 0.13
40 87 -79.99 0.16
40 88 -84.02 0.10
40 89 -85.35 0.11
40 90 -88.48 0.08
40 91 -87.95 0.11
40 92 -88.62 0.11
40 93 -86.62 0.13
40 94 -87.05 0.15
40 95 -84.50 0.20
40 96 -84.58 0.22
40 97 -81.58 0.24
40 98 -81.17 0.26
40 99 -77.65 0.28
40 100 -76.98 0.36
40 101 -73.21 0.37
40 102 -72.09 0.38
40 103 -68.01 0.42
40 104 -66.23 0.39
40 105 -61.57 0.39
40 106 -59.30 0.38
40 107 -54.09 0.37
40 108 -51.43 0.36
40 109 -45.87 0.33
40 110 -42.97 0.28
40 111 -37.10 0.30
40 112 -33.72 0.26
40 113 -27.43 0.24
40 114 -23.81 0.22
40 115 -17.44 0.20
40 116 -13.45 0.15
40 117 -6.98 0.11
40 118 -3.02 0.10
40 119 3.50 0.07
40 120 7.72 0.03
40 121 14.31 0.05
40 122 18.91 0.00
40 123 26.96 0.04
40 124 33.63 0.06
40 125 41.83 0.09
40 126 48.80 0.08
40 127 57.19 0.09
40 128 64.45 0.10
40 129 73.04 0.09
40 130 80.46 0.09
40 131 89.16 0.10
40 132 96.82 0.09
40 133 105.60 0.08
41 71 41.26 0.26
41 72 31.39 0.29
41 73 20.23 0.25
41 74 12.56 0.29
41 75 1.62 0.29
41 76 -5.81 0.29
41 77 -15.66 0.40
41 78 -22.58 0.43
41 79 -31.79 0.43
41 80 -37.97 0.43
41 81 -45.85 0.41
41 82 -51.14 0.39
41 83 -57.28 0.36
41 84 -61.05 0.32
41 85 -66.36 0.25
41 86 -68.95 0.27
41 87 -74.26 0.11
41 88 -76.74 0.15
41 89 -81.27 0.10
41 90 -82.92 0.11
41 91 -86.60 0.08
41 92 -86.39 0.10
41 93 -87.54 0.11
41 94 -85.97 0.11
41 95 -86.82 0.18
41 96 -84.76 0.21
41 97 -85.31 0.21
41 98 -82.75 0.24
41 99 -82.81 0.27
41 100 -79.73 0.32
41 101 -79.56 0.36
41 102 -76.15 0.38
41 103 -75.55 0.38
41 104 -71.96 0.39
41 105 -70.53 0.37
41 106 -66.43 0.37
41 107 -64.42 0.37
41 108 -59.78 0.34
41 109 -57.44 0.34
41 110 -52.21 0.30
41 111 -49.66 0.28
41 112 -44.21 0.29
41 113 -41.19 0.25
41 114 -35.30 0.26
41 115 -32.06 0.21
41 116 -26.02 0.21
41 117 -22.34 0.16
41 118 -16.21 0.12
41 119 -12.77 0.09
41 120 -6.69 0.07
41 121 -2.73 0.04
41 122 3.46 0.06
41 123 7.79 0.01
41 124 15.59 0.04
41 125 21.99 0.07
41 126 30.08 0.08
41 127 36.76 0.09
41 128 44.99 0.09
41 129 52.01 0.10
41 130 60.43 0.10
41 131 67.68 0.10
41 132 76.24 0.11
41 133 83.74 0.10
41 134 92.41 0.09
42 74 30.18 0.28
42 75 21.43 0.29
42 76 9.75 0.30
42 77 1.98 0.30
42 78 -8.45 0.29
42 79 -15.62 0.43
42 80 -25.15 0.39
42 81 -31.54 0.46
42 82 -40.35 0.36
42 83 -45.90 0.37
42 84 -53.48 0.29
42 85 -57.90 0.29
42 86 -64.07 0.24
42 87 -67.13 0.27
42 88 -72.91 0.11
42 89 -75.85 0.15
42 90 -80.77 0.10
42 91 -83.03 0.10
42 92 -87.04 0.07
42 93 -87.24 0.10
42 94 -88.82 0.11
42 95 -87.68 0.12
42 96 -89.11 0.17
42 97 -87.46 0.21
42 98 -88.45 0.22
42 99 -86.36 0.25
42 100 -86.81 0.27
42 101 -84.19 0.30
42 102 -84.31 0.31
42 103 -81.28 0.34
42 104 -81.00 0.34
42 105 -77.51 0.37
42 106 -76.75 0.35
42 107 -72.86 0.36
42 108 -71.49 0.33
42 109 -67.12 0.33
42 110 -65.39 0.29
42 111 -60.70 0.28
42 112 -58.50 0.26
42 113 -53.34 0.26
42 114 -50.81 0.24
42 115 -45.26 0.24
42 116 -42.39 0.21
42 117 -36.71 0.20
42 118 -33.41 0.17
42 119 -27.63 0.12
42 120 -24.48 0.08
42 121 -18.68 0.06
42 122 -15.19 0.05
42 123 -9.32 0.05
42 124 -5.44 0.00
42 125 2.18 0.04
42 126 8.37 0.07
42 127 16.30 0.09
42 128 22.69 0.08
42 129 30.82 0.08
42 130 37.56 0.09
42 131 45.90 0.10
42 132 52.88 0.09
42 133 61.37 0.09
42 134 68.62 0.09
42 135 77.26 0.09
42 136 84.75 0.09
42 137 93.49 0.07
43 75 41.60 0.29
43 76 32.74 0.29
43 77 21.10 0.27
43 78 13.42 0.30
43 79 2.50 0.30
43 80 -4.86 0.29
43 81 -15.14 0.30
43 82 -21.91 0.33
43 83 -31.46 0.28
43 84 -37.77 0.31
43 85 -46.02 0.27
43 86 -51.48 0.30
43 87 -58.04 0.27
43 88 -61.85 0.17
43 89 -67.96 0.12
43 90 -71.56 0.16
43 91 -76.67 0.10
43 92 -79.34 0.11
43 93 -83.79 0.04
43 94 -84.29 0.11
43 95 -86.43 0.12
43 96 -85.75 0.16
43 97 -87.64 0.16
43 98 -86.41 0.21
43 99 -87.94 0.24
43 100 -86.22 0.26
43 101 -87.24 0.27
43 102 -85.02 0.27
43 103 -85.59 0.28
43 104 -82.94 0.27
43 105 -83.03 0.28
43 106 -80.05 0.29
43 107 -79.59 0.29
43 108 -76.16 0.32
43 109 -75.25 0.29
43 110 -71.45 0.30
43 111 -70.03 0.29
43 112 -65.75 0.26
43 113 -63.94 0.28
43 114 -59.24 0.27
43 115 -57.01 0.26
43 116 -51.77 0.25
43 117 -49.26 0.24
43 118 -43.90 0.23
43 119 -40.90 0.14
43 120 -35.41 0.12
43 121 -32.74 0.10
43 122 -27.25 0.08
43 123 -24.12 0.05
43 124 -18.63 0.05
43 125 -14.97 0.02
43 126 -7.72 0.04
43 127 -1.78 0.06
43 128 5.90 0.08
43 129 12.05 0.09
43 130 20.10 0.09
43 131 26.50 0.09
43 132 34.74 0.10
43 133 41.45 0.11
43 134 49.85 0.10
43 135 56.77 0.15
43 136 65.29 0.15
43 137 72.38 0.16
43 138 81.07 0.17
43 139 88.11 0.24
43 140 96.77 0.27
44 78 31.12 0.26
44 79 22.28 0.26
44 80 10.88 0.27
44 81 3.08 0.26
44 82 -7.60 0.25
44 83 -14.80 0.25
44 84 -24.75 0.26
44 85 -31.32 0.25
44 86 -40.38 0.25
44 87 -46.22 0.26
44 88 -53.84 0.23
44 89 -58.76 0.16
44 90 -65.58 0.12
44 91 -69.60 0.16
44 92 -75.30 0.10
44 93 -78.46 0.11
44 94 -83.16 0.02
44 95 -84.04 0.11
44 96 -86.59 0.11
44 97 -86.30 0.12
44 98 -88.51 0.17
44 99 -87.69 0.19
44 100 -89.55 0.22
44 101 -88.26 0.24
44 102 -89.58 0.25
44 103 -87.76 0.25
44 104 -88.71 0.28
44 105 -86.38 0.27
44 106 -86.95 0.30
44 107 -84.26 0.30
44 108 -84.28 0.29
44 109 -81.17 0.28
44 110 -80.72 0.29
44 111 -77.14 0.29
44 112 -76.28 0.28
44 113 -72.37 0.27
44 114 -70.99 0.26
44 115 -66.63 0.27
44 116 -64.85 0.25
44 117 -60.07 0.23
44 118 -57.98 0.21
44 119 -53.01 0.20
44 120 -50.64 0.15
44 121 -45.66 0.11
44 122 -43.32 0.09
44 123 -38.19 0.07
44 124 -35.38 0.07
44 125 -30.19 0.04
44 126 -27.00 0.00
44 127 -19.89 0.05
44 128 -14.25 0.07
44 129 -6.81 0.10
44 130 -0.88 0.10
44 131 7.03 0.09
44 132 13.11 0.10
44 133 21.24 0.10
44 134 27.64 0.11
44 135 35.91 0.11
44 136 42.54 0.14
44 137 50.97 0.11
44 138 57.66 0.19
44 139 66.07 0.21
44 140 72.93 0.24
44 141 81.42 0.24
44 142 88.42 0.24
44 143 97.04 0.26
45 79 42.61 0.27
45 80 33.69 0.27
45 81 22.96 0.28
45 82 14.54 0.28
45 83 3.47 0.29
45 84 -4.27 0.30
45 85 -14.60 0.28
45 86 -21.68 0.25
45 87 -31.10 0.20
45 88 -37.63 0.17
45 89 -46.41 0.14
45 90 -52.49 0.18
45 91 -59.48 0.13
45 92 -64.03 0.17
45 93 -70.17 0.11
45 94 -73.85 0.11
45 95 -78.86 0.02
45 96 -80.08 0.11
45 97 -83.15 0.12
45 98 -83.22 0.15
45 99 -85.99 0.15
45 100 -85.55 0.18
45 101 -87.67 0.20
45 102 -86.76 0.24
45 103 -88.50 0.24
45 104 -87.12 0.27
45 105 -88.49 0.27
45 106 -86.59 0.27
45 107 -87.60 0.28
45 108 -85.32 0.28
45 109 -85.81 0.29
45 110 -83.06 0.29
45 111 -83.09 0.29
45 112 -79.82 0.30
45 113 -79.46 0.28
45 114 -75.90 0.29
45 115 -74.94 0.27
45 116 -71.02 0.28
45 117 -69.49 0.26
45 118 -65.14 0.24
45 119 -63.32 0.22
45 120 -58.68 0.17
45 121 -56.84 0.12
45 122 -52.30 0.11
45 123 -50.20 0.11
45 124 -45.43 0.10
45 125 -43.01 0.06
45 126 -38.30 0.06
45 127 -35.37 0.00
45 128 -28.52 0.04
45 129 -23.12 0.07
45 130 -15.86 0.08
45 131 -10.31 0.09
45 132 -2.71 0.09
45 133 3.17 0.12
45 134 11.07 0.13
45 135 17.18 0.12
45 136 25.27 0.14
45 137 31.59 0.15
45 138 39.80 0.19
45 139 46.20 0.22
45 140 54.39 0.22
45 141 60.97 0.22
45 142 69.29 0.24
45 143 76.02 0.26
45 144 84.42 0.27
45 145 91.29 0.26
45 146 99.87 0.28
46 83 23.66 0.23
46 84 11.92 0.18
46 85 3.80 0.17
46 86 -7.01 0.15
46 87 -14.63 0.11
46 88 -24.70 0.11
46 89 -31.58 0.12
46 90 -41.03 0.12
46 91 -47.25 0.13
46 92 -55.38 0.12
46 93 -60.71 0.15
46 94 -67.42 0.09
46 95 -71.66 0.10
46 96 -77.10 0.04
46 97 -78.79 0.11
46 98 -82.09 0.11
46 99 -82.55 0.12
46 100 -85.52 0.13
46 101 -85.48 0.16
46 102 -87.95 0.19
46 103 -87.38 0.21
46 104 -89.47 0.20
46 105 -88.39 0.25
46 106 -90.12 0.24
46 107 -88.54 0.24
46 108 -89.89 0.27
46 109 -87.95 0.28
46 110 -88.80 0.27
46 111 -86.50 0.27
46 112 -86.81 0.27
46 113 -84.03 0.27
46 114 -83.95 0.27
46 115 -80.79 0.26
46 116 -80.23 0.24
46 117 -76.59 0.25
46 118 -75.77 0.22
46 119 -71.82 0.21
46 120 -70.70 0.17
46 121 -66.71 0.12
46 122 -65.35 0.11
46 123 -61.16 0.11
46 124 -59.52 0.10
46 125 -55.08 0.09
46 126 -53.03 0.07
46 127 -48.57 0.06
46 128 -46.07 0.00
46 129 -39.43 0.04
46 130 -34.31 0.07
46 131 -27.33 0.10
46 132 -21.95 0.09
46 133 -14.54 0.09
46 134 -8.92 0.12
46 135 -1.21 0.12
46 136 4.59 0.12
46 137 12.49 0.13
46 138 18.55 0.15
46 139 26.61 0.17
46 140 32.70 0.19
46 141 40.80 0.21
46 142 47.05 0.21
46 143 55.18 0.24
46 144 61.58 0.27
46 145 69.84 0.28
46 146 76.38 0.28
46 147 84.77 0.29
46 148 91.53 0.30
46 149 100.08 0.29
47 84 35.65 0.17
47 85 23.66 0.16
47 86 15.04 0.15
47 87 3.76 0.15
47 88 -4.42 0.13
47 89 -14.86 0.13
47 90 -22.27 0.14
47 91 -32.22 0.12
47 92 -38.98 0.13
47 93 -47.90 0.13
47 94 -54.20 0.17
47 95 -61.12 0.12
47 96 -66.13 0.09
47 97 -71.83 0.05
47 98 -73.76 0.08
47 99 -77.61 0.13
47 100 -78.57 0.14
47 101 -82.07 0.15
47 102 -82.54 0.17
47 103 -85.42 0.17
47 104 -85.27 0.20
47 105 -87.69 0.18
47 106 -86.99 0.20
47 107 -88.92 0.20
47 108 -87.60 0.21
47 109 -89.20 0.19
47 110 -87.53 0.21
47 111 -88.70 0.21
47 112 -86.69 0.21
47 113 -87.42 0.21
47 114 -84.99 0.31
47 115 -85.41 0.20
47 116 -82.52 0.22
47 117 -82.67 0.19
47 118 -79.53 0.19
47 119 -79.23 0.17
47 120 -75.88 0.18
47 121 -75.17 0.15
47 122 -71.52 0.14
47 123 -70.48 0.12
47 124 -66.58 0.12
47 125 -65.27 0.09
47 126 -61.29 0.07
47 127 -59.52 0.06
47 128 -55.31 0.05
47 129 -53.27 0.02
47 130 -46.94 0.03
47 131 -42.08 0.07
47 132 -35.29 0.09
47 133 -30.24 0.09
47 134 -22.94 0.11
47 135 -17.76 0.11
47 136 -10.25 0.14
47 137 -4.82 0.14
47 138 2.89 0.15
47 139 8.53 0.16
47 140 16.34 0.17
47 141 22.19 0.17
47 142 30.20 0.19
47 143 36.16 0.20
47 144 44.21 0.21
47 145 50.34 0.24
47 146 58.34 0.31
47 147 64.51 0.30
47 148 72.84 0.30
47 149 79.20 0.31
47 150 87.59 0.31
47 151 94.32 0.30
47 152 102.80 0.28
47 153 109.70 0.28
47 154 118.33 0.29
48 85 45.64 0.12
48 86 33.28 0.12
48 87 24.08 0.09
48 88 12.33 0.10
48 89 3.82 0.10
48 90 -7.12 0.10
48 91 -14.84 0.10
48 92 -25.27 0.10
48 93 -32.41 0.14
48 94 -41.95 0.10
48 95 -48.40 0.13
48 96 -56.62 0.10
48 97 -62.08 0.10
48 98 -68.76 0.00
48 99 -71.02 0.10
48 100 -75.15 0.10
48 101 -76.28 0.12
48 102 -79.97 0.11
48 103 -80.57 0.14
48 104 -83.79 0.15
48 105 -83.86 0.16
48 106 -86.73 0.16
48 107 -86.33 0.18
48 108 -88.77 0.18
48 109 -87.85 0.19
48 110 -89.92 0.18
48 111 -88.68 0.22
48 112 -90.29 0.21
48 113 -88.66 0.24
48 114 -89.82 0.21
48 115 -87.76 0.26
48 116 -88.58 0.19
48 117 -86.11 0.19
48 118 -86.62 0.18
48 119 -83.91 0.16
48 120 -84.07 0.15
48 121 -81.19 0.12
48 122 -80.97 0.11
48 123 -77.87 0.11
48 124 -77.31 0.10
48 125 -73.88 0.10
48 126 -73.03 0.08
48 127 -69.33 0.06
48 128 -68.11 0.00
48 129 -64.36 0.05
48 130 -62.70 0.00
48 131 -56.50 0.03
48 132 -51.80 0.06
48 133 -45.20 0.08
48 134 -40.41 0.08
48 135 -33.43 0.09
48 136 -28.36 0.09
48 137 -21.02 0.10
48 138 -15.79 0.11
48 139 -8.28 0.14
48 140 -2.83 0.12
48 141 4.81 0.15
48 142 10.41 0.16
48 143 18.18 0.20
48 144 23.81 0.20
48 145 31.61 0.22
48 146 37.19 0.29
48 147 45.16 0.29
48 148 51.00 0.30
48 149 59.08 0.30
48 150 65.22 0.31
48 151 73.43 0.30
48 152 79.84 0.30
48 153 88.21 0.29
48 154 94.86 0.28
48 155 103.35 0.29
48 156 110.20 0.26
48 157 118.81 0.27
48 158 125.85 0.24
48 159 134.52 0.23
49 88 35.76 0.09
49 89 24.07 0.10
49 90 15.14 0.10
49 91 3.70 0.10
49 92 -4.44 0.10
49 93 -15.35 0.10
49 94 -23.00 0.12
49 95 -33.04 0.11
49 96 -40.21 0.09
49 97 -48.95 0.09
49 98 -55.38 0.09
49 99 -62.22 0.05
49 100 -64.96 0.08
49 101 -69.63 0.10
49 102 -71.18 0.11
49 103 -75.33 0.12
49 104 -76.20 0.14
49 105 -79.91 0.14
49 106 -80.19 0.15
49 107 -83.59 0.14
49 108 -83.60 0.14
49 109 -86.35 0.15
49 110 -85.98 0.15
49 111 -88.25 0.15
49 112 -87.46 0.15
49 113 -89.31 0.15
49 114 -88.01 0.15
49 115 -89.62 0.16
49 116 -87.97 0.16
49 117 -89.24 0.15
49 118 -87.24 0.13
49 119 -88.20 0.14
49 120 -86.00 0.14
49 121 -86.53 0.13
49 122 -84.11 0.12
49 123 -84.21 0.11
49 124 -81.54 0.11
49 125 -81.29 0.09
49 126 -78.29 0.10
49 127 -77.75 0.08
49 128 -74.42 0.07
49 129 -73.48 0.04
49 130 -69.81 0.03
49 131 -68.51 0.01
49 132 -62.73 0.04
49 133 -58.36 0.07
49 134 -52.05 0.07
49 135 -47.58 0.09
49 136 -40.87 0.10
49 137 -36.09 0.11
49 138 -29.08 0.11
49 139 -24.09 0.12
49 140 -16.75 0.13
49 141 -11.62 0.12
49 142 -4.15 0.14
49 143 1.18 0.14
49 144 8.79 0.15
49 145 14.25 0.16
49 146 21.98 0.17
49 147 27.13 0.26
49 148 34.77 0.30
49 149 40.39 0.30
49 150 48.36 0.30
49 151 54.15 0.31
49 152 62.21 0.29
49 153 68.37 0.30
49 154 76.52 0.27
49 155 82.88 0.27
49 156 91.24 0.26
49 157 97.74 0.25
49 158 106.16 0.25
49 159 112.91 0.24
49 160 121.44 0.22
49 161 128.36 0.22
49 162 136.96 0.21
50 91 24.69 0.08
50 92 12.93 0.07
50 93 4.38 0.04
50 94 -6.77 0.06
50 95 -14.66 0.03
50 96 -25.20 0.06
50 97 -32.62 0.05
50 98 -42.27 0.05
50 99 -48.99 0.05
50 100 -57.61 0.00
50 101 -60.45 0.04
50 102 -65.35 0.02
50 103 -67.19 0.08
50 104 -71.56 0.09
50 105 -72.71 0.10
50 106 -76.70 0.10
50 107 -77.39 0.11
50 108 -81.00 0.11
50 109 -81.23 0.12
50 110 -84.52 0.12
50 111 -84.37 0.12
50 112 -87.28 0.12
50 113 -86.69 0.12
50 114 -89.25 0.12
50 115 -88.29 0.12
50 116 -90.48 0.12
50 117 -89.18 0.11
50 118 -90.97 0.12
50 119 -89.37 0.12
50 120 -90.75 0.11
50 121 -88.76 0.10
50 122 -89.86 0.10
50 123 -87.53 0.09
50 124 -88.34 0.08
50 125 -85.89 0.06
50 126 -86.28 0.02
50 127 -83.63 0.02
50 128 -83.82 0.00
50 129 -80.85 0.02
50 130 -80.60 0.00
50 131 -77.34 0.02
50 132 -76.60 0.00
50 133 -70.84 0.03
50 134 -66.70 0.00
50 135 -60.51 0.02
50 136 -56.05 0.03
50 137 -49.51 0.02
50 138 -44.88 0.07
50 139 -37.99 0.06
50 140 -33.21 0.08
50 141 -26.02 0.07
50 142 -21.17 0.10
50 143 -13.83 0.12
50 144 -8.86 0.16
50 145 -1.86 0.27
50 146 3.03 0.28
50 147 10.16 0.29
50 148 15.33 0.30
50 149 22.71 0.30
50 150 28.06 0.30
50 151 35.76 0.30
50 152 41.28 0.30
50 153 49.11 0.30
50 154 54.99 0.29
50 155 62.93 0.30
50 156 69.11 0.29
50 157 77.28 0.29
50 158 83.62 0.27
50 159 91.90 0.27
50 160 98.43 0.24
50 161 106.82 0.24
50 162 113.48 0.21
50 163 121.94 0.18
50 164 128.63 0.15
50 165 137.10 0.14
50 166 143.79 0.11
51 92 36.53 0.08
51 93 24.79 0.04
51 94 16.25 0.04
51 95 5.42 0.10
51 96 -2.82 0.13
51 97 -13.69 0.10
51 98 -21.33 0.11
51 99 -31.31 0.10
51 100 -38.37 0.09
51 101 -47.12 0.03
51 102 -51.27 0.09
51 103 -56.87 0.10
51 104 -59.54 0.11
51 105 -64.44 0.13
51 106 -66.14 0.14
51 107 -70.54 0.14
51 108 -71.63 0.15
51 109 -75.64 0.15
51 110 -76.31 0.16
51 111 -79.91 0.17
51 112 -80.18 0.17
51 113 -83.44 0.18
51 114 -83.33 0.18
51 115 -86.17 0.18
51 116 -85.65 0.21
51 117 -88.12 0.18
51 118 -87.25 0.17
51 119 -89.32 0.17
51 120 -88.16 0.16
51 121 -89.79 0.14
51 122 -88.17 0.14
51 123 -89.56 0.12
51 124 -87.66 0.13
51 125 -88.62 0.13
51 126 -86.52 0.12
51 127 -87.09 0.10
51 128 -84.73 0.10
51 129 -84.90 0.07
51 130 -82.32 0.07
51 131 -82.13 0.04
51 132 -79.40 0.05
51 133 -78.77 0.02
51 134 -73.62 0.05
51 135 -69.96 0.07
51 136 -64.20 0.09
51 137 -60.38 0.10
51 138 -54.09 0.10
51 139 -50.11 0.11
51 140 -43.60 0.13
51 141 -39.32 0.13
51 142 -32.61 0.14
51 143 -28.09 0.14
51 144 -21.12 0.15
51 145 -16.54 0.17
51 146 -9.50 0.19
51 147 -4.75 0.18
51 148 1.79 0.27
51 149 6.71 0.28
51 150 13.91 0.30
51 151 18.94 0.31
51 152 26.33 0.31
51 153 31.53 0.31
51 154 39.12 0.31
51 155 44.67 0.30
51 156 52.38 0.31
51 157 58.31 0.29
51 158 66.25 0.29
51 159 72.35 0.29
51 160 80.48 0.28
51 161 86.75 0.27
51 162 94.99 0.25
51 163 101.39 0.17
51 164 109.60 0.16
51 165 115.92 0.13
51 166 124.19 0.13
51 167 130.58 0.12
51 168 138.94 0.10
51 169 145.42 0.10
51 170 153.90 0.09
52 95 26.96 0.07
52 96 15.86 0.10
52 97 7.56 0.13
52 98 -3.48 0.11
52 99 -11.72 0.12
52 100 -21.88 0.10
52 101 -29.49 0.11
52 102 -38.45 0.05
52 103 -43.31 0.10
52 104 -49.37 0.10
52 105 -52.65 0.16
52 106 -58.09 0.15
52 107 -60.50 0.17
52 108 -65.36 0.18
52 109 -67.10 0.19
52 110 -71.43 0.19
52 111 -72.60 0.24
52 112 -76.62 0.20
52 113 -77.59 0.30
52 114 -81.19 0.29
52 115 -81.66 0.34
52 116 -84.88 0.30
52 117 -84.95 0.32
52 118 -87.52 0.30
52 119 -87.01 0.31
52 120 -89.17 0.20
52 121 -88.28 0.21
52 122 -90.26 0.19
52 123 -89.04 0.17
52 124 -90.63 0.16
52 125 -89.03 0.15
52 126 -90.31 0.14
52 127 -88.45 0.12
52 128 -89.36 0.12
52 129 -87.38 0.10
52 130 -87.85 0.09
52 131 -85.57 0.08
52 132 -85.74 0.05
52 133 -83.40 0.05
52 134 -83.23 0.00
52 135 -78.14 0.04
52 136 -74.74 0.07
52 137 -69.38 0.09
52 138 -65.79 0.09
52 139 -60.01 0.11
52 140 -56.19 0.13
52 141 -50.08 0.13
52 142 -46.19 0.15
52 143 -39.98 0.18
52 144 -35.96 0.20
52 145 -29.63 0.23
52 146 -25.54 0.25
52 147 -19.08 0.27
52 148 -14.79 0.28
52 149 -8.19 0.29
52 150 -3.64 0.29
52 151 3.19 0.30
52 152 7.99 0.30
52 153 15.11 0.31
52 154 20.10 0.31
52 155 27.44 0.32
52 156 32.75 0.31
52 157 40.28 0.29
52 158 45.92 0.30
52 159 53.67 0.29
52 160 59.51 0.28
52 161 67.46 0.28
52 162 73.44 0.26
52 163 81.49 0.26
52 164 87.65 0.23
52 165 95.80 0.19
52 166 101.98 0.19
52 167 110.15 0.16
52 168 116.41 0.15
52 169 124.65 0.13
52 170 130.96 0.12
52 171 139.21 0.10
52 172 145.58 0.09
52 173 153.89 0.08
52 174 160.30 0.07
52 175 168.69 0.04
52 176 174.97 0.00
53 96 39.98 0.10
53 97 28.35 0.11
53 98 19.58 0.13
53 99 8.62 0.10
53 100 0.85 0.14
53 101 -9.41 0.11
53 102 -17.41 0.11
53 103 -26.60 0.09
53 104 -32.27 0.11
53 105 -38.86 0.16
53 106 -43.35 0.20
53 107 -49.46 0.19
53 108 -52.59 0.20
53 109 -57.95 0.20
53 110 -60.26 0.22
53 111 -64.99 0.23
53 112 -66.64 0.24
53 113 -71.05 0.25
53 114 -72.11 0.25
53 115 -76.29 0.26
53 116 -77.02 0.24
53 117 -80.65 0.26
53 118 -81.06 0.30
53 119 -84.10 0.26
53 120 -84.02 0.25
53 121 -86.65 0.23
53 122 -86.16 0.24
53 123 -88.34 0.22
53 124 -87.38 0.21
53 125 -89.21 0.21
53 126 -87.88 0.20
53 127 -89.30 0.18
53 128 -87.68 0.16
53 129 -88.77 0.14
53 130 -87.03 0.12
53 131 -87.73 0.10
53 132 -85.81 0.09
53 133 -86.19 0.08
53 134 -84.18 0.07
53 135 -84.07 0.02
53 136 -79.58 0.07
53 137 -76.59 0.08
53 138 -71.59 0.10
53 139 -68.44 0.14
53 140 -63.24 0.15
53 141 -60.03 0.16
53 142 -54.47 0.20
53 143 -51.13 0.19
53 144 -45.28 0.20
53 145 -41.72 0.20
53 146 -35.64 0.21
53 147 -31.86 0.23
53 148 -25.55 0.24
53 149 -21.56 0.25
53 150 -15.12 0.29
53 151 -10.89 0.29
53 152 -4.33 0.30
53 153 0.15 0.30
53 154 6.96 0.30
53 155 11.70 0.30
53 156 18.75 0.31
53 157 23.81 0.30
53 158 31.10 0.31
53 159 36.49 0.30
53 160 43.97 0.29
53 161 49.67 0.28
53 162 57.37 0.27
53 163 63.02 0.23
53 164 70.85 0.23
53 165 76.63 0.22
53 166 84.59 0.20
53 167 90.54 0.18
53 168 98.54 0.19
53 169 104.64 0.17
53 170 112.73 0.16
53 171 118.89 0.13
53 172 127.02 0.12
53 173 133.25 0.10
53 174 141.36 0.10
53 175 147.64 0.08
53 176 155.84 0.07
53 177 162.00 0.03
53 178 170.03 0.04
53 179 176.28 0.00
53 180 185.06 0.04
53 181 192.80 0.02
53 182 201.68 0.00
53 183 209.64 0.00
53 184 218.62 0.00
54 102 0.76 0.12
54 103 -7.58 0.12
54 104 -17.09 0.09
54 105 -23.27 0.13
54 106 -30.41 0.16
54 107 -35.65 0.20
54 108 -42.23 0.20
54 109 -45.91 0.22
54 110 -51.90 0.23
54 111 -54.71 0.24
54 112 -59.92 0.24
54 113 -62.08 0.26
54 114 -66.87 0.27
54 115 -68.62 0.31
54 116 -73.01 0.30
54 117 -74.42 0.36
54 118 -78.23 0.34
54 119 -79.11 0.33
54 120 -82.38 0.32
54 121 -82.61 0.32
54 122 -85.44 0.26
54 123 -85.25 0.25
54 124 -87.78 0.24
54 125 -87.20 0.23
54 126 -89.30 0.21
54 127 -88.33 0.20
54 128 -90.08 0.18
54 129 -88.77 0.18
54 130 -90.15 0.15
54 131 -88.63 0.15
54 132 -89.61 0.10
54 133 -87.96 0.10
54 134 -88.63 0.09
54 135 -86.92 0.06
54 136 -87.25 0.00
54 137 -82.97 0.08
54 138 -80.35 0.09
54 139 -75.72 0.10
54 140 -72.95 0.13
54 141 -68.11 0.16
54 142 -65.17 0.17
54 143 -60.00 0.18
54 144 -57.00 0.20
54 145 -51.60 0.21
54 146 -48.39 0.23
54 147 -42.71 0.26
54 148 -39.33 0.26
54 149 -33.47 0.27
54 150 -29.84 0.28
54 151 -23.82 0.29
54 152 -19.88 0.30
54 153 -13.61 0.30
54 154 -9.41 0.31
54 155 -2.88 0.31
54 156 1.61 0.32
54 157 8.38 0.33
54 158 13.20 0.31
54 159 20.30 0.30
54 160 25.38 0.29
54 161 32.68 0.29
54 162 38.04 0.28
54 163 45.54 0.27
54 164 51.02 0.25
54 165 58.65 0.24
54 166 64.29 0.23
54 167 72.06 0.22
54 168 77.80 0.20
54 169 85.66 0.18
54 170 91.53 0.17
54 171 99.45 0.17
54 172 105.42 0.14
54 173 113.38 0.13
54 174 119.38 0.11
54 175 127.26 0.10
54 176 133.37 0.08
54 177 141.29 0.07
54 178 147.35 0.03
54 179 155.16 0.05
54 180 161.05 0.00
54 181 169.87 0.02
54 182 177.62 0.01
54 183 186.45 0.00
54 184 194.47 0.00
54 185 203.48 0.00
54 186 211.66 0.00
54 187 220.92 0.00
54 188 229.13 0.00
55 103 13.05 0.12
55 104 4.70 0.12
55 105 -4.15 0.09
55 106 -10.93 0.15
55 107 -18.70 0.18
55 108 -24.75 0.21
55 109 -31.80 0.22
55 110 -36.60 0.23
55 111 -42.73 0.24
55 112 -46.32 0.24
55 113 -51.86 0.26
55 114 -54.51 0.28
55 115 -59.78 0.31
55 116 -62.03 0.33
55 117 -66.78 0.34
55 118 -68.70 0.37
55 119 -72.74 0.34
55 120 -74.01 0.34
55 121 -77.61 0.33
55 122 -78.13 0.29
55 123 -81.38 0.32
55 124 -81.59 0.30
55 125 -84.27 0.26
55 126 -84.01 0.24
55 127 -86.42 0.24
55 128 -85.80 0.21
55 129 -87.81 0.21
55 130 -86.82 0.18
55 131 -88.43 0.17
55 132 -87.28 0.16
55 133 -88.36 0.13
55 134 -86.94 0.11
55 135 -87.82 0.10
55 136 -86.39 0.09
55 137 -86.93 0.00
55 138 -83.12 0.08
55 139 -80.89 0.10
55 140 -76.71 0.13
55 141 -74.43 0.14
55 142 -70.19 0.18
55 143 -67.68 0.20
55 144 -62.91 0.20
55 145 -60.31 0.22
55 146 -55.21 0.23
55 147 -52.34 0.25
55 148 -47.06 0.27
55 149 -44.03 0.27
55 150 -38.50 0.28
55 151 -35.21 0.29
55 152 -29.46 0.30
55 153 -25.86 0.30
55 154 -19.84 0.31
55 155 -15.94 0.31
55 156 -9.74 0.31
55 157 -5.48 0.31
55 158 1.06 0.33
55 159 5.61 0.31
55 160 12.42 0.30
55 161 17.28 0.29
55 162 24.27 0.29
55 163 29.40 0.28
55 164 36.67 0.27
55 165 41.91 0.26
55 166 49.36 0.25
55 167 54.78 0.24
55 168 62.32 0.22
55 169 67.89 0.21
55 170 75.53 0.20
55 171 81.21 0.18
55 172 88.92 0.17
55 173 94.70 0.15
55 174 102.47 0.13
55 175 108.29 0.13
55 176 115.99 0.11
55 177 121.96 0.09
55 178 129.65 0.07
55 179 135.57 0.04
55 180 143.13 0.04
55 181 148.77 0.00
55 182 157.61 0.04
55 183 165.37 0.00
55 184 174.28 0.01
55 185 182.27 0.01
55 186 191.33 0.02
55 187 199.40 0.00
55 188 208.62 0.00
55 189 216.80 0.01
56 107 -1.02 0.15
56 108 -9.32 0.19
56 109 -15.88 0.22
56 110 -23.57 0.24
56 111 -28.58 0.24
56 112 -35.66 0.25
56 113 -39.68 0.27
56 114 -45.91 0.28
56 115 -49.28 0.34
56 116 -54.88 0.32
56 117 -57.65 0.37
56 118 -62.68 0.35
56 119 -65.07 0.38
56 120 -69.34 0.36
56 121 -70.99 0.35
56 122 -74.88 0.35
56 123 -75.83 0.33
56 124 -79.30 0.32
56 125 -79.92 0.34
56 126 -82.82 0.27
56 127 -82.93 0.27
56 128 -85.60 0.24
56 129 -85.24 0.23
56 130 -87.56 0.22
56 131 -86.86 0.21
56 132 -88.72 0.19
56 133 -87.81 0.18
56 134 -89.20 0.15
56 135 -88.11 0.12
56 136 -89.28 0.10
56 137 -88.24 0.09
56 138 -89.00 0.01
56 139 -85.50 0.09
56 140 -83.60 0.10
56 141 -79.71 0.12
56 142 -77.73 0.15
56 143 -73.80 0.18
56 144 -71.83 0.20
56 145 -67.36 0.20
56 146 -65.21 0.23
56 147 -60.47 0.24
56 148 -58.02 0.26
56 149 -53.25 0.28
56 150 -50.51 0.28
56 151 -45.32 0.31
56 152 -42.37 0.31
56 153 -36.95 0.32
56 154 -33.62 0.32
56 155 -27.94 0.32
56 156 -24.29 0.32
56 157 -18.32 0.32
56 158 -14.36 0.31
56 159 -8.14 0.33
56 160 -3.77 0.33
56 161 2.89 0.30
56 162 7.40 0.30
56 163 14.22 0.30
56 164 19.11 0.29
56 165 26.15 0.28
56 166 31.16 0.25
56 167 38.36 0.26
56 168 43.52 0.23
56 169 50.87 0.23
56 170 56.21 0.21
56 171 63.69 0.20
56 172 69.15 0.20
56 173 76.68 0.18
56 174 82.26 0.16
56 175 89.91 0.14
56 176 95.50 0.12
56 177 103.04 0.11
56 178 108.76 0.09
56 179 116.21 0.08
56 180 121.93 0.05
56 181 129.25 0.04
56 182 134.66 0.00
56 183 143.48 0.00
56 184 151.36 0.00
56 185 160.25 0.00
56 186 168.24 0.00
56 187 177.23 0.00
56 188 185.30 0.00
56 189 194.46 0.00
56 190 202.63 0.03
57 109 3.34 0.21
57 110 -3.80 0.24
57 111 -11.98 0.26
57 112 -17.79 0.26
57 113 -25.24 0.29
57 114 -30.17 0.29
57 115 -36.79 0.32
57 116 -41.09 0.39
57 117 -46.83 0.34
57 118 -50.26 0.41
57 119 -55.51 0.40
57 120 -58.32 0.38
57 121 -62.83 0.35
57 122 -64.85 0.36
57 123 -69.01 0.34
57 124 -70.28 0.38
57 125 -74.08 0.32
57 126 -74.97 0.34
57 127 -78.22 0.28
57 128 -78.70 0.27
57 129 -81.60 0.26
57 130 -81.60 0.26
57 131 -84.17 0.23
57 132 -83.83 0.22
57 133 -85.90 0.19
57 134 -85.29 0.18
57 135 -86.87 0.15
57 136 -86.04 0.13
57 137 -87.37 0.10
57 138 -86.59 0.10
57 139 -87.62 0.00
57 140 -84.53 0.09
57 141 -82.96 0.10
57 142 -79.44 0.12
57 143 -77.90 0.15
57 144 -74.38 0.19
57 145 -72.69 0.21
57 146 -68.78 0.21
57 147 -66.80 0.25
57 148 -62.64 0.26
57 149 -60.67 0.28
57 150 -56.24 0.28
57 151 -53.87 0.30
57 152 -49.17 0.33
57 153 -46.42 0.31
57 154 -41.39 0.33
57 155 -38.29 0.32
57 156 -32.86 0.32
57 157 -29.53 0.32
57 158 -23.84 0.32
57 159 -20.14 0.32
57 160 -14.13 0.32
57 161 -10.06 0.32
57 162 -3.62 0.32
57 163 0.68 0.31
57 164 7.29 0.31
57 165 11.85 0.28
57 166 18.62 0.27
57 167 23.35 0.26
57 168 30.30 0.25
57 169 35.24 0.24
57 170 42.30 0.23
57 171 47.47 0.22
57 172 54.72 0.20
57 173 60.01 0.20
57 174 67.32 0.19
57 175 72.75 0.16
57 176 80.26 0.14
57 177 85.63 0.13
57 178 93.03 0.12
57 179 98.56 0.10
57 180 105.83 0.07
57 181 111.23 0.04
57 182 118.30 0.04
57 183 123.64 0.02
57 184 132.37 0.03
57 185 140.36 0.03
57 186 149.22 0.03
57 187 157.25 0.06
57 188 166.15 0.04
57 189 174.13 0.04
57 190 183.25 0.06
57 191 191.24 0.06
58 112 -2.60 0.25
58 113 -8.71 0.26
58 114 -16.91 0.28
58 115 -22.23 0.32
58 116 -29.63 0.34
58 117 -34.38 0.38
58 118 -40.74 0.37
58 119 -44.74 0.43
58 120 -50.37 0.39
58 121 -53.66 0.40
58 122 -58.46 0.38
58 123 -60.80 0.37
58 124 -65.30 0.36
58 125 -67.02 0.37
58 126 -71.03 0.34
58 127 -72.36 0.35
58 128 -75.69 0.31
58 129 -76.37 0.28
58 130 -79.61 0.27
58 131 -79.85 0.25
58 132 -82.77 0.24
58 133 -82.76 0.23
58 134 -85.11 0.21
58 135 -84.79 0.18
58 136 -86.68 0.16
58 137 -86.09 0.13
58 138 -87.80 0.10
58 139 -87.40 0.09
58 140 -88.71 0.00
58 141 -85.86 0.09
58 142 -84.66 0.10
58 143 -81.47 0.13
58 144 -80.30 0.15
58 145 -77.07 0.19
58 146 -75.83 0.20
58 147 -72.07 0.23
58 148 -70.76 0.25
58 149 -66.90 0.28
58 150 -65.31 0.30
58 151 -61.29 0.29
58 152 -59.26 0.30
58 153 -54.95 0.33
58 154 -52.50 0.32
58 155 -47.76 0.33
58 156 -44.96 0.33
58 157 -39.82 0.33
58 158 -36.75 0.34
58 159 -31.42 0.35
58 160 -27.90 0.33
58 161 -22.24 0.34
58 162 -18.33 0.33
58 163 -12.16 0.32
58 164 -8.14 0.31
58 165 -1.77 0.31
58 166 2.57 0.30
58 167 9.12 0.28
58 168 13.67 0.26
58 169 20.42 0.26
58 170 25.15 0.25
58 171 32.11 0.23
58 172 37.02 0.23
58 173 44.07 0.21
58 174 49.12 0.20
58 175 56.25 0.19
58 176 61.45 0.17
58 177 68.77 0.16
58 178 73.92 0.14
58 179 81.12 0.11
58 180 86.35 0.09
58 181 93.40 0.08
58 182 98.65 0.06
58 183 105.41 0.04
58 184 110.47 0.00
58 185 119.24 0.01
58 186 127.17 0.00
58 187 136.02 0.03
58 188 143.93 0.07
58 189 152.79 0.09
58 190 160.76 0.08
58 191 169.74 0.07
58 192 177.71 0.08
58 193 186.67 0.09
58 194 194.77 0.10
58 195 203.81 0.10
58 196 211.92 0.12
58 197 221.02 0.15
58 198 229.13 0.17
59 113 9.98 0.27
59 114 3.44 0.29
59 115 -5.35 0.33
59 116 -11.59 0.38
59 117 -19.43 0.38
59 118 -25.21 0.39
59 119 -31.75 0.39
59 120 -36.38 0.43
59 121 -42.30 0.40
59 122 -45.94 0.42
59 123 -51.08 0.39
59 124 -53.66 0.38
59 125 -58.52 0.39
59 126 -60.65 0.38
59 127 -64.83 0.37
59 128 -66.53 0.36
59 129 -70.01 0.35
59 130 -71.06 0.29
59 131 -74.52 0.27
59 132 -75.11 0.27
59 133 -78.27 0.24
59 134 -78.49 0.23
59 135 -81.14 0.21
59 136 -81.02 0.19
59 137 -83.24 0.17
59 138 -82.91 0.15
59 139 -84.83 0.11
59 140 -84.77 0.10
59 141 -86.32 0.02
59 142 -83.76 0.09
59 143 -82.97 0.11
59 144 -80.26 0.14
59 145 -79.33 0.16
59 146 -76.51 0.19
59 147 -75.58 0.21
59 148 -72.30 0.23
59 149 -71.32 0.29
59 150 -68.19 0.30
59 151 -66.86 0.30
59 152 -63.23 0.31
59 153 -61.60 0.32
59 154 -57.67 0.34
59 155 -55.49 0.34
59 156 -51.03 0.34
59 157 -48.60 0.35
59 158 -43.79 0.35
59 159 -40.94 0.35
59 160 -35.96 0.35
59 161 -32.60 0.35
59 162 -27.19 0.34
59 163 -23.50 0.33
59 164 -17.47 0.35
59 165 -13.73 0.33
59 166 -7.57 0.31
59 167 -3.56 0.29
59 168 2.77 0.29
59 169 7.08 0.27
59 170 13.60 0.28
59 171 18.15 0.26
59 172 24.89 0.23
59 173 29.58 0.22
59 174 36.40 0.21
59 175 41.28 0.21
59 176 48.23 0.19
59 177 53.20 0.17
59 178 60.28 0.16
59 179 65.29 0.13
59 180 72.29 0.11
59 181 77.23 0.10
59 182 84.12 0.08
59 183 89.12 0.07
59 184 95.65 0.05
59 185 100.65 0.00
59 186 109.44 0.03
59 187 117.02 0.05
59 188 125.77 0.06
59 189 133.42 0.07
59 190 142.22 0.09
59 191 150.05 0.10
59 192 158.85 0.11
59 193 166.76 0.12
59 194 175.64 0.14
59 195 183.44 0.16
59 196 192.28 0.14
59 197 200.24 0.20
59 198 209.13 0.21
59 199 217.18 0.21
60 116 3.93 0.33
60 117 -2.47 0.34
60 118 -10.96 0.37
60 119 -17.03 0.40
60 120 -24.46 0.43
60 121 -29.58 0.43
60 122 -35.83 0.43
60 123 -40.00 0.42
60 124 -45.50 0.38
60 125 -48.60 0.38
60 126 -53.72 0.37
60 127 -56.21 0.38
60 128 -60.74 0.37
60 129 -62.73 0.37
60 130 -66.57 0.34
60 131 -67.83 0.38
60 132 -71.56 0.28
60 133 -72.50 0.28
60 134 -75.91 0.26
60 135 -76.57 0.24
60 136 -79.42 0.22
60 137 -79.61 0.20
60 138 -82.09 0.17
60 139 -82.06 0.15
60 140 -84.26 0.11
60 141 -84.51 0.09
60 142 -86.43 0.00
60 143 -84.19 0.09
60 144 -83.66 0.11
60 145 -81.14 0.12
60 146 -80.61 0.15
60 147 -78.00 0.19
60 148 -77.46 0.22
60 149 -74.49 0.26
60 150 -74.09 0.28
60 151 -71.05 0.30
60 152 -70.20 0.31
60 153 -66.84 0.31
60 154 -65.58 0.33
60 155 -62.00 0.34
60 156 -60.12 0.34
60 157 -56.04 0.35
60 158 -53.85 0.34
60 159 -49.31 0.34
60 160 -46.83 0.35
60 161 -42.15 0.35
60 162 -39.12 0.35
60 163 -33.96 0.35
60 164 -30.61 0.33
60 165 -24.88 0.33
60 166 -21.41 0.32
60 167 -15.50 0.31
60 168 -11.73 0.31
60 169 -5.61 0.28
60 170 -1.56 0.28
60 171 4.72 0.28
60 172 9.06 0.26
60 173 15.60 0.25
60 174 20.09 0.23
60 175 26.74 0.23
60 176 31.40 0.20
60 177 38.10 0.19
60 178 42.92 0.17
60 179 49.73 0.16
60 180 54.58 0.13
60 181 61.34 0.12
60 182 66.08 0.09
60 183 72.81 0.09
60 184 77.54 0.07
60 185 83.83 0.05
60 186 88.50 0.00
60 187 97.22 0.02
60 188 104.70 0.02
60 189 113.42 0.05
60 190 120.84 0.07
60 191 129.59 0.09
60 192 137.06 0.10
60 193 145.84 0.13
60 194 153.39 0.14
60 195 162.12 0.16
60 196 169.77 0.18
60 197 178.55 0.18
60 198 186.30 0.21
60 199 195.13 0.19
60 200 202.72 0.27
61 117 16.43 0.38
61 118 9.30 0.42
61 119 0.25 0.42
61 120 -6.35 0.43
61 121 -14.35 0.43
61 122 -20.49 0.46
61 123 -26.80 0.43
61 124 -31.59 0.43
61 125 -37.13 0.43
61 126 -40.58 0.40
61 127 -45.97 0.41
61 128 -48.69 0.38
61 129 -53.54 0.38
61 130 -55.85 0.36
61 131 -59.93 0.35
61 132 -61.45 0.33
61 133 -65.40 0.32
61 134 -66.66 0.28
61 135 -70.39 0.27
61 136 -71.30 0.24
61 137 -74.47 0.23
61 138 -74.87 0.21
61 139 -77.59 0.19
61 140 -77.85 0.15
61 141 -80.25 0.11
61 142 -80.82 0.10
61 143 -83.15 0.00
61 144 -81.18 0.08
61 145 -80.96 0.11
61 146 -78.76 0.14
61 147 -78.48 0.17
61 148 -76.29 0.20
61 149 -76.09 0.25
61 150 -73.62 0.27
61 151 -73.65 0.29
61 152 -71.01 0.31
61 153 -70.46 0.33
61 154 -67.62 0.36
61 155 -66.58 0.34
61 156 -63.51 0.37
61 157 -61.81 0.35
61 158 -58.12 0.37
61 159 -56.17 0.37
61 160 -51.93 0.36
61 161 -49.76 0.37
61 162 -45.29 0.35
61 163 -42.55 0.35
61 164 -37.66 0.35
61 165 -34.58 0.34
61 166 -29.13 0.34
61 167 -25.89 0.33
61 168 -20.23 0.33
61 169 -16.73 0.31
61 170 -10.86 0.29
61 171 -7.03 0.28
61 172 -1.09 0.28
61 173 3.12 0.26
61 174 9.44 0.26
61 175 13.74 0.23
61 176 20.17 0.23
61 177 24.63 0.21
61 178 31.15 0.21
61 179 35.79 0.17
61 180 42.32 0.16
61 181 47.00 0.14
61 182 53.55 0.12
61 183 58.10 0.09
61 184 64.65 0.07
61 185 69.11 0.06
61 186 75.17 0.04
61 187 79.68 0.00
61 188 88.21 0.03
61 189 95.53 0.00
61 190 104.10 0.07
61 191 111.34 0.07
61 192 119.80 0.10
61 193 127.02 0.11
61 194 135.57 0.12
61 195 142.95 0.14
61 196 151.55 0.15
61 197 159.03 0.17
61 198 167.70 0.18
61 199 175.31 0.27
61 200 183.85 0.28
61 201 190.97 0.28
62 120 9.92 0.41
62 121 2.94 0.41
62 122 -5.38 0.43
62 123 -11.61 0.45
62 124 -18.80 0.41
62 125 -23.96 0.42
62 126 -30.30 0.40
62 127 -34.25 0.39
62 128 -40.09 0.40
62 129 -43.41 0.39
62 130 -48.49 0.37
62 131 -51.16 0.38
62 132 -55.53 0.36
62 133 -57.51 0.39
62 134 -61.55 0.31
62 135 -63.08 0.29
62 136 -67.04 0.26
62 137 -68.34 0.24
62 138 -71.74 0.23
62 139 -72.57 0.22
62 140 -75.53 0.19
62 141 -76.07 0.15
62 142 -78.77 0.12
62 143 -79.63 0.09
62 144 -82.26 0.00
62 145 -80.61 0.08
62 146 -80.66 0.10
62 147 -78.74 0.12
62 148 -78.91 0.15
62 149 -76.83 0.20
62 150 -77.04 0.24
62 151 -74.91 0.26
62 152 -75.24 0.30
62 153 -72.91 0.32
62 154 -72.75 0.32
62 155 -70.06 0.33
62 156 -69.44 0.33
62 157 -66.53 0.35
62 158 -65.28 0.34
62 159 -61.85 0.35
62 160 -60.29 0.35
62 161 -56.42 0.36
62 162 -54.51 0.35
62 163 -50.44 0.35
62 164 -47.94 0.35
62 165 -43.34 0.34
62 166 -40.55 0.34
62 167 -35.38 0.35
62 168 -32.46 0.33
62 169 -27.13 0.32
62 170 -23.81 0.31
62 171 -18.16 0.31
62 172 -14.57 0.30
62 173 -8.75 0.28
62 174 -4.79 0.27
62 175 1.31 0.26
62 176 5.42 0.24
62 177 11.64 0.23
62 178 15.87 0.22
62 179 22.13 0.21
62 180 26.53 0.18
62 181 32.89 0.15
62 182 37.33 0.15
62 183 43.53 0.12
62 184 47.94 0.10
62 185 54.25 0.09
62 186 58.59 0.07
62 187 64.47 0.04
62 188 68.77 0.00
62 189 77.13 0.03
62 190 84.26 0.03
62 191 92.71 0.06
62 192 99.59 0.08
62 193 107.88 0.10
62 194 114.96 0.10
62 195 123.44 0.12
62 196 130.59 0.14
62 197 139.10 0.15
62 198 146.28 0.17
62 199 154.86 0.19
62 200 161.98 0.23
62 201 170.37 0.27
62 202 177.31 0.28
63 121 22.25 0.40
63 122 14.96 0.42
63 123 6.21 0.41
63 124 -0.67 0.43
63 125 -8.28 0.41
63 126 -14.17 0.42
63 127 -20.75 0.41
63 128 -25.35 0.39
63 129 -31.42 0.41
63 130 -34.99 0.38
63 131 -40.54 0.38
63 132 -43.40 0.38
63 133 -48.16 0.38
63 134 -50.52 0.39
63 135 -54.61 0.36
63 136 -56.26 0.28
63 137 -60.49 0.28
63 138 -62.04 0.26
63 139 -65.67 0.24
63 140 -66.91 0.22
63 141 -69.92 0.16
63 142 -70.85 0.15
63 143 -73.99 0.12
63 144 -75.18 0.12
63 145 -78.01 0.02
63 146 -76.73 0.08
63 147 -76.99 0.10
63 148 -75.40 0.13
63 149 -75.81 0.17
63 150 -74.18 0.21
63 151 -74.79 0.26
63 152 -73.05 0.30
63 153 -73.74 0.30
63 154 -71.76 0.31
63 155 -71.98 0.33
63 156 -69.76 0.36
63 157 -69.40 0.35
63 158 -66.88 0.36
63 159 -65.90 0.35
63 160 -62.84 0.36
63 161 -61.54 0.36
63 162 -57.85 0.36
63 163 -56.38 0.36
63 164 -52.47 0.36
63 165 -50.38 0.36
63 166 -46.01 0.35
63 167 -43.51 0.35
63 168 -38.61 0.35
63 169 -35.93 0.33
63 170 -30.93 0.34
63 171 -27.75 0.32
63 172 -22.40 0.30
63 173 -18.98 0.29
63 174 -13.37 0.29
63 175 -9.62 0.28
63 176 -3.77 0.26
63 177 0.23 0.25
63 178 6.29 0.24
63 179 10.20 0.21
63 180 16.28 0.20
63 181 20.45 0.18
63 182 26.54 0.17
63 183 30.78 0.15
63 184 36.75 0.13
63 185 40.99 0.11
63 186 47.14 0.09
63 187 51.27 0.07
63 188 56.96 0.03
63 189 61.09 0.00
63 190 69.24 0.03
63 191 76.20 0.05
63 192 84.45 0.06
63 193 91.19 0.09
63 194 98.97 0.10
63 195 105.88 0.10
63 196 114.11 0.10
63 197 121.09 0.11
63 198 129.52 0.14
63 199 136.61 0.18
63 200 145.02 0.19
63 201 151.74 0.26
63 202 159.98 0.27
63 203 166.64 0.28
64 125 9.27 0.44
64 126 0.98 0.42
64 127 -5.18 0.42
64 128 -12.49 0.40
64 129 -17.51 0.39
64 130 -24.14 0.39
64 131 -28.46 0.39
64 132 -34.17 0.38
64 133 -37.70 0.37
64 134 -42.55 0.37
64 135 -45.13 0.38
64 136 -49.68 0.34
64 137 -51.65 0.30
64 138 -56.17 0.28
64 139 -58.08 0.24
64 140 -62.05 0.23
64 141 -63.54 0.22
64 142 -67.02 0.19
64 143 -68.21 0.16
64 144 -71.55 0.12
64 145 -73.02 0.11
64 146 -76.23 0.00
64 147 -75.19 0.08
64 148 -75.81 0.11
64 149 -74.32 0.12
64 150 -75.22 0.17
64 151 -73.80 0.20
64 152 -74.70 0.24
64 153 -73.20 0.26
64 154 -74.14 0.30
64 155 -72.40 0.32
64 156 -72.91 0.32
64 157 -70.85 0.33
64 158 -70.87 0.33
64 159 -68.52 0.35
64 160 -67.98 0.34
64 161 -65.14 0.35
64 162 -64.26 0.35
64 163 -61.03 0.36
64 164 -59.72 0.35
64 165 -56.25 0.35
64 166 -54.38 0.35
64 167 -50.34 0.34
64 168 -48.17 0.34
64 169 -43.59 0.34
64 170 -41.22 0.32
64 171 -36.53 0.32
64 172 -33.68 0.32
64 173 -28.55 0.32
64 174 -25.42 0.30
64 175 -20.00 0.29
64 176 -16.50 0.28
64 177 -10.90 0.26
64 178 -7.06 0.25
64 179 -1.24 0.22
64 180 2.48 0.23
64 181 8.18 0.21
64 182 12.21 0.18
64 183 18.04 0.17
64 184 22.03 0.14
64 185 27.76 0.14
64 186 31.87 0.10
64 187 37.79 0.11
64 188 41.75 0.07
64 189 47.28 0.04
64 190 51.21 0.00
64 191 59.20 0.04
64 192 65.94 0.01
64 193 73.98 0.09
64 194 80.35 0.08
64 195 88.16 0.09
64 196 94.86 0.09
64 197 103.06 0.11
64 198 109.80 0.12
64 199 118.13 0.15
64 200 124.79 0.18
64 201 133.13 0.21
64 202 139.46 0.26
64 203 147.50 0.27
64 204 153.97 0.28
65 126 21.91 0.47
65 127 13.07 0.39
65 128 6.42 0.40
65 129 -1.44 0.39
65 130 -7.27 0.39
65 131 -14.12 0.38
65 132 -18.95 0.39
65 133 -25.06 0.38
65 134 -28.85 0.37
65 135 -34.18 0.36
65 136 -37.08 0.38
65 137 -41.91 0.34
65 138 -44.37 0.36
65 139 -48.69 0.29
65 140 -50.94 0.25
65 141 -55.14 0.23
65 142 -57.02 0.21
65 143 -60.67 0.20
65 144 -62.06 0.17
65 145 -65.86 0.12
65 146 -67.66 0.12
65 147 -70.94 0.03
65 148 -70.27 0.10
65 149 -71.17 0.10
65 150 -70.18 0.13
65 151 -71.29 0.17
65 152 -70.14 0.20
65 153 -71.42 0.30
65 154 -70.24 0.33
65 155 -71.49 0.31
65 156 -70.08 0.32
65 157 -70.86 0.32
65 158 -69.23 0.34
65 159 -69.47 0.34
65 160 -67.44 0.35
65 161 -67.22 0.34
65 162 -64.80 0.35
65 163 -64.14 0.35
65 164 -61.23 0.36
65 165 -60.24 0.35
65 166 -57.13 0.36
65 167 -55.48 0.35
65 168 -51.81 0.35
65 169 -49.93 0.34
65 170 -45.68 0.34
65 171 -43.64 0.34
65 172 -39.30 0.34
65 173 -36.64 0.33
65 174 -31.85 0.32
65 175 -28.88 0.30
65 176 -23.70 0.33
65 177 -20.35 0.30
65 178 -15.01 0.27
65 179 -11.32 0.26
65 180 -5.68 0.25
65 181 -2.20 0.22
65 182 3.38 0.20
65 183 7.13 0.18
65 184 12.75 0.17
65 185 16.44 0.15
65 186 21.98 0.14
65 187 25.92 0.11
65 188 31.66 0.11
65 189 35.44 0.08
65 190 40.85 0.04
65 191 44.68 0.00
65 192 52.42 0.02
65 193 58.94 0.04
65 194 66.67 0.09
65 195 72.94 0.08
65 196 80.34 0.09
65 197 87.02 0.09
65 198 94.88 0.11
65 199 101.53 0.12
65 200 109.60 0.14
65 201 116.10 0.17
65 202 124.12 0.23
65 203 130.16 0.26
65 204 138.07 0.27
65 205 144.26 0.28
65 206 152.24 0.29
65 207 158.67 0.30
65 208 166.89 0.30
65 209 173.43 0.31
65 210 181.82 0.32
65 211 188.51 0.32
65 212 196.98 0.32
65 213 204.02 0.33
65 214 212.60 0.32
66 130 7.80 0.41
66 131 1.73 0.39
66 132 -5.76 0.39
66 133 -11.13 0.39
66 134 -17.58 0.37
66 135 -22.15 0.36
66 136 -27.56 0.36
66 137 -30.73 0.39
66 138 -35.93 0.35
66 139 -38.66 0.36
66 140 -43.33 0.28
66 141 -45.90 0.24
66 142 -50.44 0.24
66 143 -52.55 0.22
66 144 -56.64 0.19
66 145 -58.56 0.17
66 146 -62.52 0.12
66 147 -64.58 0.12
66 148 -68.37 0.00
66 149 -67.90 0.09
66 150 -69.17 0.10
66 151 -68.28 0.12
66 152 -69.72 0.17
66 153 -68.83 0.20
66 154 -70.34 0.23
66 155 -69.37 0.25
66 156 -70.79 0.29
66 157 -69.59 0.31
66 158 -70.75 0.32
66 159 -69.28 0.33
66 160 -69.92 0.34
66 161 -68.11 0.35
66 162 -68.30 0.34
66 163 -66.08 0.35
66 164 -65.83 0.35
66 165 -63.23 0.35
66 166 -62.56 0.35
66 167 -59.70 0.35
66 168 -58.42 0.34
66 169 -55.03 0.34
66 170 -53.45 0.34
66 171 -49.52 0.33
66 172 -47.72 0.33
66 173 -43.65 0.33
66 174 -41.29 0.32
66 175 -36.72 0.30
66 176 -34.09 0.30
66 177 -29.21 0.30
66 178 -26.14 0.28
66 179 -21.04 0.27
66 180 -17.60 0.26
66 181 -12.15 0.26
66 182 -8.92 0.21
66 183 -3.69 0.21
66 184 -0.14 0.19
66 185 5.25 0.18
66 186 8.73 0.15
66 187 14.07 0.14
66 188 17.79 0.10
66 189 23.26 0.10
66 190 26.92 0.07
66 191 32.09 0.04
66 192 35.66 0.00
66 193 43.25 0.03
66 194 49.61 0.03
66 195 57.27 0.08
66 196 63.11 0.07
66 197 70.60 0.09
66 198 76.91 0.09
66 199 84.79 0.10
66 200 91.09 0.10
66 201 99.12 0.15
66 202 105.27 0.20
66 203 113.02 0.22
66 204 118.93 0.24
66 205 126.69 0.26
66 206 132.69 0.27
66 207 140.51 0.28
66 208 146.72 0.29
66 209 154.78 0.30
66 210 161.12 0.30
66 211 169.33 0.31
66 212 175.84 0.31
66 213 184.16 0.32
66 214 190.98 0.32
66 215 199.44 0.32
66 216 206.52 0.33
66 217 215.07 0.34
66 218 222.37 0.32
66 219 230.99 0.34
66 220 238.53 0.33
67 131 19.86 0.39
67 132 13.32 0.41
67 133 5.25 0.39
67 134 -0.95 0.41
67 135 -7.57 0.38
67 136 -12.69 0.37
67 137 -18.27 0.38
67 138 -21.83 0.41
67 139 -27.26 0.36
67 140 -30.33 0.37
67 141 -34.94 0.27
67 142 -37.94 0.26
67 143 -42.64 0.23
67 144 -45.11 0.21
67 145 -49.42 0.19
67 146 -51.61 0.17
67 147 -55.83 0.13
67 148 -58.12 0.11
67 149 -62.07 0.02
67 150 -62.05 0.09
67 151 -63.49 0.10
67 152 -63.03 0.15
67 153 -64.87 0.17
67 154 -64.25 0.19
67 155 -66.04 0.22
67 156 -65.44 0.24
67 157 -67.00 0.29
67 158 -66.14 0.29
67 159 -67.51 0.35
67 160 -66.39 0.33
67 161 -67.35 0.34
67 162 -65.74 0.34
67 163 -66.44 0.35
67 164 -64.46 0.35
67 165 -64.69 0.35
67 166 -62.52 0.35
67 167 -62.06 0.36
67 168 -59.55 0.35
67 169 -58.54 0.35
67 170 -55.50 0.34
67 171 -54.21 0.34
67 172 -50.51 0.34
67 173 -49.11 0.33
67 174 -45.11 0.33
67 175 -43.21 0.33
67 176 -38.87 0.33
67 177 -36.48 0.31
67 178 -31.76 0.30
67 179 -29.05 0.29
67 180 -24.16 0.28
67 181 -20.93 0.27
67 182 -15.73 0.26
67 183 -12.49 0.22
67 184 -7.50 0.20
67 185 -4.32 0.20
67 186 0.83 0.18
67 187 4.17 0.16
67 188 9.28 0.14
67 189 12.86 0.11
67 190 18.18 0.10
67 191 21.62 0.08
67 192 26.76 0.06
67 193 30.28 0.01
67 194 37.59 0.03
67 195 43.67 0.05
67 196 51.13 0.09
67 197 56.84 0.08
67 198 63.91 0.09
67 199 70.09 0.09
67 200 77.74 0.10
67 201 83.86 0.09
67 202 91.64 0.18
67 203 97.46 0.20
67 204 105.00 0.21
67 205 110.72 0.24
67 206 118.30 0.25
67 207 124.09 0.28
67 208 131.78 0.28
67 209 137.71 0.29
67 210 145.56 0.29
67 211 151.72 0.30
67 212 159.74 0.30
67 213 166.10 0.31
67 214 174.22 0.32
67 215 180.87 0.32
67 216 189.22 0.32
67 217 196.04 0.32
67 218 204.46 0.33
67 219 211.54 0.33
67 220 220.05 0.34
67 221 227.33 0.32
67 222 235.93 0.34
67 223 243.46 0.33
67 224 252.10 0.33
68 136 1.45 0.37
68 137 -4.33 0.37
68 138 -10.36 0.36
68 139 -14.14 0.38
68 140 -20.21 0.34
68 141 -23.54 0.36
68 142 -28.62 0.26
68 143 -31.90 0.24
68 144 -37.02 0.22
68 145 -39.79 0.20
68 146 -44.52 0.18
68 147 -47.19 0.16
68 148 -51.69 0.12
68 149 -54.33 0.11
68 150 -58.67 0.00
68 151 -58.76 0.10
68 152 -60.58 0.10
68 153 -60.41 0.12
68 154 -62.35 0.15
68 155 -61.98 0.17
68 156 -64.04 0.21
68 157 -63.58 0.22
68 158 -65.38 0.25
68 159 -64.72 0.28
68 160 -66.34 0.31
68 161 -65.43 0.32
68 162 -66.68 0.32
68 163 -65.40 0.34
68 164 -66.24 0.33
68 165 -64.63 0.34
68 166 -65.01 0.34
68 167 -62.99 0.35
68 168 -62.98 0.34
68 169 -60.75 0.35
68 170 -60.12 0.34
68 171 -57.35 0.34
68 172 -56.39 0.34
68 173 -53.10 0.34
68 174 -51.86 0.32
68 175 -48.37 0.33
68 176 -46.56 0.32
68 177 -42.65 0.31
68 178 -40.47 0.31
68 179 -36.23 0.29
68 180 -33.70 0.29
68 181 -29.01 0.27
68 182 -26.07 0.28
68 183 -21.10 0.26
68 184 -18.24 0.22
68 185 -13.52 0.20
68 186 -10.51 0.19
68 187 -5.56 0.17
68 188 -2.54 0.15
68 189 2.34 0.14
68 190 5.66 0.12
68 191 10.70 0.12
68 192 13.98 0.08
68 193 18.79 0.05
68 194 22.05 0.01
68 195 29.21 0.03
68 196 35.16 0.02
68 197 42.50 0.07
68 198 47.99 0.07
68 199 55.11 0.09
68 200 61.02 0.08
68 201 68.51 0.11
68 202 74.45 0.14
68 203 81.97 0.17
68 204 87.52 0.20
68 205 94.91 0.22
68 206 100.45 0.23
68 207 107.87 0.25
68 208 113.47 0.26
68 209 120.97 0.28
68 210 126.77 0.28
68 211 134.43 0.29
68 212 140.40 0.29
68 213 148.23 0.30
68 214 154.38 0.31
68 215 162.35 0.31
68 216 168.80 0.32
68 217 176.96 0.31
68 218 183.57 0.32
68 219 191.83 0.31
68 220 198.71 0.31
68 221 207.15 0.33
68 222 214.17 0.31
68 223 222.67 0.33
68 224 229.95 0.31
68 225 238.53 0.32
69 137 12.52 0.38
69 138 5.75 0.37
69 139 -0.34 0.37
69 140 -4.62 0.34
69 141 -10.91 0.36
69 142 -14.54 0.37
69 143 -19.72 0.34
69 144 -22.99 0.25
69 145 -28.37 0.22
69 146 -31.47 0.20
69 147 -36.37 0.18
69 148 -39.39 0.17
69 149 -44.08 0.13
69 150 -47.00 0.11
69 151 -51.62 0.02
69 152 -52.00 0.09
69 153 -54.09 0.11
69 154 -54.26 0.12
69 155 -56.51 0.16
69 156 -56.53 0.25
69 157 -58.87 0.21
69 158 -58.69 0.23
69 159 -60.71 0.24
69 160 -60.29 0.27
69 161 -62.12 0.30
69 162 -61.53 0.31
69 163 -63.02 0.31
69 164 -62.03 0.33
69 165 -63.20 0.33
69 166 -61.83 0.34
69 167 -62.63 0.34
69 168 -60.95 0.34
69 169 -61.25 0.35
69 170 -59.44 0.35
69 171 -59.09 0.34
69 172 -56.75 0.34
69 173 -56.04 0.34
69 174 -52.93 0.34
69 175 -52.14 0.33
69 176 -48.78 0.32
69 177 -47.44 0.32
69 178 -43.80 0.32
69 179 -41.95 0.31
69 180 -37.89 0.30
69 181 -35.67 0.30
69 182 -31.25 0.29
69 183 -28.44 0.30
69 184 -23.69 0.28
69 185 -20.41 0.26
69 186 -16.35 0.20
69 187 -13.63 0.19
69 188 -8.89 0.18
69 189 -6.01 0.16
69 190 -1.29 0.14
69 191 1.82 0.12
69 192 6.55 0.11
69 193 9.71 0.09
69 194 14.35 0.04
69 195 17.45 0.00
69 196 24.40 0.03
69 197 30.10 0.03
69 198 37.24 0.05
69 199 42.68 0.08
69 200 49.55 0.09
69 201 55.28 0.09
69 202 62.50 0.12
69 203 68.19 0.16
69 204 75.29 0.18
69 205 80.65 0.20
69 206 87.82 0.21
69 207 93.24 0.24
69 208 100.46 0.25
69 209 105.86 0.26
69 210 113.13 0.27
69 211 118.77 0.28
69 212 126.20 0.28
69 213 132.01 0.29
69 214 139.66 0.29
69 215 145.59 0.30
69 216 153.43 0.32
69 217 159.63 0.30
69 218 167.65 0.30
69 219 174.05 0.31
69 220 182.10 0.31
69 221 188.75 0.31
69 222 197.01 0.31
69 223 203.83 0.31
69 224 212.24 0.31
69 225 219.27 0.31
69 226 227.76 0.32
69 227 235.00 0.30
69 228 243.59 0.31
69 229 251.09 0.30
70 139 16.13 0.37
70 140 9.43 0.36
70 141 4.82 0.40
70 142 -2.04 0.33
70 143 -5.61 0.28
70 144 -12.09 0.25
70 145 -16.13 0.25
70 146 -21.88 0.21
70 147 -25.32 0.20
70 148 -30.71 0.18
70 149 -34.04 0.17
70 150 -39.13 0.13
70 151 -42.32 0.11
70 152 -47.24 0.00
70 153 -47.86 0.09
70 154 -50.26 0.10
70 155 -50.65 0.12
70 156 -53.15 0.16
70 157 -53.32 0.17
70 158 -55.88 0.20
70 159 -55.93 0.21
70 160 -58.18 0.24
70 161 -57.97 0.26
70 162 -59.96 0.26
70 163 -59.46 0.30
70 164 -61.24 0.30
70 165 -60.47 0.32
70 166 -61.94 0.32
70 167 -60.85 0.33
70 168 -61.89 0.33
70 169 -60.43 0.33
70 170 -61.06 0.34
70 171 -59.39 0.35
70 172 -59.39 0.34
70 173 -57.22 0.34
70 174 -56.87 0.33
70 175 -54.22 0.34
70 176 -53.58 0.32
70 177 -50.68 0.32
70 178 -49.48 0.31
70 179 -46.20 0.30
70 180 -44.59 0.29
70 181 -40.88 0.29
70 182 -38.83 0.27
70 183 -34.79 0.28
70 184 -32.27 0.27
70 185 -27.77 0.24
70 186 -25.52 0.20
70 187 -21.29 0.20
70 188 -18.80 0.18
70 189 -14.37 0.17
70 190 -11.79 0.14
70 191 -7.39 0.14
70 192 -4.53 0.12
70 193 0.09 0.11
70 194 2.92 0.07
70 195 7.34 0.04
70 196 10.17 0.00
70 197 17.01 0.03
70 198 22.52 0.02
70 199 29.52 0.06
70 200 34.69 0.07
70 201 41.58 0.09
70 202 46.97 0.09
70 203 54.12 0.11
70 204 59.57 0.15
70 205 66.65 0.17
70 206 71.78 0.18
70 207 78.83 0.20
70 208 84.00 0.21
70 209 91.07 0.24
70 210 96.30 0.26
70 211 103.43 0.27
70 212 108.83 0.28
70 213 116.13 0.28
70 214 121.71 0.29
70 215 129.14 0.29
70 216 134.92 0.30
70 217 142.54 0.30
70 218 148.57 0.31
70 219 156.46 0.31
70 220 162.61 0.30
70 221 170.53 0.31
70 222 176.99 0.31
70 223 185.08 0.31
70 224 191.71 0.30
70 225 199.97 0.31
70 226 206.79 0.29
70 227 215.22 0.32
70 228 222.19 0.30
70 229 230.71 0.31
70 230 237.97 0.30
70 231 246.52 0.31
70 232 254.10 0.29
70 233 262.74 0.30
70 234 270.52 0.29
71 142 15.34 0.33
71 143 8.99 0.34
71 144 5.01 0.25
71 145 -1.88 0.25
71 146 -6.37 0.24
71 147 -12.28 0.20
71 148 -16.06 0.20
71 149 -21.78 0.17
71 150 -25.51 0.16
71 151 -30.79 0.12
71 152 -34.25 0.11
71 153 -39.42 0.02
71 154 -40.32 0.08
71 155 -42.99 0.10
71 156 -43.77 0.12
71 157 -46.49 0.16
71 158 -46.99 0.17
71 159 -49.76 0.19
71 160 -50.07 0.22
71 161 -52.59 0.23
71 162 -52.68 0.24
71 163 -54.86 0.26
71 164 -54.55 0.27
71 165 -56.56 0.29
71 166 -56.16 0.34
71 167 -57.90 0.34
71 168 -57.10 0.35
71 169 -58.45 0.35
71 170 -57.29 0.36
71 171 -58.16 0.35
71 172 -56.83 0.36
71 173 -56.97 0.36
71 174 -55.08 0.35
71 175 -54.90 0.32
71 176 -52.67 0.31
71 177 -52.20 0.31
71 178 -49.64 0.32
71 179 -48.70 0.29
71 180 -45.78 0.31
71 181 -44.47 0.30
71 182 -41.11 0.29
71 183 -39.37 0.28
71 184 -35.43 0.25
71 185 -33.28 0.25
71 186 -29.17 0.24
71 187 -27.13 0.21
71 188 -23.15 0.20
71 189 -20.87 0.18
71 190 -16.64 0.17
71 191 -14.29 0.14
71 192 -10.08 0.13
71 193 -7.52 0.11
71 194 -3.22 0.12
71 195 -0.50 0.09
71 196 3.73 0.04
71 197 6.41 0.01
71 198 13.02 0.03
71 199 18.31 0.03
71 200 25.12 0.05
71 201 30.25 0.07
71 202 36.97 0.09
71 203 42.19 0.12
71 204 49.00 0.11
71 205 54.11 0.16
71 206 61.00 0.17
71 207 65.92 0.18
71 208 72.81 0.20
71 209 77.75 0.22
71 210 84.68 0.23
71 211 89.70 0.25
71 212 96.60 0.26
71 213 101.83 0.28
71 214 108.88 0.29
71 215 114.24 0.29
71 216 121.63 0.30
71 217 127.05 0.30
71 218 134.44 0.31
71 219 140.31 0.31
71 220 148.07 0.31
71 221 153.98 0.31
71 222 161.76 0.31
71 223 168.05 0.31
71 224 175.98 0.32
71 225 182.37 0.30
71 226 190.48 0.31
71 227 197.03 0.30
71 228 205.31 0.29
71 229 212.09 0.29
71 230 220.48 0.28
71 231 227.46 0.29
71 232 235.96 0.29
71 233 243.28 0.28
71 234 251.86 0.29
71 235 259.37 0.27
71 236 268.05 0.28
71 237 275.76 0.27
72 146 6.41 0.23
72 147 1.49 0.23
72 148 -4.95 0.20
72 149 -9.11 0.20
72 150 -15.18 0.16
72 151 -19.22 0.14
72 152 -24.86 0.12
72 153 -28.63 0.10
72 154 -34.22 0.00
72 155 -35.28 0.07
72 156 -38.20 0.09
72 157 -39.13 0.11
72 158 -42.12 0.15
72 159 -42.83 0.17
72 160 -45.83 0.18
72 161 -46.37 0.20
72 162 -49.07 0.22
72 163 -49.33 0.23
72 164 -51.78 0.24
72 165 -51.68 0.26
72 166 -53.94 0.27
72 167 -53.55 0.30
72 168 -55.53 0.31
72 169 -54.98 0.33
72 170 -56.56 0.33
72 171 -55.64 0.33
72 172 -56.81 0.33
72 173 -55.66 0.35
72 174 -56.24 0.33
72 175 -54.56 0.33
72 176 -54.83 0.32
72 177 -52.68 0.32
72 178 -52.65 0.30
72 179 -50.30 0.30
72 180 -49.72 0.29
72 181 -47.01 0.29
72 182 -46.00 0.28
72 183 -42.90 0.28
72 184 -41.47 0.27
72 185 -37.99 0.26
72 186 -36.06 0.25
72 187 -32.34 0.20
72 188 -30.79 0.20
72 189 -27.10 0.19
72 190 -25.07 0.16
72 191 -21.21 0.16
72 192 -19.08 0.14
72 193 -15.17 0.13
72 194 -12.80 0.11
72 195 -8.73 0.10
72 196 -6.30 0.07
72 197 -2.28 0.04
72 198 0.17 0.01
72 199 6.57 0.02
72 200 11.67 0.02
72 201 18.34 0.05
72 202 23.19 0.07
72 203 30.02 0.10
72 204 34.73 0.09
72 205 41.54 0.12
72 206 46.49 0.14
72 207 53.23 0.16
72 208 58.00 0.17
72 209 64.75 0.20
72 210 69.54 0.20
72 211 76.29 0.23
72 212 81.14 0.25
72 213 87.90 0.26
72 214 92.92 0.26
72 215 99.80 0.27
72 216 104.99 0.28
72 217 112.06 0.29
72 218 117.44 0.29
72 219 124.72 0.29
72 220 130.35 0.30
72 221 137.92 0.30
72 222 143.63 0.30
72 223 151.21 0.30
72 224 157.27 0.29
72 225 165.01 0.30
72 226 171.27 0.30
72 227 179.18 0.29
72 228 185.58 0.29
72 229 193.77 0.28
72 230 200.31 0.28
72 231 208.56 0.28
72 232 215.34 0.27
72 233 223.68 0.27
72 234 230.82 0.27
72 235 239.32 0.26
72 236 246.56 0.25
72 237 255.16 0.25
72 238 262.56 0.24
72 239 271.26 0.26
72 240 278.81 0.23
72 241 287.56 0.22
73 147 17.71 0.23
73 148 12.17 0.22
73 149 5.56 0.20
73 150 1.03 0.18
73 151 -5.42 0.16
73 152 -9.86 0.14
73 153 -15.76 0.12
73 154 -19.84 0.10
73 155 -25.73 0.00
73 156 -26.98 0.06
73 157 -30.16 0.09
73 158 -31.33 0.11
73 159 -34.54 0.14
73 160 -35.58 0.15
73 161 -38.80 0.17
73 162 -39.61 0.19
73 163 -42.54 0.20
73 164 -43.07 0.23
73 165 -45.74 0.23
73 166 -45.91 0.26
73 167 -48.35 0.26
73 168 -48.35 0.31
73 169 -50.56 0.31
73 170 -50.29 0.32
73 171 -52.15 0.33
73 172 -51.51 0.33
73 173 -52.93 0.33
73 174 -52.04 0.35
73 175 -52.87 0.33
73 176 -51.45 0.33
73 177 -51.91 0.32
73 178 -50.07 0.31
73 179 -50.15 0.29
73 180 -48.22 0.29
73 181 -47.83 0.28
73 182 -45.48 0.28
73 183 -44.74 0.27
73 184 -41.97 0.27
73 185 -40.83 0.26
73 186 -37.59 0.25
73 187 -36.11 0.21
73 188 -32.78 0.21
73 189 -31.43 0.19
73 190 -27.99 0.18
73 191 -26.22 0.16
73 192 -22.57 0.16
73 193 -20.70 0.14
73 194 -17.03 0.13
73 195 -14.92 0.10
73 196 -11.11 0.11
73 197 -8.85 0.08
73 198 -5.06 0.04
73 199 -2.81 0.00
73 200 3.50 0.04
73 201 8.33 0.02
73 202 14.81 0.02
73 203 19.60 0.07
73 204 26.16 0.10
73 205 30.83 0.11
73 206 37.32 0.11
73 207 41.99 0.14
73 208 48.58 0.16
73 209 53.11 0.17
73 210 59.74 0.19
73 211 64.31 0.20
73 212 70.85 0.23
73 213 75.46 0.26
73 214 81.99 0.27
73 215 86.77 0.27
73 216 93.42 0.28
73 217 98.43 0.28
73 218 105.26 0.29
73 219 110.47 0.29
73 220 117.55 0.29
73 221 122.96 0.30
73 222 130.35 0.30
73 223 135.85 0.30
73 224 143.30 0.30
73 225 149.14 0.30
73 226 156.70 0.30
73 227 162.83 0.30
73 228 170.58 0.30
73 229 176.85 0.30
73 230 184.88 0.29
73 231 191.29 0.29
73 232 199.49 0.28
73 233 206.01 0.26
73 234 214.23 0.26
73 235 221.04 0.25
73 236 229.37 0.25
73 237 236.36 0.24
73 238 244.81 0.24
73 239 251.98 0.23
73 240 260.59 0.23
73 241 267.92 0.22
73 242 276.60 0.21
74 150 13.94 0.18
74 151 8.96 0.18
74 152 2.10 0.15
74 153 -2.69 0.14
74 154 -8.94 0.11
74 155 -13.34 0.10
74 156 -19.67 0.00
74 157 -21.10 0.05
74 158 -24.51 0.09
74 159 -25.92 0.11
74 160 -29.37 0.12
74 161 -30.55 0.15
74 162 -33.93 0.16
74 163 -34.94 0.18
74 164 -38.08 0.19
74 165 -38.74 0.20
74 166 -41.72 0.22
74 167 -42.10 0.23
74 168 -44.79 0.24
74 169 -44.86 0.26
74 170 -47.27 0.26
74 171 -47.18 0.31
74 172 -49.22 0.32
74 173 -48.80 0.31
74 174 -50.45 0.33
74 175 -49.83 0.34
74 176 -50.90 0.33
74 177 -49.72 0.33
74 178 -50.51 0.31
74 179 -48.93 0.29
74 180 -49.43 0.29
74 181 -47.71 0.28
74 182 -47.67 0.27
74 183 -45.49 0.28
74 184 -45.11 0.26
74 185 -42.56 0.26
74 186 -41.78 0.24
74 187 -38.89 0.23
74 188 -38.16 0.20
74 189 -35.03 0.20
74 190 -34.07 0.19
74 191 -30.85 0.18
74 192 -29.41 0.17
74 193 -26.06 0.15
74 194 -24.42 0.14
74 195 -21.05 0.12
74 196 -19.20 0.11
74 197 -15.63 0.11
74 198 -13.66 0.07
74 199 -10.13 0.00
74 200 -8.11 0.00
74 201 -2.04 0.03
74 202 2.62 0.02
74 203 8.92 0.03
74 204 13.46 0.07
74 205 19.93 0.09
74 206 24.25 0.09
74 207 30.76 0.11
74 208 35.28 0.12
74 209 41.72 0.14
74 210 46.16 0.17
74 211 52.59 0.18
74 212 57.05 0.20
74 213 63.49 0.22
74 214 67.94 0.23
74 215 74.37 0.26
74 216 78.95 0.26
74 217 85.46 0.28
74 218 90.25 0.28
74 219 96.92 0.28
74 220 101.95 0.29
74 221 108.86 0.29
74 222 114.08 0.30
74 223 121.27 0.29
74 224 126.63 0.29
74 225 133.91 0.30
74 226 139.57 0.29
74 227 146.95 0.29
74 228 152.87 0.29
74 229 160.46 0.29
74 230 166.51 0.29
74 231 174.29 0.28
74 232 180.54 0.28
74 233 188.53 0.27
74 234 194.86 0.26
74 235 202.94 0.26
74 236 209.63 0.26
74 237 217.76 0.25
74 238 224.60 0.24
74 239 232.88 0.23
74 240 239.88 0.22
74 241 248.30 0.22
74 242 255.46 0.20
74 243 264.02 0.19
74 244 271.22 0.19
74 245 279.80 0.18
74 246 286.82 0.16
75 151 25.26 0.20
75 152 19.75 0.15
75 153 12.66 0.14
75 154 7.50 0.14
75 155 1.02 0.11
75 156 -3.72 0.09
75 157 -10.45 0.00
75 158 -12.01 0.05
75 159 -15.78 0.08
75 160 -17.40 0.10
75 161 -21.10 0.11
75 162 -22.51 0.14
75 163 -26.06 0.16
75 164 -27.28 0.18
75 165 -30.67 0.20
75 166 -31.57 0.20
75 167 -34.84 0.21
75 168 -35.44 0.21
75 169 -38.41 0.23
75 170 -38.68 0.24
75 171 -41.36 0.24
75 172 -41.55 0.30
75 173 -43.84 0.30
75 174 -43.65 0.30
75 175 -45.53 0.30
75 176 -45.07 0.32
75 177 -46.49 0.31
75 178 -45.64 0.31
75 179 -46.65 0.30
75 180 -45.32 0.30
75 181 -46.08 0.25
75 182 -44.63 0.26
75 183 -44.91 0.24
75 184 -43.04 0.24
75 185 -42.99 0.24
75 186 -40.71 0.23
75 187 -40.47 0.21
75 188 -37.91 0.21
75 189 -37.43 0.20
75 190 -34.66 0.18
75 191 -33.84 0.19
75 192 -30.92 0.17
75 193 -29.65 0.17
75 194 -26.54 0.16
75 195 -25.19 0.13
75 196 -21.98 0.13
75 197 -20.47 0.10
75 198 -17.07 0.10
75 199 -15.38 0.07
75 200 -12.04 0.01
75 201 -10.22 0.00
75 202 -4.31 0.03
75 203 0.05 0.01
75 204 6.23 0.04
75 205 10.61 0.06
75 206 16.84 0.08
75 207 21.09 0.09
75 208 27.29 0.11
75 209 31.62 0.13
75 210 37.87 0.14
75 211 42.18 0.15
75 212 48.46 0.16
75 213 52.81 0.17
75 214 58.93 0.23
75 215 63.17 0.23
75 216 69.40 0.25
75 217 73.78 0.26
75 218 80.11 0.27
75 219 84.75 0.27
75 220 91.22 0.29
75 221 96.07 0.28
75 222 102.78 0.29
75 223 107.81 0.28
75 224 114.80 0.28
75 225 119.98 0.28
75 226 127.11 0.29
75 227 132.51 0.29
75 228 139.72 0.29
75 229 145.44 0.29
75 230 152.83 0.28
75 231 158.73 0.28
75 232 166.36 0.29
75 233 172.42 0.28
75 234 180.25 0.27
75 235 186.47 0.27
75 236 194.42 0.27
75 237 200.82 0.24
75 238 208.82 0.24
75 239 215.40 0.23
75 240 223.53 0.22
75 241 230.30 0.21
75 242 238.50 0.21
75 243 245.45 0.20
75 244 253.79 0.20
75 245 260.75 0.18
75 246 269.36 0.17
75 247 276.21 0.16
75 248 284.74 0.16
75 249 291.82 0.15
76 155 15.71 0.12
76 156 8.69 0.10
76 157 3.56 0.08
76 158 -3.57 0.00
76 159 -5.41 0.05
76 160 -9.29 0.08
76 161 -11.12 0.09
76 162 -14.96 0.11
76 163 -16.53 0.12
76 164 -20.31 0.14
76 165 -21.69 0.16
76 166 -25.25 0.17
76 167 -26.31 0.18
76 168 -29.74 0.19
76 169 -30.54 0.20
76 170 -33.71 0.21
76 171 -34.20 0.24
76 172 -37.12 0.24
76 173 -37.52 0.32
76 174 -40.04 0.30
76 175 -40.05 0.32
76 176 -42.21 0.32
76 177 -42.07 0.35
76 178 -43.64 0.32
76 179 -43.00 0.32
76 180 -44.33 0.27
76 181 -43.25 0.29
76 182 -44.42 0.27
76 183 -43.16 0.28
76 184 -43.78 0.25
76 185 -42.06 0.24
76 186 -42.42 0.23
76 187 -40.42 0.22
76 188 -40.51 0.21
76 189 -38.28 0.21
76 190 -38.12 0.20
76 191 -35.55 0.19
76 192 -35.20 0.18
76 193 -32.53 0.17
76 194 -31.72 0.15
76 195 -28.91 0.14
76 196 -27.91 0.12
76 197 -25.04 0.12
76 198 -23.71 0.11
76 199 -20.69 0.10
76 200 -19.22 0.07
76 201 -16.18 0.04
76 202 -14.57 0.00
76 203 -8.87 0.02
76 204 -4.72 0.00
76 205 1.24 0.04
76 206 5.47 0.05
76 207 11.62 0.08
76 208 15.57 0.09
76 209 21.78 0.10
76 210 25.84 0.11
76 211 32.05 0.13
76 212 36.16 0.15
76 213 42.34 0.16
76 214 46.48 0.17
76 215 52.63 0.21
76 216 56.70 0.24
76 217 62.76 0.25
76 218 66.93 0.26
76 219 73.07 0.27
76 220 77.49 0.27
76 221 83.79 0.28
76 222 88.44 0.28
76 223 94.97 0.30
76 224 99.82 0.29
76 225 106.63 0.29
76 226 111.65 0.29
76 227 118.59 0.29
76 228 123.85 0.30
76 229 130.92 0.29
76 230 136.47 0.29
76 231 143.74 0.30
76 232 149.45 0.29
76 233 156.88 0.27
76 234 162.78 0.28
76 235 170.48 0.27
76 236 176.46 0.26
76 237 184.24 0.25
76 238 190.47 0.24
76 239 198.31 0.24
76 240 204.69 0.22
76 241 212.73 0.22
76 242 219.18 0.22
76 243 227.32 0.20
76 244 233.90 0.20
76 245 242.13 0.19
76 246 248.78 0.17
76 247 257.05 0.17
76 248 263.80 0.15
76 249 272.15 0.15
76 250 278.97 0.15
76 251 287.20 0.13
76 252 294.06 0.12
77 156 26.54 0.12
77 157 19.43 0.10
77 158 13.94 0.07
77 159 6.44 0.00
77 160 4.32 0.04
77 161 0.17 0.07
77 162 -1.91 0.09
77 163 -5.97 0.10
77 164 -7.71 0.11
77 165 -11.68 0.13
77 166 -13.25 0.15
77 167 -17.02 0.16
77 168 -18.26 0.18
77 169 -21.89 0.18
77 170 -22.84 0.19
77 171 -26.28 0.20
77 172 -27.12 0.25
77 173 -30.31 0.26
77 174 -30.75 0.28
77 175 -33.71 0.27
77 176 -33.96 0.27
77 177 -36.37 0.27
77 178 -36.29 0.35
77 179 -38.35 0.27
77 180 -37.92 0.28
77 181 -39.65 0.27
77 182 -38.82 0.27
77 183 -40.24 0.26
77 184 -39.20 0.28
77 185 -40.08 0.26
77 186 -38.60 0.26
77 187 -39.14 0.20
77 188 -37.43 0.20
77 189 -37.95 0.20
77 190 -35.91 0.20
77 191 -36.24 0.18
77 192 -33.94 0.18
77 193 -33.96 0.17
77 194 -31.60 0.16
77 195 -31.07 0.15
77 196 -28.55 0.14
77 197 -27.80 0.12
77 198 -25.15 0.12
77 199 -24.18 0.10
77 200 -21.39 0.10
77 201 -20.04 0.07
77 202 -17.40 0.00
77 203 -15.89 0.00
77 204 -10.38 0.03
77 205 -6.46 0.01
77 206 -0.70 0.02
77 207 3.36 0.03
77 208 9.31 0.05
77 209 13.18 0.09
77 210 19.16 0.10
77 211 23.04 0.11
77 212 29.01 0.12
77 213 32.99 0.13
77 214 39.00 0.15
77 215 43.04 0.16
77 216 48.96 0.21
77 217 52.91 0.23
77 218 58.84 0.23
77 219 63.03 0.23
77 220 68.90 0.26
77 221 73.13 0.27
77 222 79.17 0.29
77 223 83.68 0.28
77 224 89.92 0.29
77 225 94.59 0.29
77 226 101.16 0.29
77 227 105.98 0.30
77 228 112.71 0.30
77 229 117.81 0.29
77 230 124.68 0.30
77 231 130.07 0.29
77 232 137.13 0.30
77 233 142.70 0.29
77 234 149.98 0.29
77 235 155.69 0.27
77 236 163.16 0.27
77 237 169.02 0.26
77 238 176.54 0.25
77 239 182.58 0.24
77 240 190.32 0.23
77 241 196.45 0.22
77 242 204.28 0.23
77 243 210.56 0.21
77 244 218.72 0.20
77 245 224.98 0.18
77 246 232.90 0.18
77 247 239.41 0.17
77 248 247.49 0.16
77 249 254.01 0.15
77 250 262.15 0.15
77 251 268.79 0.14
77 252 276.92 0.13
77 253 283.64 0.11
77 254 291.77 0.11
77 255 298.48 0.10
78 159 22.22 0.07
78 160 14.19 0.00
78 161 11.88 0.04
78 162 7.49 0.05
78 163 5.28 0.08
78 164 1.05 0.08
78 165 -0.82 0.10
78 166 -5.02 0.11
78 167 -6.73 0.13
78 168 -10.69 0.14
78 169 -12.11 0.16
78 170 -15.90 0.16
78 171 -17.06 0.18
78 172 -20.65 0.17
78 173 -21.53 0.28
78 174 -24.96 0.24
78 175 -26.00 0.30
78 176 -29.00 0.30
78 177 -29.52 0.32
78 178 -32.21 0.30
78 179 -32.47 0.34
78 180 -34.60 0.29
78 181 -34.38 0.30
78 182 -36.34 0.28
78 183 -35.69 0.29
78 184 -37.38 0.26
78 185 -36.61 0.28
78 186 -37.71 0.25
78 187 -36.47 0.24
78 188 -37.46 0.22
78 189 -36.01 0.20
78 190 -36.89 0.18
78 191 -35.13 0.19
78 192 -35.81 0.16
78 193 -33.93 0.16
78 194 -34.18 0.15
78 195 -32.13 0.15
78 196 -32.07 0.13
78 197 -29.81 0.12
78 198 -29.49 0.11
78 199 -27.13 0.11
78 200 -26.42 0.09
78 201 -23.82 0.09
78 202 -22.95 0.07
78 203 -20.56 0.00
78 204 -19.28 0.00
78 205 -13.93 0.03
78 206 -10.28 0.00
78 207 -4.45 0.05
78 208 -0.85 0.00
78 209 4.97 0.03
78 210 8.78 0.07
78 211 14.65 0.09
78 212 18.35 0.10
78 213 24.24 0.11
78 214 28.01 0.12
78 215 33.95 0.14
78 216 37.78 0.14
78 217 43.67 0.19
78 218 47.35 0.23
78 219 53.04 0.24
78 220 56.86 0.25
78 221 62.64 0.26
78 222 66.69 0.27
78 223 72.60 0.27
78 224 76.90 0.28
78 225 83.04 0.28
78 226 87.53 0.28
78 227 93.97 0.28
78 228 98.60 0.29
78 229 105.19 0.29
78 230 110.08 0.29
78 231 116.81 0.30
78 232 122.02 0.29
78 233 128.93 0.29
78 234 134.30 0.28
78 235 141.42 0.28
78 236 146.98 0.27
78 237 154.35 0.27
78 238 159.99 0.26
78 239 167.39 0.26
78 240 173.25 0.25
78 241 180.81 0.23
78 242 186.78 0.22
78 243 194.51 0.21
78 244 200.54 0.21
78 245 208.36 0.20
78 246 214.46 0.18
78 247 222.29 0.18
78 248 228.54 0.16
78 249 236.37 0.16
78 250 242.71 0.14
78 251 250.62 0.14
78 252 256.96 0.13
78 253 264.77 0.12
78 254 271.26 0.12
78 255 279.22 0.10
78 256 285.73 0.10
78 257 293.69 0.09
78 258 300.32 0.07
78 259 308.29 0.07
78 260 315.01 0.05
78 261 322.67 0.01
78 262 329.49 0.02
78 263 338.27 0.02
78 264 346.22 0.00
78 265 355.32 0.01
78 266 363.38 0.00
79 166 8.61 0.09
79 167 4.27 0.11
79 168 2.39 0.11
79 169 -1.77 0.13
79 170 -3.38 0.13
79 171 -7.36 0.15
79 172 -8.67 0.15
79 173 -12.51 0.16
79 174 -13.55 0.22
79 175 -17.20 0.22
79 176 -18.35 0.30
79 177 -21.61 0.30
79 178 -22.40 0.33
79 179 -25.39 0.31
79 180 -25.86 0.32
79 181 -28.34 0.30
79 182 -28.44 0.30
79 183 -30.56 0.29
79 184 -30.20 0.30
79 185 -32.10 0.29
79 186 -31.61 0.29
79 187 -32.92 0.23
79 188 -32.00 0.23
79 189 -33.42 0.15
79 190 -32.25 0.16
79 191 -33.59 0.16
79 192 -32.30 0.15
79 193 -33.19 0.14
79 194 -31.75 0.14
79 195 -32.17 0.13
79 196 -30.52 0.13
79 197 -30.66 0.13
79 198 -28.65 0.12
79 199 -28.54 0.10
79 200 -26.42 0.10
79 201 -25.96 0.09
79 202 -23.69 0.09
79 203 -22.88 0.07
79 204 -21.01 0.00
79 205 -19.87 0.00
79 206 -14.79 0.02
79 207 -11.31 0.00
79 208 -5.91 0.00
79 209 -2.31 0.03
79 210 3.29 0.03
79 211 6.99 0.06
79 212 12.71 0.07
79 213 16.27 0.09
79 214 22.02 0.10
79 215 25.65 0.11
79 216 31.45 0.12
79 217 35.16 0.13
79 218 40.87 0.18
79 219 44.50 0.19
79 220 50.09 0.23
79 221 53.78 0.25
79 222 59.43 0.25
79 223 63.19 0.27
79 224 68.89 0.28
79 225 72.95 0.28
79 226 78.92 0.28
79 227 83.18 0.29
79 228 89.38 0.29
79 229 93.89 0.29
79 230 100.30 0.28
79 231 105.03 0.29
79 232 111.57 0.29
79 233 116.59 0.28
79 234 123.34 0.29
79 235 128.52 0.28
79 236 135.40 0.27
79 237 140.81 0.26
79 238 147.86 0.26
79 239 153.45 0.26
79 240 160.65 0.26
79 241 166.40 0.24
79 242 173.78 0.22
79 243 179.57 0.21
79 244 187.04 0.21
79 245 192.87 0.19
79 246 200.43 0.18
79 247 206.40 0.17
79 248 214.03 0.18
79 249 220.06 0.16
79 250 227.80 0.17
79 251 233.85 0.13
79 252 241.52 0.13
79 253 247.65 0.12
79 254 255.37 0.13
79 255 261.64 0.11
79 256 269.46 0.10
79 257 275.82 0.09
79 258 283.55 0.09
79 259 290.11 0.07
79 260 297.77 0.05
79 261 304.31 0.04
79 262 311.76 0.02
79 263 318.34 0.00
79 264 327.34 0.00
80 170 5.47 0.10
80 171 3.77 0.11
80 172 -0.41 0.12
80 173 -1.82 0.14
80 174 -5.84 0.13
80 175 -7.11 0.28
80 176 -11.05 0.28
80 177 -12.60 0.32
80 178 -16.09 0.29
80 179 -17.17 0.34
80 180 -20.33 0.32
80 181 -21.09 0.32
80 182 -23.75 0.30
80 183 -24.12 0.31
80 184 -26.46 0.30
80 185 -26.40 0.29
80 186 -28.44 0.29
80 187 -28.16 0.29
80 188 -29.68 0.15
80 189 -29.11 0.15
80 190 -30.95 0.15
80 191 -30.14 0.14
80 192 -31.68 0.14
80 193 -30.69 0.14
80 194 -31.82 0.12
80 195 -30.65 0.13
80 196 -31.46 0.12
80 197 -29.98 0.12
80 198 -30.50 0.11
80 199 -28.72 0.11
80 200 -29.03 0.10
80 201 -27.17 0.10
80 202 -27.10 0.08
80 203 -24.97 0.07
80 204 -24.66 0.00
80 205 -23.16 0.00
80 206 -22.25 0.00
80 207 -17.29 0.01
80 208 -14.11 0.00
80 209 -8.91 0.02
80 210 -5.53 0.00
80 211 -0.07 0.01
80 212 3.43 0.02
80 213 9.10 0.03
80 214 12.58 0.06
80 215 18.28 0.10
80 216 21.80 0.08
80 217 27.41 0.11
80 218 31.14 0.10
80 219 36.54 0.20
80 220 39.89 0.21
80 221 45.24 0.24
80 222 48.70 0.24
80 223 54.13 0.25
80 224 57.81 0.27
80 225 63.33 0.27
80 226 67.26 0.27
80 227 73.04 0.28
80 228 77.14 0.28
80 229 83.20 0.28
80 230 87.47 0.28
80 231 93.72 0.29
80 232 98.26 0.29
80 233 104.64 0.29
80 234 109.47 0.28
80 235 116.05 0.28
80 236 121.08 0.28
80 237 127.82 0.27
80 238 133.07 0.27
80 239 139.96 0.26
80 240 145.35 0.26
80 241 152.39 0.24
80 242 157.94 0.24
80 243 165.17 0.24
80 244 170.80 0.22
80 245 178.13 0.21
80 246 183.84 0.18
80 247 191.18 0.19
80 248 196.93 0.18
80 249 204.34 0.15
80 250 210.13 0.15
80 251 217.52 0.15
80 252 223.39 0.12
80 253 230.79 0.14
80 254 236.76 0.11
80 255 244.22 0.12
80 256 250.36 0.10
80 257 257.97 0.09
80 258 264.11 0.08
80 259 271.69 0.07
80 260 277.99 0.06
80 261 285.53 0.05
80 262 291.91 0.04
80 263 299.20 0.02
80 264 305.63 0.00
80 265 314.59 0.00
80 266 322.56 0.00
81 171 14.78 0.09
81 172 12.94 0.09
81 173 8.53 0.09
81 174 6.92 0.10
81 175 2.76 0.10
81 176 1.37 0.10
81 177 -2.56 0.11
81 178 -4.09 0.30
81 179 -7.82 0.29
81 180 -9.07 0.32
81 181 -12.53 0.29
81 182 -13.53 0.30
81 183 -16.46 0.29
81 184 -17.06 0.30
81 185 -19.68 0.30
81 186 -19.86 0.28
81 187 -22.25 0.17
81 188 -22.14 0.29
81 189 -24.55 0.16
81 190 -24.24 0.17
81 191 -26.31 0.17
81 192 -25.74 0.16
81 193 -27.48 0.16
81 194 -26.68 0.16
81 195 -28.02 0.16
81 196 -27.09 0.15
81 197 -28.22 0.10
81 198 -26.93 0.08
81 199 -27.95 0.09
81 200 -26.52 0.07
81 201 -27.15 0.08
81 202 -25.66 0.07
81 203 -25.96 0.05
81 204 -24.29 0.03
81 205 -24.29 0.04
81 206 -22.91 0.01
81 207 -22.15 0.00
81 208 -17.47 0.02
81 209 -14.46 0.00
81 210 -9.49 0.01
81 211 -6.33 0.02
81 212 -1.13 0.02
81 213 2.17 0.02
81 214 7.58 0.04
81 215 10.92 0.05
81 216 16.50 0.05
81 217 19.84 0.06
81 218 25.51 0.06
81 219 28.93 0.08
81 220 34.57 0.15
81 221 37.90 0.15
81 222 43.17 0.22
81 223 46.48 0.24
81 224 51.79 0.25
81 225 55.19 0.25
81 226 60.58 0.27
81 227 64.30 0.28
81 228 69.95 0.28
81 229 73.86 0.27
81 230 79.71 0.28
81 231 83.88 0.28
81 232 89.94 0.29
81 233 94.32 0.28
81 234 100.47 0.28
81 235 105.14 0.27
81 236 111.59 0.27
81 237 116.37 0.27
81 238 122.94 0.27
81 239 127.93 0.25
81 240 134.66 0.25
81 241 139.82 0.24
81 242 146.64 0.25
81 243 152.01 0.23
81 244 159.05 0.22
81 245 164.84 0.17
81 246 171.82 0.16
81 247 177.02 0.16
81 248 184.13 0.15
81 249 189.47 0.16
81 250 196.69 0.15
81 251 202.14 0.14
81 252 209.41 0.14
81 253 215.08 0.14
81 254 222.43 0.14
81 255 228.25 0.12
81 256 235.58 0.12
81 257 241.56 0.08
81 258 248.92 0.07
81 259 254.80 0.06
81 260 262.12 0.07
81 261 268.21 0.05
81 262 275.56 0.05
81 263 281.83 0.03
81 264 288.98 0.02
81 265 295.33 0.00
81 266 304.19 0.00
81 267 312.28 0.00
82 176 10.25 0.08
82 177 8.77 0.07
82 178 4.61 0.07
82 179 2.56 0.29
82 180 -1.41 0.32
82 181 -3.06 0.34
82 182 -6.65 0.32
82 183 -7.93 0.33
82 184 -11.00 0.30
82 185 -11.88 0.31
82 186 -14.69 0.31
82 187 -15.11 0.31
82 188 -17.59 0.29
82 189 -17.82 0.31
82 190 -19.79 0.18
82 191 -19.64 0.18
82 192 -21.95 0.18
82 193 -21.60 0.16
82 194 -23.85 0.00
82 195 -23.24 0.02
82 196 -25.21 0.02
82 197 -24.44 0.00
82 198 -26.11 0.00
82 199 -25.13 0.00
82 200 -26.51 0.00
82 201 -25.36 0.02
82 202 -26.46 0.00
82 203 -25.28 0.00
82 204 -25.96 0.00
82 205 -24.80 0.00
82 206 -24.98 0.00
82 207 -23.93 0.00
82 208 -23.39 0.00
82 209 -18.84 0.01
82 210 -16.12 0.00
82 211 -11.30 0.01
82 212 -8.40 0.00
82 213 -3.34 0.00
82 214 -0.29 0.00
82 215 4.98 0.00
82 216 8.09 0.01
82 217 13.62 0.00
82 218 16.66 0.05
82 219 22.55 0.03
82 220 25.44 0.07
82 221 31.23 0.19
82 222 34.25 0.20
82 223 39.28 0.23
82 224 42.39 0.24
82 225 47.45 0.25
82 226 50.76 0.25
82 227 55.94 0.27
82 228 59.50 0.27
82 229 64.88 0.28
82 230 68.66 0.28
82 231 74.34 0.28
82 232 78.27 0.29
82 233 84.13 0.29
82 234 88.33 0.28
82 235 94.38 0.28
82 236 98.84 0.29
82 237 105.06 0.28
82 238 109.74 0.28
82 239 116.19 0.26
82 240 121.02 0.27
82 241 127.60 0.26
82 242 132.63 0.26
82 243 139.31 0.25
82 244 144.53 0.23
82 245 151.44 0.21
82 246 156.68 0.22
82 247 163.93 0.18
82 248 168.91 0.19
82 249 175.87 0.17
82 250 181.14 0.17
82 251 188.23 0.15
82 252 193.54 0.15
82 253 200.69 0.16
82 254 206.17 0.13
82 255 213.31 0.14
82 256 218.96 0.12
82 257 226.14 0.10
82 258 231.86 0.08
82 259 239.09 0.07
82 260 244.76 0.05
82 261 251.80 0.02
82 262 257.60 0.00
82 263 264.62 0.00
82 264 270.65 0.00
82 265 277.68 0.00
82 266 283.90 0.00
82 267 292.73 0.00
82 268 300.82 0.00
83 179 14.11 0.12
83 180 12.01 0.30
83 181 7.87 0.29
83 182 5.90 0.35
83 183 2.05 0.33
83 184 0.55 0.34
83 185 -2.81 0.33
83 186 -3.89 0.32
83 187 -6.92 0.32
83 188 -7.58 0.32
83 189 -10.31 0.31
83 190 -10.81 0.31
83 191 -13.25 0.20
83 192 -13.32 0.20
83 193 -15.86 0.10
83 194 -15.70 0.19
83 195 -18.14 0.09
83 196 -17.75 0.09
83 197 -19.91 0.08
83 198 -19.37 0.08
83 199 -21.15 0.08
83 200 -20.31 0.06
83 201 -21.87 0.08
83 202 -20.93 0.07
83 203 -22.18 0.05
83 204 -21.10 0.06
83 205 -21.99 0.05
83 206 -20.89 0.04
83 207 -21.33 0.04
83 208 -20.37 0.01
83 209 -19.97 0.02
83 210 -15.85 0.02
83 211 -13.23 0.03
83 212 -8.78 0.03
83 213 -6.06 0.04
83 214 -1.33 0.03
83 215 1.46 0.03
83 216 6.29 0.07
83 217 8.97 0.08
83 218 13.96 0.10
83 219 16.74 0.09
83 220 21.87 0.11
83 221 24.76 0.11
83 222 30.05 0.12
83 223 33.08 0.12
83 224 38.06 0.21
83 225 40.96 0.22
83 226 45.99 0.23
83 227 49.09 0.24
83 228 54.15 0.27
83 229 57.49 0.26
83 230 62.73 0.27
83 231 66.32 0.28
83 232 71.77 0.27
83 233 75.55 0.28
83 234 81.23 0.28
83 235 85.26 0.28
83 236 91.08 0.28
83 237 95.43 0.27
83 238 101.46 0.27
83 239 105.96 0.28
83 240 112.19 0.27
83 241 116.87 0.27
83 242 123.26 0.26
83 243 128.07 0.25
83 244 134.61 0.25
83 245 139.60 0.22
83 246 146.26 0.21
83 247 151.26 0.20
83 248 157.94 0.18
83 249 162.91 0.18
83 250 169.60 0.18
83 251 174.69 0.17
83 252 181.70 0.17
83 253 186.84 0.15
83 254 193.83 0.16
83 255 199.21 0.14
83 256 206.22 0.14
83 257 211.65 0.10
83 258 218.65 0.11
83 259 224.11 0.07
83 260 231.18 0.07
83 261 236.73 0.07
83 262 243.76 0.05
83 263 249.51 0.04
83 264 256.55 0.05
83 265 262.49 0.04
83 266 269.39 0.02
83 267 275.62 0.01
83 268 284.51 0.01
83 269 292.54 0.01
84 182 14.94 0.32
84 183 12.75 0.34
84 184 8.74 0.33
84 185 6.96 0.34
84 186 3.44 0.33
84 187 2.11 0.33
84 188 -1.12 0.32
84 189 -2.02 0.31
84 190 -4.97 0.30
84 191 -5.69 0.31
84 192 -7.99 0.29
84 193 -8.25 0.22
84 194 -10.83 0.20
84 195 -10.89 0.20
84 196 -13.22 0.19
84 197 -13.07 0.12
84 198 -15.38 0.10
84 199 -15.10 0.10
84 200 -17.04 0.10
84 201 -16.55 0.08
84 202 -18.23 0.08
84 203 -17.47 0.07
84 204 -18.90 0.06
84 205 -18.06 0.07
84 206 -19.14 0.05
84 207 -18.34 0.00
84 208 -18.98 0.00
84 209 -18.39 0.00
84 210 -18.23 0.00
84 211 -14.11 0.02
84 212 -11.87 0.00
84 213 -7.44 0.00
84 214 -5.07 0.00
84 215 -0.43 0.03
84 216 1.81 0.07
84 217 6.45 0.08
84 218 8.78 0.09
84 219 13.47 0.11
84 220 15.99 0.11
84 221 20.64 0.14
84 222 23.20 0.15
84 223 27.84 0.19
84 224 30.46 0.20
84 225 35.12 0.22
84 226 37.84 0.23
84 227 42.60 0.24
84 228 45.49 0.25
84 229 50.33 0.26
84 230 53.51 0.27
84 231 58.55 0.28
84 232 61.95 0.27
84 233 67.29 0.27
84 234 70.85 0.28
84 235 76.37 0.28
84 236 80.22 0.28
84 237 85.94 0.27
84 238 90.04 0.28
84 239 95.95 0.28
84 240 100.26 0.28
84 241 106.36 0.27
84 242 110.82 0.26
84 243 117.06 0.25
84 244 121.71 0.25
84 245 128.09 0.25
84 246 132.94 0.23
84 247 139.45 0.22
84 248 144.39 0.21
84 249 150.98 0.20
84 250 155.94 0.19
84 251 162.60 0.18
84 252 167.58 0.16
84 253 174.25 0.16
84 254 179.31 0.16
84 255 186.05 0.14
84 256 191.24 0.12
84 257 198.01 0.12
84 258 203.31 0.11
84 259 210.13 0.10
84 260 215.51 0.09
84 261 222.43 0.08
84 262 227.88 0.07
84 263 234.78 0.07
84 264 240.43 0.05
84 265 247.32 0.04
84 266 253.13 0.02
84 267 259.87 0.02
84 268 265.89 0.00
84 269 274.79 0.01
84 270 282.71 0.00
85 183 24.95 0.30
85 184 22.50 0.34
85 185 18.26 0.34
85 186 16.31 0.34
85 187 12.51 0.32
85 188 10.97 0.32
85 189 7.48 0.32
85 190 6.38 0.33
85 191 3.19 0.32
85 192 2.25 0.31
85 193 -0.30 0.30
85 194 -0.74 0.22
85 195 -3.55 0.21
85 196 -3.86 0.20
85 197 -6.44 0.14
85 198 -6.55 0.14
85 199 -9.05 0.12
85 200 -9.00 0.11
85 201 -11.14 0.11
85 202 -10.86 0.11
85 203 -12.69 0.10
85 204 -12.11 0.10
85 205 -13.70 0.08
85 206 -13.05 0.08
85 207 -14.26 0.06
85 208 -13.49 0.03
85 209 -14.40 0.04
85 210 -13.89 0.00
85 211 -13.89 0.00
85 212 -10.11 0.03
85 213 -8.05 0.02
85 214 -3.97 0.04
85 215 -1.81 0.07
85 216 2.03 0.09
85 217 4.09 0.10
85 218 8.09 0.11
85 219 10.18 0.12
85 220 14.38 0.13
85 221 16.53 0.13
85 222 20.85 0.14
85 223 23.18 0.15
85 224 27.72 0.16
85 225 30.17 0.16
85 226 34.80 0.20
85 227 37.36 0.21
85 228 41.94 0.24
85 229 44.69 0.24
85 230 49.31 0.25
85 231 52.36 0.26
85 232 57.20 0.27
85 233 60.50 0.27
85 234 65.62 0.27
85 235 69.03 0.28
85 236 74.35 0.28
85 237 78.06 0.28
85 238 83.56 0.28
85 239 87.52 0.28
85 240 93.23 0.28
85 241 97.33 0.27
85 242 103.28 0.26
85 243 107.51 0.26
85 244 113.61 0.26
85 245 118.03 0.23
85 246 124.28 0.23
85 247 128.87 0.22
85 248 135.25 0.22
85 249 139.97 0.21
85 250 146.42 0.20
85 251 151.20 0.19
85 252 157.62 0.17
85 253 162.45 0.16
85 254 168.93 0.14
85 255 173.80 0.13
85 256 180.36 0.14
85 257 185.32 0.13
85 258 191.93 0.11
85 259 197.01 0.10
85 260 203.73 0.09
85 261 208.94 0.10
85 262 215.71 0.08
85 263 221.06 0.08
85 264 227.87 0.06
85 265 233.42 0.05
85 266 240.17 0.05
85 267 245.93 0.03
85 268 252.70 0.01
85 269 258.59 0.00
85 270 267.49 0.02
85 271 275.22 0.01
85 272 284.08 0.01
86 187 23.48 0.34
86 188 19.55 0.34
86 189 17.78 0.33
86 190 14.12 0.31
86 191 12.79 0.33
86 192 9.34 0.31
86 193 8.14 0.31
86 194 5.40 0.30
86 195 4.85 0.29
86 196 1.96 0.24
86 197 1.50 0.23
86 198 -1.20 0.21
86 199 -1.46 0.20
86 200 -3.93 0.14
86 201 -4.07 0.13
86 202 -6.38 0.12
86 203 -6.35 0.11
86 204 -8.37 0.11
86 205 -8.05 0.11
86 206 -9.82 0.10
86 207 -9.44 0.08
86 208 -10.81 0.07
86 209 -10.24 0.07
86 210 -11.29 0.05
86 211 -11.03 0.00
86 212 -11.25 0.00
86 213 -7.56 0.02
86 214 -5.82 0.00
86 215 -1.86 0.03
86 216 -0.21 0.07
86 217 3.45 0.10
86 218 5.13 0.10
86 219 8.76 0.12
86 220 10.49 0.14
86 221 14.26 0.15
86 222 16.25 0.17
86 223 20.34 0.17
86 224 22.39 0.18
86 225 26.47 0.19
86 226 28.62 0.20
86 227 32.87 0.23
86 228 35.13 0.23
86 229 39.49 0.24
86 230 42.03 0.26
86 231 46.46 0.26
86 232 49.28 0.26
86 233 53.99 0.27
86 234 57.01 0.27
86 235 61.95 0.27
86 236 65.21 0.28
86 237 70.36 0.28
86 238 73.86 0.28
86 239 79.24 0.28
86 240 82.99 0.28
86 241 88.56 0.27
86 242 92.51 0.26
86 243 98.30 0.27
86 244 102.39 0.25
86 245 108.29 0.25
86 246 112.60 0.24
86 247 118.62 0.24
86 248 123.14 0.22
86 249 129.32 0.22
86 250 133.95 0.21
86 251 140.24 0.20
86 252 144.89 0.17
86 253 151.18 0.17
86 254 155.91 0.16
86 255 162.25 0.16
86 256 167.05 0.14
86 257 173.44 0.13
86 258 178.27 0.12
86 259 184.74 0.10
86 260 189.67 0.09
86 261 196.12 0.10
86 262 201.25 0.09
86 263 207.90 0.07
86 264 213.09 0.07
86 265 219.72 0.07
86 266 225.21 0.05
86 267 231.83 0.05
86 268 237.50 0.03
86 269 244.02 0.02
86 270 249.84 0.00
86 271 258.77 0.01
86 272 266.30 0.01
86 273 275.11 0.00
87 189 29.50 0.33
87 190 27.48 0.32
87 191 23.63 0.32
87 192 22.00 0.31
87 193 18.36 0.32
87 194 16.95 0.33
87 195 13.95 0.29
87 196 13.13 0.28
87 197 10.12 0.25
87 198 9.39 0.24
87 199 6.50 0.20
87 200 5.96 0.20
87 201 3.40 0.15
87 202 3.16 0.13
87 203 0.58 0.13
87 204 0.44 0.12
87 205 -1.77 0.11
87 206 -1.68 0.12
87 207 -3.62 0.10
87 208 -3.41 0.10
87 209 -4.91 0.07
87 210 -4.57 0.07
87 211 -5.80 0.05
87 212 -5.67 0.00
87 213 -6.07 0.00
87 214 -2.62 0.02
87 215 -1.11 0.00
87 216 2.54 0.07
87 217 3.82 0.09
87 218 6.72 0.12
87 219 8.14 0.13
87 220 11.29 0.14
87 221 12.73 0.15
87 222 16.21 0.17
87 223 17.91 0.17
87 224 21.75 0.19
87 225 23.54 0.19
87 226 27.50 0.20
87 227 29.44 0.21
87 228 33.54 0.21
87 229 35.63 0.24
87 230 39.78 0.25
87 231 42.10 0.25
87 232 46.35 0.25
87 233 49.04 0.25
87 234 53.47 0.28
87 235 56.38 0.27
87 236 61.15 0.27
87 237 64.22 0.27
87 238 69.19 0.28
87 239 72.55 0.27
87 240 77.74 0.28
87 241 81.32 0.27
87 242 86.70 0.27
87 243 90.50 0.26
87 244 96.05 0.25
87 245 100.02 0.25
87 246 105.70 0.24
87 247 109.88 0.24
87 248 115.68 0.22
87 249 120.05 0.22
87 250 126.01 0.21
87 251 130.41 0.18
87 252 136.53 0.19
87 253 140.90 0.15
87 254 147.10 0.15
87 255 151.56 0.14
87 256 157.85 0.13
87 257 162.41 0.12
87 258 168.77 0.12
87 259 173.39 0.11
87 260 179.72 0.11
87 261 184.48 0.10
87 262 190.81 0.10
87 263 195.76 0.09
87 264 202.28 0.07
87 265 207.34 0.08
87 266 213.81 0.07
87 267 219.20 0.05
87 268 225.67 0.05
87 269 231.26 0.04
87 270 237.69 0.01
87 271 243.41 0.00
87 272 252.20 0.02
87 273 259.63 0.01
87 274 268.48 0.00
88 194 25.26 0.33
88 195 23.57 0.32
88 196 20.41 0.30
88 197 19.41 0.29
88 198 16.36 0.25
88 199 15.50 0.24
88 200 12.45 0.23
88 201 11.76 0.21
88 202 8.97 0.17
88 203 8.59 0.16
88 204 5.88 0.15
88 205 5.57 0.14
88 206 3.22 0.12
88 207 3.06 0.12
88 208 0.96 0.10
88 209 0.93 0.10
88 210 -0.77 0.09
88 211 -0.62 0.07
88 212 -1.99 0.05
88 213 -2.01 0.00
88 214 -2.62 0.00
88 215 0.66 0.02
88 216 1.88 0.00
88 217 4.97 0.09
88 218 6.06 0.09
88 219 8.69 0.12
88 220 9.74 0.14
88 221 12.56 0.17
88 222 13.70 0.17
88 223 16.80 0.17
88 224 18.26 0.18
88 225 21.74 0.19
88 226 23.32 0.20
88 227 26.97 0.21
88 228 28.74 0.21
88 229 32.44 0.22
88 230 34.29 0.23
88 231 38.20 0.25
88 232 40.35 0.24
88 233 44.40 0.25
88 234 46.81 0.26
88 235 51.09 0.27
88 236 53.82 0.28
88 237 58.38 0.27
88 238 61.26 0.27
88 239 66.05 0.29
88 240 69.22 0.28
88 241 74.26 0.28
88 242 77.65 0.27
88 243 82.86 0.27
88 244 86.49 0.26
88 245 91.91 0.27
88 246 95.69 0.25
88 247 101.24 0.25
88 248 105.23 0.23
88 249 110.92 0.24
88 250 115.04 0.22
88 251 120.97 0.23
88 252 125.20 0.19
88 253 131.21 0.19
88 254 135.52 0.16
88 255 141.57 0.16
88 256 145.93 0.14
88 257 152.03 0.14
88 258 156.46 0.12
88 259 162.63 0.12
88 260 167.13 0.12
88 261 173.40 0.11
88 262 177.96 0.11
88 263 184.34 0.08
88 264 188.98 0.10
88 265 195.25 0.09
88 266 200.25 0.07
88 267 206.55 0.07
88 268 211.82 0.06
88 269 218.16 0.05
88 270 223.63 0.04
88 271 229.91 0.01
88 272 235.74 0.02
88 273 244.22 0.01
88 274 251.43 0.00
88 275 260.25 0.02
89 195 35.04 0.33
89 196 33.16 0.32
89 197 29.75 0.30
89 198 28.54 0.35
89 199 25.26 0.26
89 200 24.14 0.26
89 201 20.97 0.22
89 202 20.01 0.21
89 203 17.11 0.18
89 204 16.51 0.16
89 205 13.65 0.16
89 206 13.17 0.14
89 207 10.66 0.13
89 208 10.28 0.12
89 209 8.07 0.11
89 210 7.82 0.11
89 211 6.00 0.08
89 212 5.88 0.08
89 213 4.38 0.07
89 214 4.18 0.00
89 215 3.40 0.00
89 216 6.45 0.02
89 217 7.42 0.00
89 218 9.98 0.09
89 219 10.86 0.10
89 220 13.01 0.13
89 221 13.72 0.14
89 222 16.17 0.17
89 223 17.07 0.17
89 224 19.84 0.18
89 225 21.07 0.18
89 226 24.18 0.20
89 227 25.56 0.20
89 228 29.02 0.22
89 229 30.51 0.23
89 230 34.01 0.24
89 231 35.67 0.24
89 232 39.41 0.25
89 233 41.36 0.24
89 234 45.16 0.26
89 235 47.42 0.26
89 236 51.52 0.26
89 237 54.05 0.28
89 238 58.41 0.27
89 239 61.12 0.27
89 240 65.70 0.28
89 241 68.71 0.27
89 242 73.58 0.28
89 243 76.83 0.27
89 244 81.83 0.27
89 245 85.32 0.27
89 246 90.51 0.27
89 247 94.17 0.25
89 248 99.48 0.24
89 249 103.32 0.24
89 250 108.82 0.24
89 251 112.79 0.22
89 252 118.51 0.21
89 253 122.62 0.20
89 254 128.48 0.19
89 255 132.54 0.16
89 256 138.42 0.15
89 257 142.50 0.14
89 258 148.46 0.14
89 259 152.67 0.13
89 260 158.71 0.12
89 261 163.07 0.11
89 262 169.16 0.11
89 263 173.74 0.10
89 264 179.89 0.09
89 265 184.56 0.08
89 266 190.60 0.09
89 267 195.45 0.07
89 268 201.61 0.07
89 269 206.74 0.06
89 270 212.96 0.04
89 271 218.32 0.04
89 272 226.38 0.04
89 273 230.04 0.01
89 274 238.60 0.01
89 275 245.60 0.01
89 276 254.53 0.04
90 200 32.17 0.28
90 201 30.99 0.26
90 202 27.66 0.24
90 203 26.55 0.22
90 204 23.41 0.20
90 205 22.60 0.18
90 206 19.62 0.17
90 207 18.95 0.14
90 208 16.31 0.14
90 209 15.75 0.12
90 210 13.39 0.10
90 211 12.88 0.10
90 212 10.90 0.08
90 213 10.58 0.09
90 214 8.89 0.07
90 215 8.58 0.00
90 216 7.58 0.00
90 217 10.36 0.03
90 218 11.13 0.00
90 219 13.25 0.09
90 220 13.91 0.10
90 221 15.83 0.13
90 222 16.24 0.15
90 223 18.41 0.17
90 224 18.97 0.17
90 225 21.38 0.18
90 226 22.35 0.20
90 227 25.28 0.20
90 228 26.32 0.21
90 229 29.46 0.23
90 230 30.64 0.24
90 231 33.84 0.25
90 232 35.30 0.26
90 233 38.77 0.26
90 234 40.40 0.26
90 235 44.05 0.27
90 236 46.12 0.26
90 237 50.00 0.28
90 238 52.31 0.27
90 239 56.50 0.27
90 240 59.07 0.26
90 241 63.41 0.28
90 242 66.23 0.27
90 243 70.97 0.29
90 244 73.97 0.27
90 245 78.85 0.27
90 246 82.15 0.26
90 247 87.21 0.26
90 248 90.67 0.26
90 249 95.88 0.25
90 250 99.48 0.24
90 251 104.90 0.23
90 252 108.64 0.22
90 253 114.33 0.23
90 254 118.19 0.21
90 255 123.92 0.18
90 256 127.89 0.18
90 257 133.64 0.17
90 258 137.74 0.14
90 259 143.51 0.14
90 260 147.68 0.12
90 261 153.52 0.12
90 262 157.78 0.11
90 263 163.66 0.10
90 264 168.08 0.11
90 265 174.08 0.09
90 266 178.72 0.08
90 267 184.50 0.08
90 268 189.21 0.08
90 269 195.24 0.07
90 270 200.25 0.06
90 271 206.33 0.04
90 272 211.59 0.04
90 273 217.55 0.01
90 274 223.16 0.02
90 275 231.45 0.02
90 276 238.24 0.00
90 277 246.81 0.02
91 201 41.88 0.28
91 202 40.57 0.42
91 203 36.94 0.24
91 204 35.59 0.23
91 205 32.38 0.22
91 206 31.38 0.19
91 207 28.24 0.17
91 208 27.36 0.16
91 209 24.60 0.14
91 210 23.76 0.14
91 211 21.34 0.12
91 212 20.59 0.11
91 213 18.46 0.09
91 214 17.93 0.09
91 215 16.06 0.07
91 216 15.58 0.02
91 217 14.46 0.00
91 218 16.89 0.04
91 219 17.53 0.01
91 220 19.12 0.09
91 221 19.49 0.12
91 222 21.05 0.14
91 223 21.17 0.15
91 224 22.94 0.17
91 225 23.29 0.18
91 226 25.39 0.19
91 227 26.10 0.20
91 228 28.71 0.21
91 229 29.51 0.22
91 230 32.38 0.25
91 231 33.38 0.26
91 232 36.28 0.26
91 233 37.47 0.26
91 234 40.73 0.27
91 235 42.20 0.27
91 236 45.62 0.27
91 237 47.46 0.27
91 238 51.14 0.27
91 239 53.30 0.28
91 240 57.41 0.28
91 241 59.68 0.27
91 242 63.95 0.28
91 243 66.59 0.28
91 244 71.10 0.28
91 245 74.00 0.28
91 246 78.77 0.28
91 247 81.82 0.27
91 248 86.72 0.27
91 249 90.03 0.25
91 250 95.02 0.25
91 251 98.55 0.25
91 252 103.68 0.24
91 253 107.28 0.22
91 254 112.78 0.21
91 255 116.47 0.19
91 256 122.05 0.18
91 257 125.80 0.17
91 258 131.41 0.16
91 259 135.31 0.15
91 260 141.01 0.15
91 261 145.00 0.14
91 262 150.80 0.12
91 263 154.89 0.12
91 264 160.74 0.11
91 265 164.84 0.10
91 266 170.52 0.10
91 267 175.13 0.08
91 268 180.81 0.08
91 269 185.35 0.07
91 270 191.26 0.06
91 271 196.11 0.06
91 272 202.14 0.03
91 273 207.18 0.05
91 274 213.14 0.02
91 275 218.49 0.01
91 276 226.74 0.01
91 277 233.45 0.02
91 278 241.91 0.02
92 206 39.37 0.21
92 207 38.14 0.20
92 208 34.86 0.18
92 209 33.81 0.17
92 210 30.87 0.15
92 211 29.93 0.13
92 212 27.29 0.12
92 213 26.41 0.10
92 214 24.08 0.10
92 215 23.34 0.09
92 216 21.29 0.07
92 217 20.67 0.00
92 218 19.27 0.00
92 219 21.44 0.04
92 220 21.77 0.07
92 221 23.16 0.09
92 222 23.35 0.10
92 223 24.78 0.14
92 224 24.66 0.15
92 225 26.26 0.17
92 226 26.28 0.18
92 227 28.13 0.20
92 228 28.53 0.20
92 229 30.91 0.21
92 230 31.36 0.23
92 231 33.76 0.25
92 232 34.48 0.26
92 233 37.14 0.26
92 234 38.12 0.27
92 235 41.08 0.28
92 236 42.30 0.27
92 237 45.47 0.28
92 238 47.14 0.28
92 239 50.61 0.28
92 240 52.58 0.29
92 241 56.37 0.27
92 242 58.50 0.27
92 243 62.46 0.29
92 244 64.95 0.27
92 245 69.30 0.28
92 246 71.96 0.28
92 247 76.50 0.27
92 248 79.46 0.27
92 249 84.19 0.26
92 250 87.32 0.26
92 251 92.19 0.24
92 252 95.47 0.24
92 253 100.54 0.23
92 254 103.99 0.23
92 255 109.41 0.22
92 256 112.87 0.20
92 257 118.29 0.20
92 258 122.07 0.19
92 259 127.53 0.17
92 260 131.36 0.16
92 261 136.87 0.15
92 262 140.74 0.14
92 263 146.34 0.13
92 264 150.27 0.13
92 265 155.92 0.12
92 266 159.96 0.11
92 267 165.49 0.10
92 268 169.80 0.10
92 269 175.52 0.08
92 270 179.95 0.08
92 271 185.74 0.07
92 272 190.47 0.05
92 273 196.28 0.04
92 274 201.23 0.04
92 275 207.00 0.02
92 276 212.15 0.00
92 277 220.32 0.01
92 278 226.80 0.00
92 279 235.14 0.00
92 280 241.65 0.00
92 281 249.22 0.07
92 282 255.90 0.07
92 283 263.76 0.08
92 284 270.33 0.10
92 285 278.11 0.13
92 286 284.50 0.14
92 287 292.22 0.16
92 288 298.70 0.17
92 289 306.66 0.17
92 290 313.11 0.18
92 291 321.20 0.20
92 292 327.68 0.22
92 293 335.68 0.22
92 294 342.06 0.23
92 295 350.13 0.22
92 296 356.74 0.23
92 297 364.97 0.23
92 298 371.83 0.23
92 299 380.24 0.25
92 300 387.08 0.25
92 301 395.54 0.26
93 207 49.14 0.22
93 208 47.70 0.21
93 209 44.27 0.18
93 210 42.93 0.16
93 211 39.91 0.15
93 212 38.71 0.14
93 213 36.02 0.13
93 214 34.94 0.12
93 215 32.41 0.10
93 216 31.46 0.08
93 217 29.24 0.07
93 218 28.52 0.03
93 219 27.04 0.00
93 220 28.70 0.04
93 221 28.82 0.07
93 222 29.82 0.09
93 223 29.77 0.11
93 224 30.97 0.14
93 225 30.62 0.15
93 226 32.08 0.17
93 227 31.76 0.20
93 228 33.40 0.20
93 229 33.39 0.22
93 230 35.43 0.24
93 231 35.57 0.25
93 232 37.45 0.25
93 233 38.06 0.26
93 234 40.38 0.27
93 235 41.16 0.27
93 236 43.86 0.27
93 237 44.99 0.28
93 238 47.85 0.29
93 239 49.38 0.27
93 240 52.68 0.27
93 241 54.46 0.28
93 242 58.09 0.29
93 243 60.01 0.28
93 244 63.85 0.29
93 245 66.15 0.28
93 246 70.32 0.28
93 247 72.83 0.28
93 248 77.21 0.28
93 249 80.00 0.27
93 250 84.54 0.27
93 251 87.51 0.26
93 252 92.27 0.26
93 253 95.32 0.25
93 254 100.25 0.23
93 255 103.49 0.23
93 256 108.65 0.21
93 257 112.04 0.21
93 258 117.29 0.20
93 259 120.91 0.20
93 260 126.26 0.17
93 261 129.96 0.16
93 262 135.29 0.15
93 263 139.02 0.14
93 264 144.45 0.14
93 265 148.29 0.13
93 266 153.69 0.12
93 267 157.62 0.11
93 268 163.05 0.11
93 269 167.20 0.10
93 270 172.86 0.08
93 271 177.14 0.09
93 272 182.77 0.07
93 273 187.44 0.06
93 274 193.22 0.05
93 275 198.06 0.04
93 276 203.83 0.02
93 277 208.95 0.01
93 278 216.78 0.02
93 279 223.24 0.01
93 280 231.02 0.06
93 281 237.26 0.06
93 282 244.53 0.07
93 283 251.09 0.07
93 284 258.73 0.09
93 285 265.03 0.11
93 286 272.67 0.13
93 287 278.90 0.14
93 288 286.50 0.15
93 289 292.87 0.16
93 290 300.70 0.17
93 291 307.05 0.19
93 292 314.89 0.21
93 293 321.17 0.21
93 294 328.94 0.22
93 295 335.22 0.23
93 296 343.04 0.24
93 297 349.59 0.23
93 298 357.65 0.24
93 299 364.52 0.24
93 300 372.56 0.24
93 301 379.51 0.25
93 302 387.67 0.26
94 212 46.92 0.16
94 213 45.58 0.15
94 214 42.68 0.13
94 215 41.40 0.12
94 216 38.72 0.11
94 217 37.57 0.09
94 218 35.16 0.07
94 219 34.22 0.00
94 220 32.43 0.00
94 221 33.90 0.04
94 222 33.71 0.07
94 223 34.65 0.08
94 224 34.40 0.10
94 225 35.45 0.14
94 226 34.85 0.17
94 227 36.02 0.18
94 228 35.45 0.20
94 229 36.81 0.20
94 230 36.59 0.23
94 231 38.35 0.26
94 232 38.14 0.26
94 233 39.97 0.27
94 234 40.13 0.27
94 235 42.34 0.27
94 236 42.84 0.26
94 237 45.22 0.28
94 238 46.10 0.29
94 239 48.74 0.29
94 240 50.00 0.29
94 241 53.05 0.29
94 242 54.53 0.29
94 243 57.91 0.29
94 244 59.62 0.29
94 245 63.22 0.28
94 246 65.31 0.28
94 247 69.33 0.28
94 248 71.61 0.28
94 249 75.83 0.27
94 250 78.43 0.27
94 251 82.86 0.28
94 252 85.64 0.27
94 253 90.19 0.26
94 254 93.11 0.25
94 255 97.87 0.23
94 256 100.93 0.23
94 257 106.01 0.23
94 258 109.24 0.22
94 259 114.37 0.21
94 260 117.88 0.20
94 261 123.17 0.18
94 262 126.68 0.17
94 263 131.87 0.16
94 264 135.48 0.15
94 265 140.89 0.13
94 266 144.46 0.13
94 267 149.66 0.13
94 268 153.48 0.11
94 269 158.75 0.12
94 270 162.78 0.10
94 271 168.21 0.10
94 272 172.43 0.08
94 273 177.97 0.07
94 274 182.48 0.06
94 275 188.06 0.04
94 276 192.76 0.04
94 277 198.31 0.01
94 278 203.22 0.00
94 279 211.04 0.02
94 280 217.23 0.00
94 281 224.86 0.05
94 282 230.91 0.05
94 283 238.06 0.07
94 284 244.48 0.07
94 285 251.99 0.08
94 286 258.18 0.10
94 287 265.63 0.12
94 288 271.78 0.14
94 289 279.21 0.15
94 290 285.36 0.17
94 291 292.98 0.17
94 292 299.12 0.18
94 293 306.91 0.22
94 294 312.88 0.22
94 295 320.43 0.23
94 296 326.60 0.23
94 297 334.30 0.23
94 298 340.64 0.25
94 299 348.59 0.25
94 300 355.09 0.26
94 301 363.17 0.26
94 302 369.74 0.26
94 303 377.95 0.26
94 304 384.91 0.27
94 305 393.14 0.27
95 213 56.72 0.17
95 214 55.20 0.15
95 215 52.18 0.14
95 216 50.61 0.12
95 217 47.83 0.11
95 218 46.43 0.09
95 219 43.89 0.07
95 220 42.89 0.02
95 221 40.91 0.00
95 222 41.91 0.05
95 223 41.51 0.07
95 224 42.12 0.09
95 225 41.62 0.10
95 226 42.44 0.14
95 227 41.67 0.15
95 228 42.64 0.38
95 229 41.79 0.36
95 230 43.02 0.37
95 231 42.22 0.27
95 232 43.52 0.27
95 233 43.06 0.27
95 234 44.56 0.27
95 235 44.55 0.27
95 236 46.47 0.27
95 237 46.71 0.29
95 238 49.05 0.29
95 239 49.51 0.28
95 240 52.13 0.29
95 241 53.04 0.30
95 242 55.87 0.30
95 243 57.17 0.30
95 244 60.32 0.30
95 245 61.90 0.30
95 246 65.22 0.29
95 247 67.25 0.30
95 248 71.07 0.29
95 249 73.21 0.29
95 250 77.18 0.28
95 251 79.67 0.28
95 252 83.88 0.27
95 253 86.55 0.27
95 254 90.94 0.26
95 255 93.72 0.25
95 256 98.31 0.23
95 257 101.35 0.25
95 258 106.15 0.22
95 259 109.30 0.23
95 260 114.16 0.21
95 261 117.61 0.19
95 262 122.60 0.19
95 263 126.13 0.18
95 264 131.23 0.16
95 265 134.75 0.15
95 266 139.80 0.14
95 267 143.35 0.12
95 268 148.37 0.12
95 269 152.04 0.12
95 270 157.17 0.10
95 271 161.08 0.09
95 272 166.35 0.10
95 273 170.47 0.09
95 274 175.88 0.07
95 275 180.33 0.06
95 276 185.82 0.05
95 277 190.42 0.05
95 278 195.92 0.02
95 279 200.81 0.01
95 280 208.19 0.03
95 281 214.37 0.04
95 282 221.48 0.04
95 283 227.39 0.05
95 284 234.41 0.08
95 285 240.65 0.09
95 286 247.94 0.09
95 287 253.80 0.11
95 288 261.05 0.12
95 289 267.00 0.14
95 290 274.27 0.15
95 291 280.29 0.17
95 292 287.75 0.17
95 293 293.84 0.18
95 294 301.44 0.22
95 295 307.31 0.22
95 296 314.68 0.22
95 297 320.66 0.23
95 298 328.15 0.25
95 299 334.40 0.24
95 300 342.13 0.26
95 301 348.43 0.26
95 302 356.41 0.27
95 303 362.87 0.27
95 304 370.83 0.27
95 305 377.61 0.27
95 306 385.71 0.27
95 307 392.70 0.27
95 308 401.01 0.27
95 309 408.10 0.27
95 310 416.57 0.27
96 219 53.25 0.09
96 220 50.49 0.07
96 221 49.23 0.01
96 222 47.03 0.00
96 223 47.79 0.04
96 224 47.14 0.07
96 225 47.67 0.07
96 226 47.00 0.10
96 227 47.74 0.14
96 228 46.34 0.38
96 229 47.12 0.39
96 230 45.99 0.37
96 231 47.11 0.38
96 232 46.21 0.38
96 233 47.29 0.27
96 234 46.65 0.28
96 235 48.01 0.27
96 236 47.69 0.27
96 237 49.52 0.29
96 238 49.40 0.29
96 239 51.36 0.29
96 240 51.76 0.29
96 241 53.93 0.29
96 242 54.76 0.30
96 243 57.37 0.30
96 244 58.37 0.30
96 245 61.27 0.30
96 246 62.59 0.30
96 247 65.68 0.30
96 248 67.45 0.29
96 249 71.08 0.29
96 250 72.96 0.29
96 251 76.80 0.29
96 252 79.06 0.28
96 253 83.13 0.28
96 254 85.57 0.28
96 255 89.75 0.26
96 256 92.35 0.25
96 257 96.77 0.24
96 258 99.50 0.24
96 259 104.29 0.23
96 260 107.22 0.22
96 261 112.05 0.21
96 262 115.33 0.21
96 263 120.25 0.19
96 264 123.61 0.18
96 265 128.52 0.16
96 266 132.18 0.14
96 267 136.78 0.14
96 268 140.23 0.13
96 269 145.09 0.12
96 270 148.65 0.12
96 271 153.66 0.10
96 272 157.45 0.11
96 273 162.58 0.09
96 274 166.61 0.09
96 275 171.89 0.07
96 276 176.16 0.06
96 277 181.48 0.04
96 278 186.00 0.04
96 279 191.33 0.02
96 280 196.00 0.00
96 281 203.33 0.02
96 282 209.27 0.03
96 283 216.13 0.04
96 284 221.86 0.04
96 285 228.60 0.07
96 286 234.72 0.07
96 287 241.53 0.09
96 288 247.69 0.10
96 289 254.82 0.11
96 290 260.74 0.14
96 291 267.88 0.15
96 292 273.71 0.17
96 293 281.01 0.17
96 294 286.85 0.20
96 295 294.21 0.24
96 296 299.87 0.24
96 297 307.10 0.23
96 298 312.92 0.24
96 299 320.30 0.24
96 300 326.39 0.26
96 301 333.96 0.26
96 302 340.10 0.25
96 303 347.87 0.26
96 304 354.26 0.27
96 305 362.13 0.27
96 306 368.67 0.27
96 307 376.62 0.27
96 308 383.43 0.27
96 309 391.62 0.27
96 310 398.51 0.27
96 311 406.87 0.27
97 220 65.34 0.42
97 221 59.99 0.07
97 222 58.55 0.00
97 223 56.19 0.00
97 224 56.48 0.04
97 225 55.88 0.07
97 226 56.07 0.09
97 227 54.61 0.41
97 228 54.90 0.41
97 229 53.25 0.40
97 230 53.85 0.38
97 231 52.48 0.40
97 232 53.44 0.39
97 233 52.27 0.38
97 234 53.34 0.28
97 235 52.51 0.28
97 236 53.65 0.27
97 237 53.10 0.28
97 238 54.68 0.28
97 239 54.35 0.28
97 240 56.06 0.29
97 241 56.21 0.29
97 242 58.19 0.30
97 243 58.79 0.30
97 244 61.21 0.30
97 245 62.00 0.29
97 246 64.67 0.30
97 247 65.71 0.30
97 248 68.63 0.30
97 249 70.17 0.30
97 250 73.67 0.29
97 251 75.35 0.29
97 252 78.99 0.28
97 253 81.11 0.29
97 254 84.97 0.27
97 255 87.29 0.27
97 256 91.35 0.26
97 257 93.76 0.25
97 258 97.99 0.26
97 259 100.59 0.25
97 260 105.29 0.24
97 261 108.09 0.23
97 262 112.71 0.22
97 263 115.87 0.20
97 264 120.65 0.19
97 265 123.92 0.18
97 266 128.68 0.17
97 267 131.90 0.16
97 268 136.62 0.15
97 269 139.95 0.14
97 270 144.73 0.14
97 271 148.16 0.12
97 272 153.01 0.12
97 273 156.63 0.10
97 274 161.68 0.10
97 275 165.50 0.08
97 276 170.64 0.08
97 277 174.83 0.06
97 278 180.08 0.05
97 279 184.42 0.04
97 280 189.72 0.02
97 281 194.30 0.00
97 282 201.24 0.03
97 283 206.91 0.04
97 284 213.54 0.04
97 285 219.08 0.05
97 286 225.51 0.07
97 287 231.50 0.07
97 288 238.06 0.09
97 289 244.08 0.10
97 290 251.08 0.11
97 291 256.86 0.14
97 292 263.88 0.15
97 293 269.56 0.17
97 294 276.68 0.17
97 295 282.42 0.25
97 296 289.35 0.23
97 297 294.91 0.25
97 298 302.00 0.24
97 299 307.66 0.25
97 300 314.88 0.25
97 301 320.85 0.25
97 302 328.21 0.26
97 303 334.30 0.26
97 304 341.87 0.27
97 305 348.04 0.26
97 306 355.80 0.27
97 307 362.23 0.27
97 308 370.08 0.27
97 309 376.69 0.27
97 310 384.66 0.27
97 311 391.49 0.27
97 312 399.73 0.27
97 313 406.57 0.27
97 314 414.96 0.26
97 315 421.93 0.27
97 316 430.40 0.27
98 224 63.05 0.00
98 225 63.16 0.04
98 226 62.08 0.06
98 227 62.23 0.07
98 228 60.69 0.39
98 229 60.77 0.40
98 230 58.90 0.39
98 231 59.29 0.39
98 232 57.72 0.38
98 233 58.47 0.38
98 234 57.12 0.38
98 235 57.98 0.29
98 236 56.89 0.30
98 237 57.88 0.29
98 238 57.10 0.29
98 239 58.45 0.29
98 240 57.86 0.29
98 241 59.39 0.30
98 242 59.29 0.30
98 243 61.06 0.30
98 244 61.36 0.30
98 245 63.50 0.30
98 246 64.04 0.30
98 247 66.48 0.30
98 248 67.34 0.30
98 249 69.95 0.30
98 250 71.33 0.30
98 251 74.56 0.29
98 252 76.06 0.29
98 253 79.47 0.29
98 254 81.37 0.28
98 255 85.06 0.29
98 256 87.13 0.27
98 257 90.98 0.27
98 258 93.24 0.25
98 259 97.28 0.25
98 260 99.69 0.24
98 261 104.09 0.24
98 262 106.77 0.23
98 263 111.35 0.21
98 264 114.36 0.22
98 265 119.03 0.19
98 266 122.12 0.20
98 267 126.82 0.17
98 268 129.89 0.16
98 269 134.54 0.15
98 270 137.55 0.15
98 271 142.13 0.14
98 272 145.43 0.13
98 273 150.13 0.11
98 274 153.75 0.10
98 275 158.53 0.11
98 276 162.36 0.08
98 277 167.41 0.09
98 278 171.44 0.06
98 279 176.56 0.06
98 280 180.78 0.05
98 281 185.93 0.01
98 282 190.34 0.00
98 283 197.14 0.03
98 284 202.64 0.04
98 285 209.12 0.04
98 286 214.51 0.04
98 287 220.89 0.07
98 288 226.65 0.07
98 289 233.04 0.09
98 290 238.94 0.10
98 291 245.75 0.11
98 292 251.39 0.14
98 293 258.25 0.15
98 294 263.74 0.17
98 295 270.70 0.17
98 296 276.21 0.32
98 297 283.09 0.26
98 298 288.45 0.26
98 299 295.38 0.24
98 300 300.91 0.24
98 301 308.01 0.25
98 302 313.70 0.25
98 303 320.99 0.26
98 304 326.83 0.26
98 305 334.27 0.26
98 306 340.36 0.27
98 307 347.95 0.27
98 308 354.16 0.27
98 309 361.85 0.27
98 310 368.33 0.27
98 311 377.12 0.29
98 312 382.85 0.28
98 313 390.83 0.27
98 314 397.57 0.27
98 315 405.80 0.26
98 316 412.61 0.27
98 317 420.96 0.27
98 318 427.96 0.27
98 319 436.37 0.27
99 225 72.92 0.00
99 226 72.64 0.04
99 227 71.56 0.06
99 228 71.34 0.44
99 229 68.99 0.43
99 230 68.84 0.42
99 231 66.80 0.40
99 232 67.05 0.39
99 233 65.22 0.39
99 234 65.78 0.39
99 235 64.23 0.38
99 236 64.99 0.38
99 237 63.52 0.32
99 238 64.44 0.30
99 239 63.35 0.31
99 240 64.39 0.32
99 241 63.76 0.30
99 242 64.95 0.30
99 243 64.69 0.30
99 244 66.18 0.30
99 245 66.28 0.30
99 246 68.27 0.31
99 247 68.52 0.31
99 248 70.70 0.30
99 249 71.34 0.30
99 250 73.87 0.30
99 251 74.94 0.30
99 252 77.99 0.29
99 253 79.28 0.29
99 254 82.52 0.28
99 255 84.25 0.28
99 256 87.70 0.28
99 257 89.66 0.28
99 258 93.25 0.27
99 259 95.38 0.26
99 260 99.31 0.26
99 261 101.59 0.26
99 262 105.88 0.24
99 263 108.42 0.24
99 264 112.83 0.23
99 265 115.73 0.22
99 266 120.28 0.20
99 267 123.25 0.20
99 268 127.90 0.18
99 269 130.73 0.17
99 270 135.14 0.16
99 271 138.03 0.14
99 272 142.53 0.14
99 273 145.65 0.12
99 274 150.24 0.12
99 275 153.70 0.12
99 276 158.34 0.11
99 277 162.07 0.09
99 278 166.97 0.08
99 279 170.95 0.08
99 280 175.96 0.06
99 281 180.08 0.05
99 282 185.07 0.02
99 283 189.39 0.00
99 284 195.85 0.03
99 285 201.09 0.04
99 286 207.42 0.04
99 287 212.60 0.04
99 288 218.72 0.07
99 289 224.48 0.09
99 290 230.53 0.09
99 291 236.25 0.10
99 292 242.87 0.12
99 293 248.33 0.14
99 294 255.05 0.15
99 295 260.39 0.34
99 296 267.15 0.28
99 297 272.24 0.28
99 298 279.08 0.27
99 299 284.27 0.27
99 300 291.20 0.27
99 301 296.55 0.26
99 302 303.49 0.26
99 303 308.99 0.25
99 304 316.16 0.27
99 305 321.81 0.26
99 306 329.07 0.26
99 307 334.95 0.27
99 308 342.37 0.27
99 309 348.69 0.26
99 310 356.14 0.27
99 311 362.38 0.28
99 312 370.12 0.28
99 313 376.55 0.27
99 314 384.53 0.27
99 315 391.03 0.27
99 316 399.17 0.26
99 317 405.88 0.27
99 318 414.09 0.26
99 319 420.91 0.27
99 320 429.24 0.27
100 226 80.39 0.00
100 227 80.06 0.04
100 228 78.57 0.06
100 229 78.37 0.07
100 230 75.86 0.41
100 231 75.49 0.43
100 232 73.25 0.42
100 233 73.26 0.40
100 234 71.28 0.40
100 235 71.60 0.42
100 236 69.86 0.31
100 237 70.36 0.32
100 238 68.74 0.32
100 239 69.50 0.29
100 240 68.21 0.32
100 241 69.13 0.32
100 242 68.18 0.30
100 243 69.30 0.30
100 244 68.69 0.30
100 245 70.08 0.30
100 246 69.90 0.30
100 247 71.54 0.30
100 248 71.66 0.31
100 249 73.62 0.31
100 250 73.95 0.30
100 251 76.12 0.30
100 252 77.03 0.30
100 253 79.87 0.29
100 254 80.91 0.30
100 255 83.95 0.30
100 256 85.43 0.29
100 257 88.69 0.28
100 258 90.38 0.27
100 259 93.81 0.27
100 260 95.69 0.27
100 261 99.45 0.27
100 262 101.43 0.24
100 263 105.44 0.24
100 264 107.91 0.24
100 265 112.16 0.23
100 266 114.89 0.22
100 267 119.31 0.21
100 268 122.18 0.20
100 269 126.70 0.18
100 270 129.46 0.16
100 271 133.80 0.16
100 272 136.47 0.15
100 273 140.77 0.14
100 274 143.79 0.13
100 275 148.23 0.12
100 276 151.53 0.11
100 277 156.06 0.12
100 278 159.63 0.09
100 279 164.44 0.09
100 280 168.24 0.07
100 281 173.13 0.06
100 282 177.13 0.05
100 283 182.03 0.02
100 284 186.20 0.00
100 285 192.52 0.03
100 286 197.63 0.03
100 287 203.76 0.04
100 288 208.80 0.04
100 289 214.90 0.07
100 290 220.28 0.07
100 291 226.30 0.09
100 292 231.91 0.10
100 293 238.43 0.11
100 294 243.75 0.14
100 295 250.31 0.30
100 296 255.15 0.33
100 297 261.76 0.29
100 298 266.71 0.28
100 299 273.40 0.28
100 300 278.49 0.27
100 301 285.28 0.26
100 302 290.52 0.27
100 303 297.34 0.26
100 304 302.76 0.26
100 305 309.75 0.26
100 306 315.26 0.26
100 307 322.40 0.26
100 308 328.10 0.26
100 309 335.41 0.26
100 310 341.35 0.28
100 311 348.78 0.28
100 312 354.91 0.27
100 313 362.48 0.26
100 314 368.77 0.28
100 315 376.45 0.27
100 316 382.94 0.28
100 317 390.85 0.28
100 318 397.33 0.27
100 319 405.41 0.27
100 320 412.09 0.27
100 321 420.27 0.27
100 322 427.19 0.25
101 231 84.97 0.44
101 232 84.36 0.42
101 233 81.94 0.43
101 234 81.74 0.43
101 235 79.57 0.42
101 236 79.67 0.42
101 237 77.84 0.40
101 238 78.14 0.30
101 239 76.23 0.32
101 240 76.88 0.32
101 241 75.28 0.32
101 242 76.00 0.31
101 243 74.87 0.30
101 244 75.80 0.30
101 245 75.02 0.30
101 246 76.16 0.30
101 247 75.71 0.30
101 248 76.99 0.30
101 249 76.97 0.30
101 250 78.61 0.31
101 251 78.81 0.30
101 252 80.72 0.29
101 253 81.46 0.30
101 254 84.05 0.29
101 255 84.90 0.30
101 256 87.67 0.30
101 257 89.02 0.29
101 258 92.07 0.29
101 259 93.60 0.28
101 260 96.93 0.28
101 261 98.54 0.27
101 262 102.07 0.27
101 263 103.93 0.25
101 264 107.83 0.24
101 265 110.11 0.24
101 266 114.28 0.23
101 267 116.91 0.23
101 268 121.22 0.21
101 269 123.97 0.20
101 270 128.31 0.20
101 271 131.02 0.17
101 272 135.13 0.16
101 273 137.74 0.14
101 274 141.95 0.13
101 275 144.80 0.13
101 276 149.10 0.12
101 277 152.23 0.12
101 278 156.68 0.12
101 279 160.15 0.10
101 280 164.82 0.08
101 281 168.55 0.08
101 282 173.28 0.05
101 283 177.17 0.04
101 284 181.96 0.02
101 285 186.03 0.00
101 286 192.07 0.03
101 287 196.99 0.04
101 288 202.85 0.04
101 289 207.76 0.04
101 290 213.64 0.07
101 291 218.83 0.07
101 292 224.58 0.09
101 293 230.04 0.10
101 294 236.41 0.10
101 295 241.35 0.36
101 296 247.70 0.30
101 297 252.40 0.30
101 298 258.83 0.29
101 299 263.66 0.30
101 300 270.22 0.29
101 301 275.16 0.28
101 302 281.85 0.29
101 303 286.91 0.28
101 304 293.70 0.29
101 305 298.94 0.28
101 306 305.81 0.28
101 307 311.17 0.27
101 308 318.11 0.26
101 309 323.68 0.26
101 310 330.92 0.28
101 311 336.56 0.26
101 312 344.09 0.28
101 313 349.80 0.28
101 314 357.20 0.28
101 315 363.35 0.28
101 316 370.94 0.28
101 317 377.22 0.28
101 318 384.86 0.27
101 319 391.30 0.27
101 320 399.18 0.27
101 321 405.74 0.27
101 322 413.81 0.27
101 323 420.60 0.27
101 324 428.74 0.25
101 325 435.74 0.26
101 326 444.16 0.26
102 228 99.23 0.00
102 230 96.51 0.06
102 232 92.62 0.45
102 233 91.82 0.45
102 234 89.17 0.44
102 235 88.72 0.47
102 236 86.45 0.44
102 237 86.34 0.43
102 238 84.34 0.41
102 239 84.42 0.33
102 240 82.39 0.30
102 241 82.74 0.32
102 242 81.02 0.32
102 243 81.55 0.32
102 244 80.24 0.30
102 245 80.97 0.30
102 246 79.91 0.29
102 247 80.94 0.31
102 248 80.15 0.30
102 249 81.41 0.30
102 250 80.97 0.30
102 251 82.48 0.30
102 252 82.38 0.30
102 253 84.01 0.30
102 254 84.54 0.30
102 255 86.95 0.29
102 256 87.52 0.30
102 257 90.11 0.30
102 258 91.14 0.29
102 259 93.97 0.28
102 260 95.25 0.28
102 261 98.29 0.28
102 262 99.81 0.27
102 263 103.12 0.27
102 264 104.76 0.27
102 265 108.37 0.25
102 266 110.55 0.24
102 267 114.53 0.23
102 268 116.98 0.23
102 269 121.15 0.21
102 270 123.76 0.21
102 271 128.02 0.20
102 272 130.55 0.17
102 273 134.51 0.16
102 274 137.00 0.14
102 275 141.07 0.14
102 276 143.72 0.13
102 277 147.87 0.12
102 278 150.90 0.12
102 279 155.11 0.10
102 280 158.45 0.09
102 281 162.98 0.10
102 282 166.59 0.06
102 283 171.28 0.06
102 284 174.90 0.04
102 285 179.65 0.01
102 286 183.51 0.00
102 287 189.46 0.03
102 288 194.20 0.04
102 289 200.02 0.04
102 290 204.70 0.04
102 291 210.53 0.07
102 292 215.53 0.07
102 293 221.23 0.09
102 294 226.54 0.10
102 295 232.77 0.10
102 296 237.30 0.33
102 297 243.44 0.30
102 298 247.97 0.29
102 299 254.27 0.30
102 300 258.94 0.30
102 301 265.36 0.29
102 302 270.16 0.28
102 303 276.70 0.29
102 304 281.63 0.29
102 305 288.31 0.30
102 306 293.37 0.28
102 307 300.13 0.28
102 308 305.37 0.28
102 309 312.15 0.27
102 310 317.55 0.26
102 311 324.63 0.28
102 312 330.13 0.26
102 313 337.33 0.27
102 314 343.10 0.26
102 315 350.37 0.26
102 316 356.35 0.26
102 317 363.75 0.28
102 318 369.94 0.28
102 319 377.48 0.28
102 320 383.71 0.28
102 321 391.49 0.28
102 322 397.86 0.27
102 323 405.75 0.27
102 324 412.37 0.25
102 325 420.43 0.25
102 326 427.24 0.25
102 327 435.45 0.25
102 328 442.43 0.25
102 329 450.68 0.24
103 231 107.74 0.06
103 232 106.45 0.40
103 233 103.24 0.39
103 234 102.26 0.39
103 235 99.35 0.39
103 236 98.09 0.48
103 237 95.62 0.42
103 238 95.34 0.42
103 239 93.08 0.41
103 240 93.02 0.32
103 241 90.78 0.32
103 242 90.93 0.32
103 243 89.01 0.32
103 244 89.35 0.32
103 245 87.82 0.31
103 246 88.30 0.30
103 247 87.11 0.30
103 248 87.83 0.29
103 249 86.96 0.31
103 250 87.83 0.30
103 251 87.30 0.31
103 252 88.46 0.30
103 253 88.28 0.31
103 254 89.63 0.31
103 255 89.93 0.30
103 256 92.08 0.30
103 257 92.43 0.29
103 258 94.75 0.29
103 259 95.65 0.29
103 260 98.19 0.29
103 261 99.32 0.29
103 262 102.06 0.27
103 263 103.40 0.28
103 264 106.53 0.27
103 265 107.95 0.26
103 266 111.47 0.25
103 267 113.49 0.24
103 268 117.32 0.24
103 269 119.65 0.23
103 270 123.74 0.22
103 271 126.19 0.22
103 272 130.33 0.20
103 273 132.85 0.17
103 274 136.66 0.16
103 275 139.01 0.15
103 276 142.84 0.14
103 277 145.48 0.13
103 278 149.48 0.13
103 279 152.37 0.12
103 280 156.44 0.11
103 281 159.69 0.10
103 282 164.09 0.09
103 283 167.62 0.07
103 284 172.11 0.05
103 285 175.71 0.05
103 286 180.34 0.02
103 287 184.15 0.00
103 288 189.92 0.02
103 289 194.49 0.04
103 290 200.07 0.04
103 291 204.52 0.05
103 292 210.06 0.07
103 293 214.86 0.07
103 294 220.39 0.08
103 295 225.50 0.34
103 296 231.43 0.34
103 297 235.61 0.34
103 298 241.65 0.33
103 299 246.01 0.32
103 300 252.20 0.32
103 301 256.71 0.31
103 302 263.08 0.29
103 303 267.64 0.29
103 304 274.06 0.27
103 305 278.79 0.29
103 306 285.31 0.28
103 307 290.21 0.30
103 308 296.88 0.28
103 309 301.91 0.28
103 310 308.60 0.27
103 311 313.87 0.27
103 312 320.85 0.28
103 313 326.10 0.26
103 314 333.21 0.28
103 315 338.72 0.26
103 316 345.80 0.27
103 317 351.64 0.27
103 318 358.97 0.28
103 319 364.92 0.28
103 320 372.24 0.27
103 321 378.40 0.28
103 322 386.01 0.27
103 323 392.26 0.27
103 324 400.08 0.27
103 325 406.51 0.27
103 326 414.46 0.26
103 327 421.15 0.25
103 328 429.20 0.25
103 329 436.11 0.25
103 330 444.23 0.24
103 331 451.29 0.25
104 230 119.45 0.00
104 231 118.41 0.04
104 232 116.03 0.06
104 233 115.09 0.48
104 234 111.78 0.38
104 235 110.54 0.38
104 236 107.45 0.38
104 238 103.09 0.45
104 239 103.02 0.35
104 240 100.34 0.35
104 241 100.10 0.43
104 242 97.73 0.34
104 243 97.64 0.33
104 244 95.52 0.33
104 245 95.78 0.30
104 246 93.95 0.32
104 247 94.30 0.30
104 248 92.82 0.30
104 249 93.43 0.30
104 250 92.22 0.29
104 251 93.00 0.30
104 252 92.12 0.29
104 253 93.16 0.30
104 254 92.59 0.30
104 255 93.75 0.30
104 256 93.84 0.30
104 257 95.76 0.30
104 258 95.90 0.30
104 259 97.98 0.29
104 260 98.62 0.29
104 261 101.01 0.29
104 262 101.84 0.28
104 263 104.42 0.28
104 264 105.48 0.27
104 265 108.45 0.27
104 266 109.68 0.27
104 267 112.97 0.26
104 268 114.85 0.26
104 269 118.47 0.24
104 270 120.63 0.23
104 271 124.51 0.23
104 272 126.85 0.21
104 273 130.85 0.20
104 274 133.16 0.18
104 275 136.84 0.16
104 276 139.11 0.16
104 277 142.73 0.14
104 278 145.20 0.13
104 279 149.03 0.13
104 280 151.76 0.11
104 281 155.65 0.11
104 282 158.75 0.10
104 283 163.05 0.09
104 284 166.36 0.07
104 285 170.74 0.05
104 286 174.22 0.05
104 287 178.73 0.02
104 288 182.33 0.00
104 289 187.95 0.03
104 290 192.35 0.04
104 291 197.85 0.04
104 292 202.17 0.04
104 293 207.72 0.07
104 294 212.35 0.07
104 295 217.76 0.08
104 296 222.69 0.39
104 297 228.35 0.31
104 298 232.53 0.36
104 299 238.23 0.30
104 300 242.65 0.35
104 301 248.45 0.29
104 302 253.02 0.34
104 303 258.96 0.30
104 304 263.46 0.29
104 305 269.73 0.28
104 306 274.32 0.30
104 307 280.71 0.29
104 308 285.48 0.29
104 309 292.02 0.29
104 310 296.96 0.28
104 311 303.52 0.27
104 312 308.69 0.27
104 313 315.35 0.27
104 314 320.61 0.26
104 315 327.52 0.27
104 316 332.97 0.26
104 317 339.99 0.28
104 318 345.58 0.27
104 319 352.68 0.27
104 320 358.48 0.27
104 321 365.85 0.28
104 322 371.72 0.28
104 323 379.20 0.27
104 324 385.27 0.28
104 325 392.92 0.27
104 326 399.22 0.27
104 327 406.96 0.26
104 328 413.59 0.26
104 329 421.44 0.26
104 330 428.19 0.26
104 331 436.26 0.24
104 332 443.11 0.25
104 333 451.20 0.23
104 334 458.18 0.23
104 335 466.40 0.23
105 233 127.82 0.34
105 234 126.26 0.34
105 235 122.59 0.34
105 236 120.87 0.37
105 237 117.51 0.37
105 241 109.77 0.36
105 242 109.35 0.36
105 243 106.73 0.35
105 244 106.51 0.37
105 245 104.27 0.34
105 246 104.28 0.34
105 247 102.38 0.34
105 248 102.83 0.33
105 249 100.90 0.31
105 250 101.28 0.30
105 251 99.80 0.30
105 252 100.34 0.30
105 253 99.20 0.30
105 254 99.93 0.30
105 255 99.16 0.30
105 256 99.99 0.30
105 257 99.89 0.30
105 258 101.59 0.30
105 259 101.49 0.30
105 260 103.30 0.29
105 261 103.75 0.29
105 262 105.90 0.28
105 263 106.58 0.28
105 264 108.97 0.28
105 265 109.85 0.28
105 266 112.61 0.27
105 267 113.69 0.27
105 268 116.65 0.25
105 269 118.50 0.26
105 270 122.02 0.24
105 271 124.02 0.24
105 272 127.87 0.23
105 273 130.00 0.22
105 274 133.90 0.21
105 275 136.18 0.21
105 276 139.79 0.16
105 277 141.92 0.16
105 278 145.37 0.15
105 279 147.68 0.15
105 280 151.34 0.13
105 281 153.97 0.12
105 282 157.71 0.12
105 283 160.72 0.10
105 284 164.88 0.09
105 285 168.14 0.07
105 286 172.41 0.05
105 287 175.72 0.05
105 288 180.18 0.02
105 289 183.78 0.01
105 290 189.17 0.02
105 291 193.35 0.04
105 292 198.57 0.04
105 293 202.70 0.04
105 294 208.06 0.06
105 295 212.41 0.39
105 296 217.97 0.39
105 297 221.75 0.38
105 298 227.42 0.37
105 299 231.31 0.36
105 300 237.10 0.36
105 301 241.14 0.35
105 302 247.08 0.35
105 303 251.26 0.35
105 304 257.35 0.34
105 305 261.69 0.34
105 306 267.79 0.32
105 307 272.23 0.32
105 308 278.52 0.30
105 309 283.12 0.30
105 310 289.57 0.30
105 311 294.35 0.27
105 312 300.89 0.28
105 313 305.73 0.26
105 314 312.34 0.27
105 315 317.41 0.26
105 316 324.20 0.27
105 317 329.50 0.26
105 318 336.50 0.25
105 319 341.95 0.26
105 320 348.77 0.26
105 321 354.53 0.25
105 322 361.58 0.25
105 323 367.34 0.28
105 324 374.69 0.27
105 325 380.53 0.28
105 326 388.05 0.28
105 327 394.16 0.27
105 328 401.76 0.27
105 329 408.26 0.25
105 330 416.04 0.25
105 331 422.66 0.25
105 332 430.65 0.24
105 333 437.33 0.25
105 334 445.37 0.25
105 335 452.19 0.24
105 336 460.32 0.22
105 337 467.25 0.23
105 338 475.57 0.23
105 339 482.67 0.22
105 340 491.01 0.21
106 232 141.07 0.00
106 234 137.00 0.07
106 236 131.20 0.50
106 238 126.39 0.42
106 240 121.93 0.40
106 242 117.97 0.36
106 244 114.47 0.34
106 245 114.00 0.36
106 246 111.63 0.33
106 247 111.51 0.33
106 248 109.29 0.33
106 249 109.37 0.31
106 250 107.45 0.31
106 251 107.65 0.30
106 252 106.03 0.31
106 253 106.41 0.29
106 254 105.05 0.30
106 255 105.69 0.30
106 256 104.67 0.29
106 257 105.42 0.29
106 258 104.98 0.29
106 259 106.49 0.29
106 260 106.19 0.30
106 261 107.75 0.29
106 262 107.95 0.29
106 263 109.94 0.28
106 264 110.24 0.28
106 265 112.38 0.28
106 266 112.99 0.27
106 267 115.52 0.27
106 268 116.34 0.27
106 269 119.15 0.26
106 270 120.71 0.26
106 271 124.01 0.24
106 272 125.85 0.24
106 273 129.41 0.23
106 274 131.46 0.22
106 275 135.19 0.21
106 276 137.27 0.18
106 277 140.73 0.16
106 278 142.68 0.16
106 279 146.04 0.14
106 280 148.20 0.13
106 281 151.72 0.13
106 282 154.13 0.12
106 283 157.73 0.12
106 284 160.56 0.10
106 285 164.67 0.10
106 286 167.64 0.07
106 287 171.75 0.06
106 288 174.95 0.05
106 289 179.27 0.02
106 290 182.62 0.00
106 291 187.96 0.03
106 292 192.03 0.04
106 293 197.23 0.04
106 294 201.15 0.04
106 295 206.44 0.06
106 296 210.25 0.43
106 297 215.68 0.43
106 298 219.41 0.42
106 299 224.97 0.42
106 300 228.80 0.38
106 301 234.54 0.30
106 302 238.38 0.37
106 303 244.15 0.36
106 304 248.25 0.34
106 305 254.15 0.30
106 306 258.33 0.32
106 307 264.31 0.31
106 308 268.63 0.30
106 309 274.77 0.30
106 310 279.24 0.29
106 311 285.52 0.28
106 312 290.12 0.29
106 313 296.54 0.29
106 314 301.36 0.29
106 315 307.89 0.29
106 316 312.79 0.27
106 317 319.40 0.27
106 318 324.56 0.27
106 319 331.24 0.27
106 320 336.62 0.27
106 321 343.48 0.26
106 322 348.90 0.27
106 323 355.83 0.27
106 324 361.45 0.27
106 325 368.65 0.26
106 326 374.36 0.27
106 327 381.78 0.27
106 328 387.75 0.27
106 329 395.20 0.27
106 330 401.58 0.26
106 331 409.24 0.25
106 332 415.63 0.24
106 333 423.40 0.25
106 334 429.98 0.23
106 335 437.89 0.24
106 336 444.53 0.24
106 337 452.44 0.22
106 338 459.31 0.23
106 339 467.52 0.21
106 340 474.51 0.20
106 341 482.69 0.20
107 249 118.36 0.34
107 250 118.22 0.33
107 251 116.19 0.33
107 252 116.25 0.31
107 253 114.47 0.31
107 254 114.57 0.30
107 255 113.04 0.30
107 256 113.44 0.30
107 257 112.19 0.30
107 258 112.71 0.29
107 259 112.06 0.29
107 260 113.30 0.29
107 261 112.74 0.28
107 262 114.11 0.29
107 263 114.10 0.29
107 264 115.77 0.27
107 265 115.95 0.27
107 266 117.84 0.27
107 267 118.25 0.27
107 268 120.59 0.26
107 269 121.23 0.27
107 270 123.73 0.26
107 271 125.25 0.26
107 272 128.42 0.25
107 273 130.10 0.25
107 274 133.55 0.24
107 275 135.41 0.23
107 276 139.02 0.21
107 277 140.94 0.17
107 278 144.27 0.17
107 279 146.12 0.16
107 280 149.52 0.14
107 281 151.42 0.14
107 282 154.82 0.14
107 283 157.08 0.12
107 284 160.61 0.12
107 285 163.54 0.10
107 286 167.10 0.09
107 287 170.14 0.07
107 288 174.16 0.06
107 289 177.25 0.04
107 290 181.45 0.02
107 291 184.74 0.00
107 292 189.84 0.02
107 293 193.54 0.44
107 294 198.58 0.45
107 295 201.78 0.43
107 296 206.94 0.43
107 297 210.34 0.43
107 298 215.68 0.43
107 299 219.20 0.43
107 300 224.59 0.42
107 301 228.38 0.42
107 302 233.88 0.40
107 303 237.74 0.38
107 304 243.41 0.38
107 305 247.30 0.35
107 306 253.14 0.37
107 307 257.19 0.34
107 308 263.16 0.30
107 309 267.34 0.34
107 310 273.30 0.29
107 311 277.57 0.30
107 312 283.84 0.31
107 313 288.24 0.29
107 314 294.51 0.29
107 315 299.21 0.29
107 316 305.68 0.29
107 317 310.45 0.27
107 318 316.91 0.27
107 319 321.88 0.26
107 320 328.53 0.26
107 321 333.61 0.26
107 322 340.26 0.27
107 323 345.66 0.26
107 324 352.45 0.27
107 325 357.89 0.26
107 326 364.94 0.25
107 327 370.49 0.26
107 328 377.64 0.26
107 329 383.52 0.25
107 330 390.86 0.26
107 331 397.01 0.25
107 332 404.51 0.25
107 333 410.87 0.25
107 334 418.55 0.25
107 335 424.95 0.25
107 336 432.62 0.24
107 337 439.25 0.23
107 338 447.04 0.22
107 339 453.79 0.23
107 340 461.87 0.22
107 341 468.76 0.20
107 342 476.87 0.20
107 343 483.93 0.20
107 344 492.41 0.19
108 251 125.84 0.34
108 252 123.65 0.33
108 253 123.51 0.32
108 254 121.57 0.31
108 255 121.62 0.31
108 256 119.83 0.30
108 257 120.09 0.30
108 258 118.61 0.29
108 259 119.00 0.29
108 260 118.11 0.29
108 261 119.17 0.29
108 262 118.37 0.28
108 263 119.59 0.28
108 264 119.27 0.28
108 265 120.74 0.28
108 266 120.67 0.27
108 267 122.29 0.27
108 268 122.47 0.27
108 269 124.55 0.26
108 270 124.88 0.26
108 271 127.23 0.26
108 272 128.44 0.25
108 273 131.33 0.25
108 274 132.82 0.24
108 275 136.05 0.22
108 276 137.71 0.23
108 277 141.11 0.21
108 278 142.89 0.18
108 279 146.04 0.17
108 280 147.69 0.16
108 281 150.87 0.14
108 282 152.70 0.14
108 283 156.23 0.11
108 284 158.01 0.12
108 285 161.32 0.12
108 286 163.84 0.10
108 287 167.58 0.09
108 288 170.36 0.07
108 289 174.19 0.06
108 290 177.14 0.05
108 291 181.22 0.02
108 292 184.33 0.00
108 293 189.43 0.02
108 294 192.92 0.45
108 295 197.79 0.46
108 296 200.88 0.44
108 297 205.85 0.44
108 298 209.12 0.43
108 299 214.25 0.43
108 300 217.68 0.42
108 301 222.94 0.42
108 302 226.56 0.40
108 303 231.95 0.39
108 304 235.64 0.40
108 305 241.19 0.39
108 306 244.97 0.37
108 307 250.61 0.37
108 308 254.65 0.37
108 309 260.51 0.34
108 310 264.55 0.34
108 311 270.39 0.31
108 312 274.53 0.29
108 313 280.60 0.30
108 314 284.88 0.30
108 315 291.05 0.29
108 316 295.58 0.28
108 317 301.86 0.30
108 318 306.59 0.28
108 319 312.87 0.27
108 320 317.76 0.25
108 321 324.21 0.26
108 322 329.23 0.27
108 323 335.74 0.25
108 324 340.93 0.26
108 325 347.58 0.25
108 326 352.90 0.26
108 327 359.75 0.25
108 328 365.24 0.26
108 329 372.43 0.27
108 330 378.14 0.24
108 331 385.22 0.26
108 332 391.23 0.25
108 333 398.59 0.25
108 334 404.75 0.25
108 335 412.31 0.25
108 336 418.46 0.24
108 337 426.09 0.23
108 338 432.47 0.22
108 339 440.05 0.22
108 340 446.69 0.23
108 341 454.61 0.22
108 342 461.36 0.20
108 343 469.37 0.19
108 344 476.26 0.19
108 345 484.62 0.19
109 255 130.66 0.33
109 256 130.74 0.33
109 257 128.71 0.31
109 258 128.80 0.30
109 259 127.17 0.31
109 260 127.40 0.30
109 261 126.37 0.30
109 262 127.26 0.28
109 263 126.26 0.28
109 264 127.32 0.28
109 265 126.77 0.27
109 266 127.90 0.26
109 267 127.66 0.27
109 268 129.07 0.26
109 269 128.96 0.26
109 270 130.57 0.26
109 271 130.94 0.25
109 272 132.94 0.25
109 273 134.13 0.24
109 274 136.66 0.24
109 275 137.92 0.24
109 276 140.92 0.24
109 277 142.46 0.23
109 278 145.71 0.19
109 279 147.26 0.19
109 280 150.24 0.16
109 281 151.77 0.15
109 282 154.87 0.14
109 283 156.60 0.13
109 284 159.88 0.12
109 285 161.73 0.12
109 286 164.83 0.12
109 287 167.23 0.10
109 288 171.90 0.46
109 289 174.04 0.46
109 290 178.03 0.46
109 291 180.49 0.45
109 292 184.74 0.45
109 293 187.38 0.45
109 294 191.87 0.44
109 295 194.62 0.45
109 296 199.29 0.45
109 297 202.17 0.43
109 298 207.02 0.44
109 299 210.07 0.43
109 300 215.00 0.43
109 301 218.43 0.44
109 302 223.38 0.42
109 303 226.83 0.41
109 304 232.14 0.39
109 305 235.68 0.41
109 306 241.13 0.39
109 307 244.75 0.37
109 308 250.29 0.38
109 309 254.17 0.38
109 310 259.88 0.36
109 311 263.85 0.36
109 312 269.74 0.34
109 313 273.74 0.30
109 314 279.73 0.28
109 315 283.78 0.29
109 316 289.80 0.28
109 317 294.21 0.28
109 318 300.32 0.28
109 319 304.95 0.28
109 320 311.18 0.28
109 321 315.94 0.27
109 322 322.23 0.27
109 323 327.07 0.25
109 324 333.56 0.26
109 325 338.59 0.27
109 326 345.07 0.27
109 327 350.19 0.25
109 328 356.87 0.26
109 329 362.20 0.26
109 330 369.04 0.25
109 331 374.66 0.25
109 332 381.71 0.25
109 333 387.56 0.25
109 334 394.80 0.24
109 335 400.77 0.24
109 336 408.06 0.23
109 337 414.21 0.23
109 338 421.58 0.24
109 339 427.86 0.23
109 340 435.30 0.23
109 341 441.81 0.21
109 342 449.58 0.22
109 343 456.24 0.22
109 344 464.15 0.21
109 345 470.97 0.20
109 346 479.10 0.20
109 347 486.05 0.18
110 258 136.27 0.32
110 259 136.18 0.33
110 260 134.36 0.29
110 261 134.39 0.29
110 262 133.11 0.28
110 263 133.77 0.28
110 264 132.62 0.28
110 265 133.47 0.28
110 266 132.68 0.27
110 267 133.72 0.27
110 268 133.17 0.26
110 269 134.32 0.26
110 270 134.07 0.25
110 271 135.43 0.25
110 272 135.53 0.25
110 273 137.30 0.24
110 274 138.19 0.24
110 275 140.56 0.24
110 276 141.68 0.23
110 277 144.37 0.23
110 278 145.71 0.22
110 279 148.68 0.20
110 280 150.05 0.17
110 281 152.84 0.17
110 282 154.20 0.15
110 283 157.10 0.14
110 284 158.65 0.13
110 285 161.77 0.11
110 286 163.38 0.12
110 287 166.40 0.10
110 288 168.57 0.10
110 289 171.95 0.09
110 290 174.97 0.47
110 291 178.75 0.49
110 292 181.10 0.47
110 293 185.22 0.46
110 294 187.73 0.46
110 295 192.06 0.46
110 296 194.72 0.45
110 297 199.23 0.46
110 298 202.00 0.45
110 299 206.66 0.45
110 300 209.65 0.44
110 301 214.46 0.43
110 302 217.61 0.43
110 303 222.59 0.43
110 304 225.89 0.42
110 305 231.09 0.41
110 306 234.47 0.41
110 307 239.85 0.38
110 308 243.32 0.39
110 309 248.70 0.38
110 310 252.46 0.38
110 311 258.06 0.35
110 312 261.88 0.37
110 313 267.60 0.34
110 314 271.33 0.30
110 315 277.17 0.29
110 316 281.16 0.29
110 317 287.18 0.30
110 318 291.35 0.30
110 319 297.35 0.29
110 320 301.82 0.28
110 321 307.95 0.27
110 322 312.57 0.28
110 323 318.78 0.27
110 324 323.46 0.26
110 325 329.70 0.25
110 326 334.62 0.25
110 327 340.94 0.25
110 328 346.04 0.26
110 329 352.58 0.24
110 330 357.78 0.24
110 331 364.59 0.25
110 332 370.02 0.23
110 333 376.94 0.24
110 334 382.58 0.24
110 335 389.62 0.23
110 336 395.47 0.23
110 337 402.68 0.22
110 338 408.59 0.22
110 339 415.87 0.22
110 340 421.92 0.22
110 341 429.19 0.21
110 342 435.56 0.22
110 343 443.13 0.21
110 344 449.65 0.21
110 345 457.33 0.20
110 346 464.12 0.18
110 347 472.04 0.18
110 348 478.83 0.18
110 349 486.88 0.17
110 350 493.72 0.16
110 351 501.74 0.15
110 352 508.42 0.14
110 353 516.15 0.13
110 354 522.90 0.13
110 355 530.76 0.12
110 356 537.67 0.12
110 357 545.64 0.11
110 358 552.70 0.11
110 359 560.74 0.10
110 360 567.88 0.10
110 361 576.00 0.08
110 362 583.22 0.08
110 363 591.40 0.07
110 364 598.78 0.06
111 266 141.92 0.28
111 267 140.90 0.26
111 268 141.59 0.25
111 269 140.92 0.25
111 270 141.88 0.24
111 271 141.36 0.25
111 272 142.46 0.24
111 273 142.41 0.24
111 274 143.88 0.24
111 275 144.59 0.24
111 276 146.73 0.23
111 277 147.61 0.22
111 278 150.02 0.22
111 279 151.22 0.21
111 280 153.91 0.20
111 281 155.13 0.18
111 282 157.82 0.17
111 283 158.99 0.15
111 284 161.74 0.14
111 285 163.17 0.13
111 286 166.06 0.11
111 287 167.72 0.12
111 288 170.59 0.10
111 289 172.62 0.10
111 290 175.91 0.08
111 291 178.46 0.48
111 292 182.16 0.48
111 293 184.28 0.48
111 294 188.25 0.48
111 295 190.58 0.47
111 296 194.85 0.47
111 297 197.30 0.47
111 298 201.66 0.45
111 299 204.32 0.45
111 300 208.74 0.45
111 301 211.61 0.44
111 302 216.20 0.44
111 303 219.23 0.43
111 304 224.03 0.43
111 305 227.19 0.43
111 306 232.21 0.41
111 307 235.48 0.41
111 308 240.69 0.42
111 309 244.06 0.40
111 310 249.29 0.37
111 311 252.86 0.37
111 312 258.35 0.37
111 313 262.04 0.35
111 314 267.52 0.32
111 315 271.28 0.30
111 316 276.94 0.32
111 317 280.83 0.32
111 318 286.61 0.30
111 319 290.80 0.29
111 320 296.62 0.30
111 321 300.99 0.28
111 322 306.97 0.28
111 323 311.44 0.28
111 324 317.51 0.27
111 325 322.07 0.26
111 326 328.19 0.25
111 327 332.95 0.25
111 328 339.19 0.26
111 329 344.10 0.25
111 330 350.54 0.26
111 331 355.61 0.25
111 332 362.28 0.26
111 333 367.62 0.25
111 334 374.39 0.23
111 335 379.94 0.23
111 336 386.79 0.23
111 337 392.46 0.23
111 338 399.56 0.22
111 339 405.21 0.22
111 340 412.28 0.22
111 341 418.19 0.22
111 342 425.34 0.21
111 343 431.53 0.21
111 344 438.93 0.20
111 345 445.29 0.20
111 346 452.88 0.20
111 347 459.52 0.19
111 348 467.34 0.19
111 349 474.02 0.18
111 350 481.96 0.17
111 351 488.72 0.16
111 352 496.62 0.14
111 353 503.34 0.14
111 354 511.01 0.13
111 355 517.76 0.13
111 356 525.53 0.13
111 357 532.37 0.12
111 358 540.17 0.11
111 359 547.17 0.11
111 360 555.09 0.10
111 361 562.16 0.09
111 362 570.24 0.08
111 363 577.46 0.07
111 364 585.46 0.07
111 365 592.85 0.05
111 366 601.07 0.03
111 367 608.33 0.00
111 368 616.86 0.04
111 369 623.65 0.00
112 270 147.32 0.25
112 271 148.09 0.24
112 272 147.37 0.24
112 273 148.26 0.24
112 274 147.99 0.24
112 275 149.28 0.23
112 276 149.78 0.22
112 277 151.61 0.22
112 278 152.25 0.22
112 279 154.49 0.21
112 280 155.38 0.21
112 281 157.88 0.18
112 282 158.76 0.17
112 283 161.21 0.17
112 284 162.22 0.15
112 285 164.81 0.14
112 286 166.07 0.13
112 287 168.77 0.11
112 288 170.20 0.12
112 289 172.89 0.10
112 290 174.75 0.10
112 291 177.86 0.09
112 292 180.10 0.07
112 293 183.61 0.49
112 294 185.66 0.49
112 295 189.49 0.49
112 296 191.66 0.48
112 297 195.77 0.48
112 298 198.04 0.48
112 299 202.26 0.48
112 300 204.78 0.46
112 301 209.11 0.46
112 302 211.82 0.45
112 303 216.32 0.45
112 304 219.19 0.45
112 305 223.92 0.43
112 306 226.89 0.44
112 307 231.84 0.43
112 308 234.93 0.42
112 309 240.02 0.42
112 310 243.28 0.40
112 311 248.46 0.38
112 312 251.88 0.39
112 313 257.22 0.37
112 314 260.77 0.37
112 315 266.05 0.31
112 316 269.68 0.30
112 317 275.19 0.32
112 318 278.94 0.30
112 319 284.63 0.30
112 320 288.60 0.29
112 321 294.29 0.29
112 322 298.52 0.29
112 323 304.39 0.28
112 324 308.74 0.29
112 325 314.75 0.28
112 326 319.22 0.28
112 327 325.27 0.25
112 328 329.94 0.26
112 329 335.95 0.25
112 330 340.75 0.25
112 331 346.98 0.24
112 332 352.00 0.26
112 333 358.48 0.25
112 334 363.62 0.24
112 335 370.25 0.23
112 336 375.59 0.23
112 337 382.35 0.23
112 338 387.87 0.23
112 339 394.76 0.22
112 340 400.32 0.22
112 341 407.24 0.21
112 342 413.02 0.21
112 343 420.02 0.21
112 344 426.10 0.21
112 345 433.35 0.20
112 346 439.52 0.20
112 347 446.98 0.20
112 348 453.48 0.19
112 349 461.14 0.18
112 350 467.71 0.18
112 351 475.61 0.16
112 352 482.13 0.16
112 353 489.93 0.14
112 354 496.55 0.14
112 355 504.06 0.13
112 356 510.65 0.13
112 357 518.27 0.12
112 358 524.98 0.12
112 359 532.75 0.11
112 360 539.63 0.11
112 361 547.44 0.10
112 362 554.45 0.10
112 363 562.35 0.08
112 364 569.44 0.07
112 365 577.46 0.07
112 366 584.79 0.04
112 367 592.83 0.02
112 368 599.93 0.01
112 369 607.94 0.02
112 370 615.01 0.00
112 371 623.92 0.00
112 372 632.11 0.00
112 373 641.10 0.00
112 374 649.33 0.00
112 375 658.53 0.02
112 376 666.67 0.00
112 377 675.78 0.00
112 378 683.50 0.35
113 272 156.39 0.24
113 273 155.48 0.24
113 274 156.17 0.24
113 275 155.66 0.24
113 276 156.66 0.23
113 277 156.88 0.23
113 278 158.43 0.22
113 279 158.90 0.22
113 280 160.86 0.21
113 281 161.60 0.21
113 282 163.97 0.18
113 283 164.64 0.17
113 284 166.95 0.17
113 285 167.74 0.15
113 286 170.17 0.14
113 287 171.33 0.14
113 288 173.87 0.11
113 289 175.23 0.11
113 290 177.73 0.11
113 291 179.46 0.10
113 292 182.37 0.09
113 293 184.49 0.07
113 294 187.61 0.05
113 295 189.55 0.49
113 296 193.25 0.48
113 297 195.24 0.49
113 298 199.21 0.48
113 299 201.35 0.48
113 300 205.41 0.47
113 301 207.81 0.47
113 302 211.95 0.46
113 303 214.55 0.46
113 304 218.86 0.45
113 305 221.61 0.45
113 306 226.19 0.44
113 307 229.04 0.44
113 308 233.85 0.42
113 309 236.80 0.43
113 310 241.70 0.42
113 311 244.91 0.42
113 312 250.07 0.39
113 313 253.28 0.40
113 314 258.52 0.39
113 315 261.67 0.32
113 316 266.85 0.31
113 317 270.35 0.30
113 318 275.69 0.32
113 319 279.33 0.30
113 320 284.83 0.31
113 321 288.69 0.30
113 322 294.36 0.29
113 323 298.37 0.29
113 324 304.07 0.29
113 325 308.31 0.29
113 326 314.22 0.29
113 327 318.54 0.29
113 328 324.55 0.27
113 329 329.08 0.27
113 330 334.96 0.25
113 331 339.60 0.25
113 332 345.69 0.24
113 333 350.68 0.24
113 334 356.86 0.25
113 335 361.91 0.25
113 336 368.41 0.24
113 337 373.67 0.23
113 338 380.25 0.23
113 339 385.58 0.22
113 340 392.35 0.21
113 341 397.72 0.21
113 342 404.47 0.21
113 343 410.10 0.21
113 344 416.94 0.21
113 345 422.83 0.20
113 346 429.85 0.20
113 347 435.97 0.20
113 348 443.28 0.20
113 349 449.66 0.18
113 350 457.28 0.18
113 351 463.61 0.18
113 352 471.26 0.17
113 353 477.85 0.16
113 354 485.64 0.16
113 355 492.07 0.13
113 356 499.57 0.13
113 357 506.22 0.13
113 358 513.63 0.11
113 359 520.31 0.11
113 360 527.92 0.11
113 361 534.72 0.11
113 362 542.53 0.10
113 363 549.34 0.09
113 364 557.19 0.09
113 365 564.17 0.07
113 366 572.10 0.07
113 367 579.23 0.05
113 368 587.33 0.03
113 369 594.40 0.01
113 370 602.30 0.03
113 371 609.36 0.00
113 372 618.26 0.00
113 373 626.36 0.00
113 374 635.51 0.02
113 375 645.12 0.23
113 376 653.60 0.27
113 377 660.87 0.29
113 378 669.57 0.28
113 379 678.30 0.05
113 380 685.68 0.29
113 382 701.94 0.28
114 276 162.04 0.23
114 277 162.84 0.23
114 278 162.84 0.22
114 279 164.25 0.22
114 280 164.45 0.21
114 281 166.19 0.20
114 282 166.67 0.19
114 283 168.75 0.20
114 284 169.19 0.17
114 285 171.23 0.16
114 286 171.90 0.16
114 287 174.08 0.14
114 288 175.03 0.13
114 289 177.34 0.11
114 290 178.48 0.12
114 291 180.83 0.10
114 292 182.38 0.10
114 293 185.19 0.09
114 294 186.85 0.50
114 295 189.97 0.51
114 296 191.69 0.51
114 297 195.24 0.50
114 298 197.09 0.51
114 299 200.93 0.49
114 300 202.91 0.49
114 301 206.83 0.49
114 302 209.08 0.48
114 303 213.12 0.47
114 304 215.55 0.47
114 305 219.77 0.46
114 306 222.34 0.46
114 307 226.80 0.45
114 308 229.50 0.44
114 309 234.12 0.44
114 310 236.98 0.43
114 311 241.79 0.43
114 312 244.80 0.43
114 313 249.76 0.43
114 314 252.91 0.40
114 315 257.92 0.32
114 316 261.12 0.32
114 317 266.18 0.32
114 318 269.51 0.32
114 319 274.74 0.32
114 320 278.24 0.31
114 321 283.62 0.31
114 322 287.34 0.29
114 323 292.80 0.29
114 324 296.74 0.29
114 325 302.35 0.29
114 326 306.41 0.29
114 327 312.15 0.29
114 328 316.34 0.29
114 329 322.25 0.28
114 330 326.58 0.27
114 331 332.49 0.27
114 332 337.01 0.25
114 333 342.95 0.25
114 334 347.70 0.25
114 335 353.87 0.25
114 336 358.75 0.24
114 337 365.14 0.23
114 338 370.21 0.23
114 339 376.67 0.23
114 340 381.85 0.22
114 341 388.40 0.22
114 342 393.69 0.22
114 343 400.35 0.21
114 344 405.79 0.21
114 345 412.50 0.20
114 346 418.25 0.20
114 347 425.16 0.20
114 348 431.09 0.20
114 349 438.26 0.20
114 350 444.48 0.18
114 351 451.85 0.18
114 352 458.18 0.18
114 353 465.78 0.17
114 354 472.12 0.16
114 355 479.79 0.14
114 356 486.09 0.14
114 357 493.44 0.12
114 358 499.76 0.13
114 359 507.17 0.12
114 360 513.67 0.12
114 361 521.25 0.10
114 362 527.88 0.10
114 363 535.55 0.10
114 364 542.34 0.10
114 365 550.06 0.08
114 366 557.05 0.08
114 367 564.85 0.07
114 368 571.99 0.04
114 369 579.94 0.03
114 370 586.80 0.00
114 371 594.55 0.01
114 372 601.60 0.00
114 373 610.50 0.00
114 374 618.44 0.00
114 375 627.39 0.00
114 376 635.41 0.00
114 377 645.28 0.23
114 378 652.35 0.26
114 379 661.61 0.03
114 380 668.20 0.29
114 381 676.87 0.29
114 382 684.27 0.28
114 383 692.98 0.28
115 281 171.82 0.20
115 282 173.40 0.19
115 283 173.56 0.19
115 284 175.32 0.18
115 285 176.35 0.54
115 286 177.66 0.16
115 287 178.20 0.15
115 288 180.12 0.14
115 289 181.02 0.13
115 290 183.09 0.11
115 291 184.13 0.12
115 292 186.30 0.12
115 293 187.69 0.10
115 294 190.38 0.08
115 295 192.13 0.07
115 296 194.87 0.51
115 297 196.40 0.51
115 298 199.56 0.55
115 299 201.47 0.51
115 300 204.92 0.54
115 301 206.98 0.50
115 302 210.68 0.49
115 303 212.85 0.48
115 304 216.70 0.48
115 305 219.00 0.48
115 306 223.24 0.48
115 307 225.50 0.47
115 308 229.90 0.46
115 309 232.41 0.46
115 310 236.81 0.45
115 311 239.56 0.45
115 312 244.23 0.45
115 313 247.11 0.43
115 314 251.98 0.42
115 315 255.20 0.31
115 316 259.89 0.32
115 317 262.98 0.32
115 318 267.86 0.30
115 319 271.08 0.31
115 320 276.13 0.31
115 321 279.50 0.31
115 322 284.80 0.30
115 323 288.30 0.31
115 324 293.56 0.30
115 325 297.35 0.29
115 326 302.82 0.30
115 327 306.73 0.30
115 328 312.34 0.28
115 329 316.40 0.28
115 330 322.14 0.28
115 331 326.32 0.28
115 332 332.16 0.28
115 333 336.64 0.26
115 334 342.43 0.25
115 335 347.06 0.25
115 336 353.13 0.24
115 337 357.83 0.24
115 338 364.08 0.23
115 339 368.98 0.23
115 340 375.33 0.23
115 341 380.37 0.23
115 342 386.73 0.22
115 343 391.83 0.21
115 344 398.28 0.21
115 345 403.66 0.21
115 346 410.18 0.20
115 347 415.77 0.20
115 348 422.50 0.20
115 349 428.30 0.20
115 350 435.26 0.19
115 351 441.34 0.19
115 352 448.58 0.18
115 353 454.81 0.17
115 354 462.26 0.17
115 355 468.51 0.16
115 356 475.99 0.16
115 357 482.37 0.13
115 358 489.64 0.13
115 359 495.83 0.12
115 360 503.14 0.12
115 361 509.57 0.12
115 362 517.05 0.11
115 363 523.60 0.11
115 364 531.29 0.10
115 365 537.84 0.09
115 366 545.52 0.08
115 367 552.32 0.07
115 368 560.08 0.07
115 369 567.06 0.05
115 370 574.94 0.02
115 371 581.82 0.02
115 372 589.44 0.00
115 373 596.48 0.00
115 374 605.40 0.00
115 375 613.10 0.00
115 376 622.01 0.00
116 283 179.62 0.20
116 284 179.71 0.18
116 285 181.31 0.18
116 286 181.43 0.17
116 287 183.05 0.15
116 288 183.32 0.14
116 289 185.07 0.13
116 290 185.57 0.13
116 291 187.50 0.11
116 292 188.12 0.53
116 293 190.25 0.11
116 294 191.47 0.10
116 295 193.96 0.08
116 296 195.56 0.07
116 297 197.81 0.52
116 298 199.19 0.54
116 299 202.22 0.55
116 300 203.91 0.54
116 301 207.20 0.54
116 302 209.07 0.56
116 303 212.73 0.54
116 304 214.71 0.56
116 305 218.59 0.49
116 306 220.69 0.48
116 307 224.66 0.48
116 308 226.89 0.48
116 309 231.13 0.48
116 310 233.52 0.47
116 311 237.87 0.46
116 312 240.50 0.45
116 313 245.01 0.45
116 314 247.80 0.44
116 315 252.42 0.44
116 316 255.53 0.33
116 317 260.11 0.34
116 318 263.05 0.32
116 319 267.83 0.32
116 320 270.91 0.32
116 321 275.86 0.32
116 322 279.13 0.30
116 323 284.24 0.32
116 324 287.62 0.30
116 325 292.79 0.30
116 326 296.44 0.30
116 327 301.76 0.29
116 328 305.56 0.30
116 329 311.07 0.28
116 330 314.98 0.29
116 331 320.59 0.28
116 332 324.69 0.27
116 333 330.38 0.27
116 334 334.72 0.27
116 335 340.44 0.25
116 336 344.92 0.25
116 337 350.83 0.25
116 338 355.46 0.24
116 339 361.66 0.23
116 340 366.30 0.23
116 341 372.62 0.22
116 342 377.38 0.22
116 343 383.62 0.21
116 344 388.65 0.21
116 345 394.98 0.21
116 346 400.20 0.21
116 347 406.61 0.20
116 348 412.07 0.20
116 349 418.68 0.20
116 350 424.37 0.20
116 351 431.27 0.20
116 352 437.20 0.19
116 353 444.33 0.18
116 354 450.42 0.17
116 355 457.76 0.17
116 356 463.86 0.15
116 357 471.04 0.14
116 358 477.02 0.14
116 359 484.13 0.12
116 360 490.21 0.12
116 361 497.49 0.13
116 362 503.74 0.11
116 363 511.12 0.11
116 364 517.55 0.10
116 365 525.04 0.10
116 366 531.63 0.08
116 367 539.16 0.08
116 368 545.90 0.07
116 369 553.61 0.07
116 370 560.44 0.05
116 371 568.27 0.02
116 372 575.03 0.00
116 373 582.62 0.02
116 374 589.54 0.00
116 375 598.47 0.00
116 376 605.93 0.00
116 377 615.89 0.23
117 285 187.63 0.17
117 286 188.88 0.17
117 287 188.82 0.16
117 288 190.26 0.15
117 289 190.40 0.13
117 290 191.85 0.14
117 291 191.92 0.56
117 292 193.97 0.12
117 293 194.34 0.54
117 294 196.37 0.11
117 295 197.42 0.10
117 296 199.81 0.08
117 297 201.22 0.07
117 298 203.73 0.05
117 299 204.41 0.55
117 300 207.29 0.55
117 301 208.92 0.54
117 302 211.98 0.55
117 303 213.82 0.55
117 304 217.19 0.53
117 305 219.01 0.56
117 306 222.84 0.49
117 307 224.77 0.49
117 308 228.72 0.49
117 309 230.73 0.47
117 310 234.95 0.47
117 311 237.04 0.47
117 312 241.31 0.46
117 313 243.79 0.46
117 314 248.14 0.46
117 315 250.85 0.44
117 316 255.36 0.44
117 317 258.26 0.43
117 318 262.93 0.33
117 319 265.75 0.31
117 320 270.37 0.33
117 321 273.29 0.31
117 322 278.06 0.31
117 323 281.20 0.30
117 324 286.08 0.32
117 325 289.40 0.30
117 326 294.37 0.30
117 327 297.96 0.29
117 328 303.02 0.30
117 329 306.76 0.30
117 330 312.09 0.29
117 331 315.84 0.29
117 332 321.36 0.27
117 333 325.26 0.27
117 334 330.82 0.28
117 335 335.00 0.27
117 336 340.71 0.25
117 337 345.05 0.25
117 338 350.81 0.24
117 339 355.34 0.23
117 340 361.22 0.23
117 341 365.89 0.24
117 342 371.93 0.23
117 343 376.60 0.22
117 344 382.75 0.22
117 345 387.56 0.21
117 346 393.73 0.21
117 347 398.85 0.21
117 348 405.18 0.21
117 349 410.53 0.20
117 350 417.00 0.20
117 351 422.60 0.20
117 352 429.37 0.19
117 353 435.24 0.18
117 354 442.21 0.17
117 355 448.13 0.17
117 356 455.24 0.16
117 357 461.24 0.14
117 358 468.16 0.13
117 359 473.98 0.14
117 360 480.96 0.12
117 361 486.98 0.12
117 362 494.07 0.12
117 363 500.27 0.12
117 364 507.54 0.11
117 365 513.90 0.10
117 366 521.25 0.10
117 367 527.75 0.08
117 369 541.84 0.07
117 370 549.48 0.07
117 371 556.30 0.06
117 372 564.02 0.03
117 373 570.64 0.01
117 374 578.09 0.00
117 375 585.00 0.00
117 376 593.88 0.00
117 377 601.14 0.00
117 378 610.09 0.01
118 287 195.88 0.16
118 288 195.42 0.14
118 289 196.41 0.14
118 290 196.22 0.14
118 291 197.51 0.13
118 292 197.61 0.12
118 293 199.27 0.10
118 294 199.21 0.55
118 295 201.24 0.11
118 296 202.11 0.10
118 297 204.29 0.09
118 298 205.55 0.07
118 299 207.19 0.53
118 300 208.20 0.54
118 301 210.91 0.56
118 302 212.29 0.53
118 303 215.26 0.54
118 304 216.72 0.56
118 305 220.10 0.55
118 306 221.66 0.57
118 307 225.30 0.56
118 308 227.09 0.56
118 309 230.93 0.51
118 310 232.75 0.57
118 311 236.61 0.57
118 312 238.73 0.57
118 313 242.77 0.55
118 314 245.03 0.56
118 315 249.25 0.57
118 316 251.74 0.56
118 317 256.16 0.56
118 318 258.89 0.57
118 319 263.55 0.57
118 320 266.47 0.34
118 321 270.98 0.33
118 322 273.79 0.32
118 323 278.46 0.32
118 324 281.46 0.32
118 325 286.28 0.32
118 326 289.41 0.31
118 327 294.31 0.31
118 328 297.69 0.31
118 329 302.79 0.31
118 330 306.27 0.31
118 331 311.46 0.29
118 332 315.12 0.28
118 333 320.44 0.28
118 334 324.28 0.28
118 335 329.75 0.29
118 336 333.83 0.28
118 337 339.40 0.27
118 338 343.56 0.25
118 339 349.24 0.25
118 340 353.54 0.24
118 341 359.38 0.24
118 342 363.87 0.23
118 343 369.80 0.23
118 344 374.38 0.22
118 345 380.35 0.22
118 346 385.15 0.22
118 347 391.19 0.21
118 348 396.17 0.21
118 349 402.34 0.20
118 350 407.53 0.20
118 351 413.86 0.20
118 352 419.34 0.20
118 353 426.00 0.20
118 354 431.72 0.18
118 355 438.67 0.17
118 356 444.73 0.15
118 357 451.37 0.14
118 358 456.93 0.15
118 359 463.69 0.13
118 360 469.36 0.13
118 361 476.24 0.13
118 362 482.15 0.12
118 363 489.79 0.21
118 364 495.29 0.12
118 365 503.01 0.22
118 366 508.69 0.10
118 367 515.96 0.10
118 368 522.35 0.09
118 369 529.71 0.08
118 370 536.25 0.07
118 371 543.75 0.07
118 372 550.43 0.05
118 373 558.04 0.00
118 374 564.67 0.00
118 375 572.05 0.00
118 376 578.88 0.00
118 377 587.96 0.02
118 378 594.77 0.00
118 379 603.70 0.02
