# Public ULB numerical table: Z A Mcal(MeV) beta2; source precision retained
8 16 -4.01 0.00
8 17 -0.23 0.00
8 18 0.97 0.00
8 19 3.22 -0.09
8 20 4.11 0.13
8 21 8.81 0.14
8 22 10.54 0.17
8 23 14.26 -0.08
8 24 21.13 0.00
8 25 27.83 -0.10
8 26 35.60 -0.06
8 27 44.46 0.00
8 28 51.84 0.00
8 29 59.87 0.13
8 30 69.57 0.25
8 31 78.66 0.34
8 32 87.38 0.33
8 33 96.47 0.36
8 34 105.63 -0.31
9 17 2.30 0.00
9 18 0.63 0.00
9 19 -2.65 0.18
9 20 -0.75 0.43
9 21 -0.57 0.26
9 22 3.46 0.35
9 23 3.18 0.20
9 24 6.16 0.18
9 25 9.74 -0.13
9 26 17.22 0.17
9 27 23.10 0.11
9 28 30.43 0.09
9 29 36.09 -0.06
9 30 46.35 0.15
9 31 54.36 0.29
9 32 62.77 0.39
9 33 71.57 0.38
9 34 80.96 0.44
9 35 90.85 0.39
9 36 100.73 0.46
9 37 108.61 -0.37
9 38 118.24 -0.33
10 18 6.20 0.00
10 19 -0.09 0.20
10 20 -5.01 0.40
10 21 -6.05 0.54
10 22 -6.33 0.53
10 23 -3.05 0.41
10 24 -4.48 -0.30
10 25 -1.72 0.25
10 26 1.05 -0.15
10 27 6.63 0.21
10 28 11.67 0.15
10 29 17.80 0.11
10 30 24.18 0.00
10 31 31.90 0.12
10 32 37.68 0.44
10 33 45.01 0.41
10 34 52.14 0.46
10 35 61.03 0.47
10 36 68.63 0.46
10 37 80.94 0.48
10 38 85.78 0.47
10 39 95.54 -0.34
10 40 103.86 -0.30
10 41 113.48 -0.29
10 42 121.77 0.17
11 19 11.48 -0.13
11 20 5.38 0.45
11 21 -1.96 0.56
11 22 -9.21 0.56
11 23 -10.83 0.57
11 24 -6.40 0.50
11 25 -9.26 0.42
11 26 -7.50 0.41
11 27 -5.54 0.35
11 28 -1.41 0.30
11 29 2.31 0.31
11 30 8.10 -0.09
11 31 12.29 0.50
11 32 17.29 0.56
11 33 22.78 0.51
11 34 30.17 0.40
11 35 35.80 0.45
11 36 43.96 0.38
11 37 50.25 0.47
11 38 63.05 0.50
11 39 65.99 0.48
11 40 75.92 0.48
11 41 84.18 0.41
11 42 93.85 -0.29
11 43 102.05 -0.27
11 44 110.00 -0.11
12 20 15.55 -0.21
12 21 8.71 0.25
12 22 0.71 0.53
12 23 -7.11 0.57
12 24 -13.60 0.57
12 25 -10.15 0.50
12 26 -15.61 -0.37
12 27 -13.85 -0.28
12 28 -13.21 -0.24
12 29 -10.18 -0.21
12 30 -7.46 0.22
12 31 -3.44 -0.10
12 32 0.82 0.00
12 33 5.82 0.54
12 34 9.46 0.51
12 35 15.40 0.52
12 36 20.36 0.45
12 37 27.08 0.43
12 38 32.81 0.46
12 39 44.53 0.45
12 41 56.06 0.46
12 42 64.08 -0.31
12 43 72.82 -0.29
12 44 80.56 -0.29
12 45 87.58 -0.10
12 46 96.23 -0.11
13 21 24.66 0.17
13 22 17.01 0.34
13 23 8.15 0.42
13 24 1.25 0.53
13 25 -6.12 0.50
13 26 -9.88 -0.34
13 27 -16.85 -0.38
13 28 -17.09 -0.32
13 29 -17.02 -0.28
13 30 -14.60 -0.24
13 31 -14.35 -0.23
13 32 -10.51 0.12
13 33 -8.85 0.08
13 34 -3.08 0.14
13 35 -0.80 0.30
13 36 6.34 0.38
13 37 8.55 0.36
13 38 14.19 0.37
13 39 22.77 0.39
13 40 30.28 0.45
13 41 34.22 -0.37
13 42 40.97 -0.34
13 43 47.95 -0.32
13 44 55.77 -0.28
13 45 62.09 -0.28
13 46 71.03 0.13
13 47 78.52 0.11
13 48 87.94 -0.11
14 22 30.33 0.13
14 23 20.43 0.17
14 24 10.81 0.29
14 25 1.99 0.43
14 26 -6.66 -0.37
14 27 -12.17 -0.38
14 28 -21.68 -0.41
14 29 -22.16 -0.34
14 30 -22.59 -0.31
14 31 -21.75 -0.25
14 32 -21.85 -0.24
14 33 -20.38 -0.11
14 34 -19.44 0.07
14 35 -14.29 -0.09
14 36 -11.60 0.20
14 37 -6.74 0.30
14 38 -3.60 0.30
14 39 1.22 0.35
14 40 4.98 -0.32
14 41 11.68 -0.34
14 42 14.16 -0.37
14 43 21.91 -0.35
14 44 28.22 -0.33
14 45 36.31 -0.28
14 46 42.94 -0.29
14 47 51.62 0.10
14 48 58.50 -0.07
14 49 68.62 -0.10
14 50 76.62 -0.18
15 23 38.14 -0.11
15 24 27.85 0.18
15 25 17.93 0.21
15 26 8.81 0.36
15 27 -1.40 -0.30
15 28 -8.54 -0.32
15 29 -18.34 -0.35
15 30 -22.00 -0.28
15 31 -24.11 -0.24
15 32 -24.33 -0.21
15 33 -24.96 -0.24
15 34 -24.14 -0.10
15 35 -23.16 0.00
15 36 -21.01 -0.09
15 37 -19.04 0.23
15 38 -15.01 0.28
15 39 -13.19 0.27
15 40 -9.11 0.31
15 41 -5.98 0.31
15 42 0.33 0.40
15 43 3.26 -0.34
15 44 9.99 -0.31
15 45 14.76 -0.30
15 46 22.62 -0.26
15 47 28.10 -0.30
15 48 36.12 0.12
15 49 42.51 -0.16
15 50 51.45 -0.10
15 51 58.99 0.12
15 52 68.08 -0.15
16 24 46.05 -0.09
16 25 35.73 -0.12
16 26 25.04 -0.17
16 27 14.97 0.37
16 28 4.30 -0.27
16 29 -3.69 -0.28
16 30 -13.95 -0.33
16 31 -19.64 -0.26
16 32 -24.90 -0.26
16 33 -26.68 -0.20
16 34 -27.67 -0.21
16 35 -27.82 -0.09
16 36 -29.52 -0.06
16 37 -26.77 -0.08
16 38 -26.21 0.19
16 39 -22.75 0.24
16 40 -22.32 0.27
16 41 -19.35 0.31
16 42 -17.29 0.32
16 43 -11.73 0.37
16 44 -9.35 -0.30
16 45 -3.88 -0.28
16 46 0.71 -0.26
16 47 7.22 -0.24
16 48 12.61 -0.24
16 49 20.25 0.13
16 50 26.01 -0.19
16 51 34.29 -0.23
16 52 41.22 -0.18
16 53 49.96 -0.15
16 54 57.40 -0.13
17 25 61.28 -0.11
17 26 47.93 0.15
17 27 35.42 0.23
17 28 23.97 0.32
17 29 12.63 -0.23
17 30 4.47 -0.25
17 31 -7.53 -0.27
17 32 -13.77 -0.23
17 33 -20.62 -0.20
17 34 -25.03 -0.19
17 35 -28.20 -0.20
17 36 -28.53 -0.09
17 37 -29.83 0.00
17 38 -29.40 -0.08
17 39 -29.73 0.20
17 40 -27.46 0.22
17 41 -27.98 0.24
17 42 -25.48 0.27
17 43 -24.18 0.27
17 44 -19.64 0.29
17 45 -18.44 -0.25
17 46 -13.99 -0.25
17 47 -10.13 -0.23
17 48 -4.48 -0.22
17 49 0.27 -0.23
17 50 6.64 -0.25
17 51 12.40 -0.24
17 52 19.80 -0.22
17 53 26.31 -0.19
17 54 34.36 -0.16
17 55 41.51 -0.10
17 56 50.64 0.00
17 57 57.68 0.00
17 58 66.94 0.00
17 59 73.75 0.24
17 60 83.01 0.26
17 61 89.94 0.27
17 62 98.92 0.31
17 63 106.70 0.30
17 64 116.17 0.29
18 27 58.54 0.12
18 28 45.21 0.17
18 29 32.47 0.42
18 30 20.19 0.20
18 31 9.44 -0.24
18 32 -2.09 -0.25
18 33 -9.33 -0.19
18 34 -17.04 -0.17
18 35 -22.87 -0.19
18 36 -28.52 -0.14
18 37 -31.12 -0.09
18 38 -34.36 0.06
18 39 -33.43 -0.08
18 40 -34.70 0.10
18 41 -32.80 0.14
18 42 -34.18 0.18
18 43 -32.60 0.25
18 44 -32.12 -0.18
18 45 -29.22 -0.21
18 46 -28.52 -0.23
18 47 -24.90 -0.22
18 48 -21.77 -0.22
18 49 -16.70 -0.22
18 50 -12.74 -0.23
18 51 -6.44 -0.20
18 52 -1.75 -0.23
18 53 5.25 -0.21
18 54 10.88 -0.15
18 55 18.55 -0.14
18 56 24.55 -0.10
18 57 33.31 0.00
18 58 38.88 0.06
18 59 49.22 0.00
18 60 54.60 0.13
18 61 63.95 0.11
18 62 70.76 0.18
18 63 80.20 0.20
18 64 87.19 0.23
18 65 96.09 0.24
18 66 104.07 -0.23
19 29 55.83 0.06
19 30 44.04 0.42
19 31 29.74 -0.12
19 32 19.00 0.13
19 33 6.02 -0.10
19 34 -3.01 -0.11
19 35 -11.39 -0.10
19 36 -17.29 -0.08
19 37 -25.16 -0.09
19 38 -29.98 -0.08
19 39 -33.22 0.00
19 40 -34.48 -0.07
19 41 -36.34 -0.08
19 42 -35.66 -0.08
19 43 -37.59 -0.09
19 44 -36.34 -0.10
19 45 -37.51 -0.11
19 46 -35.13 -0.12
19 47 -34.40 -0.09
19 48 -32.34 -0.13
19 49 -30.03 -0.13
19 50 -25.41 -0.14
19 51 -22.53 -0.09
19 52 -17.33 -0.10
19 53 -13.06 -0.10
19 54 -6.66 -0.11
19 55 -1.94 -0.09
19 56 5.28 -0.08
19 57 10.17 -0.07
19 58 17.82 -0.06
19 59 23.08 -0.06
19 60 31.64 -0.06
19 61 37.74 -0.07
19 62 46.81 -0.08
19 63 53.34 -0.09
19 64 62.14 -0.09
19 65 71.00 0.00
19 66 78.43 -0.15
19 67 85.74 -0.12
19 68 94.71 -0.15
20 31 53.21 0.56
20 32 39.81 0.00
20 33 26.05 0.17
20 34 12.28 0.08
20 35 1.95 -0.06
20 36 -5.66 0.00
20 37 -12.70 0.00
20 38 -21.12 0.00
20 39 -27.25 0.00
20 40 -33.87 0.00
20 41 -35.11 0.00
20 42 -37.94 0.00
20 43 -38.26 0.00
20 44 -41.57 0.06
20 45 -40.45 0.00
20 46 -42.15 0.00
20 47 -42.30 0.07
20 48 -43.40 0.06
20 49 -40.61 -0.06
20 50 -38.96 -0.06
20 51 -34.50 0.00
20 52 -31.94 0.00
20 53 -27.94 -0.07
20 54 -23.54 0.00
20 55 -17.85 0.00
20 56 -13.88 0.00
20 57 -7.82 0.00
20 58 -3.22 0.00
20 59 3.57 0.00
20 60 8.54 0.00
20 61 16.25 0.00
20 62 21.76 0.00
20 63 29.63 0.00
20 64 35.84 0.00
20 65 43.94 0.00
20 66 49.75 0.07
20 67 58.41 0.09
20 68 65.00 0.09
20 69 73.71 0.13
20 70 81.00 0.09
21 32 65.37 0.13
21 33 50.76 0.13
21 34 38.53 0.15
21 35 23.12 -0.10
21 36 12.15 -0.09
21 37 1.64 -0.08
21 38 -6.18 -0.08
21 39 -15.54 -0.08
21 40 -22.50 -0.08
21 41 -29.10 0.00
21 42 -33.51 -0.07
21 43 -37.76 -0.07
21 44 -38.75 0.08
21 45 -41.79 -0.08
21 46 -42.02 0.10
21 47 -44.97 -0.08
21 48 -44.51 0.11
21 49 -46.48 -0.08
21 50 -44.45 -0.09
21 51 -43.72 -0.08
21 52 -40.18 -0.09
21 53 -38.73 -0.07
21 54 -34.60 -0.08
21 55 -31.71 -0.08
21 56 -26.28 -0.10
21 57 -23.38 -0.07
21 58 -17.60 -0.06
21 59 -12.46 0.00
21 60 -7.43 -0.06
21 61 -3.44 -0.06
21 62 3.65 -0.06
21 63 8.56 -0.07
21 64 15.93 0.07
21 65 21.36 0.09
21 66 28.86 0.08
21 67 34.80 0.11
21 68 42.55 0.09
21 69 49.03 0.12
21 70 57.60 0.17
21 71 64.20 -0.08
21 72 72.77 -0.10
21 73 79.90 -0.12
21 74 88.54 -0.12
21 75 95.99 -0.15
21 76 104.27 0.09
21 77 112.24 0.09
21 78 121.18 0.07
21 79 130.22 0.00
21 80 139.16 0.00
22 34 58.44 0.55
22 35 46.00 0.37
22 36 31.83 0.25
22 37 19.55 0.22
22 38 8.24 0.18
22 39 -0.70 0.23
22 40 -10.76 0.12
22 41 -16.89 0.00
22 42 -25.87 0.00
22 43 -31.57 -0.06
22 44 -37.42 0.14
22 45 -40.28 0.25
22 46 -43.65 0.20
22 47 -45.64 0.27
22 48 -47.88 0.20
22 49 -48.08 0.13
22 50 -50.47 0.12
22 51 -49.26 -0.12
22 52 -48.88 -0.13
22 53 -45.90 0.15
22 54 -45.23 0.16
22 55 -41.26 0.19
22 56 -39.48 0.15
22 57 -34.99 -0.11
22 58 -32.50 0.12
22 59 -27.54 0.11
22 60 -24.35 0.09
22 61 -18.63 0.07
22 62 -15.13 0.07
22 63 -7.58 0.00
22 64 -4.46 0.09
22 65 2.40 0.17
22 66 6.87 0.15
22 67 13.95 0.23
22 68 19.12 0.19
22 69 26.66 0.25
22 70 32.43 0.18
22 71 40.58 0.19
22 72 46.98 0.14
22 73 55.09 0.13
22 74 62.09 0.16
22 75 70.39 -0.14
22 76 77.75 -0.15
22 77 86.30 -0.16
22 78 94.03 0.12
22 79 102.74 0.08
22 80 111.04 0.00
22 81 119.84 0.00
22 82 128.28 0.00
23 36 59.61 0.39
23 37 42.98 0.34
23 38 30.39 0.33
23 39 17.85 0.30
23 40 8.13 0.23
23 41 -2.27 0.14
23 42 -11.22 -0.10
23 43 -19.95 0.06
23 44 -26.08 0.09
23 45 -32.60 0.19
23 46 -38.46 0.28
23 47 -42.95 0.28
23 48 -45.78 0.29
23 49 -47.97 0.28
23 50 -48.19 0.20
23 51 -50.84 -0.15
23 52 -50.73 0.18
23 53 -51.03 0.20
23 54 -49.38 0.23
23 55 -48.64 0.17
23 56 -45.80 0.21
23 57 -44.40 0.15
23 58 -40.71 0.16
23 59 -38.53 0.10
23 60 -34.41 0.12
23 61 -31.62 0.07
23 62 -27.01 0.26
23 63 -23.10 0.00
23 64 -17.24 0.00
23 65 -15.04 0.28
23 66 -9.42 0.26
23 67 -5.72 0.25
23 68 0.73 0.24
23 69 5.52 0.24
23 70 12.70 0.27
23 71 17.88 0.26
23 72 26.28 0.21
23 73 32.23 0.26
23 74 40.00 0.19
23 75 46.81 0.18
23 76 54.87 0.16
23 77 61.99 -0.15
23 78 70.16 -0.18
23 79 77.82 -0.15
23 80 86.57 -0.12
23 81 94.00 0.08
23 82 103.32 0.00
23 83 110.94 0.08
23 84 119.83 0.06
24 38 52.37 -0.32
24 39 38.87 0.29
24 40 25.13 0.31
24 41 14.45 0.25
24 42 3.04 0.18
24 43 -6.80 -0.11
24 44 -16.32 0.07
24 45 -22.19 -0.08
24 46 -30.25 0.19
24 47 -36.87 0.30
24 48 -42.76 0.28
24 49 -47.02 0.32
24 50 -49.94 0.27
24 51 -50.92 0.22
24 52 -54.14 0.20
24 53 -54.58 0.21
24 54 -55.63 0.22
24 55 -54.70 0.27
24 56 -54.81 0.21
24 57 -52.45 0.25
24 58 -51.79 0.21
24 59 -48.48 0.21
24 60 -47.19 0.16
24 61 -43.41 0.15
24 62 -41.34 0.15
24 63 -37.10 0.20
24 64 -34.65 0.09
24 65 -29.67 0.29
24 66 -26.69 0.25
24 67 -21.57 0.24
24 68 -18.06 0.23
24 69 -12.49 0.24
24 70 -8.07 0.22
24 71 -1.83 0.23
24 72 3.31 0.22
24 73 10.53 0.22
24 74 16.27 0.25
24 75 23.82 0.21
24 76 29.93 0.21
24 77 37.88 0.20
24 78 44.67 0.18
24 79 53.09 0.14
24 80 60.21 0.14
24 81 68.73 0.12
24 82 76.02 0.09
24 83 84.76 0.13
24 84 92.65 0.08
24 85 101.40 0.11
24 86 109.47 -0.09
25 40 50.02 0.34
25 41 35.20 0.34
25 42 24.07 0.28
25 43 12.47 0.25
25 44 2.20 -0.12
25 45 -8.28 0.06
25 46 -15.52 0.10
25 47 -24.29 0.28
25 48 -31.51 0.30
25 49 -39.07 0.30
25 50 -44.67 0.31
25 51 -48.91 0.30
25 52 -49.76 0.32
25 53 -53.92 0.29
25 54 -54.98 0.31
25 55 -57.06 0.27
25 56 -56.90 0.27
25 57 -57.57 0.27
25 58 -55.98 0.26
25 59 -55.84 0.24
25 60 -53.35 0.23
25 61 -52.49 0.24
25 62 -49.09 0.26
25 63 -47.85 0.34
25 64 -44.26 0.36
25 65 -42.41 0.34
25 66 -38.45 0.31
25 67 -35.73 0.30
25 68 -31.21 0.30
25 69 -28.20 0.26
25 70 -23.18 0.23
25 71 -19.36 0.24
25 72 -13.67 0.22
25 73 -9.09 0.25
25 74 -2.54 0.24
25 75 2.97 0.25
25 76 9.91 0.25
25 77 15.57 0.26
25 78 23.17 0.26
25 79 29.60 0.25
25 80 37.86 0.23
25 81 44.72 0.25
25 82 53.32 0.21
25 83 60.73 0.22
25 84 69.14 0.20
25 85 76.73 0.20
25 86 85.67 0.09
25 87 93.51 0.19
25 88 103.35 -0.11
26 42 44.21 0.35
26 43 31.91 0.29
26 44 19.42 -0.23
26 45 8.31 -0.13
26 46 -3.58 -0.07
26 47 -11.09 -0.08
26 48 -19.91 0.19
26 49 -26.91 0.32
26 50 -35.35 0.27
26 51 -42.41 0.31
26 52 -47.87 0.30
26 53 -50.68 0.33
26 54 -54.77 0.16
26 55 -56.24 -0.19
26 56 -58.87 0.29
26 57 -59.19 0.27
26 58 -60.73 0.28
26 59 -59.34 0.26
26 60 -60.32 0.27
26 61 -58.30 0.23
26 62 -58.26 0.27
26 63 -55.53 0.15
26 64 -54.81 0.13
26 65 -51.43 -0.15
26 66 -50.69 0.09
26 67 -46.86 0.27
26 68 -44.94 0.18
26 69 -40.72 0.23
26 70 -38.57 0.22
26 71 -33.91 0.22
26 72 -30.80 0.21
26 73 -25.54 0.22
26 74 -21.57 0.24
26 75 -15.54 0.20
26 76 -9.79 0.00
26 77 -3.81 -0.12
26 78 1.61 0.20
26 79 8.76 0.21
26 80 14.82 0.21
26 81 22.62 0.23
26 82 29.21 0.23
26 83 37.35 0.20
26 84 44.34 0.21
26 85 52.48 0.18
26 86 59.75 0.15
26 87 68.47 -0.18
26 88 75.99 0.13
26 89 84.97 -0.11
26 90 92.88 0.09
27 44 45.03 0.32
27 45 29.96 -0.24
27 46 18.69 -0.13
27 47 5.58 0.06
27 48 -2.64 0.10
27 49 -12.18 0.24
27 50 -19.06 0.31
27 51 -28.42 0.25
27 52 -34.63 0.34
27 53 -43.13 0.33
27 54 -46.71 0.38
27 55 -53.52 -0.26
27 56 -53.81 -0.22
27 57 -57.18 0.31
27 58 -57.90 0.30
27 59 -60.07 0.30
27 60 -59.28 0.31
27 61 -60.99 0.20
27 62 -59.79 -0.20
27 63 -60.94 -0.20
27 64 -58.81 0.11
27 65 -59.12 0.08
27 66 -56.67 -0.09
27 67 -56.34 0.07
27 68 -52.77 0.10
27 69 -51.84 0.09
27 70 -48.42 0.08
27 71 -46.44 0.12
27 72 -42.07 0.13
27 73 -39.72 0.13
27 74 -35.04 0.17
27 75 -31.54 0.10
27 76 -25.44 0.08
27 77 -22.14 0.06
27 78 -15.03 0.09
27 79 -10.21 0.12
27 80 -3.36 0.18
27 81 2.30 0.19
27 82 9.77 0.20
27 83 15.94 0.20
27 84 23.67 0.18
27 85 30.51 -0.18
27 86 38.25 0.19
27 87 45.29 0.16
27 88 53.68 0.11
27 89 60.82 0.11
27 90 69.15 -0.14
27 91 76.89 0.10
27 92 85.83 0.10
28 46 38.24 -0.26
28 47 25.77 -0.07
28 48 12.30 0.08
28 49 3.21 -0.08
28 50 -6.68 0.15
28 51 -13.99 0.30
28 52 -23.91 0.23
28 53 -32.19 0.32
28 54 -39.32 0.32
28 55 -44.94 -0.25
28 56 -52.13 -0.27
28 57 -54.88 -0.25
28 58 -58.43 -0.24
28 59 -59.62 -0.24
28 60 -62.50 -0.24
28 61 -62.70 -0.25
28 62 -64.73 -0.25
28 63 -64.09 -0.21
28 64 -65.57 -0.19
28 65 -64.11 -0.21
28 66 -64.85 -0.15
28 67 -61.79 0.00
28 68 -62.04 0.00
28 69 -60.21 -0.07
28 70 -59.72 0.06
28 71 -55.34 0.00
28 72 -54.92 0.10
28 73 -50.83 -0.08
28 74 -49.22 0.14
28 75 -44.76 0.23
28 76 -42.40 -0.07
28 77 -37.44 0.06
28 78 -33.30 0.00
28 79 -27.91 -0.12
28 80 -22.82 -0.13
28 81 -16.16 -0.18
28 82 -10.87 -0.18
28 83 -3.70 -0.18
28 84 1.81 -0.22
28 85 9.27 -0.23
28 86 15.24 -0.23
28 87 22.93 -0.24
28 88 29.48 -0.23
28 89 37.62 -0.22
28 90 44.52 -0.19
28 91 52.92 -0.14
28 92 60.01 -0.15
28 93 68.57 0.40
28 94 76.00 -0.11
29 48 36.77 -0.15
29 49 23.02 0.06
29 50 13.11 -0.10
29 51 2.55 0.17
29 52 -5.70 0.19
29 53 -16.10 0.22
29 54 -24.42 0.32
29 55 -32.45 0.32
29 56 -37.73 -0.23
29 57 -46.73 -0.25
29 58 -49.83 -0.23
29 59 -55.44 -0.24
29 60 -57.27 -0.24
29 61 -60.86 -0.24
29 62 -61.31 -0.24
29 63 -64.10 -0.25
29 64 -64.05 -0.21
29 65 -66.20 -0.20
29 66 -65.23 -0.21
29 67 -66.64 -0.18
29 68 -65.04 -0.14
29 69 -65.64 -0.12
29 70 -63.60 -0.12
29 71 -63.29 -0.09
29 72 -60.62 0.12
29 73 -60.10 0.14
29 74 -57.05 0.19
29 75 -55.77 0.18
29 76 -52.10 0.18
29 77 -49.54 0.13
29 78 -44.14 0.09
29 79 -42.38 -0.08
29 80 -35.98 -0.14
29 81 -31.82 -0.15
29 82 -25.99 -0.18
29 83 -21.10 -0.18
29 84 -14.53 -0.22
29 85 -9.45 -0.21
29 86 -2.12 -0.21
29 87 3.09 -0.22
29 88 11.02 -0.26
29 89 16.60 -0.22
29 90 24.64 -0.24
29 91 31.16 -0.22
29 92 38.77 -0.24
29 93 45.58 -0.23
29 94 53.99 0.36
29 95 60.73 0.37
29 96 69.47 0.29
29 97 75.94 0.34
29 98 84.93 0.32
29 99 92.03 0.34
29 100 101.73 0.33
29 101 108.50 0.31
29 102 117.94 0.26
29 103 125.26 0.27
29 104 134.26 0.28
30 50 32.36 -0.06
30 51 21.74 -0.09
30 52 10.85 0.15
30 53 1.74 0.28
30 54 -9.22 0.25
30 55 -18.63 0.29
30 56 -26.90 0.31
30 57 -32.79 0.33
30 58 -42.92 -0.25
30 59 -47.51 -0.24
30 60 -53.11 -0.24
30 61 -55.85 -0.25
30 62 -60.10 -0.25
30 63 -61.28 -0.25
30 64 -64.36 -0.27
30 65 -64.75 -0.29
30 66 -67.47 -0.22
30 67 -67.14 -0.22
30 68 -69.00 -0.20
30 69 -68.10 -0.18
30 70 -68.92 -0.17
30 71 -67.42 -0.14
30 72 -67.83 0.15
30 73 -65.88 -0.16
30 74 -65.95 0.19
30 75 -63.54 0.21
30 76 -62.76 0.19
30 77 -59.65 0.19
30 78 -57.81 0.17
30 79 -53.67 0.08
30 80 -51.75 -0.09
30 81 -46.49 -0.15
30 82 -42.40 -0.15
30 83 -36.57 0.20
30 84 -32.32 0.22
30 85 -25.92 -0.22
30 86 -21.04 -0.21
30 87 -14.25 -0.22
30 88 -9.30 -0.23
30 89 -2.23 -0.23
30 90 3.27 -0.24
30 91 10.72 -0.26
30 92 16.71 -0.24
30 93 24.57 -0.23
30 94 30.82 -0.24
30 95 39.21 0.33
30 96 45.51 -0.25
30 97 53.68 -0.21
30 98 60.47 0.30
30 99 68.59 0.29
30 100 75.58 0.26
30 101 84.42 0.25
30 102 91.26 0.28
30 103 99.67 0.25
30 104 107.25 0.21
30 105 116.04 0.27
30 106 123.81 0.21
31 52 33.18 0.07
31 53 21.87 0.12
31 54 11.78 0.27
31 55 0.32 0.27
31 56 -9.61 0.29
31 57 -18.47 0.30
31 58 -24.77 0.31
31 59 -34.47 -0.25
31 60 -40.33 -0.24
31 61 -47.05 -0.25
31 62 -50.99 -0.25
31 63 -56.13 -0.25
31 64 -58.26 -0.26
31 65 -61.89 -0.26
31 66 -62.81 -0.29
31 67 -65.82 -0.24
31 68 -66.09 -0.22
31 69 -68.45 -0.23
31 70 -68.15 -0.19
31 71 -69.66 -0.22
31 72 -68.41 0.26
31 73 -69.53 -0.20
31 74 -68.29 0.27
31 75 -68.81 0.24
31 76 -67.06 0.21
31 77 -66.77 0.20
31 78 -64.42 0.20
31 79 -62.92 0.21
31 80 -59.04 0.14
31 81 -57.49 -0.11
31 82 -53.12 -0.15
31 83 -49.49 -0.17
31 84 -44.28 -0.21
31 85 -40.45 0.23
31 86 -34.45 0.25
31 87 -30.16 -0.23
31 88 -23.69 -0.23
31 89 -19.32 -0.26
31 90 -12.61 -0.26
31 91 -7.56 -0.25
31 92 -0.70 -0.25
31 93 4.99 -0.26
31 94 12.35 -0.26
31 95 18.15 -0.25
31 96 25.99 -0.26
31 97 31.95 -0.26
31 98 40.07 -0.26
31 99 46.47 -0.24
31 100 54.95 -0.20
31 101 61.25 0.28
31 102 69.15 0.28
31 103 76.10 0.25
31 104 84.17 0.24
31 105 91.38 0.23
31 106 99.95 0.27
31 107 107.20 0.20
31 108 115.86 0.23
32 54 31.30 0.14
32 55 21.45 0.20
32 56 8.86 0.23
32 57 -1.75 0.29
32 58 -11.36 0.28
32 59 -18.06 0.32
32 60 -28.61 -0.25
32 61 -35.11 -0.24
32 62 -42.59 -0.25
32 63 -47.42 -0.25
32 64 -53.61 -0.26
32 65 -56.53 -0.26
32 66 -60.91 -0.27
32 67 -62.38 -0.30
32 68 -65.85 -0.24
32 69 -66.57 -0.24
32 70 -69.44 -0.22
32 71 -69.67 -0.19
32 72 -71.91 -0.24
32 73 -71.17 0.20
32 74 -72.71 0.25
32 75 -72.02 0.26
32 76 -73.11 0.22
32 77 -71.70 0.20
32 78 -72.20 0.20
32 79 -70.47 0.19
32 80 -69.66 0.21
32 81 -66.33 0.15
32 82 -65.45 -0.09
32 83 -61.28 -0.16
32 84 -58.09 -0.17
32 85 -53.13 0.22
32 86 -49.94 0.23
32 87 -44.34 0.24
32 88 -40.43 -0.23
32 89 -34.51 -0.25
32 90 -30.25 -0.24
32 91 -23.96 -0.23
32 92 -19.42 -0.25
32 93 -12.87 -0.25
32 94 -7.77 -0.25
32 95 -0.79 -0.27
32 96 4.71 -0.28
32 97 11.84 -0.26
32 98 17.64 -0.26
32 99 25.51 -0.25
32 100 31.32 -0.25
32 101 39.25 -0.21
32 102 45.67 0.29
32 103 53.22 0.27
32 104 59.88 0.25
32 105 67.78 0.23
32 106 74.46 0.23
32 107 83.26 0.17
32 108 89.69 0.21
32 109 98.12 0.23
32 110 105.52 0.18
33 56 31.96 0.26
33 57 19.92 0.24
33 58 9.01 0.28
33 59 -1.43 0.30
33 60 -8.36 0.31
33 61 -19.69 -0.26
33 62 -25.67 -0.26
33 63 -34.49 -0.25
33 64 -40.21 -0.26
33 65 -47.28 -0.28
33 66 -51.44 -0.27
33 67 -56.74 -0.28
33 68 -59.19 -0.30
33 69 -62.72 -0.27
33 70 -63.88 -0.25
33 71 -67.35 -0.27
33 72 -68.21 -0.27
33 73 -70.86 -0.25
33 74 -70.70 -0.24
33 75 -72.93 -0.25
33 76 -72.32 0.27
33 77 -73.87 0.24
33 78 -73.25 0.21
33 79 -74.25 0.21
33 80 -73.26 0.19
33 81 -72.81 0.21
33 82 -70.12 0.15
33 83 -69.47 -0.10
33 84 -65.87 -0.15
33 85 -63.13 -0.17
33 86 -58.84 0.21
33 87 -56.06 0.23
33 88 -50.86 0.23
33 89 -47.74 -0.25
33 90 -42.53 -0.26
33 91 -38.65 -0.26
33 92 -32.83 -0.27
33 93 -28.65 -0.27
33 94 -22.60 -0.28
33 95 -17.91 -0.28
33 96 -11.36 -0.27
33 97 -6.44 -0.27
33 98 0.25 -0.27
33 99 5.70 -0.27
33 100 12.96 -0.27
33 101 18.57 -0.27
33 102 26.50 -0.26
33 103 32.19 -0.26
33 104 39.87 0.27
33 105 45.99 0.26
33 106 53.88 0.21
33 107 60.18 0.24
33 108 67.91 0.23
33 109 74.70 0.21
33 110 82.69 0.23
33 111 89.71 0.19
33 112 97.90 0.20
33 113 105.40 0.20
33 114 114.31 0.19
33 115 122.02 0.22
33 116 130.45 0.22
33 117 138.46 0.23
33 118 147.24 0.23
33 119 155.78 0.24
33 120 164.65 -0.21
34 58 29.81 0.20
34 59 18.14 0.30
34 60 7.11 0.29
34 61 -0.90 0.34
34 62 -12.61 -0.26
34 63 -20.11 -0.26
34 64 -28.50 -0.27
34 65 -34.81 -0.27
34 66 -42.55 -0.27
34 67 -47.66 -0.28
34 68 -53.73 -0.28
34 69 -56.93 -0.30
34 70 -61.16 -0.30
34 71 -62.97 -0.25
34 72 -66.81 -0.29
34 73 -68.13 -0.27
34 74 -71.41 -0.26
34 75 -71.84 -0.24
34 76 -74.47 -0.25
34 77 -74.27 0.25
34 78 -76.51 0.20
34 79 -76.18 0.20
34 80 -77.89 0.20
34 81 -77.37 0.19
34 82 -77.58 0.21
34 83 -75.62 0.10
34 84 -75.74 -0.11
34 85 -72.47 -0.13
34 86 -70.05 -0.18
34 87 -65.90 0.20
34 88 -63.60 0.22
34 89 -58.88 0.23
34 90 -56.02 0.24
34 91 -51.07 -0.25
34 92 -47.58 -0.25
34 93 -41.81 -0.26
34 94 -38.51 -0.27
34 95 -32.81 -0.27
34 96 -28.60 -0.27
34 97 -22.50 -0.28
34 98 -17.93 -0.28
34 99 -11.16 -0.28
34 100 -6.47 -0.27
34 101 0.23 -0.27
34 102 5.63 -0.26
34 103 13.01 -0.26
34 104 18.50 -0.26
34 105 25.71 0.26
34 106 31.64 0.26
34 107 38.96 0.27
34 108 45.17 0.24
34 109 52.71 0.22
34 110 59.02 0.20
34 111 66.96 0.23
34 112 73.30 0.16
34 113 81.48 0.20
34 114 88.33 0.14
34 115 97.04 0.18
34 116 104.53 0.00
34 117 112.89 -0.08
34 118 120.89 0.18
34 119 129.25 0.22
34 120 137.87 0.21
34 121 146.13 -0.18
34 122 155.00 -0.19
35 60 30.55 0.25
35 61 18.57 0.24
35 62 9.85 -0.22
35 63 -2.33 -0.22
35 64 -10.43 -0.22
35 65 -19.19 -0.28
35 66 -26.02 -0.27
35 67 -34.28 -0.27
35 68 -40.33 -0.28
35 69 -47.19 -0.30
35 70 -51.63 -0.32
35 71 -56.56 -0.33
35 72 -58.81 -0.28
35 73 -63.07 -0.29
35 74 -64.77 -0.19
35 75 -68.56 -0.26
35 76 -69.69 -0.26
35 77 -72.64 -0.25
35 78 -72.97 -0.16
35 79 -75.69 0.18
35 80 -75.83 0.18
35 81 -78.26 0.18
35 82 -78.28 0.17
35 83 -78.73 0.16
35 84 -78.17 0.10
35 85 -78.21 -0.09
35 86 -75.57 -0.14
35 87 -73.51 -0.16
35 88 -69.76 -0.17
35 89 -67.63 0.20
35 90 -63.46 -0.20
35 91 -60.78 0.21
35 92 -56.98 -0.26
35 93 -54.04 -0.28
35 94 -49.01 -0.29
35 95 -45.78 -0.30
35 96 -40.36 -0.29
35 97 -36.69 -0.31
35 98 -31.08 -0.30
35 99 -26.95 -0.30
35 100 -20.52 -0.29
35 101 -16.21 -0.29
35 102 -10.03 -0.30
35 103 -4.98 -0.29
35 104 1.88 -0.29
35 105 7.07 -0.30
35 106 14.32 -0.29
35 107 19.79 -0.28
35 108 27.22 0.27
35 109 33.34 0.18
35 110 40.30 0.19
35 111 46.10 0.14
35 112 53.53 0.14
35 113 59.25 0.13
35 114 66.94 0.13
35 115 73.38 0.10
35 116 81.45 0.06
35 117 88.55 0.00
35 118 97.14 -0.08
35 119 104.76 0.11
35 120 113.22 0.16
35 121 121.42 0.16
35 122 129.83 -0.19
35 123 138.24 -0.16
35 124 146.99 -0.20
36 62 28.24 0.34
36 63 18.15 0.41
36 64 5.97 -0.22
36 65 -2.84 -0.22
36 66 -12.29 -0.24
36 67 -19.54 -0.26
36 68 -28.26 -0.26
36 69 -34.69 -0.29
36 70 -42.20 -0.30
36 71 -47.26 -0.32
36 72 -53.06 -0.31
36 73 -56.34 -0.25
36 74 -61.34 -0.30
36 75 -64.11 0.53
36 76 -67.94 -0.24
36 77 -69.33 -0.24
36 78 -73.07 -0.23
36 79 -73.85 -0.15
36 80 -76.91 0.16
36 81 -77.21 0.18
36 82 -80.23 0.14
36 83 -80.79 0.17
36 84 -82.27 -0.11
36 85 -82.06 0.08
36 86 -83.23 -0.08
36 87 -80.54 -0.13
36 88 -78.97 -0.15
36 89 -75.58 -0.17
36 90 -73.92 -0.19
36 91 -70.06 -0.19
36 92 -67.98 -0.24
36 93 -63.87 -0.24
36 94 -61.36 -0.27
36 95 -56.71 -0.27
36 96 -53.90 -0.27
36 97 -49.02 -0.27
36 98 -45.70 -0.28
36 99 -40.30 -0.26
36 100 -36.67 -0.29
36 101 -30.66 -0.27
36 102 -26.89 -0.26
36 103 -20.74 -0.26
36 104 -16.32 -0.26
36 105 -9.69 0.37
36 106 -5.00 -0.25
36 107 1.80 -0.22
36 108 6.91 -0.23
36 109 13.95 0.23
36 110 19.11 -0.19
36 111 26.23 0.17
36 112 31.65 0.12
36 113 38.74 0.13
36 114 44.07 0.11
36 115 51.60 0.11
36 116 57.12 -0.06
36 117 65.70 0.00
36 118 71.37 0.00
36 119 79.95 -0.07
36 120 87.36 -0.08
36 121 95.99 -0.10
36 122 103.88 -0.13
36 123 112.74 -0.15
36 124 120.58 -0.15
36 125 129.58 -0.16
36 126 137.62 -0.17
37 64 29.80 -0.23
37 65 17.87 -0.20
37 66 8.25 -0.23
37 67 -1.76 -0.24
37 68 -9.49 -0.22
37 69 -18.78 -0.26
37 70 -25.91 -0.27
37 71 -33.78 -0.28
37 72 -39.55 -0.33
37 73 -46.23 -0.26
37 74 -51.00 0.47
37 75 -56.78 0.50
37 76 -60.35 0.50
37 77 -64.19 0.48
37 78 -66.10 0.48
37 79 -69.96 -0.24
37 80 -71.35 -0.16
37 81 -74.75 0.13
37 82 -75.67 0.13
37 83 -79.17 0.12
37 84 -79.88 0.19
37 85 -81.89 0.12
37 86 -82.45 0.08
37 87 -84.14 0.07
37 88 -82.00 -0.12
37 89 -80.92 -0.14
37 90 -77.94 -0.17
37 91 -76.71 -0.17
37 92 -73.08 -0.22
37 93 -71.66 -0.21
37 94 -67.86 -0.21
37 95 -65.62 -0.20
37 96 -61.63 -0.22
37 97 -59.12 -0.26
37 98 -55.06 0.44
37 99 -52.30 0.45
37 100 -47.39 0.44
37 101 -44.09 0.45
37 102 -39.16 0.44
37 103 -35.16 0.44
37 104 -29.36 0.44
37 105 -25.34 0.44
37 106 -19.35 0.44
37 107 -14.56 -0.22
37 108 -8.21 -0.21
37 109 -3.48 -0.21
37 110 3.10 -0.23
37 111 7.96 -0.18
37 112 14.76 -0.14
37 113 19.77 0.11
37 114 26.19 -0.11
37 115 31.41 0.09
37 116 38.35 0.08
37 117 43.70 0.06
37 118 50.65 0.05
37 119 56.93 0.00
37 120 65.43 -0.06
37 121 72.64 -0.09
37 122 81.15 -0.10
37 123 88.73 -0.11
37 124 97.32 -0.13
37 125 105.12 -0.14
37 126 114.03 -0.14
37 127 121.84 -0.15
37 128 130.72 -0.15
38 66 26.94 -0.13
38 67 17.03 -0.20
38 68 6.51 -0.22
38 69 -1.89 -0.27
38 70 -11.70 -0.28
38 71 -19.26 -0.29
38 72 -27.71 -0.30
38 73 -33.90 -0.33
38 74 -41.24 -0.25
38 75 -46.98 0.50
38 76 -53.68 0.53
38 77 -58.02 0.53
38 78 -62.41 0.55
38 79 -64.72 0.58
38 80 -69.04 -0.24
38 81 -70.91 -0.14
38 82 -74.89 -0.16
38 83 -76.39 -0.17
38 84 -80.08 -0.11
38 85 -81.11 0.16
38 86 -84.36 -0.10
38 87 -85.30 0.08
38 88 -87.99 0.06
38 89 -85.63 -0.10
38 90 -84.84 -0.13
38 91 -82.11 -0.16
38 92 -81.38 -0.18
38 93 -78.31 -0.22
38 94 -77.07 -0.23
38 95 -73.75 -0.21
38 96 -72.04 -0.25
38 97 -68.22 -0.25
38 98 -66.14 -0.23
38 99 -62.52 0.46
38 100 -59.98 0.46
38 101 -55.59 0.42
38 102 -52.81 0.44
38 103 -48.02 0.43
38 104 -44.52 0.42
38 105 -39.20 0.43
38 106 -35.41 0.42
38 107 -29.86 0.43
38 108 -25.52 -0.21
38 109 -19.52 -0.20
38 110 -15.23 -0.19
38 111 -8.95 -0.18
38 112 -4.54 -0.19
38 113 1.92 -0.10
38 114 6.45 -0.10
38 115 12.71 -0.11
38 116 18.34 0.00
38 117 24.73 0.00
38 118 29.54 0.00
38 119 36.46 0.00
38 120 41.43 0.00
38 121 50.02 0.00
38 122 56.77 -0.05
38 123 65.51 -0.10
38 124 72.73 -0.10
38 125 81.28 -0.09
38 126 88.92 -0.10
38 127 97.63 -0.12
38 128 105.44 -0.12
38 129 113.98 -0.13
38 130 122.03 -0.14
39 68 29.25 -0.18
39 69 17.89 -0.20
39 70 8.98 -0.26
39 71 -1.38 -0.28
39 72 -9.47 -0.28
39 73 -18.42 -0.29
39 74 -25.05 -0.31
39 75 -33.09 0.55
39 76 -39.91 0.51
39 77 -44.65 0.11
39 78 -49.58 0.07
39 79 -57.76 0.53
39 80 -60.65 0.55
39 81 -65.08 -0.19
39 82 -67.36 -0.20
39 83 -71.69 0.10
39 84 -73.86 -0.17
39 85 -77.75 -0.11
39 86 -79.43 0.08
39 87 -82.46 0.00
39 88 -84.89 0.06
39 89 -86.58 0.00
39 90 -85.88 -0.06
39 91 -84.43 0.00
39 92 -83.08 -0.11
39 93 -82.91 -0.17
39 94 -80.40 -0.18
39 95 -79.52 -0.18
39 96 -76.66 -0.19
39 97 -75.21 -0.25
39 98 -72.48 0.48
39 99 -70.87 0.47
39 100 -67.54 0.49
39 101 -65.48 0.46
39 102 -61.39 0.50
39 103 -58.96 0.48
39 104 -54.60 0.47
39 105 -51.51 0.47
39 106 -46.67 0.47
39 107 -43.27 0.47
39 108 -38.08 0.46
39 109 -34.09 0.47
39 110 -28.31 -0.19
39 111 -23.95 -0.19
39 112 -18.60 -0.18
39 113 -14.49 -0.17
39 114 -8.28 -0.17
39 115 -3.89 0.07
39 116 1.94 -0.11
39 117 6.77 0.00
39 118 12.80 0.00
39 119 17.26 0.00
39 120 23.86 0.00
39 121 28.50 0.00
39 122 36.80 0.00
39 123 43.86 0.00
39 124 52.19 0.00
39 125 59.59 0.00
39 126 67.47 -0.07
39 127 74.94 -0.07
39 128 84.08 0.00
39 129 91.03 -0.08
39 130 100.03 0.00
39 131 107.36 -0.06
39 132 116.54 0.00
40 70 27.38 -0.24
40 71 17.85 -0.23
40 72 6.80 -0.27
40 73 -1.69 -0.28
40 74 -11.09 -0.30
40 75 -18.11 -0.31
40 76 -26.74 -0.24
40 77 -33.48 0.49
40 78 -41.41 0.54
40 79 -47.50 0.56
40 80 -53.55 0.55
40 81 -57.49 0.60
40 82 -62.82 -0.21
40 83 -65.54 -0.14
40 84 -70.37 0.08
40 85 -72.68 0.11
40 86 -77.47 -0.10
40 87 -79.29 0.08
40 88 -82.74 0.00
40 89 -84.28 0.00
40 90 -87.74 0.00
40 91 -87.70 -0.08
40 92 -87.69 -0.11
40 93 -85.72 -0.16
40 94 -85.89 -0.19
40 95 -83.78 -0.20
40 96 -83.40 -0.22
40 97 -80.92 -0.23
40 98 -80.12 -0.23
40 99 -77.06 -0.24
40 100 -75.97 0.42
40 101 -73.04 0.46
40 102 -71.44 0.44
40 103 -67.65 0.43
40 104 -65.77 0.44
40 105 -61.68 0.44
40 106 -59.00 -0.26
40 107 -54.41 -0.27
40 108 -51.65 -0.24
40 109 -46.51 -0.24
40 110 -43.44 -0.23
40 111 -38.12 -0.21
40 112 -34.70 -0.20
40 113 -29.15 -0.20
40 114 -25.29 -0.18
40 115 -19.41 -0.16
40 116 -15.46 -0.10
40 117 -9.95 -0.11
40 118 -6.07 -0.06
40 119 -0.01 0.06
40 120 4.60 0.00
40 121 10.85 0.00
40 122 15.13 0.00
40 123 23.23 0.00
40 124 30.10 0.00
40 125 38.25 0.00
40 126 44.87 -0.07
40 127 53.11 -0.07
40 128 60.40 -0.08
40 129 69.47 0.00
40 130 76.35 -0.09
40 131 85.11 0.00
40 132 92.94 0.00
40 133 101.31 0.00
40 134 108.62 -0.06
41 72 29.54 0.28
41 73 18.37 -0.27
41 74 9.18 -0.28
41 75 -0.77 -0.28
41 76 -8.16 -0.29
41 77 -17.40 -0.26
41 78 -24.58 0.48
41 79 -32.55 -0.27
41 80 -39.77 0.56
41 81 -46.59 0.61
41 82 -50.55 -0.26
41 83 -57.25 -0.23
41 84 -60.69 -0.14
41 85 -66.30 0.13
41 86 -69.07 -0.09
41 87 -74.34 0.12
41 88 -76.56 -0.09
41 89 -81.32 -0.08
41 90 -83.31 0.07
41 91 -86.74 -0.06
41 92 -86.41 -0.09
41 93 -86.95 -0.11
41 94 -85.55 -0.12
41 95 -85.81 -0.12
41 96 -84.20 -0.18
41 97 -83.96 -0.19
41 98 -81.60 -0.23
41 99 -81.60 -0.25
41 100 -79.40 -0.25
41 101 -78.22 -0.22
41 102 -75.84 -0.25
41 103 -74.52 0.42
41 104 -71.47 0.49
41 105 -69.68 -0.25
41 106 -66.05 -0.25
41 107 -64.15 -0.25
41 108 -60.19 -0.25
41 109 -57.79 -0.24
41 110 -52.96 -0.24
41 111 -50.37 -0.24
41 112 -45.02 -0.24
41 113 -42.11 -0.23
41 114 -36.97 -0.22
41 115 -33.24 -0.17
41 116 -27.98 -0.09
41 117 -24.54 -0.07
41 118 -19.20 -0.07
41 119 -15.76 -0.07
41 120 -10.17 -0.07
41 121 -5.59 0.00
41 122 0.34 0.00
41 123 4.30 0.00
41 124 12.18 0.00
41 125 18.81 0.00
41 126 26.06 -0.07
41 127 32.81 -0.09
41 128 40.95 -0.08
41 129 47.88 -0.10
41 130 56.10 -0.11
41 131 63.27 -0.11
41 132 71.47 -0.11
41 133 78.99 -0.12
41 134 87.23 -0.13
41 135 94.63 -0.21
41 136 102.83 -0.21
42 74 27.63 0.29
42 75 17.84 -0.26
42 76 7.53 -0.27
42 77 -0.59 -0.30
42 78 -10.09 -0.21
42 79 -17.31 -0.20
42 80 -26.39 -0.21
42 81 -33.18 0.55
42 82 -41.16 -0.23
42 83 -46.43 -0.26
42 84 -53.21 0.06
42 85 -57.76 0.06
42 86 -63.76 0.10
42 87 -67.08 0.10
42 88 -72.76 0.07
42 89 -75.50 0.08
42 90 -79.65 0.00
42 91 -83.50 0.07
42 92 -86.33 0.00
42 93 -87.26 -0.08
42 94 -87.97 0.09
42 95 -86.89 0.14
42 96 -87.87 0.19
42 97 -86.44 -0.19
42 98 -86.98 0.24
42 99 -85.13 0.25
42 100 -85.24 -0.21
42 101 -83.08 -0.21
42 102 -82.81 0.34
42 103 -80.32 0.40
42 104 -79.74 -0.24
42 105 -76.76 -0.26
42 106 -75.75 -0.25
42 107 -72.87 -0.24
42 108 -70.82 -0.25
42 109 -67.16 -0.24
42 110 -65.17 -0.24
42 111 -60.89 -0.22
42 112 -58.60 -0.22
42 113 -53.94 -0.21
42 114 -51.06 -0.20
42 115 -46.39 -0.21
42 116 -43.25 -0.16
42 117 -37.94 -0.09
42 118 -34.90 0.07
42 119 -29.84 -0.10
42 120 -26.05 0.00
42 121 -21.01 0.00
42 122 -17.55 0.00
42 123 -11.91 0.00
42 124 -8.27 0.00
42 125 -0.62 0.00
42 126 5.78 0.00
42 127 13.52 0.00
42 128 20.28 0.00
42 129 27.54 -0.07
42 130 34.40 0.09
42 131 42.41 0.07
42 132 49.45 -0.09
42 133 57.40 -0.10
42 134 64.58 -0.17
42 135 72.87 -0.13
42 136 79.89 -0.20
42 137 88.04 -0.19
42 138 95.36 -0.22
42 139 103.86 -0.21
42 140 111.30 -0.22
42 141 119.84 -0.23
42 142 127.25 -0.24
42 143 136.00 -0.25
42 144 143.79 -0.23
42 145 153.60 -0.23
42 146 160.54 -0.23
43 76 29.85 0.28
43 77 18.89 -0.27
43 78 10.14 -0.29
43 79 0.38 -0.22
43 80 -7.36 -0.16
43 81 -16.90 -0.14
43 82 -24.01 -0.20
43 83 -32.49 -0.22
43 84 -38.58 -0.21
43 85 -46.39 -0.13
43 86 -51.81 0.07
43 87 -58.34 0.08
43 88 -62.33 0.10
43 89 -68.48 0.08
43 90 -71.71 0.08
43 91 -76.92 0.07
43 92 -80.47 0.06
43 93 -83.59 0.00
43 94 -84.58 0.08
43 95 -85.81 0.09
43 96 -85.29 0.18
43 97 -86.96 0.17
43 98 -86.08 0.19
43 99 -86.83 0.21
43 100 -85.53 0.21
43 101 -85.75 0.19
43 102 -83.88 0.19
43 103 -84.17 0.31
43 104 -81.92 0.38
43 105 -81.53 0.31
43 106 -78.84 0.39
43 107 -78.27 -0.24
43 108 -75.87 -0.24
43 109 -74.25 -0.23
43 110 -71.09 -0.24
43 111 -69.38 -0.23
43 112 -65.64 -0.23
43 113 -63.47 -0.23
43 114 -59.38 -0.20
43 115 -56.91 -0.20
43 116 -52.61 -0.20
43 117 -49.70 -0.14
43 118 -45.00 0.10
43 119 -42.41 0.13
43 120 -37.72 0.07
43 121 -35.11 0.07
43 122 -29.71 0.00
43 123 -26.60 0.00
43 124 -21.29 0.00
43 125 -17.99 0.00
43 126 -10.56 0.00
43 127 -4.41 0.00
43 128 3.12 0.00
43 129 8.97 0.07
43 130 16.56 0.11
43 131 23.19 0.09
43 132 31.15 0.07
43 133 37.63 0.18
43 134 45.61 0.17
43 135 52.52 0.19
43 136 60.58 0.20
43 137 67.48 -0.16
43 138 75.39 -0.17
43 139 82.80 -0.17
43 140 90.77 -0.22
43 141 97.93 -0.23
43 142 106.33 -0.24
43 143 113.49 -0.24
43 144 122.01 -0.24
43 145 129.50 -0.24
43 146 138.72 -0.24
43 147 145.82 -0.24
43 148 154.77 -0.23
44 78 28.23 0.26
44 79 19.00 -0.31
44 80 8.68 -0.17
44 81 0.39 -0.17
44 82 -9.66 -0.21
44 83 -17.09 0.07
44 84 -26.35 0.07
44 85 -32.94 -0.10
44 86 -41.34 0.09
44 87 -47.28 0.07
44 88 -54.66 0.10
44 89 -59.25 0.11
44 90 -65.96 0.11
44 91 -69.59 0.09
44 92 -75.40 -0.06
44 93 -79.06 0.07
44 94 -82.71 0.00
44 95 -84.30 -0.08
44 96 -85.94 -0.09
44 97 -85.75 0.14
44 98 -87.72 0.20
44 99 -87.19 0.20
44 100 -88.60 0.24
44 101 -87.60 0.22
44 102 -88.43 0.24
44 103 -86.76 0.26
44 104 -87.34 0.27
44 105 -85.36 0.34
44 106 -85.49 -0.22
44 107 -83.38 -0.24
44 108 -83.15 -0.24
44 109 -80.55 -0.22
44 110 -79.92 -0.24
44 111 -77.00 -0.24
44 112 -75.68 -0.24
44 113 -72.04 -0.22
44 114 -70.51 -0.23
44 115 -66.66 -0.20
44 116 -64.49 -0.19
44 117 -60.10 0.17
44 118 -58.15 -0.17
44 119 -54.07 -0.08
44 120 -51.68 0.09
44 121 -47.20 0.06
44 122 -44.17 0.00
44 123 -39.80 0.00
44 124 -37.02 0.00
44 125 -32.03 0.00
44 126 -29.07 0.00
44 127 -21.84 0.00
44 128 -15.92 0.00
44 129 -9.28 0.06
44 130 -3.19 0.09
44 131 4.22 0.11
44 132 10.54 0.12
44 133 18.26 0.17
44 134 24.47 0.17
44 135 32.27 0.16
44 136 38.80 0.21
44 137 46.98 0.13
44 138 53.53 0.24
44 139 61.60 0.17
44 140 68.34 0.25
44 141 76.28 -0.23
44 142 83.34 0.28
44 143 91.58 -0.21
44 144 98.68 0.31
44 145 106.53 -0.24
44 146 114.35 0.32
44 147 122.68 0.33
44 148 130.34 -0.23
44 149 139.32 0.25
44 150 145.95 -0.23
45 80 30.91 0.19
45 81 19.66 -0.19
45 82 10.87 -0.18
45 83 0.34 -0.17
45 84 -7.36 -0.06
45 85 -16.15 0.00
45 86 -24.10 -0.10
45 87 -32.91 0.07
45 88 -39.49 0.07
45 89 -47.52 0.10
45 90 -53.09 0.12
45 91 -60.18 0.11
45 92 -64.64 0.15
45 93 -69.89 0.00
45 94 -74.74 0.06
45 95 -78.98 0.00
45 96 -79.38 0.00
45 97 -82.47 0.10
45 98 -83.05 0.18
45 99 -85.54 0.19
45 100 -85.33 0.23
45 101 -87.35 0.20
45 102 -86.77 0.21
45 103 -87.82 0.23
45 104 -86.79 0.26
45 105 -87.64 0.25
45 106 -85.92 0.23
45 107 -86.39 0.29
45 108 -84.41 0.31
45 109 -84.40 0.31
45 110 -82.22 0.30
45 111 -82.05 -0.24
45 112 -79.57 -0.24
45 113 -78.51 -0.22
45 114 -75.09 0.27
45 115 -74.06 -0.22
45 116 -70.17 0.24
45 117 -69.11 -0.16
45 118 -65.36 -0.15
45 119 -63.73 -0.14
45 120 -59.91 0.11
45 121 -57.83 0.08
45 122 -54.01 0.08
45 123 -51.93 0.06
45 124 -47.29 0.00
45 125 -44.85 0.00
45 126 -40.20 0.00
45 127 -37.57 0.00
45 128 -30.57 0.00
45 129 -24.91 0.00
45 130 -18.24 0.10
45 131 -12.53 0.11
45 132 -5.47 0.11
45 133 0.43 0.16
45 134 7.71 0.17
45 135 13.76 0.19
45 136 21.10 0.20
45 137 27.51 0.20
45 138 35.14 0.20
45 139 41.69 0.22
45 140 49.47 0.25
45 141 56.21 0.27
45 142 64.16 0.28
45 143 70.50 0.31
45 144 78.73 0.23
45 145 85.27 0.31
45 146 93.58 0.35
45 147 100.56 0.35
45 148 108.88 0.28
45 149 116.16 0.35
45 150 124.56 0.35
45 151 132.23 0.31
45 152 140.66 0.33
46 82 28.89 0.18
46 83 19.85 0.15
46 84 8.60 -0.13
46 85 -0.08 0.08
46 86 -9.97 -0.06
46 87 -17.57 -0.10
46 88 -26.83 0.07
46 89 -33.73 0.08
46 90 -42.45 0.10
46 91 -48.37 0.11
46 92 -56.25 0.10
46 93 -61.04 0.11
46 94 -67.88 -0.06
46 95 -72.36 0.06
46 96 -76.81 0.00
46 97 -78.99 -0.07
46 98 -81.48 0.11
46 99 -82.11 0.16
46 100 -85.00 0.19
46 101 -85.30 0.20
46 102 -87.52 0.19
46 103 -87.40 0.22
46 104 -89.11 0.22
46 105 -88.28 0.20
46 106 -89.49 0.22
46 107 -88.31 0.22
46 108 -89.01 0.22
46 109 -87.35 0.21
46 110 -87.73 0.27
46 111 -85.89 0.25
46 112 -85.68 0.29
46 113 -83.28 0.24
46 114 -82.86 0.24
46 115 -80.33 0.26
46 116 -79.29 0.23
46 117 -76.24 0.22
46 118 -75.09 0.19
46 119 -72.32 0.16
46 120 -70.67 0.13
46 121 -67.65 0.11
46 122 -65.93 0.08
46 123 -62.20 0.10
46 124 -60.55 0.06
46 125 -56.58 0.06
46 126 -53.96 0.00
46 127 -49.62 0.00
46 128 -47.32 0.00
46 129 -40.54 0.00
46 130 -35.13 0.00
46 131 -28.25 0.00
46 132 -23.52 0.11
46 133 -16.63 0.12
46 134 -11.05 0.14
46 135 -3.97 0.15
46 136 1.81 0.17
46 137 9.41 0.14
46 138 15.17 0.19
46 139 22.46 0.21
46 140 28.94 0.21
46 141 36.37 0.22
46 142 42.89 0.23
46 143 50.25 0.30
46 144 56.81 0.31
46 145 64.69 0.28
46 146 71.23 0.30
46 147 79.23 0.26
46 148 85.83 0.34
46 149 94.04 0.30
46 150 101.19 0.31
46 151 109.19 0.29
46 152 116.62 0.28
46 153 124.84 0.25
46 154 132.29 0.26
47 84 31.30 0.12
47 85 19.88 -0.12
47 86 10.56 0.06
47 87 0.45 0.06
47 88 -7.76 -0.10
47 89 -17.30 0.07
47 90 -24.96 0.08
47 91 -34.03 0.11
47 92 -40.70 0.11
47 93 -48.90 0.11
47 94 -54.88 0.15
47 95 -61.61 0.06
47 96 -66.94 0.07
47 97 -71.83 0.00
47 98 -74.18 0.08
47 99 -76.97 0.10
47 100 -78.11 0.14
47 101 -81.40 0.18
47 102 -82.38 0.19
47 103 -85.02 0.20
47 104 -85.33 0.20
47 105 -87.42 0.20
47 106 -87.12 0.20
47 107 -88.72 0.21
47 108 -87.96 0.20
47 109 -88.94 0.21
47 110 -87.87 0.21
47 111 -88.37 0.21
47 112 -86.90 0.20
47 113 -87.10 0.22
47 114 -85.39 0.21
47 115 -85.09 0.22
47 116 -82.89 0.20
47 117 -82.39 0.21
47 118 -79.85 0.19
47 119 -79.05 0.18
47 120 -76.54 0.17
47 121 -75.23 0.17
47 122 -72.29 0.10
47 123 -70.89 0.09
47 124 -67.75 0.07
47 125 -65.73 0.00
47 126 -62.90 0.06
47 127 -60.57 0.00
47 128 -56.56 0.00
47 129 -54.60 0.00
47 130 -48.05 0.00
47 131 -42.92 0.00
47 132 -36.83 0.06
47 133 -31.66 0.06
47 134 -25.00 0.10
47 135 -19.51 0.16
47 136 -12.92 0.17
47 137 -7.40 0.18
47 138 -0.72 0.19
47 139 5.22 0.19
47 140 12.22 0.19
47 141 18.19 0.20
47 142 25.43 0.24
47 143 31.74 0.21
47 144 39.17 0.18
47 145 45.30 0.30
47 146 53.06 0.24
47 147 59.16 0.28
47 148 66.89 0.31
47 149 73.43 0.34
47 150 81.17 0.29
47 151 88.12 0.34
47 152 95.82 0.32
47 153 103.19 0.27
47 154 111.22 0.25
47 155 118.44 0.24
47 156 126.67 0.24
48 86 28.71 -0.09
48 87 19.64 0.00
48 88 9.11 0.00
48 89 -0.01 -0.10
48 90 -9.36 0.00
48 91 -17.98 0.07
48 92 -27.57 0.06
48 93 -34.38 0.09
48 94 -43.36 -0.07
48 95 -49.40 0.09
48 96 -56.44 0.00
48 97 -63.00 0.06
48 98 -68.45 0.00
48 99 -71.45 -0.06
48 100 -74.75 0.10
48 101 -76.00 0.12
48 102 -79.55 0.14
48 103 -80.55 0.16
48 104 -83.57 0.18
48 105 -84.11 0.21
48 106 -86.64 0.20
48 107 -86.53 0.18
48 108 -88.67 0.22
48 109 -88.05 0.21
48 110 -89.76 0.23
48 111 -88.98 0.20
48 112 -90.01 0.23
48 113 -89.01 0.24
48 114 -89.46 0.24
48 115 -87.84 0.21
48 116 -88.22 0.23
48 117 -86.07 0.29
48 118 -86.25 -0.16
48 119 -83.75 0.13
48 120 -83.93 -0.12
48 121 -81.76 0.14
48 122 -81.00 -0.09
48 123 -78.62 0.11
48 124 -77.66 -0.08
48 125 -74.48 0.12
48 126 -73.71 0.06
48 127 -69.92 0.00
48 128 -68.48 0.00
48 129 -64.80 0.00
48 130 -63.16 0.00
48 131 -56.84 0.00
48 132 -51.98 0.00
48 133 -46.09 0.07
48 134 -41.28 0.10
48 135 -34.88 0.10
48 136 -29.68 0.12
48 137 -23.16 0.15
48 138 -17.88 0.16
48 139 -11.14 0.19
48 140 -5.62 0.17
48 141 1.30 0.18
48 142 6.94 0.21
48 143 13.93 0.16
48 144 19.94 0.23
48 145 26.85 0.30
48 146 32.72 0.33
48 147 40.28 0.27
48 148 46.03 0.33
48 149 53.53 0.30
48 150 59.81 0.31
48 151 67.56 0.29
48 152 74.16 0.32
48 153 81.66 0.31
48 154 88.85 0.30
48 155 96.69 0.25
48 156 103.70 0.26
48 157 111.64 0.26
48 158 118.86 0.21
48 159 127.16 0.20
48 160 134.08 0.19
48 161 142.07 0.17
48 162 149.52 0.17
48 163 157.49 0.16
49 88 31.07 0.00
49 89 20.13 0.00
49 90 10.26 -0.06
49 91 0.88 0.00
49 92 -8.64 0.06
49 93 -18.34 0.06
49 94 -25.92 0.06
49 95 -35.19 0.07
49 96 -41.90 0.08
49 97 -50.19 0.07
49 98 -56.10 0.07
49 99 -61.98 0.00
49 100 -65.65 0.06
49 101 -69.70 0.07
49 102 -71.25 0.09
49 103 -74.94 0.10
49 104 -76.17 0.11
49 105 -79.26 0.12
49 106 -80.00 0.17
49 107 -83.01 0.17
49 108 -83.39 0.16
49 109 -85.95 0.16
49 110 -86.06 0.15
49 111 -87.84 0.16
49 112 -87.22 0.14
49 113 -88.86 0.15
49 114 -88.37 0.10
49 115 -89.25 0.10
49 116 -88.25 0.07
49 117 -88.99 0.09
49 118 -87.78 0.10
49 119 -88.22 0.10
49 120 -86.85 0.09
49 121 -86.78 0.08
49 122 -84.90 0.09
49 123 -84.79 0.07
49 124 -82.62 0.08
49 125 -82.19 0.06
49 126 -79.47 0.07
49 127 -77.63 0.00
49 128 -74.86 0.00
49 129 -73.76 0.00
49 130 -70.39 0.00
49 131 -69.08 0.00
49 132 -62.99 0.00
49 133 -58.43 0.00
49 134 -53.36 0.06
49 135 -48.72 0.07
49 136 -42.41 0.08
49 137 -37.44 0.09
49 138 -30.94 0.07
49 139 -25.82 0.11
49 140 -19.15 0.09
49 141 -13.94 0.16
49 142 -7.27 0.16
49 143 -1.82 0.17
49 144 4.96 0.15
49 145 9.97 0.31
49 146 16.57 0.32
49 147 22.25 0.32
49 148 29.39 0.32
49 149 35.04 0.32
49 150 42.37 0.33
49 151 48.38 0.32
49 152 56.28 0.34
49 153 62.27 0.33
49 154 69.77 0.30
49 155 76.66 0.28
49 156 84.43 0.30
49 157 91.08 0.27
49 158 98.84 0.26
49 159 105.81 0.26
49 160 114.27 0.10
49 161 120.80 0.21
49 162 128.60 0.06
49 163 135.57 0.08
49 164 143.05 0.07
49 165 150.17 0.07
50 90 29.29 0.00
50 91 20.22 0.00
50 92 9.21 0.00
50 93 0.66 0.00
50 94 -9.49 0.00
50 95 -17.56 0.00
50 96 -27.02 0.00
50 97 -34.29 0.00
50 98 -43.06 0.00
50 99 -49.32 0.00
50 100 -57.27 0.00
50 101 -59.68 0.00
50 102 -64.42 0.00
50 103 -67.44 -0.09
50 104 -71.79 0.07
50 105 -73.12 -0.10
50 106 -76.80 0.09
50 107 -78.02 -0.10
50 108 -81.08 0.10
50 109 -81.66 0.15
50 110 -84.57 0.10
50 111 -84.99 -0.10
50 112 -87.48 -0.12
50 113 -87.33 0.10
50 114 -89.49 -0.10
50 115 -89.21 -0.14
50 116 -90.80 -0.10
50 117 -90.14 -0.09
50 118 -91.27 -0.10
50 119 -90.52 -0.08
50 120 -91.05 -0.11
50 121 -88.48 0.00
50 122 -90.24 -0.08
50 123 -88.77 0.07
50 124 -88.91 0.07
50 125 -87.02 -0.06
50 126 -85.99 0.00
50 127 -84.16 0.00
50 128 -83.74 0.00
50 129 -81.29 0.00
50 130 -80.52 0.00
50 131 -77.46 0.00
50 132 -76.48 0.00
50 133 -70.62 0.00
50 134 -66.35 0.00
50 135 -60.42 0.00
50 136 -55.70 0.00
50 137 -50.38 0.07
50 138 -45.80 -0.06
50 139 -38.46 0.00
50 140 -34.55 0.11
50 141 -28.44 0.08
50 142 -23.23 0.16
50 143 -16.82 0.19
50 144 -11.74 0.23
50 145 -5.12 0.15
50 146 -0.38 0.30
50 147 5.96 0.30
50 148 11.37 0.30
50 149 18.35 0.31
50 150 23.63 0.31
50 151 30.62 0.31
50 152 36.36 0.32
50 153 43.29 0.31
50 154 49.65 0.31
50 155 56.99 0.30
50 156 63.52 0.30
50 157 71.11 0.29
50 158 77.59 0.27
50 159 85.21 0.26
50 160 92.10 0.22
50 161 99.86 -0.10
50 162 106.49 -0.12
50 163 114.02 -0.11
50 164 120.69 0.06
50 165 128.06 0.07
50 166 134.77 0.06
50 167 142.49 0.06
50 168 149.96 0.00
50 169 157.06 -0.06
50 170 164.41 0.00
50 171 172.44 0.00
50 172 179.22 0.00
50 173 187.57 0.00
50 174 194.40 0.00
50 175 203.35 0.00
50 176 210.15 0.00
50 177 219.10 0.00
50 178 228.00 0.00
51 92 32.64 -0.06
51 93 21.21 0.07
51 94 12.30 0.06
51 95 1.73 0.08
51 96 -6.36 0.08
51 97 -16.35 0.07
51 98 -23.79 0.08
51 99 -33.08 0.07
51 100 -40.03 0.06
51 101 -48.28 -0.06
51 102 -52.05 0.08
51 103 -57.00 -0.10
51 104 -59.74 0.12
51 105 -64.18 -0.12
51 106 -66.46 0.18
51 107 -70.44 0.18
51 108 -72.15 0.19
51 109 -75.60 0.22
51 110 -76.75 0.24
51 111 -79.86 0.24
51 112 -80.61 0.23
51 113 -83.48 -0.15
51 114 -84.02 -0.16
51 115 -86.32 -0.15
51 116 -86.75 -0.15
51 117 -88.46 -0.15
51 118 -88.09 -0.12
51 119 -89.73 -0.15
51 120 -88.97 -0.15
51 121 -89.75 -0.16
51 122 -89.14 -0.13
51 123 -89.92 -0.14
51 124 -88.33 -0.12
51 125 -88.99 -0.10
51 126 -87.36 -0.08
51 127 -87.64 -0.08
51 128 -85.69 -0.08
51 129 -85.64 -0.06
51 130 -82.28 0.00
51 131 -81.95 0.00
51 132 -79.31 0.00
51 133 -78.77 0.00
51 134 -73.19 0.00
51 135 -69.23 0.00
51 136 -64.83 0.08
51 137 -60.73 -0.08
51 138 -54.89 0.08
51 139 -50.75 0.11
51 140 -44.99 -0.12
51 141 -40.23 -0.11
51 142 -34.34 -0.13
51 143 -29.70 0.21
51 144 -23.91 0.22
51 145 -19.18 0.27
51 146 -13.21 0.29
51 147 -8.12 0.31
51 148 -1.95 0.28
51 149 3.08 0.27
51 150 9.47 0.33
51 151 14.65 0.33
51 152 20.81 0.33
51 153 26.75 0.33
51 154 33.83 0.32
51 155 39.51 0.32
51 156 46.37 0.31
51 157 52.75 0.31
51 158 60.21 0.29
51 159 66.49 0.28
51 160 73.94 0.29
51 161 80.82 -0.18
51 162 88.34 -0.15
51 163 94.57 -0.14
51 164 102.00 -0.12
51 165 108.47 -0.13
51 166 115.88 -0.12
51 167 122.50 -0.09
51 168 130.10 0.07
51 169 136.59 -0.06
51 170 144.29 -0.06
51 171 151.74 0.00
51 172 159.48 0.00
51 173 165.94 0.00
51 174 174.01 0.00
51 175 180.52 0.00
51 176 189.15 0.00
51 177 195.64 0.00
51 178 204.58 0.00
51 179 213.49 0.00
51 180 222.26 0.07
52 94 33.30 0.08
52 95 24.46 0.08
52 96 13.12 0.10
52 97 4.90 0.11
52 98 -5.98 0.11
52 99 -13.59 0.09
52 100 -23.67 -0.08
52 101 -31.16 0.07
52 102 -38.47 0.00
52 103 -44.17 -0.10
52 104 -49.89 -0.13
52 105 -53.17 0.17
52 106 -58.59 0.18
52 107 -61.27 0.19
52 108 -65.91 0.20
52 109 -67.87 0.22
52 110 -71.86 0.23
52 111 -73.45 0.25
52 112 -76.89 0.23
52 113 -78.22 0.32
52 114 -81.31 0.29
52 115 -82.11 0.33
52 116 -84.87 0.32
52 117 -85.18 0.33
52 118 -87.53 0.32
52 119 -87.54 0.31
52 120 -89.13 -0.19
52 121 -88.60 -0.17
52 122 -90.21 -0.16
52 123 -89.47 -0.17
52 124 -90.52 -0.14
52 125 -89.42 0.11
52 126 -90.27 -0.13
52 127 -88.86 0.15
52 128 -89.47 -0.09
52 129 -87.85 0.10
52 130 -87.98 0.10
52 131 -86.01 0.07
52 132 -86.42 0.06
52 133 -83.13 0.00
52 134 -82.95 0.00
52 135 -77.64 0.00
52 136 -73.97 0.00
52 137 -69.51 0.10
52 138 -65.97 0.12
52 139 -60.61 0.15
52 140 -57.02 0.17
52 141 -51.53 0.15
52 142 -47.57 0.17
52 143 -42.04 0.19
52 144 -37.76 0.22
52 145 -32.02 0.22
52 146 -27.64 0.25
52 147 -21.84 0.26
52 148 -17.39 0.29
52 149 -11.57 0.28
52 150 -6.70 0.30
52 151 -0.35 0.34
52 152 4.42 0.31
52 153 10.88 0.32
52 154 16.06 0.32
52 155 22.96 0.32
52 156 28.22 0.32
52 157 35.13 0.31
52 158 41.11 0.30
52 159 48.52 0.29
52 160 54.34 0.29
52 161 61.53 0.27
52 162 67.82 0.26
52 163 75.46 0.28
52 164 81.80 0.22
52 165 89.21 0.16
52 166 95.49 -0.14
52 167 102.77 -0.13
52 168 109.19 -0.13
52 169 116.36 0.12
52 170 123.01 0.08
52 171 130.16 0.08
52 172 136.90 0.08
52 173 144.49 0.07
52 174 151.52 0.00
52 175 159.33 0.00
52 176 165.53 0.00
52 177 173.89 0.00
52 178 180.06 0.00
52 179 189.27 0.00
52 180 197.90 0.00
52 181 207.11 0.06
52 182 215.55 0.07
53 96 37.67 0.11
53 97 26.25 0.15
53 98 17.24 0.19
53 99 6.35 0.14
53 100 -1.96 0.17
53 101 -11.57 0.14
53 102 -19.27 0.09
53 103 -28.11 0.08
53 104 -33.34 -0.11
53 105 -39.83 0.16
53 106 -44.37 0.20
53 107 -50.23 0.20
53 108 -53.57 0.22
53 109 -58.52 0.23
53 110 -61.09 0.22
53 111 -65.47 0.28
53 112 -67.52 0.26
53 113 -71.34 0.26
53 114 -73.31 0.31
53 115 -76.37 0.33
53 116 -77.89 0.31
53 117 -81.10 0.31
53 118 -81.46 0.32
53 119 -84.27 0.31
53 120 -84.44 0.31
53 121 -86.54 0.31
53 122 -86.41 0.30
53 123 -88.15 0.29
53 124 -87.39 -0.17
53 125 -88.76 -0.17
53 126 -88.01 -0.16
53 127 -88.86 0.15
53 128 -88.09 0.17
53 129 -88.73 0.14
53 130 -87.43 0.13
53 131 -87.93 0.11
53 132 -86.14 0.09
53 133 -85.73 0.00
53 134 -83.84 0.00
53 135 -84.06 0.00
53 136 -79.04 0.00
53 137 -76.92 0.07
53 138 -72.01 0.12
53 139 -69.00 0.14
53 140 -64.25 0.16
53 141 -60.85 0.18
53 142 -55.66 0.19
53 143 -52.27 0.20
53 144 -46.69 0.19
53 145 -43.17 0.24
53 146 -37.64 0.22
53 147 -33.70 0.26
53 148 -28.11 0.25
53 149 -23.95 0.27
53 150 -18.42 0.30
53 151 -13.75 0.31
53 152 -7.89 0.33
53 153 -3.40 0.29
53 154 2.81 0.30
53 155 7.72 0.30
53 156 14.36 0.29
53 157 19.48 0.28
53 158 25.93 0.32
53 159 31.65 0.29
53 160 38.74 0.26
53 161 44.33 0.28
53 162 51.28 0.27
53 163 57.43 0.26
53 164 64.54 0.26
53 165 70.75 0.25
53 166 78.47 0.25
53 167 84.56 -0.18
53 168 91.76 0.17
53 169 98.09 -0.14
53 170 105.58 -0.14
53 171 111.78 0.09
53 172 118.64 0.08
53 173 125.08 0.08
53 174 132.29 0.07
53 175 138.61 0.06
53 176 146.91 0.00
53 177 152.81 0.00
53 178 160.90 0.00
53 179 166.75 0.00
53 180 176.31 0.00
53 181 184.58 0.00
53 182 193.58 0.06
53 183 201.83 0.09
53 184 210.74 0.12
54 98 37.81 0.19
54 99 28.56 0.21
54 100 17.10 0.18
54 101 8.30 0.19
54 102 -1.71 0.15
54 103 -9.60 0.10
54 104 -19.15 0.08
54 105 -24.54 -0.12
54 106 -31.70 0.18
54 107 -36.80 0.21
54 108 -43.56 0.21
54 109 -47.39 0.23
54 110 -52.93 0.23
54 111 -55.90 0.23
54 112 -60.81 0.26
54 113 -63.17 0.28
54 114 -67.53 0.28
54 115 -69.57 0.31
54 116 -73.33 0.31
54 117 -74.82 0.33
54 118 -78.39 0.34
54 119 -79.37 0.34
54 120 -82.42 0.34
54 121 -83.19 0.32
54 122 -85.50 0.31
54 123 -85.75 0.30
54 124 -87.51 0.26
54 125 -87.24 0.23
54 126 -88.89 0.21
54 127 -88.22 0.21
54 128 -89.70 0.18
54 129 -89.23 0.17
54 130 -90.03 0.14
54 131 -89.11 0.14
54 132 -89.67 0.13
54 133 -88.24 0.09
54 134 -89.00 0.06
54 135 -86.31 0.00
54 136 -86.89 0.00
54 137 -83.50 -0.07
54 138 -80.37 0.09
54 139 -75.82 0.14
54 140 -73.26 0.15
54 141 -68.85 0.18
54 142 -65.98 0.18
54 143 -61.19 0.20
54 144 -58.15 0.20
54 145 -53.10 0.21
54 146 -49.71 0.23
54 147 -44.38 0.23
54 148 -40.90 0.25
54 149 -35.53 0.26
54 150 -31.73 0.28
54 151 -26.37 0.30
54 152 -22.23 0.31
54 153 -16.59 0.32
54 154 -12.18 0.31
54 155 -6.22 0.32
54 156 -1.54 0.33
54 157 4.75 0.36
54 158 9.62 0.32
54 159 15.83 0.31
54 160 21.27 0.30
54 161 28.11 0.28
54 162 33.59 0.28
54 163 40.34 0.28
54 164 46.17 0.27
54 165 53.34 0.24
54 166 59.14 0.25
54 167 66.54 0.22
54 168 72.41 0.20
54 169 79.26 0.18
54 170 85.64 0.15
54 171 92.93 0.13
54 172 98.78 0.11
54 173 105.75 0.11
54 174 112.07 0.10
54 175 119.12 0.08
54 176 125.13 0.06
54 177 132.78 0.06
54 178 139.09 0.00
54 179 146.94 0.00
54 180 152.50 0.00
54 181 162.33 0.00
54 182 170.31 0.00
54 183 179.46 0.06
54 184 187.36 0.09
54 185 196.35 0.10
54 186 204.77 0.12
55 108 -26.37 0.23
55 109 -33.64 0.24
55 110 -38.17 0.24
55 111 -44.21 0.26
55 112 -47.72 0.24
55 113 -52.98 0.26
55 114 -55.98 0.28
55 115 -60.68 0.33
55 116 -63.38 0.33
55 117 -67.50 0.35
55 118 -69.47 0.35
55 119 -72.94 0.37
55 120 -74.85 0.35
55 121 -78.12 0.34
55 122 -79.21 0.34
55 123 -81.74 0.32
55 124 -82.30 0.32
55 125 -84.41 0.31
55 126 -84.49 0.31
55 127 -86.19 0.25
55 128 -85.95 0.24
55 129 -87.58 0.22
55 130 -87.29 0.19
55 131 -88.31 0.17
55 132 -87.75 0.16
55 133 -88.58 0.13
55 134 -87.51 0.12
55 135 -88.26 0.09
55 136 -87.61 0.07
55 137 -86.92 0.00
55 138 -83.70 0.06
55 139 -81.04 0.09
55 140 -76.90 0.15
55 141 -74.90 0.16
55 142 -70.92 0.18
55 143 -68.45 0.19
55 144 -64.01 0.19
55 145 -61.43 0.22
55 146 -56.72 0.22
55 147 -53.69 0.25
55 148 -48.59 0.28
55 149 -45.58 0.28
55 150 -40.55 0.28
55 151 -37.10 0.28
55 152 -31.97 0.28
55 153 -28.10 0.30
55 154 -22.76 0.33
55 155 -18.72 0.32
55 156 -13.09 0.33
55 157 -8.74 0.32
55 158 -2.54 0.33
55 159 1.95 0.32
55 160 8.03 0.31
55 161 13.16 0.31
55 162 19.55 0.30
55 163 25.00 0.30
55 164 31.52 0.27
55 165 37.11 0.26
55 166 43.74 0.24
55 167 49.50 0.25
55 168 56.72 0.26
55 169 62.51 0.21
55 170 69.29 0.19
55 171 75.44 0.18
55 172 82.29 0.14
55 173 88.28 0.13
55 174 95.08 0.11
55 175 101.21 0.10
55 176 108.17 0.10
55 177 114.25 0.06
55 178 122.19 0.00
55 179 127.48 0.00
55 180 135.11 0.00
55 181 140.36 0.00
55 182 150.34 0.00
55 183 158.15 0.00
55 184 167.56 0.00
55 185 174.76 0.09
55 186 183.88 0.10
55 187 192.06 0.13
55 188 200.68 0.14
56 110 -25.47 0.24
56 111 -30.50 0.25
56 112 -37.26 0.27
56 113 -41.19 0.25
56 114 -47.10 0.29
56 115 -50.58 0.29
56 116 -55.72 0.34
56 117 -58.60 0.34
56 118 -63.17 0.38
56 119 -65.55 0.38
56 120 -69.68 0.35
56 121 -71.43 0.37
56 122 -75.07 0.36
56 123 -76.44 0.36
56 124 -79.34 0.34
56 125 -80.25 0.32
56 126 -82.74 0.31
56 127 -83.22 0.29
56 128 -85.20 0.24
56 129 -85.18 0.23
56 130 -87.05 0.21
56 131 -86.99 0.20
56 132 -88.47 0.17
56 133 -88.07 0.15
56 134 -89.17 0.13
56 135 -88.35 0.13
56 136 -89.44 0.09
56 137 -88.91 0.08
56 138 -88.61 0.00
56 139 -85.98 -0.07
56 140 -83.54 0.10
56 141 -79.77 0.14
56 142 -77.94 0.17
56 143 -74.17 0.19
56 144 -72.12 0.19
56 145 -67.97 0.20
56 146 -65.78 0.23
56 147 -61.52 0.24
56 148 -58.77 0.26
56 149 -54.16 0.25
56 150 -51.32 0.28
56 151 -46.63 0.29
56 152 -43.54 0.31
56 153 -38.58 0.29
56 154 -35.14 0.31
56 155 -30.08 0.32
56 156 -26.27 0.33
56 157 -20.86 0.32
56 158 -16.70 0.32
56 159 -10.94 0.36
56 160 -6.56 0.31
56 161 -0.75 0.30
56 162 4.26 0.30
56 163 10.18 0.30
56 164 15.42 0.28
56 165 21.67 0.27
56 166 27.05 0.26
56 167 33.72 0.24
56 168 39.12 0.25
56 169 45.84 0.25
56 170 51.54 0.21
56 171 58.13 0.20
56 172 64.06 0.18
56 173 70.84 0.15
56 174 76.73 0.15
56 175 83.64 0.14
56 176 89.22 0.11
56 177 96.22 0.09
56 178 101.77 0.06
56 179 108.88 0.07
56 180 114.82 0.00
56 181 122.25 0.00
56 182 127.21 0.00
56 183 137.26 0.00
56 184 144.98 0.00
56 185 153.52 0.06
56 186 161.37 0.09
56 187 170.23 0.12
56 188 178.29 0.13
56 189 186.79 0.15
56 190 195.05 0.17
57 112 -19.73 0.27
57 113 -26.96 0.30
57 114 -31.57 0.30
57 115 -38.19 0.33
57 116 -42.40 0.39
57 117 -48.36 0.42
57 118 -51.64 0.39
57 119 -56.71 0.41
57 120 -59.28 0.39
57 121 -63.69 0.40
57 122 -65.82 0.39
57 123 -69.67 0.38
57 124 -71.42 0.39
57 125 -74.55 0.38
57 126 -75.73 0.37
57 127 -78.44 0.37
57 128 -78.85 0.32
57 129 -80.99 0.27
57 130 -81.48 0.24
57 131 -83.61 0.21
57 132 -83.92 0.19
57 133 -85.60 0.18
57 134 -85.58 0.17
57 135 -86.92 0.16
57 136 -86.44 0.13
57 137 -87.54 0.10
57 138 -87.94 0.06
57 139 -87.57 0.00
57 140 -85.21 -0.07
57 141 -82.91 0.10
57 142 -79.68 0.14
57 143 -78.21 0.16
57 144 -74.77 0.19
57 145 -73.08 0.19
57 146 -69.38 0.22
57 147 -67.35 0.24
57 148 -63.54 0.26
57 149 -61.35 0.29
57 150 -57.42 0.31
57 151 -54.80 0.32
57 152 -50.58 0.32
57 153 -47.71 0.33
57 154 -43.15 0.33
57 155 -39.87 0.33
57 156 -35.14 0.34
57 157 -31.48 0.34
57 158 -26.43 0.35
57 159 -22.51 0.36
57 160 -17.13 0.36
57 161 -12.69 0.34
57 162 -6.89 0.37
57 163 -2.35 0.28
57 164 3.40 0.28
57 165 8.28 0.27
57 166 14.32 0.27
57 167 19.36 0.26
57 168 25.43 0.26
57 169 30.95 0.25
57 170 37.36 0.25
57 171 42.89 0.22
57 172 49.29 0.20
57 173 55.17 0.19
57 174 61.67 0.16
57 175 67.35 0.14
57 176 74.70 0.14
57 177 79.64 0.12
57 178 86.20 0.10
57 179 92.93 0.00
57 180 99.59 0.00
57 181 104.40 0.00
57 182 111.83 0.00
57 183 116.31 0.00
57 184 126.36 0.00
57 185 133.39 0.00
57 186 141.91 0.06
57 187 149.79 0.09
57 188 158.47 0.10
57 189 166.40 0.12
57 190 175.25 0.12
57 191 182.86 0.16
57 192 191.63 0.17
58 114 -19.00 0.29
58 115 -24.30 0.34
58 116 -31.27 0.36
58 117 -36.16 0.45
58 118 -42.42 0.43
58 119 -46.36 0.45
58 120 -51.70 0.42
58 121 -54.69 0.44
58 122 -59.11 0.40
58 123 -61.65 0.40
58 124 -65.68 0.37
58 125 -67.77 0.39
58 126 -71.39 0.36
58 127 -72.85 0.36
58 128 -75.85 0.31
58 129 -76.92 0.30
58 130 -79.26 0.27
58 131 -79.72 0.25
58 132 -82.24 0.23
58 133 -82.68 0.21
58 134 -84.65 0.21
58 135 -84.88 0.19
58 136 -86.45 0.16
58 137 -86.09 0.15
58 138 -87.78 0.08
58 139 -88.05 0.07
58 140 -88.27 0.00
58 141 -86.34 -0.07
58 142 -84.51 0.10
58 143 -81.37 0.14
58 144 -80.19 0.16
58 145 -77.08 0.20
58 146 -75.78 0.20
58 147 -72.47 0.21
58 148 -70.95 0.24
58 149 -67.42 0.26
58 150 -65.52 0.30
58 151 -61.96 0.31
58 152 -59.73 0.33
58 153 -55.76 0.34
58 154 -53.26 0.34
58 155 -48.85 0.34
58 156 -45.97 0.33
58 157 -41.45 0.35
58 158 -38.19 0.35
58 159 -33.25 0.35
58 160 -29.63 0.34
58 161 -24.22 0.35
58 162 -20.35 0.32
58 163 -14.60 0.31
58 164 -10.55 0.30
58 165 -5.16 0.29
58 166 -0.33 0.29
58 167 5.40 0.27
58 168 10.34 0.26
58 169 16.58 0.24
58 170 21.49 0.26
58 171 27.66 0.24
58 172 33.09 0.23
58 173 39.37 0.19
58 174 44.86 0.19
58 175 51.16 0.19
58 176 56.85 0.15
58 177 63.69 0.12
58 178 68.82 0.12
58 179 75.17 0.09
58 180 80.44 0.06
58 181 88.11 0.00
58 182 92.66 0.00
58 183 99.71 0.00
58 184 104.11 0.00
58 185 114.11 0.00
58 186 120.87 0.00
58 187 129.33 0.06
58 188 137.01 0.08
58 189 145.70 0.11
58 190 153.46 0.12
58 191 162.19 0.12
58 192 169.81 0.16
58 193 178.42 0.16
58 194 186.00 0.20
59 116 -13.73 0.45
59 117 -21.59 0.46
59 118 -27.34 0.46
59 119 -34.00 0.44
59 120 -38.45 0.45
59 121 -43.99 0.45
59 122 -47.38 0.45
59 123 -52.24 0.43
59 124 -54.96 0.43
59 125 -59.25 0.42
59 126 -61.70 0.40
59 127 -65.58 0.41
59 128 -67.40 0.43
59 129 -70.64 0.41
59 130 -71.60 0.34
59 131 -74.39 0.28
59 132 -75.29 0.26
59 133 -77.86 0.25
59 134 -78.67 0.23
59 135 -80.84 0.20
59 136 -81.33 0.19
59 137 -83.15 0.16
59 138 -83.16 0.14
59 139 -85.06 -0.07
59 140 -85.69 0.07
59 141 -86.29 0.00
59 142 -84.43 -0.08
59 143 -82.97 0.11
59 144 -80.29 0.14
59 145 -79.42 0.17
59 146 -76.59 0.20
59 147 -75.67 0.21
59 148 -72.71 0.22
59 149 -71.45 0.24
59 150 -68.35 0.30
59 151 -66.97 0.31
59 152 -63.87 0.33
59 153 -61.96 0.36
59 154 -58.32 0.34
59 155 -56.02 0.36
59 156 -52.02 0.36
59 157 -49.50 0.37
59 158 -45.22 0.36
59 159 -42.14 0.37
59 160 -37.39 0.33
59 161 -34.07 0.36
59 162 -29.08 0.36
59 163 -25.30 0.33
59 164 -20.15 0.38
59 165 -16.09 0.30
59 166 -10.88 0.30
59 167 -6.20 0.31
59 168 -0.67 0.28
59 169 3.81 0.26
59 170 9.74 0.27
59 171 14.37 0.25
59 172 20.42 0.24
59 173 25.60 0.22
59 174 31.79 0.21
59 175 36.94 0.20
59 176 43.12 0.18
59 177 48.71 0.17
59 178 55.49 0.12
59 179 60.38 0.13
59 180 66.48 0.10
59 181 71.60 0.07
59 182 78.98 0.00
59 183 83.28 0.00
59 184 90.06 0.00
59 185 94.29 0.00
59 186 104.18 0.00
59 187 110.67 0.00
59 188 119.47 0.00
59 189 126.51 0.08
59 190 134.96 0.10
59 191 142.43 0.13
59 192 151.11 0.11
59 193 158.53 0.15
59 194 167.17 0.16
59 195 174.90 0.18
59 196 182.76 0.21
60 118 -13.33 0.45
60 119 -19.58 0.45
60 120 -26.73 0.44
60 121 -31.77 0.45
60 122 -37.54 0.43
60 123 -41.52 0.44
60 124 -46.59 0.43
60 125 -49.73 0.44
60 126 -54.37 0.41
60 127 -57.06 0.41
60 128 -61.27 0.39
60 129 -63.41 0.41
60 130 -66.89 0.40
60 131 -68.19 0.37
60 132 -71.34 0.29
60 133 -72.33 0.27
60 134 -75.34 0.26
60 135 -76.32 0.21
60 136 -78.87 0.20
60 137 -79.61 0.19
60 138 -81.68 0.18
60 139 -81.92 0.13
60 140 -84.32 -0.09
60 141 -85.07 0.08
60 142 -85.93 0.00
60 143 -84.56 -0.07
60 144 -83.40 0.10
60 145 -80.84 0.16
60 146 -80.34 0.17
60 147 -77.88 0.19
60 148 -77.32 0.22
60 149 -74.78 0.27
60 150 -73.93 0.26
60 151 -71.30 0.35
60 152 -70.33 0.32
60 153 -67.50 0.33
60 154 -65.77 0.35
60 155 -62.52 0.34
60 156 -60.55 0.35
60 157 -56.75 0.35
60 158 -54.45 0.35
60 159 -50.45 0.36
60 160 -47.63 0.36
60 161 -43.26 0.34
60 162 -40.14 0.37
60 163 -35.49 0.35
60 164 -31.91 0.35
60 165 -26.84 0.37
60 166 -23.01 0.31
60 167 -17.97 0.29
60 168 -13.69 0.30
60 169 -8.25 0.27
60 170 -4.06 0.28
60 171 1.62 0.26
60 172 6.16 0.26
60 173 11.98 0.24
60 174 16.87 0.23
60 175 23.12 0.22
60 176 28.00 0.19
60 177 33.86 0.19
60 178 39.22 0.16
60 179 45.63 0.12
60 180 50.38 -0.12
60 181 56.45 0.07
60 182 62.48 0.00
60 183 68.56 0.00
60 184 72.61 0.00
60 185 79.12 0.00
60 186 83.19 0.00
60 187 91.90 0.00
60 188 99.21 0.00
60 189 107.85 0.00
60 190 114.72 0.08
60 191 123.12 0.10
60 192 130.51 0.11
60 193 139.04 0.13
60 194 146.37 0.14
60 195 154.70 0.16
60 196 162.01 0.19
60 197 169.41 0.21
60 198 177.54 0.23
61 120 -9.08 0.46
61 121 -16.71 0.45
61 122 -22.04 0.46
61 123 -28.43 0.44
61 124 -32.78 0.44
61 125 -38.11 0.41
61 126 -41.83 0.44
61 127 -46.83 0.40
61 128 -49.85 0.39
61 129 -54.45 0.38
61 130 -56.86 0.38
61 131 -60.53 0.45
61 132 -62.15 0.42
61 133 -65.45 0.46
61 134 -66.82 0.37
61 135 -70.07 0.26
61 136 -71.26 0.25
61 137 -74.01 0.22
61 138 -74.93 0.20
61 139 -77.22 -0.16
61 140 -77.78 0.12
61 141 -80.36 0.09
61 142 -81.58 0.08
61 143 -82.97 0.00
61 144 -81.77 -0.07
61 145 -80.89 0.11
61 146 -78.75 0.13
61 147 -78.62 0.18
61 148 -76.53 0.20
61 149 -76.08 0.22
61 150 -73.87 0.26
61 151 -73.40 0.26
61 152 -71.45 0.34
61 153 -70.63 0.33
61 154 -68.09 0.34
61 155 -66.89 0.35
61 156 -63.92 0.35
61 157 -62.27 0.35
61 158 -58.82 0.36
61 159 -56.81 0.36
61 160 -53.05 0.37
61 161 -50.57 0.37
61 162 -46.38 0.36
61 163 -43.66 0.37
61 164 -39.23 0.36
61 165 -35.91 0.36
61 166 -30.96 0.37
61 167 -27.50 0.34
61 168 -22.44 0.32
61 169 -18.80 0.29
61 170 -13.50 0.31
61 171 -9.63 0.28
61 172 -4.08 0.27
61 173 0.28 0.26
61 174 5.81 0.27
61 175 10.61 0.26
61 176 16.61 0.23
61 177 21.47 0.23
61 178 27.48 0.20
61 179 32.28 -0.16
61 180 38.16 0.14
61 181 42.91 -0.12
61 182 48.83 -0.11
61 183 53.50 -0.09
61 184 60.41 0.00
61 185 64.22 0.00
61 186 70.48 0.00
61 187 74.36 0.00
61 188 82.88 0.00
61 189 89.99 0.00
61 190 98.45 0.00
61 191 105.17 0.08
61 192 113.49 0.10
61 193 120.69 0.11
61 194 128.79 0.14
61 195 135.97 0.15
61 196 144.50 0.16
61 197 151.54 0.20
61 198 158.80 0.24
61 199 166.47 0.27
61 200 174.06 0.30
62 122 -7.92 0.45
62 123 -13.65 0.45
62 124 -20.73 0.44
62 125 -25.52 0.43
62 126 -31.58 0.45
62 127 -35.42 0.43
62 128 -40.92 0.40
62 129 -44.39 0.40
62 130 -49.30 0.39
62 131 -51.97 0.40
62 132 -56.15 0.41
62 133 -57.93 0.38
62 134 -61.55 0.37
62 135 -63.14 0.37
62 136 -66.47 0.27
62 137 -67.86 0.25
62 138 -71.11 0.22
62 139 -72.34 0.21
62 140 -74.95 0.18
62 141 -75.68 0.13
62 142 -78.71 -0.10
62 143 -80.20 0.08
62 144 -81.64 0.00
62 145 -80.90 -0.08
62 146 -80.37 0.09
62 147 -78.39 0.13
62 148 -78.53 0.17
62 149 -76.69 0.20
62 150 -76.85 0.25
62 151 -75.00 0.31
62 152 -74.80 0.29
62 153 -73.13 0.34
62 154 -72.50 0.34
62 155 -70.35 0.34
62 156 -69.39 0.34
62 157 -66.80 0.35
62 158 -65.49 0.36
62 159 -62.10 0.35
62 160 -60.55 0.36
62 161 -57.22 0.38
62 162 -54.95 0.37
62 163 -51.07 0.36
62 164 -48.61 0.37
62 165 -44.46 0.35
62 166 -41.34 0.35
62 167 -36.71 0.38
62 168 -33.48 0.33
62 169 -28.84 0.32
62 170 -25.16 0.32
62 171 -20.30 0.31
62 172 -16.38 0.29
62 173 -11.17 0.28
62 174 -6.97 0.27
62 175 -1.67 0.27
62 176 3.02 0.26
62 177 8.86 0.22
62 178 13.39 0.21
62 179 19.44 -0.20
62 180 23.62 -0.18
62 181 29.57 0.14
62 182 33.86 -0.14
62 183 39.69 -0.11
62 184 44.12 0.07
62 185 51.09 0.00
62 186 54.66 0.00
62 187 60.67 0.00
62 188 64.38 0.00
62 189 72.72 0.00
62 190 79.63 0.00
62 191 87.92 0.00
62 192 94.29 0.06
62 193 102.49 0.08
62 194 109.62 0.10
62 195 117.50 0.15
62 196 124.59 0.16
62 197 133.06 0.12
62 198 139.45 0.21
62 199 146.75 0.23
62 200 154.15 0.26
62 201 161.64 0.29
62 202 168.57 0.30
63 124 -2.86 0.45
63 125 -10.32 0.44
63 126 -15.63 0.44
63 127 -22.05 0.41
63 128 -26.48 0.43
63 129 -32.48 0.40
63 130 -36.39 0.40
63 131 -41.57 0.39
63 132 -44.78 0.40
63 133 -49.03 0.40
63 134 -51.17 0.41
63 135 -55.07 0.42
63 136 -56.82 0.40
63 137 -60.15 0.27
63 138 -61.85 0.24
63 139 -65.12 0.23
63 140 -66.71 0.22
63 141 -69.62 -0.16
63 142 -70.61 0.11
63 143 -74.10 -0.10
63 144 -75.69 0.07
63 145 -77.60 0.00
63 146 -77.13 -0.08
63 147 -77.11 0.10
63 148 -75.29 0.15
63 149 -75.74 0.15
63 150 -74.30 0.28
63 151 -74.80 0.24
63 152 -73.36 0.29
63 153 -73.52 0.30
63 154 -71.90 0.36
63 155 -71.74 0.34
63 156 -69.89 0.36
63 157 -69.22 0.36
63 158 -66.76 0.36
63 159 -65.87 0.36
63 160 -63.05 0.35
63 161 -61.65 0.38
63 162 -58.63 0.36
63 163 -56.71 0.39
63 164 -53.04 0.37
63 165 -50.84 0.36
63 166 -47.01 0.34
63 167 -44.28 0.33
63 168 -39.84 0.38
63 169 -37.21 0.32
63 170 -32.64 0.33
63 171 -29.28 0.32
63 172 -24.57 0.32
63 173 -20.93 0.31
63 174 -15.75 0.29
63 175 -11.83 0.28
63 176 -6.73 0.27
63 177 -2.33 0.24
63 178 3.11 0.24
63 179 7.95 -0.19
63 180 13.53 -0.19
63 181 17.41 -0.19
63 182 23.25 -0.15
63 183 27.21 -0.14
63 184 32.81 -0.12
63 185 37.16 -0.09
63 186 43.95 0.00
63 187 47.30 0.00
63 188 53.08 0.00
63 189 56.60 0.00
63 190 64.77 0.00
63 191 71.47 0.00
63 192 79.58 0.00
63 193 85.90 0.07
63 194 93.82 0.08
63 195 100.75 0.09
63 196 108.39 0.15
63 197 115.23 0.16
63 198 123.14 0.20
63 199 129.73 0.23
63 200 137.00 0.23
63 201 143.87 0.25
63 202 151.07 0.26
63 203 158.08 0.29
63 204 165.60 0.29
63 205 172.85 0.28
63 206 180.53 0.33
63 207 187.52 0.32
63 208 195.05 0.33
63 209 202.75 0.34
63 210 210.34 0.37
63 211 218.45 0.35
63 212 227.25 0.37
64 126 -0.97 0.42
64 127 -6.89 0.43
64 128 -13.90 0.39
64 129 -18.76 0.42
64 130 -25.30 0.41
64 131 -29.59 0.39
64 132 -35.31 0.40
64 133 -38.72 0.41
64 134 -43.47 0.38
64 135 -46.03 0.42
64 136 -49.99 0.42
64 137 -52.21 0.38
64 138 -55.85 0.28
64 139 -57.69 -0.24
64 140 -61.38 -0.20
64 141 -63.07 0.19
64 142 -66.72 -0.18
64 143 -67.63 0.13
64 144 -71.43 -0.10
64 145 -73.29 0.09
64 146 -75.41 0.00
64 147 -75.38 -0.08
64 148 -75.57 0.09
64 149 -74.09 0.14
64 150 -74.82 0.17
64 151 -73.61 0.22
64 152 -74.33 0.24
64 153 -73.27 0.32
64 154 -73.65 0.30
64 155 -72.53 0.34
64 156 -72.38 0.33
64 157 -70.96 0.36
64 158 -70.59 0.34
64 159 -68.46 0.36
64 160 -67.82 0.38
64 161 -65.23 0.37
64 162 -64.36 0.36
64 163 -61.47 0.36
64 164 -59.95 0.36
64 165 -56.65 0.36
64 166 -54.81 0.36
64 167 -51.27 0.36
64 168 -48.84 0.34
64 169 -44.59 0.35
64 170 -41.99 0.35
64 171 -37.62 0.33
64 172 -34.64 0.33
64 173 -30.22 0.32
64 174 -26.75 0.29
64 175 -21.78 0.32
64 176 -18.12 0.29
64 177 -13.11 0.27
64 178 -8.95 0.28
64 179 -3.47 0.29
64 180 0.56 -0.21
64 181 5.85 -0.21
64 182 9.65 -0.19
64 183 15.31 -0.16
64 184 19.26 -0.15
64 185 24.64 -0.12
64 186 28.78 -0.11
64 187 35.50 0.00
64 188 38.66 0.00
64 189 44.23 0.00
64 190 47.58 0.00
64 191 55.57 0.00
64 192 62.07 0.00
64 193 69.61 -0.07
64 194 76.93 0.00
64 195 84.86 0.00
64 196 90.55 0.11
64 197 98.20 0.15
64 198 104.62 0.17
64 199 112.53 -0.15
64 200 118.70 0.20
64 201 126.04 0.24
64 202 132.47 0.29
64 203 139.62 0.26
64 204 146.23 0.29
64 205 153.57 0.30
64 206 160.55 0.32
64 207 168.23 0.34
64 208 175.16 0.32
64 209 183.04 0.32
64 210 190.11 0.33
64 211 198.22 0.35
64 212 205.49 0.32
64 213 213.56 0.34
64 214 221.17 0.36
64 215 229.53 0.33
64 216 237.16 0.33
64 217 245.71 0.34
64 218 253.62 0.34
64 219 262.02 0.34
64 220 270.39 0.35
64 221 279.57 0.32
64 222 287.38 0.32
65 128 4.40 0.44
65 129 -3.21 0.40
65 130 -8.52 0.42
65 131 -15.49 0.40
65 132 -20.01 0.39
65 133 -26.20 0.39
65 134 -30.08 0.40
65 135 -35.02 0.37
65 136 -37.79 0.41
65 137 -42.35 0.37
65 138 -44.83 0.37
65 139 -48.45 0.36
65 140 -50.88 -0.24
65 141 -54.80 -0.20
65 142 -56.58 -0.19
65 143 -60.47 -0.17
65 144 -61.85 -0.15
65 145 -66.02 -0.12
65 146 -67.81 -0.09
65 147 -69.95 0.00
65 148 -70.78 -0.09
65 149 -71.29 -0.11
65 150 -70.09 -0.13
65 151 -71.09 0.17
65 152 -70.22 0.21
65 153 -71.26 0.24
65 154 -70.42 0.31
65 155 -71.09 0.32
65 156 -70.28 0.34
65 157 -70.59 0.34
65 158 -69.40 0.34
65 159 -69.41 0.35
65 160 -67.62 0.38
65 161 -67.33 0.36
65 162 -65.00 0.35
65 163 -64.38 0.35
65 164 -61.87 0.36
65 165 -60.48 0.37
65 166 -57.31 0.37
65 167 -55.92 0.36
65 168 -52.64 0.36
65 169 -50.40 0.35
65 170 -46.18 0.34
65 171 -44.00 0.33
65 172 -40.02 0.33
65 173 -37.07 0.33
65 174 -32.97 0.32
65 175 -29.68 0.32
65 176 -25.33 0.30
65 177 -21.49 0.29
65 178 -16.78 0.28
65 179 -12.85 0.27
65 180 -7.58 -0.22
65 181 -4.09 -0.19
65 182 0.97 -0.20
65 183 4.58 -0.18
65 184 10.02 -0.16
65 185 13.74 -0.17
65 186 19.12 -0.13
65 187 22.75 -0.10
65 188 28.35 -0.09
65 189 31.95 -0.06
65 190 36.76 -0.06
65 191 41.39 0.00
65 192 49.17 0.00
65 193 54.67 -0.06
65 194 62.28 -0.07
65 195 68.63 -0.08
65 196 76.16 -0.09
65 197 82.74 -0.11
65 198 90.23 -0.13
65 199 96.54 0.14
65 200 104.01 -0.14
65 201 109.84 0.23
65 202 116.79 0.22
65 203 123.22 0.25
65 204 130.10 0.26
65 205 136.96 0.27
65 206 144.13 0.28
65 207 150.45 0.31
65 208 157.24 0.33
65 209 164.71 0.32
65 210 172.28 0.34
65 211 179.44 0.35
65 212 187.26 0.36
65 213 194.31 0.33
65 214 202.28 0.35
65 215 209.65 0.33
65 216 217.71 0.33
65 217 225.54 0.34
65 218 233.68 0.33
65 219 241.54 0.33
65 220 249.57 0.35
65 221 257.84 0.35
65 222 266.25 0.33
65 223 274.63 0.35
65 224 283.08 0.33
66 130 5.87 0.41
66 131 -0.04 0.40
66 132 -7.53 0.40
66 133 -12.61 0.40
66 134 -19.23 0.39
66 135 -23.43 0.39
66 136 -29.02 0.39
66 137 -31.88 0.41
66 138 -36.76 0.38
66 139 -39.39 0.38
66 140 -43.53 0.41
66 141 -46.13 -0.23
66 142 -50.24 -0.20
66 143 -52.33 -0.20
66 144 -56.64 -0.18
66 145 -58.15 -0.18
66 146 -62.37 -0.11
66 147 -64.89 0.08
66 148 -67.36 0.00
66 149 -68.01 -0.08
66 150 -69.02 0.09
66 151 -67.92 0.14
66 152 -69.26 0.18
66 153 -68.70 0.21
66 154 -70.09 0.23
66 155 -69.27 0.30
66 156 -70.45 0.27
66 157 -69.71 0.34
66 158 -70.35 0.33
66 159 -69.32 0.36
66 160 -69.61 0.36
66 161 -68.19 0.37
66 162 -68.11 0.35
66 163 -66.19 0.35
66 164 -65.73 0.35
66 165 -63.49 0.35
66 166 -62.68 0.36
66 167 -59.83 0.35
66 168 -58.58 0.35
66 169 -55.67 0.36
66 170 -53.82 0.35
66 171 -50.17 0.33
66 172 -48.22 0.33
66 173 -44.41 0.33
66 174 -41.95 0.33
66 175 -38.06 0.33
66 176 -34.92 0.29
66 177 -30.59 0.30
66 178 -27.29 0.29
66 179 -22.67 0.28
66 180 -18.90 0.29
66 181 -13.86 -0.22
66 182 -10.58 -0.21
66 183 -5.61 -0.20
66 184 -2.14 -0.21
66 185 2.99 -0.18
66 186 6.57 -0.16
66 187 11.63 -0.12
66 188 15.47 -0.11
66 189 20.49 0.06
66 190 24.76 0.00
66 191 29.88 0.00
66 192 32.88 0.00
66 193 40.53 0.00
66 194 46.60 0.00
66 195 54.17 0.00
66 196 59.69 0.06
66 197 67.20 0.10
66 198 73.31 0.14
66 199 80.44 0.14
66 200 86.69 0.16
66 201 93.66 0.18
66 202 99.62 0.20
66 203 106.48 0.23
66 204 112.74 0.24
66 205 119.29 0.25
66 206 126.09 0.26
66 207 132.95 0.29
66 208 139.43 0.30
66 209 146.22 0.33
66 210 153.34 0.32
66 211 160.74 0.32
66 212 167.52 0.32
66 213 175.26 0.32
66 214 182.34 0.31
66 215 190.03 0.35
66 216 197.21 0.32
66 217 204.46 0.32
66 218 212.61 0.32
66 219 220.00 0.34
66 220 228.69 0.32
66 221 236.48 0.34
66 222 244.44 0.32
66 223 252.57 0.33
66 224 260.88 0.32
66 225 269.48 0.33
66 226 277.72 0.31
67 132 11.46 0.40
67 133 3.27 0.40
67 134 -2.42 0.40
67 135 -9.38 0.38
67 136 -14.17 0.38
67 137 -20.00 0.40
67 138 -23.21 0.40
67 139 -28.34 0.40
67 140 -31.31 0.39
67 141 -35.66 0.42
67 142 -38.54 -0.24
67 143 -42.80 -0.22
67 144 -45.30 -0.21
67 145 -49.65 -0.18
67 146 -51.50 -0.17
67 147 -55.95 -0.12
67 148 -58.93 0.08
67 149 -61.46 0.00
67 150 -62.31 -0.08
67 151 -63.70 0.10
67 152 -63.04 -0.12
67 153 -64.62 0.17
67 154 -64.36 0.27
67 155 -66.16 0.23
67 156 -65.50 0.24
67 157 -67.03 0.28
67 158 -66.46 0.33
67 159 -67.38 0.30
67 160 -66.58 0.36
67 161 -67.14 0.35
67 162 -65.97 0.37
67 163 -66.15 0.34
67 164 -64.64 0.37
67 165 -64.47 0.36
67 166 -62.64 0.36
67 167 -62.03 0.35
67 168 -59.58 0.35
67 169 -58.61 0.35
67 170 -55.95 0.35
67 171 -54.39 0.35
67 172 -51.19 0.34
67 173 -49.24 0.34
67 174 -45.89 0.33
67 175 -43.53 0.33
67 176 -40.12 0.32
67 177 -37.21 0.32
67 178 -33.30 0.30
67 179 -30.18 0.30
67 180 -25.68 0.28
67 181 -22.09 0.28
67 182 -17.52 -0.21
67 183 -14.37 -0.21
67 184 -9.54 -0.21
67 185 -6.33 -0.19
67 186 -1.32 -0.18
67 187 1.90 -0.17
67 188 6.80 -0.15
67 189 10.35 -0.10
67 190 15.68 -0.09
67 191 18.74 -0.07
67 192 24.57 0.00
67 193 27.39 0.00
67 194 34.82 0.00
67 195 40.06 -0.06
67 196 48.03 0.00
67 197 53.29 -0.08
67 198 60.53 0.09
67 199 66.32 0.11
67 200 73.20 0.13
67 201 79.04 0.15
67 202 85.98 0.17
67 203 91.85 0.21
67 204 98.57 0.21
67 205 104.50 0.26
67 206 110.86 0.25
67 207 117.25 0.27
67 208 123.55 0.30
67 209 130.42 0.28
67 210 137.75 0.32
67 211 143.96 0.29
67 212 151.15 0.30
67 213 157.91 0.31
67 214 165.50 0.30
67 215 172.08 0.31
67 216 178.95 0.33
67 217 186.85 0.33
67 218 193.72 0.31
67 219 201.80 0.31
67 220 209.55 0.31
67 221 217.11 0.31
67 222 224.94 0.34
67 223 232.74 0.31
67 224 241.03 0.32
67 225 248.96 0.30
67 226 256.59 0.31
67 227 265.39 0.29
67 228 273.39 0.31
68 134 13.06 0.40
68 135 6.74 0.40
68 136 -0.86 0.39
68 137 -6.07 0.38
68 138 -12.19 0.39
68 139 -15.75 0.41
68 140 -21.32 0.42
68 141 -24.61 0.39
68 142 -29.39 0.39
68 143 -32.67 -0.24
68 144 -37.38 -0.20
68 145 -40.16 -0.20
68 146 -44.76 -0.17
68 147 -46.83 -0.17
68 148 -51.66 -0.12
68 149 -54.94 -0.09
68 150 -57.78 0.00
68 151 -58.93 -0.08
68 152 -60.61 0.07
68 153 -60.18 -0.15
68 154 -62.00 0.17
68 155 -62.03 0.20
68 156 -63.97 0.21
68 157 -63.56 0.30
68 158 -65.20 0.24
68 159 -64.91 0.27
68 160 -66.04 0.29
68 161 -65.43 0.33
68 162 -66.36 0.32
68 163 -65.53 0.38
68 164 -66.05 0.35
68 165 -64.62 0.35
68 166 -64.88 0.35
68 167 -63.26 0.35
68 168 -62.94 0.36
68 169 -60.70 0.36
68 170 -60.08 0.36
68 171 -57.73 0.35
68 172 -56.48 0.34
68 173 -53.51 0.35
68 174 -52.08 0.32
68 175 -48.93 0.32
68 176 -47.08 0.32
68 177 -43.60 0.30
68 178 -41.10 0.30
68 179 -37.24 0.30
68 180 -34.47 0.30
68 181 -30.09 0.27
68 182 -26.99 0.29
68 183 -22.47 -0.21
68 184 -19.63 -0.20
68 185 -15.06 -0.21
68 186 -12.05 -0.19
68 187 -7.30 -0.18
68 188 -4.20 -0.15
68 189 0.54 -0.16
68 190 3.88 -0.11
68 191 8.93 0.07
68 192 12.69 0.00
68 193 15.97 -0.06
68 194 20.00 0.00
68 195 27.29 0.00
68 196 32.92 0.00
68 197 39.58 -0.06
68 198 45.22 0.06
68 199 52.16 0.10
68 200 57.95 0.14
68 201 64.61 0.15
68 202 70.33 0.16
68 203 76.90 0.18
68 204 82.55 0.21
68 205 89.44 0.21
68 206 94.89 0.23
68 207 101.92 0.24
68 208 107.59 0.26
68 209 114.10 0.28
68 210 120.25 0.31
68 211 127.50 0.32
68 212 133.36 0.29
68 213 140.46 0.30
68 214 146.84 0.31
68 215 154.37 0.31
68 216 160.82 0.31
68 217 168.00 0.33
68 218 175.08 0.32
68 219 182.41 0.32
68 220 189.71 0.31
68 221 197.45 0.31
68 222 204.71 0.32
68 223 212.57 0.30
68 224 219.87 0.31
68 225 228.09 0.32
68 226 235.84 0.31
68 227 243.43 0.32
68 228 251.80 0.31
68 229 260.39 0.32
68 230 268.39 0.29
69 136 18.19 0.40
69 137 10.37 0.39
69 138 4.51 0.38
69 139 -1.96 0.38
69 140 -6.10 0.42
69 141 -11.85 0.40
69 142 -15.38 0.38
69 143 -20.37 0.43
69 144 -23.73 -0.25
69 145 -28.67 -0.20
69 146 -31.99 -0.20
69 147 -36.99 -0.17
69 148 -39.73 -0.17
69 149 -44.33 -0.09
69 150 -48.10 0.07
69 151 -51.36 0.00
69 152 -52.58 -0.08
69 153 -54.27 -0.10
69 154 -54.38 -0.12
69 155 -56.70 0.16
69 156 -56.91 0.19
69 157 -59.07 0.20
69 158 -58.81 0.24
69 159 -60.75 0.24
69 160 -60.73 0.26
69 161 -62.15 0.28
69 162 -61.75 0.32
69 163 -62.90 0.34
69 164 -62.26 0.38
69 165 -63.12 0.36
69 166 -62.13 0.39
69 167 -62.56 0.35
69 168 -61.15 0.33
69 169 -61.27 0.36
69 170 -59.32 0.36
69 171 -58.92 0.34
69 172 -56.97 0.35
69 173 -55.99 0.34
69 174 -53.22 0.33
69 175 -52.22 0.34
69 176 -49.26 0.34
69 177 -47.69 0.33
69 178 -44.41 0.32
69 179 -42.27 0.32
69 180 -38.70 0.32
69 181 -36.10 0.32
69 182 -31.99 0.33
69 183 -29.03 0.28
69 184 -24.83 -0.21
69 185 -22.02 -0.20
69 186 -17.78 -0.19
69 187 -15.00 -0.19
69 188 -10.57 -0.16
69 189 -7.57 -0.15
69 190 -3.29 -0.13
69 191 -0.09 -0.11
69 192 4.84 0.08
69 193 8.21 0.00
69 194 12.64 0.00
69 195 15.11 0.00
69 196 22.23 0.00
69 197 27.64 0.00
69 198 34.04 0.06
69 199 39.51 -0.07
69 200 46.33 0.09
69 201 51.58 0.14
69 202 58.40 0.16
69 203 63.76 0.16
69 204 70.11 0.18
69 205 75.67 0.20
69 206 82.40 0.22
69 207 87.64 0.23
69 208 94.42 0.25
69 209 99.78 0.26
69 210 106.22 0.26
69 211 112.23 0.27
69 212 119.08 0.29
69 213 124.91 0.31
69 214 131.90 0.29
69 215 138.10 0.31
69 216 145.32 0.31
69 217 151.57 0.31
69 218 158.99 0.31
69 219 165.45 0.31
69 220 172.72 0.30
69 221 179.77 0.31
69 222 187.55 0.31
69 223 194.50 0.31
69 224 201.95 0.29
69 225 209.41 0.30
69 226 217.16 0.31
69 227 224.67 0.30
69 228 232.51 0.31
69 229 240.56 0.29
69 230 248.73 0.29
69 231 256.50 0.28
69 232 265.42 0.26
70 138 20.12 0.39
70 139 14.11 0.38
70 140 7.15 0.40
70 141 2.72 0.43
70 142 -3.60 0.44
70 143 -7.12 0.48
70 144 -13.04 -0.22
70 145 -17.08 -0.23
70 146 -22.43 -0.22
70 147 -25.70 -0.19
70 148 -31.31 -0.17
70 149 -34.00 -0.16
70 150 -39.32 -0.12
70 151 -43.08 -0.09
70 152 -46.88 0.00
70 153 -48.32 -0.07
70 154 -50.40 -0.09
70 155 -50.72 -0.13
70 156 -52.95 -0.14
70 157 -53.34 0.18
70 158 -55.81 0.19
70 159 -56.12 0.22
70 160 -58.11 0.23
70 161 -58.22 0.25
70 162 -59.91 0.27
70 163 -59.74 0.30
70 164 -61.01 0.30
70 165 -60.51 0.40
70 166 -61.70 0.33
70 167 -60.85 0.33
70 168 -61.69 0.33
70 169 -60.67 0.34
70 170 -60.84 0.33
70 171 -59.28 0.33
70 172 -59.04 0.34
70 173 -57.46 0.34
70 174 -56.81 0.33
70 175 -54.45 0.32
70 176 -53.63 0.32
70 177 -51.01 0.32
70 178 -49.58 0.31
70 179 -46.91 0.30
70 180 -44.92 0.29
70 181 -41.52 0.30
70 182 -39.26 0.29
70 183 -35.46 0.27
70 184 -32.73 0.27
70 185 -28.56 -0.21
70 186 -26.19 -0.22
70 187 -22.34 -0.20
70 188 -19.62 -0.19
70 189 -15.29 -0.15
70 190 -12.80 -0.14
70 191 -8.64 -0.13
70 192 -5.73 -0.11
70 193 -1.02 0.08
70 194 2.32 0.00
70 195 6.52 0.00
70 196 8.83 0.00
70 197 15.78 0.00
70 198 20.96 0.00
70 199 27.79 0.00
70 200 32.38 0.06
70 201 39.02 0.08
70 202 44.33 0.13
70 203 50.61 0.12
70 204 55.91 0.16
70 205 62.24 0.17
70 206 67.45 0.20
70 207 74.00 0.21
70 208 79.34 0.21
70 209 85.57 0.25
70 210 90.99 0.26
70 211 97.26 0.26
70 212 103.16 0.25
70 213 109.76 0.29
70 214 115.41 0.28
70 215 122.05 0.30
70 216 128.03 0.30
70 217 135.20 0.29
70 218 141.06 0.30
70 219 148.63 0.30
70 220 154.68 0.30
70 221 161.75 0.30
70 222 168.72 0.30
70 223 176.11 0.29
70 224 182.88 0.30
70 225 190.49 0.29
70 226 197.69 0.30
70 227 205.46 0.31
70 228 212.52 0.29
70 229 220.51 0.28
70 230 227.95 0.29
70 231 235.93 0.28
70 232 243.57 0.29
70 233 252.07 0.25
70 234 259.69 0.26
71 148 -16.74 -0.19
71 149 -22.50 -0.15
71 150 -25.81 -0.14
71 151 -31.43 -0.11
71 152 -35.44 -0.09
71 153 -39.66 0.00
71 154 -41.32 -0.07
71 155 -43.60 -0.09
71 156 -44.09 -0.11
71 157 -46.57 0.15
71 158 -47.30 0.18
71 159 -50.01 0.19
71 160 -50.70 0.21
71 161 -52.83 0.23
71 162 -52.88 0.23
71 163 -54.90 0.25
71 164 -55.02 0.29
71 165 -56.59 0.31
71 166 -56.35 0.31
71 167 -57.83 0.31
71 168 -57.22 0.34
71 169 -58.22 0.32
71 170 -57.51 0.34
71 171 -58.06 0.34
71 172 -56.92 0.32
71 173 -56.89 0.34
71 174 -55.54 0.35
71 175 -54.92 0.31
71 176 -52.99 0.31
71 177 -52.31 0.31
71 178 -49.99 0.30
71 179 -48.96 0.30
71 180 -46.19 0.30
71 181 -44.82 0.28
71 182 -41.60 0.28
71 183 -39.59 0.28
71 184 -36.15 0.26
71 185 -33.85 0.25
71 186 -29.87 -0.20
71 187 -27.67 -0.20
71 188 -23.99 -0.19
71 189 -21.74 -0.17
71 190 -17.82 -0.17
71 191 -15.42 -0.12
71 192 -11.53 -0.12
71 193 -8.97 -0.11
71 194 -4.35 -0.10
71 195 -1.34 0.00
71 196 1.55 -0.06
71 197 4.77 0.00
71 198 11.54 0.00
71 199 16.49 0.00
71 200 22.52 0.06
71 201 27.69 0.08
71 202 33.96 0.09
71 203 38.94 0.13
71 204 45.05 0.13
71 205 50.12 0.16
71 206 56.33 0.17
71 207 61.51 0.19
71 208 67.69 0.21
71 209 72.73 0.23
71 210 79.05 0.24
71 211 84.26 0.25
71 212 90.35 0.25
71 213 95.88 0.26
71 214 102.63 0.28
71 215 108.04 0.28
71 216 114.44 0.30
71 217 120.29 0.30
71 218 127.11 0.30
71 219 133.09 0.29
71 220 140.30 0.28
71 221 146.28 0.31
71 222 153.36 0.32
71 223 159.73 0.30
71 224 167.10 0.30
71 225 173.65 0.30
71 226 180.65 0.29
71 227 187.89 0.30
71 228 195.61 0.30
71 229 202.45 0.30
71 230 210.38 0.29
71 231 217.65 0.30
71 232 225.41 0.27
71 233 232.99 0.27
71 234 240.98 0.25
71 235 248.68 0.28
71 236 257.01 0.25
71 237 264.91 0.25
71 238 273.15 0.24
71 239 281.00 0.24
71 240 289.59 0.24
71 241 297.65 -0.19
71 242 306.59 -0.18
72 150 -16.02 -0.16
72 151 -19.27 -0.12
72 152 -25.27 -0.12
72 153 -29.61 -0.09
72 154 -33.99 0.00
72 155 -36.02 -0.07
72 156 -38.58 -0.09
72 157 -39.47 -0.13
72 158 -42.21 0.14
72 159 -43.03 0.16
72 160 -45.91 0.18
72 161 -46.67 0.20
72 162 -49.18 0.21
72 163 -49.65 0.23
72 164 -51.81 0.24
72 165 -52.03 0.27
72 166 -53.89 0.27
72 167 -53.72 0.28
72 168 -55.45 0.29
72 169 -55.09 0.32
72 170 -56.46 0.31
72 171 -55.98 0.33
72 172 -56.76 0.33
72 173 -55.62 0.36
72 174 -56.21 0.31
72 175 -54.98 0.33
72 176 -54.76 0.32
72 177 -52.91 0.32
72 178 -52.71 0.30
72 179 -50.66 0.30
72 180 -49.89 0.29
72 181 -47.71 0.29
72 182 -46.13 0.28
72 183 -43.40 0.28
72 184 -41.58 0.27
72 185 -38.35 0.26
72 186 -35.82 -0.20
72 187 -32.92 -0.21
72 188 -30.95 -0.20
72 189 -27.48 -0.18
72 190 -25.46 -0.16
72 191 -21.88 -0.16
72 192 -19.75 -0.15
72 193 -16.02 -0.12
72 194 -13.64 -0.11
72 195 -9.22 -0.10
72 196 -6.27 0.00
72 197 -2.54 0.00
72 198 -0.56 0.00
72 199 6.04 0.00
72 200 10.77 0.00
72 201 16.53 -0.07
72 202 21.30 0.08
72 203 27.52 0.09
72 204 32.33 0.12
72 205 38.28 0.14
72 206 43.19 0.16
72 207 49.33 0.16
72 208 54.16 0.19
72 209 60.50 0.20
72 210 65.30 0.22
72 211 71.31 0.24
72 212 76.45 0.24
72 213 82.35 0.24
72 214 87.67 0.26
72 215 93.66 0.28
72 216 99.58 0.29
72 217 105.69 0.28
72 218 111.45 0.29
72 219 117.94 0.29
72 220 123.62 0.30
72 221 130.83 0.29
72 222 136.59 0.29
72 223 143.38 0.29
72 224 149.69 0.29
72 225 156.61 0.30
72 226 163.35 0.30
72 227 169.92 0.29
72 228 177.23 0.30
72 229 184.76 0.29
72 230 191.50 0.28
72 231 199.36 0.27
72 232 206.13 0.28
72 233 213.82 0.26
72 234 221.06 0.27
72 235 228.90 0.27
72 236 236.40 0.25
72 237 244.65 0.26
72 238 252.24 0.25
72 239 260.33 0.24
72 240 268.22 0.23
72 241 276.58 0.22
72 242 284.66 -0.17
72 243 292.93 -0.16
72 244 300.47 -0.16
73 152 -10.38 -0.12
73 153 -16.63 -0.11
73 154 -19.48 0.00
73 155 -25.90 0.00
73 156 -28.03 -0.07
73 157 -31.06 -0.09
73 158 -32.03 -0.11
73 159 -34.95 0.13
73 160 -36.05 0.16
73 161 -39.16 0.19
73 162 -40.30 0.20
73 163 -42.84 0.20
73 164 -43.63 0.23
73 165 -46.11 0.25
73 166 -46.48 0.25
73 167 -48.63 0.26
73 168 -48.87 0.26
73 169 -50.71 0.29
73 170 -50.48 0.31
73 171 -52.20 0.30
73 172 -51.82 0.35
73 173 -52.87 0.35
73 174 -51.93 0.35
73 175 -52.88 0.33
73 176 -51.89 0.33
73 177 -51.97 0.29
73 178 -50.29 0.29
73 179 -50.40 0.29
73 180 -48.62 0.29
73 181 -48.33 0.28
73 182 -46.21 0.28
73 183 -45.17 0.27
73 184 -42.44 0.28
73 185 -41.12 0.25
73 186 -38.23 0.26
73 187 -36.54 0.22
73 188 -33.03 -0.21
73 189 -31.40 -0.19
73 190 -28.34 -0.18
73 191 -26.62 -0.16
73 192 -23.29 -0.15
73 193 -21.42 -0.14
73 194 -17.96 -0.12
73 195 -15.70 -0.12
73 196 -11.73 -0.11
73 197 -9.06 0.00
73 198 -5.56 0.00
73 199 -3.76 0.00
73 200 2.66 0.00
73 201 7.14 0.00
73 202 12.74 -0.06
73 203 17.28 -0.07
73 204 23.48 0.08
73 205 28.08 0.10
73 206 33.88 0.12
73 207 38.66 0.15
73 208 44.57 0.16
73 209 49.27 0.17
73 210 55.20 0.20
73 211 59.91 0.22
73 212 65.86 0.24
73 213 70.67 0.25
73 214 76.76 0.23
73 215 81.58 0.26
73 216 87.59 0.26
73 217 92.86 0.27
73 218 98.99 0.27
73 219 104.48 0.29
73 220 111.19 0.29
73 221 116.44 0.30
73 222 123.23 0.29
73 223 128.91 0.30
73 224 135.70 0.30
73 225 141.86 0.29
73 226 148.66 0.29
73 227 154.92 0.29
73 228 161.56 0.30
73 229 168.64 0.30
73 230 175.91 0.30
73 231 182.61 0.26
73 232 190.11 0.27
73 233 196.67 0.26
73 234 204.50 0.26
73 235 211.21 0.26
73 236 219.00 0.26
73 237 226.21 0.25
73 238 234.05 0.24
73 239 241.43 0.23
73 240 249.90 0.22
73 241 257.35 0.23
73 242 265.20 0.21
73 243 273.86 -0.18
73 244 281.60 -0.17
73 245 289.12 -0.16
73 246 297.06 -0.16
73 247 304.79 -0.13
73 248 313.31 -0.15
73 249 320.41 -0.12
73 250 329.07 -0.11
74 154 -9.62 -0.09
74 155 -14.47 0.06
74 156 -19.41 0.00
74 157 -22.02 -0.07
74 158 -25.07 0.07
74 159 -26.42 -0.11
74 160 -29.76 0.12
74 161 -31.10 0.15
74 162 -34.29 0.15
74 163 -35.50 0.18
74 164 -38.42 0.20
74 165 -39.31 0.20
74 166 -41.88 0.21
74 167 -42.68 0.24
74 168 -44.92 0.25
74 169 -45.31 0.26
74 170 -47.37 0.28
74 171 -47.43 0.32
74 172 -49.20 0.31
74 173 -49.31 0.31
74 174 -50.59 0.32
74 175 -50.08 0.29
74 176 -51.04 0.33
74 177 -50.34 0.33
74 178 -50.57 0.29
74 179 -49.27 0.30
74 180 -49.59 0.29
74 181 -47.90 0.28
74 182 -47.86 0.27
74 183 -46.07 0.27
74 184 -45.23 0.26
74 185 -42.96 0.25
74 186 -41.91 0.25
74 187 -39.44 0.22
74 188 -37.72 -0.18
74 189 -35.18 -0.19
74 190 -34.02 -0.18
74 191 -30.69 -0.17
74 192 -29.32 -0.17
74 193 -26.31 -0.14
74 194 -24.68 -0.12
74 195 -21.51 -0.12
74 196 -19.73 -0.11
74 197 -15.64 -0.09
74 198 -13.15 0.00
74 199 -9.87 0.00
74 200 -8.24 0.00
74 201 -2.00 0.00
74 202 2.23 0.00
74 203 7.58 -0.06
74 204 11.81 0.07
74 205 17.73 0.07
74 206 22.18 0.12
74 207 27.98 0.12
74 208 32.52 0.14
74 209 38.06 0.16
74 210 42.91 0.18
74 211 48.63 0.18
74 212 53.38 0.20
74 213 59.09 0.22
74 214 63.83 0.25
74 215 69.45 0.23
74 216 74.36 0.25
74 217 80.15 0.26
74 218 85.24 0.29
74 219 91.17 0.27
74 220 96.55 0.28
74 221 103.02 0.31
74 222 108.27 0.29
74 223 114.77 0.29
74 224 120.22 0.30
74 225 126.75 0.30
74 226 132.77 0.29
74 227 139.44 0.30
74 228 145.48 0.29
74 229 152.69 0.29
74 230 158.79 0.29
74 231 166.00 0.29
74 232 172.55 0.28
74 233 180.00 0.29
74 234 186.29 0.27
74 235 193.94 0.27
74 236 200.71 0.26
74 237 207.98 0.25
74 238 215.31 0.24
74 239 222.86 0.23
74 240 230.16 0.22
74 241 237.99 0.21
74 242 245.69 0.21
74 243 253.59 0.20
74 244 261.53 -0.18
74 245 269.31 0.19
74 246 276.56 -0.16
74 247 284.31 -0.15
74 248 291.78 -0.13
74 249 299.70 -0.14
74 250 306.89 -0.13
75 156 -3.61 0.00
75 157 -10.56 0.00
75 158 -13.09 -0.07
75 159 -16.63 0.07
75 160 -18.20 0.10
75 161 -21.75 0.10
75 162 -23.36 0.15
75 163 -26.60 0.15
75 164 -28.16 0.16
75 165 -31.19 0.19
75 166 -32.35 0.20
75 167 -35.13 0.22
75 168 -36.26 0.23
75 169 -38.62 0.23
75 170 -39.20 0.24
75 171 -41.55 0.29
75 172 -41.94 0.33
75 173 -44.11 0.32
75 174 -44.22 0.34
75 175 -45.87 0.33
75 176 -45.59 0.29
75 177 -46.93 0.32
75 178 -46.09 0.32
75 179 -46.95 0.29
75 180 -45.69 0.28
75 181 -46.44 0.28
75 182 -45.00 0.27
75 183 -45.28 0.27
75 184 -43.66 0.26
75 185 -43.20 0.25
75 186 -41.13 0.24
75 187 -40.41 0.23
75 188 -38.23 0.22
75 189 -36.94 0.22
75 190 -34.56 -0.18
75 191 -33.69 -0.18
75 192 -30.77 -0.17
75 193 -29.79 -0.15
75 194 -26.81 -0.12
75 195 -25.39 -0.12
75 196 -22.53 -0.12
75 197 -20.94 -0.11
75 198 -17.05 -0.09
75 199 -15.09 0.00
75 200 -12.04 0.00
75 201 -10.59 0.00
75 202 -4.54 0.00
75 203 -0.57 0.00
75 204 5.29 0.00
75 205 8.87 0.07
75 206 14.35 0.06
75 207 18.75 0.10
75 208 24.39 0.11
75 209 28.77 0.14
75 210 34.27 0.14
75 211 38.85 0.17
75 212 44.57 0.18
75 213 49.05 0.20
75 214 54.72 0.21
75 215 59.07 0.22
75 216 64.67 0.23
75 217 69.23 0.28
75 218 74.85 0.26
75 219 79.85 0.26
75 220 85.63 0.28
75 221 90.70 0.29
75 222 96.95 0.30
75 223 101.90 0.29
75 224 108.49 0.29
75 225 113.55 0.29
75 226 119.99 0.29
75 227 125.74 0.29
75 228 132.17 0.28
75 229 138.25 0.28
75 230 144.95 0.28
75 231 151.17 0.27
75 232 158.12 0.27
75 233 164.40 0.27
75 234 171.59 0.27
75 235 177.96 0.26
75 236 185.47 0.26
75 237 191.85 0.24
75 238 199.24 0.24
75 239 206.21 0.23
75 240 213.64 0.22
75 241 220.70 0.21
75 242 228.73 0.21
75 243 235.83 0.21
75 244 244.26 -0.16
75 245 251.22 -0.18
75 246 258.58 -0.15
75 247 265.87 -0.15
75 248 273.71 -0.14
75 249 281.01 -0.14
75 250 288.62 -0.13
75 251 295.77 -0.12
75 252 303.90 -0.11
76 158 -3.37 0.00
76 159 -6.46 -0.06
76 160 -10.27 0.07
76 161 -11.84 -0.10
76 162 -15.76 0.11
76 163 -17.50 0.11
76 164 -20.92 0.13
76 165 -22.46 0.17
76 166 -25.77 0.16
76 167 -26.95 0.18
76 168 -30.11 0.19
76 169 -31.21 0.21
76 170 -33.84 0.21
76 171 -34.74 0.23
76 172 -37.21 0.31
76 173 -37.87 0.32
76 174 -40.33 0.32
76 175 -40.69 0.32
76 176 -42.52 0.31
76 177 -42.47 0.31
76 178 -44.03 0.31
76 179 -43.77 0.31
76 180 -44.44 0.29
76 181 -43.58 0.29
76 182 -44.42 0.28
76 183 -43.26 0.26
76 184 -43.83 0.27
76 185 -42.36 0.25
76 186 -42.26 0.25
76 187 -40.54 0.22
76 188 -39.70 -0.19
76 189 -38.10 -0.17
76 190 -37.59 -0.17
76 191 -35.49 -0.17
76 192 -34.81 -0.17
76 193 -32.44 -0.14
76 194 -31.70 -0.14
76 195 -29.01 -0.12
76 196 -27.86 -0.13
76 197 -25.09 -0.11
76 198 -23.68 -0.09
76 199 -20.25 0.06
76 200 -18.41 0.00
76 201 -15.58 0.00
76 202 -14.30 0.00
76 203 -8.43 0.00
76 204 -4.72 0.00
76 205 0.94 0.00
76 206 4.26 0.06
76 207 9.66 0.07
76 208 13.95 0.08
76 209 19.47 0.10
76 210 23.73 0.12
76 211 29.06 0.12
76 212 33.30 0.15
76 213 39.02 0.17
76 214 43.33 0.19
76 215 48.80 0.20
76 216 53.24 0.21
76 217 58.63 0.22
76 218 63.04 0.25
76 219 68.42 0.24
76 220 73.07 0.29
76 221 78.77 0.27
76 222 83.60 0.28
76 223 89.73 0.29
76 224 94.65 0.28
76 225 100.84 0.29
76 226 105.98 0.29
76 227 112.17 0.29
76 228 117.76 0.30
76 229 123.94 0.29
76 230 129.91 0.29
76 231 136.51 0.28
76 232 142.49 0.28
76 233 149.40 0.28
76 234 155.46 0.28
76 235 162.52 0.27
76 236 168.61 0.26
76 237 176.00 0.26
76 238 182.27 0.24
76 239 189.47 0.23
76 240 196.12 0.22
76 241 203.91 0.22
76 242 210.58 0.22
76 243 218.50 0.19
76 244 224.96 0.20
76 245 232.95 -0.17
76 246 239.71 -0.15
76 247 247.42 -0.15
76 248 254.19 -0.13
76 249 261.73 -0.14
76 250 268.65 -0.12
76 251 276.85 -0.12
76 252 283.21 -0.11
76 253 291.23 -0.09
76 254 298.19 -0.09
76 255 306.13 -0.09
76 256 313.86 0.00
76 257 321.48 0.00
76 258 328.19 0.00
76 259 336.43 0.00
76 260 342.74 0.00
76 261 352.88 0.00
76 262 361.16 0.00
77 160 4.78 0.00
77 161 -1.10 0.07
77 162 -2.94 0.10
77 163 -7.05 0.09
77 164 -9.04 0.09
77 165 -12.53 0.13
77 166 -14.49 0.14
77 167 -17.92 0.15
77 168 -19.33 0.17
77 169 -22.52 0.19
77 170 -23.94 0.20
77 171 -26.72 0.19
77 172 -27.62 0.22
77 173 -30.60 0.28
77 174 -31.52 0.31
77 175 -34.10 0.30
77 176 -35.02 0.32
77 177 -36.90 0.31
77 178 -37.09 0.30
77 179 -38.72 0.33
77 180 -38.88 0.33
77 181 -39.97 0.32
77 182 -39.34 0.32
77 183 -40.21 0.29
77 184 -39.30 0.27
77 185 -39.97 0.27
77 186 -38.84 0.27
77 187 -38.83 0.26
77 188 -37.36 0.22
77 189 -37.53 -0.18
77 190 -35.88 -0.17
77 191 -35.81 -0.18
77 192 -34.12 -0.18
77 193 -33.40 -0.17
77 194 -31.59 -0.15
77 195 -30.89 -0.15
77 196 -28.49 -0.14
77 197 -27.59 -0.13
77 198 -24.98 -0.10
77 199 -23.94 -0.09
77 200 -19.86 0.00
77 201 -19.46 0.00
77 202 -16.87 0.00
77 203 -15.72 0.00
77 204 -10.09 0.00
77 205 -6.63 0.00
77 206 -1.18 0.00
77 207 2.89 0.00
77 208 7.16 0.06
77 209 11.23 0.08
77 210 16.45 0.10
77 211 20.66 0.12
77 212 25.91 0.12
77 213 30.25 0.13
77 214 35.77 0.14
77 215 39.81 0.16
77 216 45.22 0.19
77 217 49.43 0.22
77 218 54.60 0.21
77 219 58.84 0.24
77 220 64.12 0.25
77 221 68.58 0.26
77 222 74.00 0.28
77 223 78.80 0.29
77 224 84.65 0.29
77 225 89.23 0.29
77 226 95.42 0.29
77 227 100.36 0.29
77 228 106.16 0.28
77 229 111.72 0.29
77 230 117.56 0.29
77 231 123.48 0.29
77 232 129.84 0.28
77 233 135.82 0.29
77 234 142.36 0.29
77 235 148.41 0.28
77 236 155.26 0.26
77 237 161.25 0.27
77 238 168.38 0.24
77 239 174.43 0.24
77 240 181.59 0.25
77 241 188.31 0.24
77 242 195.95 0.21
77 243 202.25 0.22
77 244 209.84 0.19
77 245 216.58 0.16
77 246 223.97 0.18
77 247 230.51 -0.17
77 248 237.79 -0.16
77 249 244.55 -0.14
77 250 251.78 -0.13
77 251 258.46 -0.13
77 252 266.16 -0.11
77 253 272.97 -0.10
77 254 280.73 -0.11
77 255 287.44 -0.09
77 256 295.28 -0.08
77 257 302.75 0.00
77 258 310.21 0.00
77 259 316.81 0.00
77 260 324.88 0.00
77 261 331.10 0.00
77 262 341.38 0.00
77 263 349.49 0.00
77 264 358.50 0.00
78 162 6.11 0.06
78 163 4.23 -0.07
78 164 -0.20 0.09
78 165 -2.35 0.09
78 166 -6.03 0.10
78 167 -7.89 0.13
78 168 -11.49 0.13
78 169 -13.09 0.14
78 170 -16.51 0.17
78 171 -18.02 0.17
78 172 -21.09 0.17
78 173 -22.41 0.19
78 174 -25.21 0.22
78 175 -26.69 0.30
78 176 -29.30 0.31
78 177 -30.62 0.31
78 178 -32.58 0.31
78 179 -32.83 0.30
78 180 -34.94 0.32
78 181 -35.18 0.31
78 182 -36.58 0.29
78 183 -36.16 0.29
78 184 -37.47 0.29
78 185 -36.75 0.28
78 186 -37.59 0.25
78 187 -36.42 -0.18
78 188 -36.87 -0.19
78 189 -36.08 -0.16
78 190 -36.66 -0.17
78 191 -35.38 -0.15
78 192 -35.61 -0.16
78 193 -34.06 -0.15
78 194 -33.92 -0.15
78 195 -32.12 -0.13
78 196 -31.77 -0.13
78 197 -29.68 -0.12
78 198 -29.05 -0.10
78 199 -26.84 -0.10
78 200 -26.00 -0.09
78 201 -22.23 0.00
78 202 -22.05 0.00
78 203 -19.65 0.00
78 204 -18.72 0.00
78 205 -13.23 0.00
78 206 -10.04 0.00
78 207 -4.79 0.00
78 208 -0.95 0.00
78 209 4.22 0.00
78 210 7.24 0.06
78 211 12.47 0.09
78 212 16.52 0.09
78 213 21.66 0.11
78 214 25.64 0.13
78 215 31.42 -0.10
78 216 35.16 0.17
78 217 40.46 0.18
78 218 44.33 0.20
78 219 49.49 0.21
78 220 53.64 0.23
78 221 58.54 0.27
78 222 63.05 0.26
78 223 68.18 0.28
78 224 72.72 0.27
78 225 78.38 0.28
78 226 83.00 0.28
78 227 88.59 0.29
78 228 93.61 0.30
78 229 99.32 0.27
78 230 104.68 0.28
78 231 110.42 0.28
78 232 116.05 0.28
78 233 122.40 0.29
78 234 128.08 0.28
78 235 134.40 0.27
78 236 140.27 0.27
78 237 147.04 0.25
78 238 152.84 0.25
78 239 159.77 0.25
78 240 165.82 0.24
78 241 172.65 0.22
78 242 179.19 0.22
78 243 186.17 0.21
78 244 193.44 -0.19
78 245 199.74 0.19
78 246 206.49 -0.15
78 247 213.49 -0.15
78 248 219.96 -0.16
78 249 226.93 -0.13
78 250 233.51 -0.15
78 251 240.67 -0.12
78 252 247.25 -0.12
78 253 254.79 -0.11
78 254 261.23 -0.09
78 255 269.05 -0.12
78 256 275.40 -0.09
78 257 282.95 -0.07
78 258 290.32 0.00
78 259 297.63 0.00
78 260 304.12 0.00
78 261 312.02 0.00
78 262 318.16 0.00
78 263 328.54 0.00
78 264 336.50 0.00
78 265 345.29 0.00
78 266 354.94 0.00
79 164 13.75 0.06
79 165 9.22 0.08
79 166 6.96 0.09
79 167 2.93 0.09
79 168 1.02 0.11
79 169 -2.94 0.12
79 170 -4.67 0.12
79 171 -8.30 0.14
79 172 -10.18 0.15
79 173 -13.23 0.16
79 174 -14.78 0.16
79 175 -17.52 0.32
79 176 -19.20 0.20
79 177 -21.92 0.28
79 178 -23.43 0.31
79 179 -25.95 0.31
79 180 -26.42 0.31
79 181 -28.80 0.31
79 182 -29.27 0.31
79 183 -30.78 0.30
79 184 -30.61 0.29
79 185 -32.13 0.28
79 186 -31.56 -0.20
79 187 -32.83 -0.20
79 188 -32.37 -0.18
79 189 -33.35 -0.19
79 190 -32.64 -0.18
79 191 -33.19 -0.18
79 192 -32.20 -0.18
79 193 -32.52 -0.16
79 194 -31.38 -0.17
79 195 -31.38 -0.15
79 196 -30.00 -0.14
79 197 -29.72 -0.14
79 198 -27.95 -0.11
79 199 -27.53 -0.09
79 200 -25.75 -0.09
79 201 -24.21 0.00
79 202 -21.95 0.00
79 203 -22.00 0.00
79 204 -19.83 0.00
79 205 -19.07 0.00
79 206 -13.80 0.00
79 207 -10.86 0.00
79 208 -5.82 0.00
79 209 -2.22 0.00
79 210 2.74 0.00
79 211 6.77 0.00
79 212 11.69 0.00
79 213 14.51 0.09
79 214 19.69 0.06
79 215 23.47 0.12
79 216 28.58 0.13
79 217 32.57 0.14
79 218 37.65 0.14
79 219 41.79 0.18
79 220 46.53 0.23
79 221 50.34 0.24
79 222 55.39 0.22
79 223 59.46 0.25
79 224 64.50 0.28
79 225 68.91 0.28
79 226 74.64 0.27
79 227 78.71 0.27
79 228 84.10 0.27
79 229 88.93 0.28
79 230 94.53 0.28
79 231 99.68 0.28
79 232 105.47 0.29
79 233 110.81 0.28
79 234 116.80 0.29
79 235 122.37 0.28
79 236 128.57 0.26
79 237 134.28 0.27
79 238 140.80 0.26
79 239 146.34 0.26
79 240 153.36 0.24
79 241 159.13 0.23
79 242 165.76 0.24
79 243 172.07 0.20
79 244 179.27 -0.18
79 245 185.34 0.20
79 246 192.54 -0.15
79 247 198.55 -0.18
79 248 205.40 -0.15
79 249 211.62 -0.15
79 250 218.53 -0.14
79 251 224.95 -0.14
79 252 232.04 -0.10
79 253 238.56 -0.10
79 254 245.94 -0.10
79 255 252.13 -0.10
79 256 259.48 -0.11
79 257 266.81 0.00
79 258 273.68 0.00
79 259 280.15 0.00
79 260 287.32 0.00
79 261 293.69 0.00
79 262 301.44 0.00
79 263 307.48 0.00
79 264 317.97 0.00
79 265 325.55 0.00
79 266 334.26 0.00
79 267 343.81 0.00
79 268 352.23 0.00
80 166 18.16 0.00
80 167 14.33 0.07
80 168 10.30 -0.06
80 169 8.21 0.08
80 170 4.08 0.10
80 171 2.12 0.10
80 172 -1.56 0.12
80 173 -3.71 0.13
80 174 -6.71 0.13
80 175 -8.70 0.14
80 176 -11.73 0.26
80 177 -13.39 0.26
80 178 -16.56 0.29
80 179 -18.47 0.31
80 180 -20.91 0.31
80 181 -21.80 0.31
80 182 -24.21 0.31
80 183 -24.97 0.31
80 184 -26.79 0.31
80 185 -26.69 0.30
80 186 -28.51 0.28
80 187 -28.11 -0.15
80 188 -29.95 -0.18
80 189 -29.97 -0.18
80 190 -30.87 -0.18
80 191 -30.83 -0.18
80 192 -31.54 -0.18
80 193 -30.66 -0.14
80 194 -31.54 -0.16
80 195 -30.37 -0.15
80 196 -30.77 -0.14
80 197 -29.61 -0.13
80 198 -29.71 -0.12
80 199 -28.23 -0.09
80 200 -28.29 -0.08
80 201 -26.51 -0.08
80 202 -25.65 0.00
80 203 -23.67 0.00
80 204 -23.86 0.00
80 205 -21.89 0.00
80 206 -21.32 0.00
80 207 -16.22 0.00
80 208 -13.56 0.00
80 209 -8.71 0.00
80 210 -5.35 0.00
80 211 -0.60 0.00
80 212 3.21 0.00
80 213 7.92 0.00
80 214 10.86 0.06
80 215 16.77 0.00
80 216 19.64 0.08
80 217 24.56 0.08
80 218 28.56 0.11
80 219 33.59 0.12
80 220 37.33 0.19
80 221 42.19 0.22
80 222 45.92 0.22
80 223 50.49 0.24
80 224 54.57 0.26
80 225 59.46 0.27
80 226 63.65 0.27
80 227 68.98 0.30
80 228 73.15 0.28
80 229 78.74 0.27
80 230 83.17 0.28
80 231 88.82 0.28
80 232 93.48 0.28
80 233 99.30 0.28
80 234 104.24 0.28
80 235 110.08 0.28
80 236 115.41 0.28
80 237 121.44 0.27
80 238 126.91 0.26
80 239 133.34 0.26
80 240 138.79 0.26
80 241 145.48 0.25
80 242 151.35 0.23
80 243 157.78 0.24
80 244 164.09 0.22
80 245 170.26 -0.17
80 246 176.63 -0.16
80 247 182.98 -0.14
80 248 188.96 -0.16
80 249 195.64 -0.14
80 250 201.87 -0.13
80 251 208.51 -0.12
80 252 214.74 -0.13
80 253 221.47 -0.11
80 254 227.79 -0.10
80 255 236.07 0.00
80 256 241.03 -0.09
80 257 249.12 0.00
80 258 255.28 0.00
80 259 262.00 0.00
80 260 268.37 0.00
80 261 275.39 0.00
80 262 281.66 0.00
80 263 289.26 0.00
80 264 295.20 0.00
80 265 305.78 0.00
80 266 312.89 0.00
80 267 321.86 0.00
80 268 330.90 0.00
80 269 339.45 0.00
80 270 349.07 0.00
81 168 24.31 0.06
81 169 19.62 -0.06
81 170 17.19 -0.06
81 171 13.11 -0.07
81 172 10.96 -0.08
81 173 7.04 -0.07
81 174 4.82 -0.08
81 175 1.65 -0.07
81 176 -0.60 -0.08
81 177 -3.31 -0.08
81 178 -5.19 -0.10
81 179 -8.60 0.26
81 180 -10.40 0.29
81 181 -13.44 0.33
81 182 -14.53 0.32
81 183 -17.17 0.32
81 184 -18.25 0.31
81 185 -20.25 0.31
81 186 -20.38 -0.19
81 187 -22.43 -0.19
81 188 -22.57 -0.18
81 189 -24.60 -0.19
81 190 -24.56 -0.16
81 191 -26.00 -0.18
81 192 -26.09 -0.18
81 193 -27.06 -0.18
81 194 -26.61 -0.18
81 195 -27.43 -0.17
81 196 -26.66 -0.08
81 197 -27.48 -0.10
81 198 -26.60 -0.07
81 199 -27.22 -0.07
81 200 -26.29 -0.06
81 201 -26.56 -0.06
81 202 -25.31 -0.06
81 203 -24.42 0.00
81 204 -22.78 0.00
81 205 -23.04 0.00
81 206 -21.25 0.00
81 207 -20.87 0.00
81 208 -15.96 0.00
81 209 -13.62 0.00
81 210 -8.99 0.00
81 211 -5.90 0.00
81 212 -1.37 0.00
81 213 2.18 0.00
81 214 6.67 0.00
81 215 10.57 0.00
81 216 15.06 0.00
81 217 19.22 0.00
81 218 22.52 -0.06
81 219 28.10 0.00
81 220 31.27 -0.07
81 221 35.32 0.19
81 222 39.84 0.21
81 223 43.39 0.22
81 224 47.93 0.22
81 225 51.90 0.24
81 226 56.71 0.24
81 227 60.53 0.27
81 228 65.77 0.25
81 229 69.73 0.27
81 230 75.14 0.27
81 231 79.37 0.28
81 232 84.95 0.27
81 233 89.42 0.27
81 234 94.81 0.27
81 235 99.85 0.27
81 236 105.50 0.26
81 237 110.67 0.26
81 238 116.42 0.26
81 239 121.77 0.26
81 240 128.04 0.25
81 241 133.37 0.25
81 242 139.81 0.25
81 243 145.41 0.24
81 244 151.59 0.22
81 245 157.85 0.23
81 246 163.72 -0.17
81 247 169.68 -0.18
81 248 175.96 -0.15
81 249 181.85 -0.16
81 250 190.00 0.00
81 251 194.25 -0.16
81 252 200.84 -0.09
81 253 206.96 -0.15
81 254 213.29 -0.07
81 255 219.49 -0.08
81 256 227.07 0.00
81 257 232.25 -0.07
81 258 239.85 0.00
81 259 245.85 0.00
81 260 252.40 0.00
81 261 258.68 0.00
81 262 265.58 0.00
81 263 271.72 0.00
81 264 279.20 0.00
81 265 285.03 0.00
81 266 295.67 0.00
81 267 302.39 0.00
81 268 311.66 0.00
81 269 320.06 0.00
81 270 328.83 0.00
81 271 337.97 0.00
81 272 346.93 0.00
82 170 29.06 0.00
82 171 26.32 0.00
82 172 22.18 0.00
82 173 19.66 0.00
82 174 15.84 0.00
82 175 13.38 0.00
82 176 10.00 0.00
82 177 7.79 0.00
82 178 3.30 0.08
82 179 0.85 0.07
82 180 -2.23 0.29
82 181 -4.23 0.31
82 182 -7.38 0.31
82 183 -8.74 0.31
82 184 -11.66 0.31
82 185 -12.84 0.31
82 186 -15.06 0.28
82 187 -15.47 0.30
82 188 -17.60 0.29
82 189 -18.46 -0.20
82 190 -20.07 -0.18
82 191 -20.68 -0.18
82 192 -22.34 -0.18
82 193 -22.60 -0.18
82 194 -23.20 0.06
82 195 -22.25 0.00
82 196 -23.23 0.00
82 197 -23.33 0.00
82 198 -24.10 0.00
82 199 -23.96 0.00
82 200 -24.64 0.00
82 201 -24.24 0.00
82 202 -24.83 0.00
82 203 -23.96 0.00
82 204 -24.55 0.00
82 205 -22.96 0.00
82 206 -23.61 0.00
82 207 -22.07 0.00
82 208 -21.88 0.00
82 209 -17.17 0.00
82 210 -15.04 0.00
82 211 -10.61 0.00
82 212 -7.73 0.00
82 213 -3.39 0.00
82 214 -0.04 0.00
82 215 4.26 0.00
82 216 7.95 0.00
82 217 12.26 0.00
82 218 16.22 0.00
82 219 20.91 0.00
82 220 24.73 0.00
82 221 29.44 0.00
82 222 32.21 0.06
82 223 36.46 0.21
82 224 39.80 0.23
82 225 44.19 0.23
82 226 47.96 0.25
82 227 52.61 0.24
82 228 56.33 0.26
82 229 61.43 0.27
82 230 65.21 0.26
82 231 70.42 0.27
82 232 74.44 0.27
82 233 79.85 0.28
82 234 84.10 0.27
82 235 89.48 0.28
82 236 94.26 0.27
82 237 99.67 0.26
82 238 104.67 0.28
82 239 110.34 0.26
82 240 115.49 0.26
82 241 121.66 0.26
82 242 126.75 0.25
82 243 133.08 0.25
82 244 138.54 0.24
82 245 144.58 -0.19
82 246 150.46 -0.16
82 247 156.52 -0.16
82 248 162.08 -0.15
82 249 169.73 0.00
82 250 173.76 -0.16
82 251 181.27 0.00
82 252 187.43 0.00
82 253 193.08 0.00
82 254 199.22 0.00
82 255 205.13 0.00
82 256 211.22 0.00
82 257 217.41 0.00
82 258 223.40 0.00
82 259 229.90 0.00
82 260 235.76 0.00
82 261 242.26 0.00
82 262 248.32 0.00
82 263 255.06 0.00
82 264 261.09 0.00
82 265 268.42 0.00
82 266 274.14 0.00
82 267 284.75 0.00
82 268 291.22 0.00
82 269 300.62 0.00
82 270 308.57 0.00
82 271 317.63 0.00
82 272 326.16 0.00
82 273 335.03 0.00
82 274 343.93 0.00
83 172 39.33 0.00
83 173 33.22 -0.06
83 174 30.47 -0.07
83 175 26.30 -0.07
83 176 23.73 0.06
83 177 19.56 0.16
83 178 16.84 0.26
83 179 12.86 0.26
83 180 10.68 0.30
83 181 6.61 0.30
83 182 4.62 0.31
83 183 1.09 0.31
83 184 -0.23 0.31
83 185 -3.69 0.31
83 186 -5.09 0.30
83 187 -7.63 0.31
83 188 -8.33 0.31
83 189 -10.68 0.29
83 190 -11.39 -0.20
83 191 -13.52 -0.20
83 192 -14.19 -0.19
83 193 -16.05 -0.21
83 194 -16.17 -0.15
83 195 -17.78 -0.14
83 196 -17.76 -0.14
83 197 -19.16 -0.13
83 198 -19.26 -0.11
83 199 -20.12 -0.11
83 200 -19.93 -0.07
83 201 -19.51 0.00
83 202 -19.38 0.00
83 203 -20.21 0.00
83 204 -19.59 0.00
83 205 -20.39 0.00
83 206 -19.05 0.00
83 207 -19.91 0.00
83 208 -18.65 0.00
83 209 -18.62 0.00
83 210 -14.11 0.00
83 211 -12.25 0.00
83 212 -8.03 0.00
83 213 -5.40 0.00
83 214 -1.28 0.00
83 215 1.83 0.00
83 216 5.91 0.00
83 217 9.38 0.00
83 218 13.46 0.00
83 219 17.20 0.00
83 220 21.67 0.00
83 221 23.95 -0.06
83 222 28.42 -0.07
83 223 31.05 0.17
83 224 35.47 0.19
83 225 38.37 0.23
83 226 42.59 0.23
83 227 46.22 0.24
83 228 50.69 0.24
83 229 54.35 0.26
83 230 59.44 0.24
83 231 62.80 0.28
83 232 67.83 0.26
83 233 71.75 0.27
83 234 76.88 0.28
83 235 81.07 0.27
83 236 86.47 0.25
83 237 90.81 0.27
83 238 96.14 0.25
83 239 101.06 0.25
83 240 106.57 0.25
83 241 111.50 0.24
83 242 117.62 0.25
83 243 122.53 0.22
83 244 128.48 0.26
83 245 133.86 -0.18
83 246 139.34 -0.19
83 247 144.90 -0.19
83 248 150.66 -0.17
83 249 156.19 -0.17
83 250 162.37 -0.16
83 251 167.81 -0.16
83 252 174.06 -0.15
83 253 179.62 -0.12
83 254 185.72 -0.11
83 255 191.43 -0.12
83 256 197.91 -0.09
83 257 203.67 -0.09
83 258 210.72 0.00
83 259 216.55 0.00
83 260 222.91 0.00
83 261 228.61 0.00
83 262 234.95 0.00
83 263 240.88 0.00
83 264 247.48 0.00
83 265 253.39 0.00
83 266 260.56 0.00
83 267 266.18 0.00
83 268 276.81 0.00
83 269 282.97 0.00
83 270 292.52 0.00
83 271 300.03 0.00
83 272 309.30 0.00
83 273 317.28 0.00
83 274 326.02 0.00
83 275 334.73 0.00
83 276 343.37 0.00
84 174 43.27 0.12
84 175 40.31 0.12
84 176 35.38 0.14
84 177 32.36 0.19
84 178 28.05 0.21
84 179 25.04 0.26
84 180 20.84 0.29
84 181 18.39 0.32
84 182 14.18 0.31
84 183 11.80 0.30
84 184 8.07 0.33
84 185 6.15 0.31
84 186 2.79 0.31
84 187 1.25 0.33
84 188 -1.46 0.30
84 189 -2.45 0.31
84 190 -5.08 0.29
84 191 -5.70 -0.21
84 192 -8.20 -0.21
84 193 -9.10 -0.21
84 194 -11.18 -0.20
84 195 -11.30 -0.15
84 196 -13.17 -0.15
84 197 -13.37 -0.11
84 198 -14.99 -0.11
84 199 -15.17 0.08
84 200 -16.54 -0.09
84 201 -15.09 0.00
84 202 -17.64 -0.07
84 203 -17.11 -0.07
84 204 -17.39 0.00
84 205 -17.01 0.00
84 206 -18.01 0.00
84 207 -16.92 0.00
84 208 -17.97 0.00
84 209 -16.95 0.00
84 210 -17.09 0.00
84 211 -12.77 0.00
84 212 -11.16 0.00
84 213 -7.12 0.00
84 214 -4.73 0.00
84 215 -0.81 0.00
84 216 2.07 0.00
84 217 5.26 0.06
84 218 9.20 0.00
84 219 12.06 0.08
84 220 15.12 0.10
84 221 19.17 0.11
84 222 21.91 0.15
84 223 25.96 0.18
84 224 28.81 0.19
84 225 32.94 0.20
84 226 35.92 0.21
84 227 40.02 0.22
84 228 43.44 0.24
84 229 47.70 0.24
84 230 51.16 0.24
84 231 55.93 0.26
84 232 59.23 0.26
84 233 64.27 0.27
84 234 67.86 0.27
84 235 72.84 0.27
84 236 76.91 0.27
84 237 81.79 0.27
84 238 86.25 0.27
84 239 91.46 0.25
84 240 96.08 0.26
84 241 101.38 0.25
84 242 106.29 0.25
84 243 112.01 0.25
84 244 116.84 0.23
84 245 122.91 0.23
84 246 127.87 0.21
84 247 133.65 0.21
84 248 139.16 0.18
84 249 144.64 -0.14
84 250 150.15 -0.14
84 251 155.86 -0.15
84 252 161.29 -0.13
84 253 167.04 -0.15
84 254 172.59 -0.13
84 255 178.65 -0.10
84 256 184.09 -0.12
84 257 190.07 -0.08
84 258 195.75 -0.08
84 259 202.80 0.00
84 260 208.48 0.00
84 261 214.71 0.00
84 262 220.27 0.00
84 263 226.46 0.00
84 264 232.27 0.00
84 265 238.73 0.00
84 266 244.53 0.00
84 267 251.55 0.00
84 268 257.09 0.00
84 269 267.72 0.00
84 270 273.60 0.00
84 271 283.25 0.00
84 272 290.37 0.00
84 273 299.09 0.00
84 274 307.35 0.00
84 275 315.95 0.00
84 276 324.50 0.00
84 277 332.49 0.07
84 278 341.80 0.00
85 176 51.94 0.17
85 177 46.84 0.18
85 178 43.41 0.21
85 179 38.73 0.24
85 180 35.45 0.26
85 181 31.08 0.33
85 182 28.22 0.34
85 183 23.65 0.31
85 184 21.35 0.31
85 185 17.25 0.31
85 186 15.15 0.28
85 187 11.68 0.31
85 188 9.63 0.30
85 189 6.74 0.31
85 190 5.58 0.31
85 191 2.84 0.28
85 192 1.68 0.29
85 193 -0.55 0.27
85 194 -1.35 -0.17
85 195 -3.69 -0.17
85 196 -4.59 -0.17
85 197 -6.51 -0.16
85 198 -6.90 -0.16
85 199 -8.77 -0.16
85 200 -9.25 -0.15
85 201 -10.49 -0.15
85 202 -10.40 -0.10
85 203 -11.72 -0.08
85 204 -11.86 0.08
85 205 -12.84 -0.08
85 206 -11.74 0.00
85 207 -13.59 -0.06
85 208 -12.07 0.00
85 209 -13.37 0.00
85 210 -12.61 0.00
85 211 -12.92 0.00
85 212 -8.80 0.00
85 213 -7.46 0.00
85 214 -3.64 0.00
85 215 -1.50 0.00
85 216 2.21 0.00
85 217 4.84 0.00
85 218 7.78 0.06
85 219 10.30 0.12
85 220 13.89 0.14
85 221 16.25 0.15
85 222 19.97 0.15
85 223 22.55 0.17
85 224 26.28 0.18
85 225 28.87 0.19
85 226 32.85 0.19
85 227 35.63 0.21
85 228 39.54 0.21
85 229 42.56 0.25
85 230 46.65 0.24
85 231 50.06 0.26
85 232 54.51 0.26
85 233 57.66 0.26
85 234 62.37 0.25
85 235 65.97 0.28
85 236 70.67 0.26
85 237 74.65 0.27
85 238 79.26 0.26
85 239 83.73 0.25
85 240 88.59 0.25
85 241 93.17 0.26
85 242 98.24 0.24
85 243 102.89 0.25
85 244 108.42 0.24
85 245 113.13 0.24
85 246 119.06 0.21
85 247 123.83 0.21
85 248 129.25 0.19
85 249 134.72 0.19
85 250 140.34 -0.15
85 251 145.64 -0.15
85 252 151.23 -0.15
85 253 156.47 -0.15
85 254 162.25 0.10
85 255 167.40 -0.13
85 256 173.40 0.08
85 257 178.55 -0.13
85 258 184.66 0.07
85 259 190.19 -0.07
85 260 196.96 0.00
85 261 201.71 -0.07
85 262 208.57 0.00
85 263 213.97 0.00
85 264 220.02 0.00
85 265 225.71 0.00
85 266 232.03 0.00
85 267 237.70 0.00
85 268 244.59 0.00
85 269 250.04 0.00
85 270 260.62 0.00
85 271 266.23 0.00
85 272 274.96 0.00
85 273 282.70 0.00
85 274 291.27 0.00
85 275 299.38 0.00
85 276 307.84 0.00
85 277 316.23 0.00
85 278 324.60 0.00
85 279 332.05 0.11
85 280 340.33 0.13
86 178 56.69 0.21
86 179 52.80 0.23
86 180 47.89 0.22
86 181 44.57 0.30
86 182 39.52 0.30
86 183 36.33 0.32
86 184 31.81 0.32
86 185 29.09 0.33
86 186 24.97 0.33
86 187 22.68 0.33
86 188 18.85 0.31
86 189 16.73 0.32
86 190 13.55 0.31
86 191 12.23 0.32
86 192 9.06 0.30
86 193 7.91 0.30
86 194 5.42 0.30
86 195 4.52 0.27
86 196 2.21 -0.20
86 197 1.18 -0.19
86 198 -0.82 -0.18
86 199 -1.60 -0.15
86 200 -3.54 -0.13
86 201 -4.26 -0.14
86 202 -5.80 -0.10
86 203 -5.96 -0.11
86 204 -7.83 -0.10
86 205 -7.73 0.08
86 206 -9.29 -0.07
86 207 -9.08 0.07
86 208 -10.29 -0.07
86 209 -8.85 0.00
86 210 -10.24 0.00
86 211 -9.71 0.00
86 212 -10.19 0.00
86 213 -6.26 0.00
86 214 -5.18 0.00
86 215 -1.56 0.00
86 216 0.34 0.00
86 217 3.39 0.09
86 218 5.12 0.07
86 219 8.60 0.10
86 220 10.57 0.12
86 221 13.87 0.14
86 222 15.97 0.15
86 223 19.46 0.17
86 224 21.63 0.17
86 225 25.33 0.19
86 226 27.55 0.19
86 227 31.33 0.20
86 228 33.89 0.21
86 229 37.58 0.22
86 230 40.67 0.22
86 231 44.51 0.24
86 232 47.59 0.27
86 233 52.06 0.26
86 234 55.08 0.26
86 235 59.57 0.26
86 236 63.16 0.26
86 237 67.64 0.27
86 238 71.30 0.27
86 239 75.92 0.26
86 240 80.01 0.25
86 241 84.71 0.25
86 242 89.18 0.25
86 243 94.09 0.25
86 244 98.64 0.25
86 245 103.98 0.19
86 246 108.48 0.23
86 247 114.18 0.20
86 248 118.82 0.21
86 249 124.07 0.18
86 250 129.34 0.18
86 251 134.62 0.17
86 252 139.90 0.15
86 253 145.48 -0.13
86 254 150.56 0.12
86 255 156.03 0.10
86 256 161.08 -0.11
86 257 166.75 -0.07
86 258 172.02 -0.10
86 259 177.67 -0.09
86 260 183.12 -0.09
86 261 190.15 0.00
86 262 194.34 -0.07
86 263 201.48 0.00
86 264 206.73 0.00
86 265 212.64 0.00
86 266 218.20 0.00
86 267 224.40 0.00
86 268 229.95 0.00
86 269 236.72 0.00
86 270 242.07 0.00
86 271 251.03 0.00
86 272 257.95 0.00
86 273 266.56 0.00
86 274 274.14 0.00
86 275 282.56 0.00
86 276 290.52 0.00
86 277 298.84 0.00
86 278 307.08 0.00
86 279 314.45 0.08
86 280 322.23 0.11
86 281 330.63 0.12
86 282 338.13 0.13
87 188 32.20 0.35
87 189 28.39 0.34
87 190 26.06 0.34
87 191 22.64 0.34
87 192 20.96 0.32
87 193 17.79 0.31
87 194 16.26 0.32
87 195 13.55 0.28
87 196 12.40 0.28
87 197 10.24 0.24
87 198 9.15 0.19
87 199 7.01 0.17
87 200 5.89 0.15
87 201 3.92 0.14
87 202 3.20 0.14
87 203 1.34 -0.11
87 204 1.05 -0.11
87 205 -1.04 -0.11
87 206 -1.25 0.09
87 207 -2.81 -0.09
87 208 -3.00 0.06
87 209 -3.49 0.00
87 210 -3.19 0.00
87 211 -4.79 0.00
87 212 -4.50 0.00
87 213 -5.16 0.00
87 214 -1.43 0.00
87 215 -0.62 0.00
87 216 2.79 0.00
87 217 4.44 0.00
87 218 7.73 0.00
87 219 8.76 0.11
87 220 11.64 0.12
87 221 13.26 0.14
87 222 16.29 0.15
87 223 18.08 0.17
87 224 21.39 0.19
87 225 23.25 0.19
87 226 26.54 0.18
87 227 28.60 0.20
87 228 32.08 0.20
87 229 34.45 0.22
87 230 37.84 0.22
87 231 40.65 0.24
87 232 44.39 0.24
87 233 47.33 0.24
87 234 51.17 0.26
87 235 54.52 0.25
87 236 58.77 0.27
87 237 61.96 0.27
87 238 66.39 0.27
87 239 69.87 0.27
87 240 74.27 0.27
87 241 78.33 0.27
87 242 83.00 0.25
87 243 87.06 0.26
87 244 91.91 0.23
87 245 96.31 0.24
87 246 101.42 0.25
87 247 105.69 0.24
87 248 111.21 0.24
87 249 115.85 0.19
87 250 121.02 0.19
87 251 125.97 0.18
87 252 131.23 0.15
87 253 136.25 0.16
87 254 141.52 0.14
87 255 146.67 0.14
87 256 152.07 -0.10
87 257 157.04 0.12
87 258 162.54 -0.09
87 259 167.66 -0.12
87 260 173.16 -0.09
87 261 178.34 -0.08
87 262 184.17 0.06
87 263 190.36 0.00
87 264 196.20 0.00
87 265 200.73 -0.07
87 266 207.07 0.00
87 267 212.50 0.00
87 268 218.57 0.00
87 269 224.01 0.00
87 270 230.64 0.00
87 271 235.91 0.00
87 272 244.72 0.00
87 273 251.45 0.00
87 274 259.91 0.00
87 275 267.32 0.00
87 276 275.59 0.00
87 277 283.39 0.00
87 278 291.55 0.00
87 279 299.65 0.00
87 280 307.11 0.07
87 281 314.24 0.11
87 282 322.42 0.12
87 283 329.83 0.14
87 284 337.65 0.13
88 190 36.24 0.35
88 191 33.78 0.34
88 192 30.17 0.34
88 193 28.49 0.34
88 194 24.96 0.30
88 195 23.35 0.30
88 196 20.34 0.30
88 197 19.00 0.29
88 198 16.61 0.22
88 199 15.33 0.20
88 200 12.81 0.17
88 201 11.78 0.15
88 202 9.47 0.15
88 203 8.79 -0.15
88 204 6.55 -0.14
88 205 6.27 -0.14
88 206 3.88 -0.11
88 207 3.50 0.11
88 208 1.67 -0.10
88 209 1.49 -0.08
88 210 -0.08 -0.07
88 211 1.08 0.00
88 212 -0.71 0.00
88 213 -0.65 0.00
88 214 -1.49 0.00
88 215 2.04 0.00
88 216 2.60 0.00
88 217 5.81 0.00
88 218 7.21 0.00
88 219 9.42 0.10
88 220 10.61 0.12
88 221 13.42 0.14
88 222 14.69 0.14
88 223 17.39 0.16
88 224 18.95 0.17
88 225 21.75 0.20
88 226 23.55 0.19
88 227 26.50 0.21
88 228 28.39 0.22
88 229 31.70 0.22
88 230 33.70 0.24
88 231 36.94 0.22
88 232 39.60 0.25
88 233 42.76 0.23
88 234 45.88 0.25
88 235 49.51 0.28
88 236 52.51 0.26
88 237 56.71 0.26
88 238 59.76 0.25
88 239 64.04 0.27
88 240 67.43 0.27
88 241 71.58 0.26
88 242 75.43 0.26
88 243 79.87 0.24
88 244 83.89 0.25
88 245 88.53 0.25
88 246 92.64 0.23
88 247 97.66 0.19
88 248 101.90 0.24
88 249 107.16 0.21
88 250 111.47 0.21
88 251 116.50 0.19
88 252 121.26 0.18
88 253 126.38 0.16
88 254 131.20 0.15
88 255 136.37 0.14
88 256 141.28 0.14
88 257 146.55 0.12
88 258 151.54 0.12
88 259 156.80 -0.09
88 260 161.94 -0.09
88 261 167.26 -0.08
88 262 172.42 -0.08
88 263 177.98 0.07
88 264 183.07 -0.07
88 265 188.88 0.06
88 266 194.04 -0.07
88 267 200.61 0.00
88 268 205.92 0.00
88 269 211.87 0.00
88 270 217.19 0.00
88 271 223.71 0.00
88 272 228.88 0.00
88 273 237.57 0.00
88 274 244.10 0.00
88 275 252.42 0.00
88 276 259.65 0.00
88 277 267.78 0.00
88 278 275.43 0.00
88 279 283.43 0.00
88 280 290.45 0.06
88 281 298.56 0.06
88 282 305.69 0.12
88 283 313.40 0.14
88 284 320.79 0.15
88 285 328.13 0.17
88 286 336.05 0.16
89 192 43.67 0.34
89 193 39.92 0.34
89 194 37.83 0.34
89 195 34.33 0.34
89 196 32.63 0.30
89 197 29.33 0.31
89 198 27.78 0.27
89 199 25.14 0.27
89 200 23.84 0.22
89 201 21.41 0.19
89 202 19.95 0.17
89 203 17.38 0.17
89 204 16.47 0.16
89 205 14.21 0.15
89 206 13.66 0.15
89 207 11.52 -0.11
89 208 10.90 0.10
89 209 8.81 -0.12
89 210 8.39 -0.08
89 211 6.63 -0.08
89 212 7.59 0.00
89 213 5.19 -0.06
89 214 5.43 0.00
89 215 4.41 0.00
89 216 7.73 0.00
89 217 8.02 0.00
89 218 11.02 0.00
89 219 12.17 0.00
89 220 14.11 0.10
89 221 15.04 0.13
89 222 17.46 0.13
89 223 18.47 0.14
89 224 20.93 0.17
89 225 22.14 0.21
89 226 24.55 0.19
89 227 26.00 0.23
89 228 28.78 0.24
89 229 30.25 0.23
89 230 33.32 0.23
89 231 35.09 0.23
89 232 38.20 0.24
89 233 40.47 0.26
89 234 43.40 0.26
89 235 46.31 0.26
89 236 49.53 0.28
89 237 52.77 0.25
89 238 56.66 0.26
89 239 59.62 0.26
89 240 63.61 0.28
89 241 66.91 0.27
89 242 71.01 0.28
89 243 74.53 0.28
89 244 78.83 0.24
89 245 82.66 0.25
89 246 87.11 0.23
89 247 91.16 0.24
89 248 95.98 0.20
89 249 99.97 0.22
89 250 105.06 0.21
89 251 109.33 0.22
89 252 114.22 0.19
89 253 118.84 0.18
89 254 123.80 0.19
89 255 128.58 0.17
89 256 133.82 0.15
89 257 138.07 0.14
89 258 143.40 0.13
89 259 148.37 0.11
89 260 153.55 -0.09
89 261 158.46 -0.09
89 262 163.63 -0.09
89 263 168.62 -0.09
89 264 174.14 0.06
89 265 178.95 -0.07
89 266 184.61 -0.07
89 267 189.66 -0.06
89 268 195.97 0.00
89 269 201.15 0.00
89 270 206.98 0.00
89 271 212.17 0.00
89 272 218.58 0.00
89 273 223.66 0.00
89 274 232.19 0.00
89 275 238.53 0.00
89 276 246.69 0.00
89 277 253.74 0.00
89 278 261.71 0.00
89 279 269.19 0.00
89 280 277.02 0.00
89 281 283.97 0.07
89 282 291.64 0.11
89 283 298.86 0.12
89 284 306.39 0.15
89 285 313.54 0.15
89 286 321.02 0.16
89 287 328.53 0.16
89 288 335.84 0.16
90 194 48.35 0.34
90 195 46.02 0.34
90 196 42.38 0.32
90 197 40.22 0.32
90 198 36.80 0.30
90 199 35.21 0.28
90 200 32.35 0.25
90 201 30.55 0.23
90 202 27.92 0.21
90 203 26.54 0.19
90 204 23.95 0.18
90 205 22.81 0.17
90 206 20.34 0.16
90 207 19.56 0.14
90 208 17.23 0.13
90 209 16.33 0.12
90 210 14.15 -0.11
90 211 13.60 -0.09
90 212 11.70 -0.08
90 213 12.66 0.00
90 214 10.46 0.00
90 215 10.09 0.00
90 216 8.88 0.00
90 217 12.01 0.00
90 218 12.04 0.00
90 219 14.11 -0.06
90 220 15.75 0.00
90 221 17.18 0.10
90 222 17.75 0.14
90 223 19.91 0.16
90 224 20.47 0.17
90 225 22.74 0.17
90 226 23.66 0.20
90 227 25.85 0.20
90 228 27.05 0.21
90 229 29.59 0.22
90 230 30.82 0.24
90 231 33.43 0.28
90 232 35.26 0.24
90 233 37.63 0.25
90 234 40.24 0.25
90 235 43.09 0.24
90 236 45.70 0.25
90 237 49.00 0.28
90 238 51.73 0.26
90 239 55.54 0.27
90 240 58.03 0.28
90 241 62.03 0.27
90 242 64.97 0.28
90 243 68.98 0.26
90 244 72.36 0.27
90 245 76.53 0.25
90 246 80.22 0.24
90 247 84.55 0.25
90 248 88.40 0.25
90 249 93.17 0.20
90 250 96.98 0.23
90 251 101.89 0.21
90 252 105.94 0.21
90 253 110.67 0.19
90 254 115.14 0.19
90 255 120.00 0.18
90 256 124.47 0.17
90 257 129.28 0.16
90 258 133.96 0.15
90 259 138.85 0.13
90 260 143.64 0.13
90 261 148.79 0.12
90 262 153.64 -0.11
90 263 158.73 -0.10
90 264 163.48 -0.09
90 265 168.75 0.07
90 266 173.59 -0.07
90 267 180.32 0.00
90 268 184.07 -0.06
90 269 190.35 0.00
90 270 195.40 0.00
90 271 201.11 0.00
90 272 206.19 0.00
90 273 212.49 0.00
90 274 217.47 0.00
90 275 225.87 0.00
90 276 232.00 0.00
90 277 240.01 0.00
90 278 246.89 0.00
90 279 254.71 0.00
90 280 262.02 0.00
90 281 269.69 0.00
90 282 277.33 0.00
90 283 284.02 0.12
90 284 291.10 0.14
90 285 298.38 0.14
90 286 305.25 0.16
90 287 312.55 0.17
90 288 319.63 0.18
90 289 326.81 0.17
90 290 334.06 0.20
90 291 341.65 0.19
90 292 348.68 0.21
90 293 356.20 0.22
90 294 363.61 0.22
90 295 371.34 0.21
90 296 379.01 0.22
90 297 386.83 0.22
90 298 394.56 0.22
90 299 402.24 0.23
90 300 410.06 0.23
90 301 417.55 0.23
90 302 426.37 0.24
90 303 433.50 0.24
90 304 442.47 0.24
91 196 56.20 0.36
91 197 52.33 0.35
91 198 49.97 0.34
91 199 46.46 0.34
91 200 44.54 0.39
91 201 41.46 0.40
91 202 39.92 0.22
91 203 36.93 0.21
91 204 35.40 0.20
91 205 32.57 0.19
91 206 31.25 0.17
91 207 28.63 0.17
91 208 27.80 0.14
91 209 25.28 0.14
91 210 24.34 0.13
91 211 22.06 -0.11
91 212 21.32 -0.09
91 213 19.17 -0.09
91 214 20.02 0.00
91 215 17.62 0.00
91 216 17.03 0.00
91 217 15.62 0.00
91 218 18.55 0.00
91 219 18.31 0.00
91 220 20.16 -0.06
91 221 21.57 0.00
91 222 22.67 0.10
91 223 22.88 0.15
91 224 24.63 0.17
91 225 25.07 0.18
91 226 26.92 0.19
91 227 27.52 0.20
91 228 29.38 0.22
91 229 30.33 0.22
91 230 32.43 0.23
91 231 33.87 0.23
91 232 36.04 0.28
91 233 37.82 0.24
91 234 40.00 0.24
91 235 42.40 0.29
91 236 44.86 0.25
91 237 47.27 0.26
91 238 49.88 0.28
91 239 52.79 0.28
91 240 56.43 0.27
91 241 58.85 0.26
91 242 62.56 0.26
91 243 65.23 0.27
91 244 69.00 0.27
91 245 72.35 0.27
91 246 76.13 0.26
91 247 79.73 0.25
91 248 83.91 0.25
91 249 87.72 0.25
91 250 92.33 0.25
91 251 95.98 0.23
91 252 100.75 0.22
91 253 104.68 0.21
91 254 109.31 0.20
91 255 113.54 0.19
91 256 118.29 0.19
91 257 122.55 0.18
91 258 127.39 0.16
91 259 131.66 0.15
91 260 136.74 0.14
91 261 141.17 0.14
91 262 146.33 0.13
91 263 150.86 -0.12
91 264 155.90 -0.09
91 265 160.49 -0.09
91 266 165.52 0.07
91 267 170.42 0.06
91 268 175.90 -0.07
91 269 180.57 0.06
91 270 186.77 0.00
91 271 191.68 0.00
91 272 197.27 0.00
91 273 202.22 0.00
91 274 208.39 0.00
91 275 213.28 0.00
91 276 221.52 0.00
91 277 227.45 0.00
91 278 235.31 0.00
91 279 242.00 0.00
91 280 249.66 0.00
91 281 256.79 0.00
91 282 264.31 0.00
91 283 270.74 0.06
91 284 278.40 0.06
91 285 285.04 0.12
91 286 292.28 0.16
91 287 298.84 0.16
91 288 306.01 0.17
91 289 312.83 0.18
91 290 320.08 0.19
91 291 326.92 0.20
91 292 333.95 0.21
91 293 341.27 0.20
91 294 348.70 0.22
91 295 355.94 0.22
91 296 363.71 0.21
91 297 370.90 0.23
91 298 378.60 0.23
91 299 386.13 0.23
91 300 393.49 0.23
91 301 401.41 0.23
91 302 408.77 0.24
91 303 417.28 0.24
91 304 425.20 0.25
91 305 433.29 0.24
91 306 441.22 0.25
91 307 449.48 0.25
91 308 457.81 0.24
92 198 60.92 0.34
92 199 58.45 0.34
92 200 54.68 0.34
92 201 52.60 0.39
92 202 49.27 0.41
92 203 47.50 0.25
92 204 44.51 0.23
92 205 42.69 0.22
92 206 39.81 0.19
92 207 38.05 0.18
92 208 35.53 0.18
92 209 34.42 0.16
92 210 31.76 0.15
92 211 30.76 0.13
92 212 28.13 -0.11
92 213 27.25 -0.10
92 214 24.97 -0.09
92 215 24.43 0.06
92 216 23.20 0.00
92 217 22.39 0.00
92 218 20.81 0.00
92 219 23.55 0.00
92 220 23.04 0.00
92 221 25.43 0.00
92 222 25.85 0.00
92 223 26.41 0.11
92 224 26.34 0.15
92 225 27.83 0.19
92 226 27.93 0.19
92 227 29.56 0.20
92 228 29.87 0.22
92 229 31.64 0.22
92 230 32.16 0.23
92 231 34.02 0.23
92 232 34.98 0.25
92 233 37.03 0.25
92 234 38.53 0.25
92 235 40.54 0.25
92 236 42.44 0.27
92 237 45.12 0.25
92 238 47.27 0.27
92 239 49.84 0.27
92 240 52.40 0.26
92 241 55.87 0.29
92 242 58.12 0.26
92 243 61.63 0.27
92 244 64.14 0.28
92 245 67.92 0.27
92 246 70.92 0.26
92 247 74.74 0.27
92 248 78.14 0.26
92 249 82.19 0.25
92 250 85.66 0.25
92 251 90.12 0.21
92 252 93.62 0.23
92 253 98.34 0.23
92 254 102.06 0.22
92 255 106.57 0.21
92 256 110.64 0.20
92 257 115.19 0.19
92 258 119.51 0.16
92 259 124.08 0.18
92 260 128.36 0.16
92 261 133.19 0.14
92 262 137.58 0.15
92 263 142.56 0.13
92 264 147.03 0.12
92 265 151.82 -0.10
92 266 156.50 -0.09
92 267 161.41 0.06
92 268 166.05 -0.09
92 269 172.38 0.00
92 270 175.82 -0.07
92 271 181.84 0.00
92 272 186.63 0.00
92 273 192.10 0.00
92 274 196.93 0.00
92 275 203.01 0.00
92 276 207.78 0.00
92 277 215.90 0.00
92 278 221.62 0.00
92 279 229.33 0.00
92 280 235.84 0.00
92 281 243.34 0.00
92 282 250.31 0.00
92 283 257.66 0.00
92 284 264.97 0.00
92 285 271.37 0.11
92 286 277.95 0.13
92 287 284.87 0.16
92 288 291.33 0.17
92 289 298.31 0.17
92 290 304.96 0.20
92 291 312.00 0.21
92 292 318.66 0.20
92 293 325.47 0.21
92 294 332.65 0.21
92 295 339.82 0.22
92 296 346.90 0.23
92 297 354.38 0.23
92 298 361.55 0.23
92 299 369.32 0.23
92 300 376.39 0.23
92 301 383.93 0.24
92 302 391.62 0.24
92 303 399.33 0.24
92 304 407.32 0.25
92 305 415.09 0.24
92 306 423.12 0.25
92 307 431.06 0.24
92 308 438.86 0.25
92 309 447.22 0.24
92 310 455.14 0.24
93 200 68.79 0.34
93 201 65.17 0.32
93 202 62.81 0.36
93 203 59.14 0.38
93 204 57.20 0.42
93 205 54.18 0.24
93 206 52.33 0.24
93 207 49.25 0.22
93 208 47.52 0.19
93 209 44.66 0.19
93 210 43.44 0.17
93 211 40.64 0.16
93 212 39.37 0.12
93 213 36.65 -0.13
93 214 35.53 -0.11
93 215 33.15 -0.08
93 216 32.38 0.07
93 217 31.03 0.00
93 218 30.01 0.00
93 219 28.22 0.00
93 220 30.75 0.00
93 221 30.00 0.00
93 222 32.27 0.00
93 223 31.02 0.11
93 224 32.87 0.14
93 225 32.23 0.16
93 226 33.40 0.21
93 227 33.27 0.22
93 228 34.75 0.22
93 229 34.45 0.23
93 230 35.73 0.24
93 231 36.26 0.24
93 232 37.71 0.26
93 233 38.61 0.26
93 234 40.34 0.26
93 235 41.48 0.27
93 236 43.56 0.29
93 237 45.27 0.28
93 238 47.55 0.27
93 239 49.52 0.28
93 240 52.31 0.31
93 241 54.37 0.29
93 242 57.56 0.27
93 243 59.55 0.28
93 244 62.95 0.28
93 245 65.35 0.27
93 246 68.82 0.28
93 247 71.69 0.28
93 248 75.33 0.26
93 249 78.54 0.26
93 250 82.25 0.26
93 251 85.72 0.25
93 252 90.02 0.22
93 253 93.33 0.23
93 254 97.69 0.23
93 255 101.44 0.23
93 256 105.70 0.20
93 257 109.76 0.21
93 258 114.17 0.20
93 259 118.30 0.18
93 260 122.94 0.18
93 261 127.09 0.17
93 262 131.95 0.17
93 263 136.08 0.13
93 264 140.75 -0.11
93 265 145.09 -0.11
93 266 149.80 -0.10
93 267 154.13 -0.10
93 268 159.21 -0.10
93 269 163.48 -0.08
93 270 168.65 -0.07
93 271 173.12 -0.07
93 272 179.30 0.00
93 273 183.94 0.00
93 274 189.27 0.00
93 275 193.96 0.00
93 276 199.92 0.00
93 277 204.55 0.00
93 278 212.51 0.00
93 279 218.06 0.00
93 280 225.62 0.00
93 281 231.96 0.00
93 282 239.30 0.00
93 283 246.10 0.00
93 284 253.30 0.00
93 285 259.21 0.10
93 286 266.33 0.11
93 287 272.64 0.15
93 288 279.72 0.21
93 289 285.73 0.17
93 290 292.65 0.23
93 291 299.02 0.19
93 292 305.89 0.23
93 293 312.23 0.22
93 294 319.04 0.22
93 295 325.93 0.22
93 296 332.97 0.23
93 297 339.93 0.23
93 298 347.35 0.23
93 299 354.21 0.23
93 300 361.82 0.23
93 301 368.81 0.24
93 302 376.34 0.24
93 303 383.75 0.25
93 304 391.23 0.25
93 305 399.08 0.24
93 306 406.76 0.24
93 307 414.49 0.25
93 308 422.29 0.24
93 309 430.27 0.25
93 310 438.28 0.25
93 311 446.12 0.25
93 312 454.45 0.24
93 313 462.40 0.24
93 314 470.52 0.24
93 315 478.90 0.23
93 316 487.07 0.23
93 317 495.57 0.24
93 318 503.72 0.22
93 319 512.29 0.22
93 320 520.54 0.22
94 202 74.06 0.34
94 203 71.50 0.39
94 204 67.83 0.39
94 205 65.42 0.40
94 206 62.30 0.24
94 207 60.17 0.24
94 208 57.08 0.22
94 209 55.03 0.18
94 210 52.12 0.19
94 211 50.60 0.18
94 212 47.84 0.17
94 213 46.35 0.15
94 214 43.61 -0.12
94 215 42.22 -0.12
94 216 39.63 -0.10
94 217 39.00 0.07
94 218 37.42 0.00
94 219 36.19 0.00
94 220 34.23 0.00
94 221 36.42 0.00
94 222 35.53 0.00
94 223 36.32 -0.06
94 224 35.90 0.10
94 225 37.34 0.19
94 226 36.50 0.16
94 227 37.31 0.21
94 228 36.87 0.22
94 229 37.87 0.24
94 230 37.67 0.25
94 231 38.76 0.24
94 232 38.94 0.26
94 233 40.22 0.28
94 234 40.80 0.27
94 235 42.27 0.26
94 236 43.37 0.28
94 237 44.91 0.27
94 238 46.52 0.26
94 239 48.74 0.26
94 240 50.30 0.27
94 241 52.52 0.27
94 242 54.77 0.28
94 243 57.81 0.27
94 244 59.65 0.27
94 245 62.85 0.28
94 246 65.07 0.28
94 247 68.32 0.28
94 248 71.06 0.27
94 249 74.50 0.26
94 250 77.56 0.26
94 251 81.18 0.26
94 252 84.33 0.25
94 253 88.49 0.25
94 254 91.73 0.24
94 255 96.12 0.24
94 256 99.53 0.23
94 257 103.84 0.23
94 258 107.65 0.21
94 259 111.94 0.20
94 260 115.91 0.19
94 261 120.26 0.17
94 262 124.44 0.15
94 263 129.22 0.15
94 264 133.04 0.15
94 265 137.85 0.14
94 266 141.84 -0.13
94 267 146.53 -0.12
94 268 150.66 -0.11
94 269 155.67 -0.10
94 270 160.09 -0.09
94 271 166.17 0.00
94 272 169.27 -0.07
94 273 175.05 0.00
94 274 179.58 0.00
94 275 184.80 0.00
94 276 189.38 0.00
94 277 195.24 0.00
94 278 199.78 0.00
94 279 207.61 0.00
94 280 212.96 0.00
94 281 220.39 0.00
94 282 226.54 0.00
94 283 233.75 0.00
94 284 240.37 0.00
94 285 247.42 0.00
94 286 254.41 0.00
94 287 259.78 0.19
94 288 266.13 0.17
94 289 272.71 0.19
94 290 278.76 0.19
94 291 284.91 0.22
94 292 291.65 0.20
94 293 297.94 0.24
94 294 304.62 0.22
94 295 311.09 0.22
94 296 317.97 0.23
94 297 324.86 0.23
94 298 331.68 0.23
94 299 338.90 0.24
94 300 345.45 0.23
94 301 352.91 0.24
94 302 359.87 0.24
94 303 367.26 0.25
94 304 374.61 0.25
94 305 381.76 0.24
94 306 389.63 0.25
94 307 397.04 0.25
94 308 404.80 0.25
94 309 412.38 0.25
94 310 420.20 0.25
94 311 428.21 0.25
94 312 436.03 0.25
94 313 444.19 0.25
94 314 451.98 0.25
94 315 460.04 0.25
94 316 468.30 0.24
94 317 476.42 0.24
94 318 484.75 0.24
94 319 492.84 0.23
94 320 501.22 0.23
94 321 509.46 0.22
94 322 517.87 0.21
95 212 60.23 0.19
95 213 57.34 0.18
95 214 55.77 -0.15
95 215 52.61 -0.13
95 216 51.23 -0.13
95 217 48.30 -0.11
95 218 47.62 0.08
95 219 45.87 0.00
95 220 44.43 0.00
95 221 42.27 0.00
95 222 44.20 0.00
95 223 43.11 0.00
95 224 43.59 0.08
95 225 43.03 0.09
95 226 43.95 0.66
95 227 42.91 0.21
95 228 43.39 0.22
95 229 42.80 0.22
95 230 43.31 0.25
95 231 43.21 0.23
95 232 44.09 0.23
95 233 44.11 0.24
95 234 45.19 0.24
95 235 45.39 0.25
95 236 46.69 0.26
95 237 47.44 0.26
95 238 48.85 0.27
95 239 50.23 0.28
95 240 52.13 0.29
95 241 53.50 0.29
95 242 55.60 0.28
95 243 57.55 0.28
95 244 60.35 0.29
95 245 62.07 0.27
95 246 64.96 0.28
95 247 67.10 0.28
95 248 70.11 0.27
95 249 72.58 0.27
95 250 75.86 0.26
95 251 78.62 0.26
95 252 82.18 0.26
95 253 85.09 0.26
95 254 89.09 0.26
95 255 92.17 0.25
95 256 96.22 0.25
95 257 99.61 0.24
95 258 103.86 0.23
95 259 107.46 0.22
95 260 111.75 0.22
95 261 115.57 0.20
95 262 119.84 0.18
95 263 123.86 0.17
95 264 128.66 -0.13
95 265 132.58 -0.15
95 266 136.80 -0.11
95 267 140.70 -0.12
95 268 145.21 -0.11
95 269 149.35 -0.10
95 270 154.17 -0.11
95 271 158.22 -0.10
95 272 163.29 -0.09
95 273 167.44 -0.07
95 274 173.16 0.00
95 275 177.54 0.00
95 276 182.63 0.00
95 277 187.06 0.00
95 278 192.82 0.00
95 279 197.22 0.00
95 280 204.91 0.00
95 281 210.07 0.00
95 282 217.36 0.00
95 283 223.33 0.00
95 284 230.39 0.00
95 285 236.84 0.00
95 286 243.35 -0.08
95 287 249.26 0.11
95 288 255.13 0.22
95 289 261.57 0.17
95 290 267.73 0.20
95 291 273.76 0.20
95 292 279.68 0.23
95 293 286.30 0.22
95 294 292.04 0.25
95 295 298.90 0.21
95 296 305.34 0.22
95 297 312.12 0.23
95 298 318.66 0.23
95 299 325.45 0.23
95 300 332.33 0.25
95 301 338.99 0.24
95 302 346.12 0.25
95 303 353.07 0.24
95 304 360.11 0.25
95 305 367.27 0.25
95 306 374.62 0.26
95 307 382.07 0.25
95 308 389.31 0.25
95 309 396.94 0.24
95 310 404.52 0.25
95 311 412.27 0.26
95 312 420.10 0.25
95 313 427.71 0.25
95 314 435.69 0.25
95 315 443.40 0.24
95 316 451.34 0.25
95 317 459.46 0.25
95 318 467.33 0.24
95 319 475.74 0.24
95 320 483.68 0.23
95 321 492.10 0.23
95 322 500.20 0.23
95 323 508.46 0.22
95 324 516.63 0.21
96 214 65.17 0.18
96 215 63.51 -0.17
96 216 60.23 -0.14
96 217 58.65 -0.13
96 218 55.64 -0.11
96 219 54.67 -0.10
96 220 51.78 0.06
96 221 51.39 0.00
96 222 49.05 0.00
96 223 50.70 0.00
96 224 49.41 0.00
96 225 49.48 -0.08
96 226 48.62 0.08
96 227 49.05 0.19
96 228 47.84 0.21
96 229 48.05 0.22
96 230 47.31 0.22
96 231 47.95 0.24
96 232 47.02 0.26
96 233 47.56 0.28
96 234 47.41 0.27
96 235 48.22 0.28
96 236 48.42 0.27
96 237 49.39 0.27
96 238 50.02 0.29
96 239 51.14 0.27
96 240 52.24 0.29
96 241 53.96 0.28
96 242 55.26 0.29
96 243 57.42 0.28
96 244 58.74 0.29
96 245 61.40 0.29
96 246 62.99 0.29
96 247 65.78 0.27
96 248 67.62 0.28
96 249 70.62 0.28
96 250 72.80 0.28
96 251 76.07 0.27
96 252 78.54 0.27
96 253 81.89 0.27
96 254 84.70 0.26
96 255 88.62 0.27
96 256 91.44 0.25
96 257 95.47 0.24
96 258 98.53 0.25
96 259 102.58 0.24
96 260 106.05 0.21
96 261 110.28 0.21
96 262 113.90 0.20
96 263 117.99 0.19
96 264 121.83 0.19
96 265 126.67 0.16
96 266 130.39 -0.15
96 267 134.49 -0.12
96 268 138.20 -0.14
96 269 142.67 -0.12
96 270 146.58 -0.12
96 271 151.32 -0.11
96 272 155.32 -0.09
96 273 160.12 -0.07
96 274 164.18 -0.06
96 275 170.02 0.00
96 276 174.28 0.00
96 277 179.25 0.00
96 278 183.56 0.00
96 279 189.22 0.00
96 280 193.50 0.00
96 281 201.06 0.00
96 282 206.02 0.00
96 283 213.17 0.00
96 284 218.95 0.00
96 285 225.88 0.00
96 286 232.14 0.00
96 287 238.20 -0.08
96 288 243.93 0.17
96 289 249.76 0.22
96 290 255.69 0.22
96 291 261.76 0.24
96 292 267.65 0.22
96 293 273.06 0.23
96 294 279.76 0.21
96 295 285.59 0.24
96 296 292.17 0.23
96 297 298.03 0.26
96 298 304.82 0.23
96 299 311.25 0.26
96 300 317.89 0.25
96 301 324.79 0.26
96 302 331.22 0.24
96 303 338.26 0.24
96 304 344.85 0.26
96 305 351.87 0.26
96 306 358.86 0.25
96 307 366.04 0.25
96 308 373.43 0.25
96 309 380.57 0.25
96 310 388.22 0.25
96 311 395.41 0.25
96 312 403.00 0.25
96 313 410.84 0.25
96 314 418.27 0.25
96 315 426.10 0.27
96 316 433.89 0.25
96 317 441.55 0.24
96 318 449.66 0.25
96 319 457.51 0.25
96 320 465.57 0.24
96 321 473.91 0.23
96 322 481.79 0.23
96 323 489.86 0.23
96 324 498.03 0.23
96 325 505.82 0.21
96 326 514.61 0.22
97 216 73.15 0.55
97 217 70.26 -0.12
97 218 68.13 -0.13
97 219 65.09 -0.12
97 220 63.79 -0.12
97 221 60.92 0.06
97 222 60.23 0.00
97 223 57.70 0.00
97 224 59.09 0.00
97 225 57.59 0.00
97 226 57.47 -0.08
97 227 56.29 0.67
97 228 55.99 0.30
97 229 54.99 0.67
97 230 55.07 0.29
97 231 53.78 0.24
97 232 54.28 0.24
97 233 53.17 0.27
97 234 53.45 0.27
97 235 53.26 0.25
97 236 53.50 0.30
97 237 53.73 0.27
97 238 54.48 0.27
97 239 54.88 0.29
97 240 55.89 0.28
97 241 56.78 0.29
97 242 58.55 0.28
97 243 59.14 0.29
97 244 61.17 0.29
97 245 62.29 0.29
97 246 64.82 0.30
97 247 66.02 0.29
97 248 68.60 0.29
97 249 70.31 0.30
97 250 73.17 0.28
97 251 75.27 0.27
97 252 78.02 0.28
97 253 80.54 0.28
97 254 83.71 0.27
97 255 86.49 0.26
97 256 90.09 0.27
97 257 92.75 0.25
97 258 96.58 0.26
97 259 99.52 0.25
97 260 103.44 0.23
97 261 106.71 0.22
97 262 110.55 0.21
97 263 114.26 0.20
97 264 118.25 0.20
97 265 121.93 0.19
97 266 126.49 0.16
97 267 130.00 0.17
97 268 134.37 -0.13
97 269 137.94 -0.15
97 270 142.20 -0.13
97 271 145.95 -0.13
97 272 150.50 -0.12
97 273 154.42 -0.10
97 274 159.19 -0.08
97 275 163.17 -0.08
97 276 167.96 -0.07
97 277 172.92 0.00
97 278 177.76 0.00
97 279 181.93 0.00
97 280 187.47 0.00
97 281 191.64 0.00
97 282 199.04 0.00
97 283 203.81 0.00
97 284 210.82 0.00
97 285 216.42 0.00
97 286 223.20 0.00
97 287 229.28 0.00
97 288 234.77 0.29
97 289 240.40 0.27
97 290 245.69 0.25
97 291 251.56 0.24
97 292 257.36 0.26
97 293 263.06 0.24
97 294 268.72 0.25
97 295 275.11 0.26
97 296 280.85 0.26
97 297 287.29 0.24
97 298 293.02 0.26
97 299 299.71 0.25
97 300 305.85 0.26
97 301 312.33 0.25
97 302 318.98 0.26
97 303 325.43 0.26
97 304 332.29 0.26
97 305 338.84 0.25
97 306 345.91 0.25
97 307 352.68 0.25
97 308 359.52 0.26
97 309 366.69 0.25
97 310 373.59 0.26
97 311 381.10 0.27
97 312 388.17 0.26
97 313 395.69 0.26
97 314 403.22 0.26
97 315 410.53 0.25
97 316 418.39 0.27
97 317 426.07 0.25
97 318 433.63 0.26
97 319 441.64 0.24
97 320 449.23 0.25
97 321 457.30 0.25
97 322 465.17 0.24
97 323 473.29 0.23
97 324 481.21 0.24
97 325 489.38 0.23
97 326 497.24 0.22
97 327 505.56 0.22
97 328 513.30 0.20
98 218 78.46 0.58
98 219 76.36 -0.12
98 220 72.98 -0.12
98 221 71.64 -0.10
98 222 69.91 0.00
98 223 67.85 0.00
98 224 65.13 0.00
98 225 66.26 0.00
98 226 63.12 0.06
98 227 63.57 0.67
98 228 61.75 0.64
98 229 62.21 0.28
98 230 60.48 0.28
98 231 60.63 0.29
98 232 59.26 0.30
98 233 59.05 0.26
98 234 58.52 0.28
98 235 58.41 0.25
98 236 57.93 0.25
98 237 58.05 0.28
98 238 57.96 0.26
98 239 58.24 0.31
98 240 58.73 0.27
98 241 59.68 0.28
98 242 59.96 0.30
98 243 61.97 0.27
98 244 62.13 0.28
98 245 63.76 0.28
98 246 64.78 0.29
98 247 66.94 0.30
98 248 67.96 0.29
98 249 70.40 0.30
98 250 71.72 0.30
98 251 74.44 0.28
98 252 76.27 0.28
98 253 79.05 0.27
98 254 81.36 0.28
98 255 84.21 0.28
98 256 86.77 0.27
98 257 90.26 0.27
98 258 92.70 0.26
98 259 96.28 0.26
98 260 99.16 0.26
98 261 102.86 0.25
98 262 105.89 0.24
98 263 109.91 0.23
98 264 113.19 0.22
98 265 117.15 0.22
98 266 120.84 0.19
98 267 124.99 0.18
98 268 128.75 -0.16
98 269 132.63 -0.15
98 270 136.02 -0.15
98 271 140.08 -0.15
98 272 143.89 -0.13
98 273 148.23 -0.12
98 274 152.11 -0.11
98 275 156.83 -0.09
98 276 160.67 -0.08
98 277 165.41 -0.07
98 278 169.60 -0.07
98 279 175.21 0.00
98 280 179.25 0.00
98 281 184.69 0.00
98 282 188.74 0.00
98 283 196.00 0.00
98 284 200.57 0.00
98 285 206.71 -0.09
98 286 212.85 0.00
98 287 218.63 -0.08
98 288 225.38 0.00
98 289 229.94 0.27
98 290 235.46 0.27
98 291 240.52 0.25
98 292 246.41 0.24
98 293 251.52 0.23
98 294 257.76 0.24
98 295 263.05 0.23
98 296 269.53 0.26
98 297 274.70 0.26
98 298 281.17 0.24
98 299 286.92 0.26
98 300 293.47 0.23
98 301 299.33 0.26
98 302 305.92 0.25
98 303 312.09 0.26
98 304 318.60 0.25
98 305 325.36 0.25
98 306 331.69 0.25
98 307 338.46 0.26
98 308 345.26 0.25
98 309 351.86 0.27
98 310 359.11 0.25
98 311 365.90 0.25
98 312 373.08 0.26
98 313 380.24 0.27
98 314 387.38 0.26
98 315 394.99 0.25
98 316 402.12 0.25
98 317 409.69 0.25
98 318 417.31 0.25
98 319 424.62 0.25
98 320 432.40 0.25
98 321 440.01 0.24
98 322 447.95 0.24
98 323 455.85 0.24
98 324 463.70 0.24
98 325 471.61 0.24
98 326 479.53 0.23
98 327 487.28 0.23
98 328 495.64 0.22
98 329 503.67 0.20
98 330 511.86 0.22
99 220 86.64 0.55
99 221 83.14 -0.14
99 222 81.46 -0.14
99 223 79.52 0.00
99 224 77.22 0.00
99 225 74.32 0.00
99 226 75.19 0.00
99 227 73.24 0.00
99 228 71.24 0.69
99 229 69.84 0.64
99 230 70.29 0.26
99 231 68.33 0.33
99 232 68.27 0.30
99 233 66.68 0.30
99 234 66.64 0.30
99 235 65.58 0.28
99 236 65.46 0.29
99 237 64.69 0.28
99 238 64.61 0.27
99 239 64.49 0.27
99 240 64.80 0.27
99 241 64.68 0.30
99 242 65.47 0.28
99 243 65.50 0.29
99 244 66.86 0.29
99 245 67.02 0.29
99 246 68.48 0.29
99 247 69.29 0.30
99 248 71.36 0.29
99 249 71.99 0.29
99 250 74.32 0.28
99 251 75.33 0.28
99 252 77.89 0.28
99 253 79.61 0.27
99 254 82.34 0.28
99 255 84.10 0.28
99 256 86.86 0.28
99 257 89.12 0.27
99 258 92.49 0.28
99 259 94.86 0.26
99 260 98.20 0.27
99 261 100.90 0.26
99 262 104.53 0.23
99 263 107.25 0.23
99 264 111.29 0.23
99 265 114.36 0.22
99 266 118.09 0.22
99 267 121.52 0.20
99 268 125.80 0.17
99 269 129.03 0.17
99 270 133.09 -0.15
99 271 136.36 -0.15
99 272 140.17 -0.14
99 273 143.99 -0.13
99 274 148.04 -0.13
99 275 151.80 -0.11
99 276 156.23 -0.11
99 277 160.22 -0.09
99 278 164.71 -0.08
99 279 168.84 -0.07
99 280 174.38 0.00
99 281 178.29 0.00
99 282 183.61 0.00
99 283 187.55 0.00
99 284 194.64 0.00
99 285 199.02 0.00
99 286 205.74 0.00
99 287 210.98 0.00
99 288 216.41 0.38
99 289 221.92 0.29
99 290 226.82 0.26
99 291 232.52 0.33
99 292 237.70 0.27
99 293 243.28 0.27
99 294 248.56 0.30
99 295 254.46 0.27
99 296 259.52 0.25
99 297 265.60 0.27
99 298 270.88 0.27
99 299 277.18 0.23
99 300 282.93 0.26
99 301 288.96 0.25
99 302 294.85 0.26
99 303 301.10 0.26
99 304 307.64 0.26
99 305 313.73 0.24
99 306 320.03 0.27
99 307 326.58 0.24
99 308 332.89 0.24
99 309 339.64 0.26
99 310 346.25 0.27
99 311 353.14 0.27
99 312 359.90 0.27
99 313 366.95 0.26
99 314 373.81 0.26
99 315 380.96 0.26
99 316 388.23 0.26
99 317 395.35 0.26
99 318 402.80 0.26
99 319 410.08 0.26
99 320 417.54 0.25
99 321 425.15 0.24
99 322 432.55 0.25
99 323 440.36 0.25
99 324 448.02 0.24
99 325 455.90 0.24
99 326 463.82 0.25
99 327 471.70 0.24
99 328 479.32 0.24
99 329 487.54 0.22
99 330 495.55 0.20
99 331 503.66 0.22
99 332 511.35 0.20
100 222 93.10 0.10
100 223 90.23 0.10
100 224 86.56 0.06
100 225 85.54 0.00
100 226 82.38 0.00
100 227 83.01 0.00
100 228 79.52 0.06
100 229 78.19 0.62
100 230 76.77 0.67
100 231 75.72 0.62
100 232 74.69 0.35
100 233 74.45 0.32
100 234 73.12 0.32
100 235 72.02 0.30
100 236 71.49 0.32
100 237 70.51 0.32
100 238 70.06 0.30
100 239 69.76 0.27
100 240 69.07 0.30
100 241 69.56 0.30
100 242 69.33 0.29
100 243 69.56 0.29
100 244 69.93 0.27
100 245 70.84 0.30
100 246 70.53 0.28
100 247 71.84 0.30
100 248 72.26 0.29
100 249 74.23 0.31
100 250 74.72 0.30
100 251 76.70 0.30
100 252 77.70 0.29
100 253 79.76 0.29
100 254 81.35 0.28
100 255 84.06 0.28
100 256 85.85 0.28
100 257 88.35 0.27
100 258 90.22 0.28
100 259 93.29 0.28
100 260 95.60 0.26
100 261 98.85 0.26
100 262 101.32 0.27
100 263 104.71 0.26
100 264 107.59 0.26
100 265 110.99 0.25
100 266 114.11 0.22
100 267 118.02 0.23
100 268 121.13 0.21
100 269 125.09 0.20
100 270 128.28 0.17
100 271 132.17 -0.15
100 272 135.37 -0.15
100 273 139.21 -0.15
100 274 142.65 -0.13
100 275 146.76 -0.14
100 276 150.41 -0.12
100 277 154.78 -0.12
100 278 158.51 -0.08
100 279 162.94 -0.09
100 280 166.99 -0.08
100 281 172.54 0.00
100 282 176.33 0.00
100 283 181.52 0.00
100 284 185.35 0.00
100 285 192.28 0.00
100 286 196.47 0.00
100 287 203.05 0.00
100 288 208.10 0.00
100 289 212.42 0.38
100 290 217.83 0.33
100 291 222.50 0.27
100 292 228.25 0.29
100 293 233.00 0.28
100 294 238.82 0.27
100 295 243.91 0.26
100 296 249.55 0.27
100 297 254.45 0.25
100 298 260.71 0.25
100 299 265.68 0.25
100 300 272.10 0.26
100 301 277.61 0.25
100 302 283.57 0.26
100 303 289.00 0.26
100 304 295.42 0.26
100 305 301.61 0.26
100 306 307.61 0.27
100 307 313.38 0.27
100 308 320.28 0.25
100 309 326.32 0.26
100 310 333.04 0.25
100 311 339.55 0.27
100 312 346.13 0.26
100 313 352.87 0.26
100 314 359.63 0.26
100 315 366.53 0.26
100 316 373.34 0.26
100 317 380.66 0.26
100 318 387.53 0.25
100 319 394.92 0.26
100 320 402.08 0.25
100 321 409.20 0.26
100 322 416.87 0.24
100 323 424.33 0.26
100 324 431.80 0.25
100 325 439.20 0.25
100 326 447.10 0.24
100 327 454.77 0.24
100 328 462.53 0.23
100 329 470.12 0.25
100 330 478.12 0.23
100 331 486.06 0.21
100 332 494.06 0.22
100 333 501.81 0.22
100 334 510.27 0.22
101 224 100.38 -0.12
101 225 97.13 -0.10
101 226 95.84 0.00
101 227 92.57 0.00
101 228 92.82 0.00
101 229 90.47 0.00
101 230 89.01 -0.13
101 231 86.15 0.35
101 232 85.31 0.34
101 233 82.52 0.63
101 234 82.10 0.31
101 235 80.55 0.33
101 236 80.10 0.32
101 237 78.86 0.30
101 238 77.95 0.32
101 239 77.19 0.30
101 240 76.71 0.34
101 241 76.12 0.30
101 242 76.45 0.30
101 243 75.63 0.30
101 244 75.88 0.29
101 245 75.97 0.29
101 246 76.44 0.31
101 247 76.31 0.30
101 248 77.19 0.30
101 249 77.74 0.29
101 250 79.31 0.31
101 251 79.64 0.29
101 252 81.30 0.29
101 253 82.07 0.29
101 254 84.08 0.29
101 255 85.38 0.31
101 256 87.65 0.31
101 257 89.31 0.28
101 258 91.69 0.30
101 259 93.39 0.28
101 260 96.51 0.28
101 261 98.44 0.28
101 262 101.64 0.26
101 263 103.75 0.26
101 264 107.20 0.26
101 265 109.80 0.26
101 266 113.06 0.23
101 267 116.14 0.23
101 268 119.60 0.23
101 269 122.81 0.22
101 270 126.71 0.21
101 271 129.73 0.19
101 272 133.58 -0.16
101 273 136.66 -0.15
101 274 140.16 -0.15
101 275 143.56 -0.13
101 276 147.44 -0.14
101 277 150.92 -0.12
101 278 155.18 -0.12
101 279 158.81 -0.11
101 280 163.24 -0.09
101 281 166.91 -0.06
101 282 172.49 0.00
101 283 176.14 0.00
101 284 181.33 0.00
101 285 184.93 0.00
101 286 191.70 0.00
101 287 195.70 0.00
101 288 200.83 0.38
101 289 206.99 0.00
101 290 210.40 0.38
101 291 215.66 0.36
101 292 220.78 0.39
101 293 225.87 0.37
101 294 230.71 0.34
101 295 236.25 0.34
101 296 241.12 0.28
101 297 247.00 0.31
101 298 251.90 0.25
101 299 257.73 0.28
101 300 262.80 0.25
101 301 268.79 0.27
101 302 274.72 0.27
101 303 279.96 0.26
101 304 285.49 0.28
101 305 291.65 0.26
101 306 297.24 0.25
101 307 303.58 0.26
101 308 309.06 0.27
101 309 315.74 0.27
101 310 322.07 0.28
101 311 328.46 0.25
101 312 334.86 0.24
101 313 341.35 0.26
101 314 347.56 0.26
101 315 354.32 0.26
101 316 360.80 0.26
101 317 367.79 0.26
101 318 374.99 0.26
101 319 381.61 0.26
101 320 388.83 0.26
101 321 395.82 0.25
101 322 402.98 0.26
101 323 410.26 0.25
101 324 417.51 0.26
101 325 425.05 0.25
101 326 432.55 0.25
101 327 440.11 0.24
101 328 447.76 0.24
101 329 455.53 0.24
101 330 462.95 0.24
101 331 471.04 0.24
101 332 478.57 0.22
101 333 486.45 0.22
101 334 494.42 0.24
101 335 502.38 0.23
101 336 510.32 0.19
101 337 518.55 0.21
101 338 526.62 0.23
101 339 534.71 0.17
101 340 542.14 0.40
101 341 550.42 -0.15
101 342 557.92 -0.16
102 226 106.21 0.07
102 227 104.74 0.00
102 228 101.28 0.00
102 229 99.43 0.65
102 230 98.66 0.00
102 231 97.00 -0.11
102 232 92.69 0.63
102 233 92.00 0.73
102 234 90.33 0.35
102 235 89.28 0.30
102 236 87.44 0.35
102 237 86.44 0.32
102 238 85.06 0.32
102 239 84.85 0.30
102 240 83.51 0.29
102 241 82.75 0.34
102 242 81.86 0.30
102 243 81.40 0.30
102 244 81.00 0.30
102 245 81.20 0.29
102 246 80.55 0.30
102 247 81.44 0.29
102 248 81.08 0.30
102 249 81.77 0.29
102 250 81.75 0.30
102 251 83.09 0.30
102 252 83.18 0.29
102 253 84.91 0.28
102 254 85.24 0.30
102 255 87.00 0.29
102 256 88.07 0.28
102 257 90.38 0.31
102 258 91.50 0.28
102 259 93.82 0.28
102 260 95.55 0.28
102 261 98.29 0.28
102 262 100.05 0.26
102 263 102.83 0.26
102 264 105.10 0.26
102 265 108.17 0.26
102 266 110.54 0.26
102 267 113.79 0.24
102 268 116.61 0.23
102 269 120.02 0.22
102 270 122.91 0.22
102 271 126.75 0.22
102 272 129.67 0.18
102 273 133.67 0.18
102 274 136.37 -0.15
102 275 139.71 -0.15
102 276 142.92 -0.15
102 277 146.83 -0.12
102 278 150.07 -0.14
102 279 154.13 -0.12
102 280 157.81 -0.12
102 281 161.90 -0.11
102 282 165.64 -0.08
102 283 171.17 0.00
102 284 174.69 0.00
102 285 179.75 0.00
102 286 183.23 0.00
102 287 188.84 -0.07
102 288 193.65 0.00
102 289 198.00 0.38
102 290 203.10 0.37
102 291 207.56 0.41
102 292 212.66 0.37
102 293 217.27 0.31
102 294 222.39 0.35
102 295 227.25 0.35
102 296 232.50 0.35
102 297 237.59 0.30
102 298 242.84 0.29
102 299 247.89 0.31
102 300 253.57 0.30
102 301 258.31 0.25
102 302 264.32 0.27
102 303 269.69 0.27
102 304 275.27 0.28
102 305 280.04 0.27
102 306 286.75 0.26
102 307 292.08 0.27
102 308 298.30 0.27
102 309 303.46 0.26
102 310 310.37 0.26
102 311 315.87 0.28
102 312 322.63 0.26
102 313 328.60 0.27
102 314 335.05 0.27
102 315 341.19 0.26
102 316 347.98 0.26
102 317 354.24 0.26
102 318 361.02 0.26
102 319 367.81 0.25
102 320 374.67 0.27
102 321 381.72 0.27
102 322 388.59 0.26
102 323 395.53 0.25
102 324 402.55 0.26
102 325 409.70 0.25
102 326 417.24 0.25
102 327 424.53 0.24
102 328 431.86 0.25
102 329 439.33 0.25
102 330 447.04 0.25
102 331 454.35 0.25
102 332 462.26 0.25
102 333 469.96 0.22
102 334 477.80 0.23
102 335 485.38 0.23
102 336 493.49 0.22
102 337 501.23 0.24
102 338 509.46 0.21
102 339 517.23 0.23
102 340 525.42 0.17
102 341 532.92 0.38
102 342 541.16 -0.16
102 343 548.52 0.40
102 344 556.75 -0.15
103 236 98.04 0.58
103 237 96.38 0.37
103 238 95.19 0.30
103 239 93.48 0.35
103 240 92.63 0.33
103 241 91.25 0.30
103 242 90.84 0.34
103 243 89.97 0.30
103 244 89.54 0.29
103 245 88.27 0.29
103 246 88.57 0.28
103 247 87.84 0.27
103 248 88.06 0.29
103 249 87.42 0.28
103 250 88.07 0.28
103 251 88.12 0.28
103 252 88.91 0.28
103 253 89.04 0.29
103 254 90.30 0.29
103 255 90.61 0.29
103 256 92.14 0.29
103 257 93.00 0.29
103 258 94.79 0.28
103 259 96.04 0.28
103 260 98.04 0.28
103 261 99.58 0.28
103 262 102.30 0.28
103 263 103.74 0.27
103 264 106.39 0.26
103 265 108.32 0.26
103 266 111.38 0.26
103 267 113.46 0.26
103 268 116.39 0.24
103 269 119.17 0.23
103 270 122.33 0.24
103 271 125.31 0.22
103 272 128.70 0.23
103 273 131.75 0.18
103 274 135.40 0.18
103 275 138.13 -0.16
103 276 141.54 -0.15
103 277 144.28 -0.15
103 278 148.15 -0.14
103 279 151.32 -0.14
103 280 155.07 -0.12
103 281 158.69 -0.11
103 282 162.66 -0.09
103 283 167.63 0.00
103 284 170.71 0.06
103 285 175.08 0.00
103 286 180.00 0.00
103 287 183.38 0.00
103 288 188.49 -0.08
103 289 193.44 0.00
103 290 197.39 0.39
103 291 202.16 0.40
103 292 206.58 0.41
103 293 211.62 0.39
103 294 216.02 0.39
103 295 221.03 0.38
103 296 225.52 0.35
103 297 230.67 0.35
103 298 235.56 0.28
103 299 240.78 0.31
103 300 245.58 0.28
103 301 251.22 0.31
103 302 255.86 0.31
103 303 261.71 0.30
103 304 266.66 0.30
103 305 272.78 0.28
103 306 277.35 0.25
103 307 284.04 0.27
103 308 288.37 0.28
103 309 294.98 0.26
103 310 299.91 0.27
103 311 306.74 0.27
103 312 312.10 0.27
103 313 318.57 0.26
103 314 324.72 0.26
103 315 330.91 0.26
103 316 336.82 0.25
103 317 343.49 0.26
103 318 349.58 0.26
103 319 356.13 0.26
103 320 362.93 0.25
103 321 369.56 0.26
103 322 376.34 0.26
103 323 383.35 0.25
103 324 390.08 0.25
103 325 397.10 0.25
103 326 403.98 0.24
103 327 411.12 0.26
103 328 418.36 0.25
103 329 425.66 0.25
103 330 433.12 0.25
103 331 440.57 0.23
103 332 447.68 0.25
103 333 455.54 0.22
103 334 463.00 0.22
103 335 470.73 0.24
103 336 478.40 0.24
103 337 486.34 0.21
103 338 493.91 0.24
103 339 502.03 0.22
103 340 509.65 0.25
103 341 517.84 0.17
103 342 525.10 0.41
103 343 533.55 -0.16
103 344 540.76 -0.15
103 345 548.85 -0.15
103 346 556.16 -0.14
103 347 564.47 -0.15
104 238 103.85 0.37
104 239 102.43 0.34
104 240 100.75 0.37
104 241 100.05 0.32
104 242 98.05 0.34
104 243 97.45 0.35
104 244 96.19 0.31
104 245 95.56 0.29
104 246 94.81 0.30
104 247 94.56 0.29
104 248 93.46 0.30
104 249 93.49 0.30
104 250 92.69 0.30
104 251 93.22 0.29
104 252 92.83 0.29
104 253 93.66 0.31
104 254 93.39 0.29
104 255 94.58 0.30
104 256 94.61 0.29
104 257 96.01 0.29
104 258 96.64 0.29
104 259 98.27 0.28
104 260 99.27 0.29
104 261 101.28 0.28
104 262 102.35 0.27
104 263 104.87 0.27
104 264 106.18 0.26
104 265 108.52 0.27
104 266 110.29 0.27
104 267 113.31 0.27
104 268 115.17 0.27
104 269 118.06 0.26
104 270 120.64 0.23
104 271 123.83 0.22
104 272 126.40 0.23
104 273 129.73 0.22
104 274 132.76 0.21
104 275 136.17 0.43
104 276 138.89 -0.15
104 277 141.93 -0.16
104 278 144.79 -0.15
104 279 148.24 -0.15
104 280 151.47 -0.13
104 281 155.03 -0.13
104 282 158.56 -0.12
104 283 162.53 -0.10
104 284 165.98 -0.08
104 285 171.07 0.00
104 286 174.34 0.00
104 287 179.12 0.00
104 288 182.40 0.00
104 289 186.82 0.37
104 290 190.98 0.43
104 291 195.79 0.41
104 292 200.04 0.41
104 293 204.18 0.41
104 294 208.98 0.44
104 295 213.19 0.39
104 296 218.14 0.37
104 297 222.83 0.35
104 298 227.69 0.35
104 299 232.71 0.35
104 300 237.76 0.36
104 301 242.41 0.29
104 302 247.79 0.36
104 303 252.00 0.31
104 304 258.31 0.29
104 305 262.74 0.31
104 306 268.76 0.30
104 307 273.44 0.25
104 308 279.59 0.29
104 309 284.20 0.27
104 310 290.89 0.26
104 311 295.63 0.27
104 312 302.19 0.25
104 313 307.20 0.28
104 314 313.71 0.27
104 315 319.45 0.29
104 316 325.63 0.25
104 317 331.39 0.26
104 318 337.85 0.26
104 319 344.17 0.24
104 320 350.38 0.26
104 321 356.80 0.25
104 322 363.45 0.26
104 323 370.20 0.26
104 324 376.69 0.26
104 325 383.41 0.25
104 326 390.40 0.26
104 327 397.04 0.25
104 328 404.23 0.25
104 329 411.14 0.26
104 330 418.49 0.25
104 331 425.67 0.25
104 332 433.05 0.25
104 333 440.04 0.24
104 334 447.66 0.24
104 335 454.95 0.23
104 336 462.87 0.23
104 337 470.33 0.22
104 338 477.97 0.23
104 339 485.78 0.24
104 340 493.62 0.22
104 341 501.14 0.19
104 342 509.29 0.19
104 343 517.25 -0.16
104 344 524.95 0.16
104 345 532.21 -0.16
104 346 540.20 -0.15
104 347 547.56 -0.16
104 348 555.66 -0.16
104 349 563.13 -0.14
105 240 112.08 0.40
105 241 109.99 0.37
105 242 108.81 0.32
105 243 107.19 0.35
105 244 106.17 0.34
105 245 104.74 0.31
105 246 104.15 0.32
105 247 102.78 0.28
105 248 102.59 0.28
105 249 101.27 0.31
105 250 100.90 0.31
105 251 100.26 0.29
105 252 100.31 0.29
105 253 99.97 0.29
105 254 100.39 0.30
105 255 100.18 0.30
105 256 101.03 0.30
105 257 100.88 0.29
105 258 101.96 0.29
105 259 102.35 0.29
105 260 103.82 0.28
105 261 104.60 0.29
105 262 106.30 0.29
105 263 107.31 0.28
105 264 109.64 0.28
105 265 110.61 0.27
105 266 112.87 0.27
105 267 114.43 0.27
105 268 117.26 0.24
105 269 119.05 0.26
105 270 121.80 0.25
105 271 123.92 0.25
105 272 126.76 0.24
105 273 129.48 0.23
105 274 132.69 0.25
105 275 135.49 0.19
105 276 138.85 0.18
105 277 141.35 -0.15
105 278 144.25 -0.15
105 279 147.03 -0.15
105 280 150.44 -0.14
105 281 153.40 -0.14
105 282 156.92 -0.14
105 283 160.16 -0.13
105 284 164.16 -0.11
105 285 167.33 -0.08
105 286 172.22 0.00
105 287 175.36 0.00
105 288 178.68 0.45
105 289 183.17 0.00
105 290 187.35 0.42
105 291 191.26 0.45
105 292 195.70 0.41
105 293 199.76 0.45
105 294 204.27 0.42
105 295 208.52 0.37
105 296 212.51 0.39
105 297 217.44 0.38
105 298 222.14 0.38
105 299 226.60 0.38
105 300 231.89 0.41
105 301 236.54 0.36
105 302 241.21 0.30
105 303 246.13 0.36
105 304 250.36 0.31
105 305 256.35 0.32
105 306 260.81 0.30
105 307 266.85 0.31
105 308 271.18 0.32
105 309 277.07 0.26
105 310 282.14 0.26
105 311 288.05 0.26
105 312 292.57 0.27
105 313 298.96 0.26
105 314 304.25 0.27
105 315 310.48 0.27
105 316 316.04 0.28
105 317 322.06 0.25
105 318 328.07 0.27
105 319 334.25 0.24
105 320 340.14 0.26
105 321 346.61 0.26
105 322 352.90 0.26
105 323 359.13 0.26
105 324 365.66 0.26
105 325 372.32 0.26
105 326 378.69 0.26
105 327 385.53 0.25
105 328 392.09 0.25
105 329 399.09 0.25
105 330 405.86 0.26
105 331 412.93 0.25
105 332 420.08 0.26
105 333 427.27 0.25
105 334 434.00 0.25
105 335 441.75 0.23
105 336 448.80 0.22
105 337 456.60 0.24
105 338 463.72 0.22
105 339 471.64 0.22
105 340 478.87 0.24
105 341 486.89 0.22
105 342 494.33 0.22
105 343 502.44 0.18
105 344 509.76 0.22
105 345 517.83 0.16
105 346 525.41 0.18
105 347 532.93 -0.16
105 348 540.36 -0.16
105 349 548.16 -0.15
105 350 555.60 -0.18
105 351 563.79 -0.15
105 352 571.09 -0.12
105 353 579.48 0.43
106 242 117.69 0.40
106 243 116.63 0.35
106 244 114.64 0.39
106 245 113.61 0.36
106 246 111.83 0.34
106 247 110.94 0.33
106 248 109.72 0.34
106 249 109.12 0.34
106 250 107.97 0.29
106 251 107.50 0.29
106 252 106.33 0.29
106 253 106.42 0.30
106 254 105.70 0.29
106 255 106.22 0.30
106 256 105.42 0.30
106 257 106.23 0.30
106 258 105.98 0.29
106 259 106.82 0.29
106 260 106.97 0.97
106 261 108.27 0.28
106 262 108.82 0.28
106 263 110.36 0.29
106 264 111.18 0.27
106 265 113.08 0.29
106 266 113.97 0.27
106 267 116.15 0.27
106 268 117.40 0.27
106 269 119.99 0.26
106 270 121.32 0.26
106 271 124.08 0.24
106 272 126.17 0.24
106 273 129.06 0.23
106 274 131.40 0.23
106 275 134.43 0.24
106 276 136.87 0.19
106 277 140.25 0.45
106 278 142.76 0.17
106 279 145.91 0.46
106 280 148.16 -0.15
106 281 151.22 0.45
106 282 154.05 -0.15
106 283 157.61 -0.12
106 284 160.73 -0.13
106 285 164.46 0.48
106 286 167.46 -0.09
106 287 171.28 0.43
106 288 175.37 0.00
106 289 178.04 0.45
106 290 182.94 0.00
106 291 186.37 0.43
106 292 190.44 0.44
106 293 194.55 0.41
106 294 198.48 0.41
106 295 202.26 0.41
106 296 206.97 0.41
106 297 210.94 0.39
106 298 215.44 0.39
106 299 220.18 0.40
106 300 224.61 0.37
106 301 229.70 0.40
106 302 234.06 0.37
106 303 238.89 0.32
106 304 243.73 0.35
106 305 247.91 0.32
106 306 253.54 0.34
106 307 257.79 0.30
106 308 263.56 0.30
106 309 268.22 0.31
106 310 273.84 0.29
106 311 278.57 0.29
106 312 284.36 0.27
106 313 289.14 0.26
106 314 295.14 0.28
106 315 299.95 0.27
106 316 306.27 0.28
106 317 311.60 0.28
106 318 317.66 0.26
106 319 323.36 0.26
106 320 329.41 0.26
106 321 335.25 0.28
106 322 341.41 0.26
106 323 347.62 0.25
106 324 353.89 0.25
106 325 360.33 0.25
106 326 366.59 0.25
106 327 372.81 0.25
106 328 379.55 0.25
106 329 386.11 0.25
106 330 392.99 0.25
106 331 399.57 0.26
106 332 406.52 0.25
106 333 413.49 0.25
106 334 420.67 0.25
106 335 427.41 0.23
106 336 434.94 0.23
106 337 442.02 0.24
106 338 449.34 0.22
106 339 456.30 0.23
106 340 464.15 0.22
106 341 471.64 0.21
106 342 479.28 0.22
106 343 486.53 0.21
106 344 494.52 0.19
106 345 501.35 0.39
106 346 509.77 0.16
106 347 517.13 0.16
106 348 524.94 -0.15
106 349 531.90 -0.16
106 350 540.09 -0.16
106 351 547.59 -0.17
106 352 555.32 -0.14
106 353 562.53 -0.13
106 354 570.41 0.42
106 355 577.66 0.40
107 244 126.43 0.37
107 245 124.31 0.40
107 246 123.08 0.37
107 247 121.32 0.35
107 248 120.03 0.34
107 249 118.63 0.34
107 250 117.77 0.34
107 251 116.36 0.32
107 252 115.67 0.31
107 253 114.62 0.30
107 254 114.39 0.30
107 255 113.47 0.30
107 256 113.71 0.30
107 257 112.94 0.30
107 258 113.44 0.29
107 259 112.90 0.29
107 260 113.63 0.29
107 261 113.66 0.28
107 262 114.69 0.28
107 263 115.06 0.28
107 264 116.36 0.28
107 265 116.96 0.27
107 266 118.31 0.27
107 267 119.38 0.27
107 268 121.26 0.27
107 269 122.51 0.26
107 270 124.93 0.26
107 271 126.19 0.26
107 272 128.53 0.27
107 273 130.62 0.24
107 274 133.34 0.24
107 275 135.28 0.23
107 276 138.41 0.21
107 277 141.00 0.17
107 278 143.81 0.44
107 279 146.25 0.16
107 280 149.14 0.16
107 281 151.37 0.45
107 282 153.86 0.45
107 283 156.90 -0.14
107 284 160.94 0.49
107 285 163.07 -0.12
107 286 166.70 -0.17
107 287 169.60 -0.10
107 288 173.08 0.48
107 289 176.51 0.49
107 290 180.25 0.49
107 291 183.67 0.48
107 292 187.38 0.43
107 293 191.00 0.44
107 294 195.27 0.41
107 295 198.85 0.41
107 296 202.98 0.41
107 297 207.20 0.41
107 298 211.58 0.42
107 299 215.50 0.39
107 300 220.03 0.39
107 301 224.10 0.39
107 302 228.77 0.40
107 303 233.14 0.38
107 304 238.23 0.38
107 305 242.77 0.36
107 306 247.01 0.32
107 307 252.47 0.35
107 308 256.77 0.30
107 309 262.23 0.31
107 310 266.65 0.31
107 311 272.37 0.29
107 312 276.98 0.30
107 313 282.43 0.27
107 314 287.08 0.26
107 315 293.06 0.27
107 316 297.69 0.27
107 317 303.91 0.26
107 318 309.10 0.28
107 319 315.00 0.26
107 320 320.42 0.28
107 321 326.39 0.26
107 322 332.17 0.26
107 323 338.22 0.26
107 324 344.24 0.25
107 325 350.30 0.25
107 326 356.60 0.25
107 327 362.66 0.25
107 328 368.94 0.26
107 329 375.38 0.25
107 330 381.81 0.25
107 331 388.48 0.25
107 332 395.19 0.23
107 333 401.79 0.24
107 334 408.65 0.25
107 335 415.66 0.24
107 336 422.59 0.25
107 337 429.63 0.25
107 338 436.79 0.22
107 339 443.90 0.24
107 340 451.04 0.22
107 341 458.46 0.22
107 342 465.74 0.20
107 343 473.32 0.22
107 344 480.75 0.20
107 345 488.72 0.17
107 346 495.71 0.18
107 347 503.27 0.16
107 348 510.96 0.17
107 349 518.27 -0.15
107 350 524.17 0.42
107 351 532.12 0.41
107 352 540.38 -0.15
107 353 547.68 0.41
107 354 554.79 0.41
107 355 562.99 0.42
107 356 570.02 0.41
107 357 578.13 0.42
107 358 585.75 0.41
107 359 593.64 0.41
107 360 601.65 0.42
108 246 132.52 0.42
108 247 131.24 0.37
108 248 129.16 0.39
108 249 128.09 0.35
108 250 126.49 0.34
108 251 125.46 0.36
108 252 123.85 0.33
108 253 122.92 0.31
108 254 121.74 0.30
108 255 121.36 0.32
108 256 120.22 0.30
108 257 120.26 0.30
108 258 119.36 0.30
108 259 119.74 0.29
108 260 119.10 0.29
108 261 119.49 0.28
108 262 119.30 0.28
108 263 120.02 0.27
108 264 119.81 1.01
108 265 121.02 0.27
108 266 121.51 0.27
108 267 122.89 0.27
108 268 123.69 0.27
108 269 125.44 0.27
108 270 126.32 0.26
108 271 128.45 0.26
108 272 129.66 0.25
108 273 131.85 0.25
108 274 133.62 0.25
108 275 135.94 0.23
108 276 138.18 0.23
108 277 140.43 0.23
108 278 142.82 0.18
108 279 145.79 0.19
108 280 147.88 0.46
108 281 150.56 0.17
108 282 152.94 0.45
108 283 155.74 0.47
108 284 158.18 0.46
108 285 161.39 -0.18
108 286 164.01 0.47
108 287 167.06 0.46
108 288 170.20 0.48
108 289 173.68 0.44
108 290 176.81 0.48
108 291 180.23 0.47
108 292 183.25 0.45
108 293 187.21 0.43
108 294 191.03 0.44
108 295 194.55 0.44
108 296 198.64 0.43
108 297 202.49 0.43
108 298 206.19 0.42
108 299 209.74 0.42
108 300 214.40 0.41
108 301 218.73 0.44
108 302 222.89 0.39
108 303 227.61 0.40
108 304 231.84 0.37
108 305 236.20 0.39
108 306 240.91 0.38
108 307 245.23 0.34
108 308 250.14 0.37
108 309 254.58 0.35
108 310 259.96 0.33
108 311 263.89 0.31
108 312 269.71 0.31
108 313 274.06 0.30
108 314 279.74 0.26
108 315 283.92 0.28
108 316 290.05 0.28
108 317 295.04 0.26
108 318 300.68 0.27
108 319 305.74 0.26
108 320 311.36 0.26
108 321 316.59 0.28
108 322 322.41 0.25
108 323 328.12 0.28
108 324 333.95 0.25
108 325 339.80 0.25
108 326 346.08 0.26
108 327 352.20 0.25
108 328 358.00 0.25
108 329 364.07 0.25
108 330 370.50 0.25
108 331 376.68 0.24
108 332 383.31 0.24
108 333 389.55 0.24
108 334 396.27 0.23
108 335 402.93 0.24
108 336 409.68 0.23
108 337 416.72 0.22
108 338 423.71 0.22
108 339 430.73 0.22
108 340 437.71 0.23
108 341 444.86 0.23
108 342 451.80 0.22
108 343 458.73 0.22
108 344 466.28 0.21
108 345 473.61 0.21
108 346 481.28 0.17
108 347 488.30 0.16
108 348 495.98 0.17
108 349 502.99 0.17
108 350 510.92 0.14
108 351 518.19 -0.15
108 352 525.68 -0.14
108 353 531.98 0.41
108 354 539.59 0.44
108 355 546.53 0.41
108 356 554.70 0.41
108 357 562.12 0.45
108 358 569.72 0.42
108 359 576.60 0.43
108 360 585.21 0.42
108 361 592.33 0.43
109 248 141.45 0.39
109 249 139.32 0.39
109 250 137.85 0.37
109 251 136.35 0.35
109 252 134.81 0.36
109 253 133.27 0.37
109 254 132.55 0.31
109 255 130.93 0.31
109 256 130.36 0.32
109 257 129.13 0.29
109 258 128.91 0.30
109 259 127.76 0.27
109 260 128.10 0.27
109 261 127.23 0.27
109 262 127.47 0.26
109 263 127.02 0.26
109 264 127.46 0.26
109 265 127.60 0.26
109 266 128.54 0.26
109 267 128.71 0.25
109 268 129.82 0.27
109 269 130.27 0.26
109 270 131.77 0.26
109 271 132.20 0.26
109 272 134.16 0.25
109 273 135.19 0.25
109 274 137.23 0.25
109 275 138.66 0.24
109 276 141.03 0.24
109 277 142.90 0.23
109 278 145.26 0.22
109 279 147.25 0.18
109 280 150.09 0.47
109 281 151.99 0.15
109 282 154.79 0.15
109 283 156.56 0.47
109 284 159.21 0.48
109 285 161.46 0.47
109 286 164.58 0.47
109 287 167.00 0.46
109 288 170.35 0.49
109 289 172.64 0.48
109 290 176.35 0.43
109 291 178.84 0.47
109 292 182.16 0.46
109 293 185.20 0.45
109 294 189.07 0.44
109 295 192.58 0.46
109 296 196.53 0.44
109 297 200.21 0.44
109 298 203.89 0.43
109 299 207.29 0.44
109 300 211.33 0.42
109 301 214.97 0.44
109 302 219.55 0.38
109 303 223.62 0.40
109 304 228.00 0.40
109 305 231.72 0.37
109 306 236.18 0.39
109 307 240.78 0.37
109 308 245.11 0.37
109 309 249.82 0.37
109 310 253.92 0.37
109 311 259.16 0.35
109 312 263.28 0.31
109 313 268.96 0.33
109 314 272.96 0.26
109 315 278.65 0.29
109 316 283.32 0.29
109 317 288.83 0.28
109 318 293.54 0.26
109 319 299.00 0.26
109 320 304.09 0.26
109 321 309.85 0.26
109 322 314.72 0.26
109 323 320.69 0.25
109 324 325.92 0.25
109 325 331.82 0.25
109 326 337.46 0.25
109 327 343.30 0.25
109 328 349.37 0.25
109 329 355.40 0.25
109 330 361.24 0.25
109 331 367.21 0.24
109 332 373.50 0.24
109 333 380.02 0.24
109 334 385.89 0.24
109 335 392.53 0.24
109 336 398.94 0.25
109 337 405.50 0.24
109 338 412.66 0.25
109 339 419.30 0.24
109 340 425.70 0.22
109 341 432.84 0.22
109 342 440.28 0.22
109 343 446.94 0.22
109 344 453.68 0.22
109 345 461.18 0.21
109 346 468.21 0.21
109 347 475.76 0.17
109 348 482.80 0.17
109 349 490.62 0.17
109 350 497.90 0.14
109 351 504.98 0.14
109 352 510.65 0.42
109 353 518.95 0.42
109 354 525.83 0.41
109 355 533.23 0.41
109 356 539.95 0.41
109 357 548.15 0.41
109 358 555.02 0.41
109 359 563.00 0.42
110 250 148.11 0.41
110 251 146.72 0.39
110 252 144.47 0.38
110 253 143.28 0.36
110 254 141.56 0.37
110 255 140.53 0.34
110 256 138.75 0.29
110 257 137.93 0.29
110 258 136.49 0.29
110 259 135.96 0.30
110 260 134.82 0.29
110 261 134.70 0.29
110 262 133.73 0.28
110 263 133.75 0.28
110 264 133.13 0.27
110 265 133.47 0.27
110 266 133.42 0.28
110 267 133.90 0.27
110 268 133.92 0.27
110 269 134.86 0.26
110 270 135.19 0.26
110 271 136.45 0.26
110 272 136.94 0.26
110 273 138.74 0.23
110 274 139.26 0.25
110 275 141.25 0.24
110 276 142.50 0.23
110 277 144.56 0.24
110 278 146.35 0.22
110 279 148.59 0.21
110 280 150.23 0.20
110 281 153.09 0.19
110 282 154.37 0.46
110 283 157.27 0.17
110 284 159.24 0.47
110 285 160.87 0.51
110 286 163.86 0.47
110 287 166.56 0.47
110 288 168.44 0.48
110 289 171.62 0.48
110 290 174.15 0.48
110 291 177.35 0.48
110 292 180.30 0.48
110 293 182.89 0.46
110 294 186.47 0.48
110 295 189.55 0.45
110 296 193.57 0.46
110 297 196.69 0.46
110 298 200.31 0.44
110 299 203.85 0.43
110 300 207.50 0.43
110 301 210.82 0.43
110 302 215.01 0.42
110 303 219.06 0.44
110 304 222.89 0.41
110 305 226.93 0.41
110 306 230.99 0.40
110 307 234.99 0.40
110 308 239.80 0.39
110 309 243.85 0.38
110 310 248.34 0.37
110 311 252.80 0.37
110 312 257.79 0.37
110 313 261.50 0.33
110 314 267.21 0.33
110 315 271.55 0.34
110 316 276.82 0.29
110 317 281.30 0.26
110 318 286.55 0.27
110 319 291.35 0.26
110 320 296.40 0.26
110 321 301.10 0.27
110 322 306.73 0.25
110 323 311.61 0.25
110 324 317.38 0.25
110 325 322.63 0.28
110 326 328.42 0.25
110 327 334.04 0.25
110 328 339.57 0.25
110 329 345.68 0.25
110 330 351.12 0.24
110 331 356.98 0.23
110 332 363.27 0.24
110 333 369.31 0.24
110 334 375.58 0.23
110 335 381.28 0.24
110 336 387.60 0.22
110 337 394.40 0.24
110 338 400.51 0.23
110 339 407.05 0.22
110 340 413.82 0.22
110 341 420.10 0.22
110 342 427.33 0.21
110 343 434.23 0.21
110 344 441.16 0.21
110 345 447.71 0.20
110 346 454.77 0.20
110 347 461.81 0.20
110 348 469.24 0.19
110 349 475.93 0.18
110 350 483.55 0.17
110 351 490.56 0.17
110 352 498.50 0.16
110 353 503.77 0.42
110 354 512.85 -0.15
110 355 518.61 0.42
110 356 526.26 0.42
110 357 532.87 0.42
110 358 540.42 0.42
110 359 547.52 0.44
110 360 555.01 0.43
