# Public ULB numerical table: Z A Mcal(MeV) beta2; source precision retained
8 16 -2.54 0.00
8 17 1.39 0.00
8 18 1.11 0.00
8 19 5.24 0.00
8 20 3.13 0.08
8 21 9.04 0.13
8 22 10.53 0.07
8 23 15.62 -0.07
8 24 18.72 -0.05
8 25 28.87 -0.10
8 26 34.67 -0.06
8 27 46.01 0.08
8 28 49.84 -0.06
8 29 61.02 0.20
8 30 67.83 0.18
8 31 77.84 0.19
8 32 86.23 0.23
8 33 97.09 0.17
8 34 104.90 -0.18
9 17 4.31 0.00
9 18 2.61 0.00
9 19 1.02 0.00
9 20 -0.55 0.17
9 21 -2.16 0.14
9 22 1.70 0.20
9 23 1.66 0.19
9 24 5.43 0.16
9 25 9.08 0.12
9 26 17.09 0.16
9 27 22.42 0.10
9 28 31.53 0.13
9 29 36.61 -0.11
9 30 46.63 0.17
9 31 52.79 0.19
9 32 63.09 0.19
9 33 70.48 0.19
9 34 80.36 0.29
9 35 88.33 0.19
9 36 97.68 0.20
9 37 107.04 -0.20
9 38 117.92 -0.13
10 18 7.23 0.00
10 19 4.00 0.00
10 20 -9.07 0.21
10 21 -6.25 -0.20
10 22 -8.20 0.24
10 23 -4.68 0.25
10 24 -6.78 0.24
10 25 -3.21 0.14
10 26 -0.61 -0.09
10 27 6.09 0.14
10 28 10.43 0.10
10 29 18.37 0.31
10 30 21.58 -0.09
10 31 31.98 0.30
10 32 37.05 0.24
10 33 46.64 0.41
10 34 52.87 0.27
10 35 63.05 0.35
10 36 69.72 0.31
10 37 79.77 0.33
10 38 86.88 0.25
10 39 98.39 -0.28
10 40 104.86 -0.25
10 41 115.90 -0.26
10 42 122.28 0.20
11 19 11.96 -0.10
11 20 6.14 0.18
11 21 -2.84 -0.23
11 22 -4.83 0.55
11 23 -9.01 -0.25
11 24 -6.84 0.43
11 25 -8.93 -0.26
11 26 -6.89 -0.18
11 27 -5.36 -0.12
11 28 -0.74 0.20
11 29 2.54 -0.13
11 30 9.38 0.34
11 31 12.49 0.46
11 32 19.94 0.54
11 33 24.01 0.50
11 34 32.28 0.47
11 35 37.58 0.44
11 36 46.46 0.37
11 37 52.63 0.42
11 38 61.79 0.40
11 39 69.11 0.39
11 40 78.87 0.35
11 41 86.21 0.35
11 42 96.10 -0.23
11 43 103.79 -0.21
11 44 113.35 -0.12
12 20 15.94 0.08
12 21 9.05 0.14
12 22 -0.28 0.25
12 23 -4.77 -0.25
12 24 -14.17 -0.26
12 25 -12.59 0.38
12 26 -16.09 0.26
12 27 -14.97 -0.22
12 28 -15.67 -0.19
12 29 -10.84 0.25
12 30 -9.36 0.16
12 31 -3.01 0.32
12 32 -0.57 -0.07
12 33 5.40 0.30
12 34 8.98 0.26
12 35 16.85 0.38
12 36 20.81 0.32
12 37 29.02 0.39
12 38 34.14 0.36
12 39 42.68 0.36
12 40 49.25 0.33
12 41 59.02 0.22
12 42 64.83 -0.27
12 43 74.53 -0.27
12 44 81.49 -0.21
12 45 90.99 -0.09
12 46 97.84 -0.08
13 21 27.18 0.17
13 22 17.46 0.21
13 23 7.96 0.24
13 24 1.49 0.50
13 25 -7.88 0.36
13 26 -12.04 0.33
13 27 -16.86 -0.30
13 28 -16.63 -0.24
13 29 -17.34 -0.21
13 30 -14.78 0.20
13 31 -14.52 0.20
13 32 -10.05 0.14
13 33 -8.84 0.19
13 34 -3.62 0.28
13 35 -0.85 0.32
13 36 5.43 0.33
13 37 8.36 0.34
13 38 15.57 0.34
13 39 19.64 0.35
13 40 27.59 0.34
13 41 32.90 -0.30
13 42 40.98 -0.30
13 43 46.92 -0.29
13 44 56.45 -0.25
13 45 62.55 -0.22
13 46 71.32 0.12
13 47 79.09 0.12
13 48 88.08 -0.11
14 22 33.16 0.08
14 23 22.55 0.19
14 24 11.21 0.24
14 25 4.68 -0.25
14 26 -6.61 0.24
14 27 -12.10 -0.33
14 28 -20.89 0.24
14 29 -22.11 -0.25
14 30 -23.96 -0.22
14 31 -21.34 -0.18
14 32 -23.20 0.22
14 33 -19.41 -0.15
14 34 -20.05 0.17
14 35 -14.65 0.26
14 36 -13.07 0.17
14 37 -6.63 -0.21
14 38 -4.92 0.26
14 39 2.42 0.34
14 40 4.39 -0.29
14 41 12.21 0.32
14 42 15.32 -0.33
14 43 22.67 -0.30
14 44 28.12 -0.29
14 45 36.55 -0.25
14 46 42.88 -0.23
14 47 51.70 0.07
14 48 58.53 -0.10
14 49 67.69 -0.13
14 50 75.57 -0.16
15 23 45.96 -0.12
15 24 32.95 0.17
15 25 20.82 0.18
15 26 13.50 0.21
15 27 0.31 -0.24
15 28 -6.54 -0.26
15 29 -16.60 -0.28
15 30 -21.04 -0.21
15 31 -24.52 -0.25
15 32 -23.34 -0.22
15 33 -25.47 -0.21
15 34 -23.41 -0.15
15 35 -24.31 -0.16
15 36 -20.12 -0.17
15 37 -19.64 0.26
15 38 -14.57 -0.15
15 39 -13.54 0.23
15 40 -8.41 -0.20
15 41 -6.13 0.27
15 42 -0.12 0.28
15 43 3.64 0.26
15 44 9.98 -0.26
15 45 14.41 -0.24
15 46 22.08 -0.23
15 47 27.79 -0.19
15 48 35.95 0.08
15 49 42.20 -0.09
15 50 52.32 -0.11
15 51 59.08 0.12
15 52 69.23 -0.20
16 24 51.49 -0.11
16 25 41.72 -0.15
16 26 27.23 -0.20
16 27 20.42 0.36
16 28 4.68 -0.22
16 29 -2.04 -0.25
16 30 -13.16 -0.25
16 31 -19.54 -0.20
16 32 -26.83 -0.20
16 33 -26.35 0.19
16 34 -29.51 0.20
16 35 -27.47 -0.13
16 36 -30.24 0.18
16 37 -27.06 0.25
16 38 -27.51 0.14
16 39 -22.83 0.23
16 40 -23.19 0.22
16 41 -18.57 -0.20
16 42 -17.24 0.27
16 43 -12.06 0.27
16 44 -9.24 -0.26
16 45 -3.39 -0.25
16 46 0.30 -0.23
16 47 7.50 -0.21
16 48 12.57 -0.19
16 49 20.37 0.08
16 50 25.71 -0.13
16 51 36.83 -0.13
16 52 41.31 -0.15
16 53 51.40 -0.12
16 54 57.92 -0.17
17 25 67.44 -0.16
17 26 56.29 0.16
17 27 40.55 0.16
17 28 29.81 0.21
17 29 14.77 -0.22
17 30 6.53 -0.21
17 31 -5.26 -0.23
17 32 -12.50 -0.22
17 33 -20.19 -0.17
17 34 -24.15 -0.22
17 35 -28.37 0.24
17 36 -27.64 -0.13
17 37 -30.51 0.21
17 38 -28.31 0.14
17 39 -29.68 0.12
17 40 -27.24 0.21
17 41 -27.85 0.21
17 42 -24.34 0.24
17 43 -24.27 0.26
17 44 -20.18 0.26
17 45 -18.26 -0.21
17 46 -13.38 -0.21
17 47 -10.09 -0.20
17 48 -3.98 -0.19
17 49 0.53 -0.19
17 50 8.00 -0.23
17 51 13.15 -0.16
17 52 21.51 -0.15
17 53 27.31 -0.19
17 54 36.11 -0.22
17 55 42.71 -0.20
17 56 52.18 -0.19
17 57 58.92 -0.20
17 58 66.90 0.22
17 59 75.41 0.25
17 60 84.95 0.25
17 61 92.30 0.27
17 62 101.49 0.30
17 63 109.75 0.27
17 64 118.58 0.28
18 27 62.62 0.18
18 28 48.64 0.17
18 29 38.71 0.22
18 30 22.27 0.24
18 31 12.60 -0.21
18 32 -1.43 0.22
18 33 -8.97 -0.21
18 34 -18.13 -0.20
18 35 -22.05 0.21
18 36 -30.76 0.18
18 37 -32.02 0.21
18 38 -35.85 0.14
18 39 -33.33 0.23
18 40 -35.64 0.08
18 41 -33.10 0.12
18 42 -35.60 0.15
18 43 -31.87 0.19
18 44 -32.65 -0.15
18 45 -29.48 0.23
18 46 -28.76 -0.20
18 47 -24.52 -0.19
18 48 -22.00 -0.19
18 49 -16.45 -0.20
18 50 -12.72 -0.19
18 51 -6.17 -0.11
18 52 -1.57 -0.15
18 53 5.84 -0.18
18 54 11.21 -0.16
18 55 19.66 -0.21
18 56 25.43 -0.15
18 57 34.38 -0.19
18 58 40.38 0.12
18 59 49.22 -0.14
18 60 56.12 0.16
18 61 66.31 0.16
18 62 72.36 0.19
18 63 82.98 0.22
18 64 89.39 0.19
18 65 98.96 0.20
18 66 106.57 -0.24
19 29 62.11 0.13
19 30 50.71 0.16
19 31 35.17 -0.12
19 32 23.20 0.17
19 33 9.68 -0.27
19 34 -0.31 -0.17
19 35 -9.87 0.20
19 36 -15.04 -0.10
19 37 -25.55 0.19
19 38 -27.77 -0.08
19 39 -34.55 0.18
19 40 -33.02 -0.09
19 41 -35.93 -0.07
19 42 -34.90 0.12
19 43 -37.14 -0.08
19 44 -35.61 -0.11
19 45 -36.91 -0.10
19 46 -34.48 0.12
19 47 -35.02 0.15
19 48 -31.73 -0.12
19 49 -29.73 -0.12
19 50 -25.22 -0.10
19 51 -22.40 -0.10
19 52 -16.83 -0.07
19 53 -12.73 -0.09
19 54 -5.95 -0.11
19 55 -1.45 -0.10
19 56 6.35 -0.09
19 57 11.29 -0.09
19 58 19.39 -0.08
19 59 24.97 -0.08
19 60 34.69 -0.10
19 61 39.80 -0.09
19 62 49.25 -0.09
19 63 54.88 -0.10
19 64 62.97 -0.12
19 65 71.04 -0.11
19 66 79.00 -0.14
19 67 87.56 -0.12
19 68 95.29 -0.12
20 31 60.53 0.20
20 32 42.30 -0.16
20 33 31.34 0.22
20 34 15.22 0.22
20 35 5.31 -0.18
20 36 -5.78 -0.19
20 37 -11.55 0.21
20 38 -22.85 0.16
20 39 -26.56 -0.09
20 40 -35.08 0.04
20 41 -35.20 -0.05
20 42 -39.41 0.04
20 43 -38.86 0.11
20 44 -42.27 0.07
20 45 -40.64 0.12
20 46 -43.05 -0.05
20 47 -41.45 0.12
20 48 -43.19 0.13
20 49 -39.61 0.09
20 50 -38.91 0.10
20 51 -34.46 0.08
20 52 -33.16 0.10
20 53 -26.91 0.00
20 54 -24.94 -0.09
20 55 -18.30 -0.13
20 56 -13.25 0.00
20 57 -6.57 0.00
20 58 -2.08 0.00
20 59 4.56 -0.03
20 60 10.18 0.00
20 61 17.45 -0.05
20 62 23.66 0.00
20 63 31.67 0.04
20 64 36.96 0.04
20 65 46.78 0.00
20 66 51.95 0.05
20 67 61.12 0.06
20 68 67.27 0.08
20 69 76.35 0.10
20 70 83.33 0.08
21 32 71.76 0.36
21 33 55.69 0.29
21 34 46.75 0.20
21 35 32.49 -0.23
21 36 26.18 -0.24
21 37 4.43 -0.19
21 38 -2.63 -0.14
21 39 -13.99 0.23
21 40 -20.22 0.21
21 41 -29.03 0.15
21 42 -32.51 0.13
21 43 -37.49 -0.07
21 44 -37.80 0.09
21 45 -41.58 -0.08
21 46 -41.62 -0.11
21 47 -44.33 -0.08
21 48 -44.12 0.13
21 49 -45.64 -0.10
21 50 -43.93 0.10
21 51 -43.30 -0.08
21 52 -40.24 0.09
21 53 -38.69 -0.08
21 54 -34.38 -0.08
21 55 -31.75 -0.07
21 56 -26.22 -0.08
21 57 -23.11 -0.08
21 58 -16.77 -0.08
21 59 -13.24 -0.08
21 60 -6.58 -0.07
21 61 -2.21 -0.07
21 62 5.73 -0.08
21 63 9.87 -0.07
21 64 17.91 0.09
21 65 22.95 0.10
21 66 31.23 0.10
21 67 36.89 0.11
21 68 45.25 0.11
21 69 51.41 0.12
21 70 60.16 0.15
21 71 66.81 -0.10
21 72 74.96 -0.10
21 73 82.68 -0.10
21 74 91.22 -0.11
21 75 98.95 -0.12
21 76 107.46 0.10
21 77 115.36 0.10
21 78 124.77 0.08
21 79 132.94 0.07
21 80 141.79 0.08
22 34 64.71 0.26
22 35 50.72 0.34
22 36 35.22 0.22
22 37 23.98 0.16
22 38 10.72 0.24
22 39 2.31 0.20
22 40 -8.87 0.09
22 41 -15.88 -0.07
22 42 -27.82 0.11
22 43 -30.43 -0.06
22 44 -38.71 0.06
22 45 -39.63 0.23
22 46 -45.69 0.14
22 47 -44.76 0.17
22 48 -49.39 0.16
22 49 -48.79 0.21
22 50 -51.72 0.16
22 51 -49.77 0.18
22 52 -49.88 -0.09
22 53 -47.15 0.15
22 54 -46.27 0.09
22 55 -42.23 0.10
22 56 -40.91 0.10
22 57 -35.28 -0.09
22 58 -33.34 0.09
22 59 -27.81 0.10
22 60 -24.66 0.08
22 61 -18.22 0.15
22 62 -14.75 0.08
22 63 -7.53 -0.09
22 64 -4.20 0.14
22 65 3.15 0.18
22 66 7.83 0.17
22 67 16.02 0.20
22 68 20.64 0.17
22 69 28.57 0.22
22 70 34.34 0.18
22 71 42.61 0.18
22 72 48.97 0.16
22 73 57.54 0.15
22 74 64.30 0.15
22 75 73.14 -0.14
22 76 80.38 -0.12
22 77 89.54 -0.11
22 78 96.54 0.12
22 79 105.95 0.08
22 80 113.49 0.07
22 81 123.47 0.06
22 82 131.38 0.06
23 36 65.48 0.39
23 37 48.83 0.20
23 38 39.37 0.25
23 39 22.34 0.25
23 40 12.23 0.20
23 41 0.30 0.14
23 42 -7.77 -0.12
23 43 -18.34 0.12
23 44 -24.16 0.12
23 45 -32.79 0.12
23 46 -36.17 0.17
23 47 -42.59 0.24
23 48 -43.43 0.22
23 49 -47.88 0.25
23 50 -48.27 0.18
23 51 -51.31 0.16
23 52 -50.70 0.14
23 53 -51.68 -0.13
23 54 -49.48 0.14
23 55 -49.33 0.13
23 56 -46.06 0.15
23 57 -45.11 0.12
23 58 -40.66 0.13
23 59 -38.77 0.09
23 60 -34.10 0.10
23 61 -31.60 0.13
23 62 -26.19 0.27
23 63 -22.94 0.15
23 64 -16.69 -0.09
23 65 -13.84 0.28
23 66 -7.52 0.28
23 67 -3.59 0.26
23 68 3.41 0.27
23 69 8.21 0.25
23 70 15.23 0.26
23 71 20.96 0.25
23 72 28.69 0.20
23 73 34.73 0.15
23 74 42.54 0.14
23 75 49.20 0.16
23 76 57.58 0.15
23 77 64.47 -0.13
23 78 73.09 -0.15
23 79 80.46 -0.12
23 80 89.16 -0.11
23 81 97.05 0.09
23 82 106.05 0.08
23 83 114.18 0.06
23 84 123.43 0.08
24 38 57.05 -0.28
24 39 44.20 0.27
24 40 29.82 0.25
24 41 18.99 0.22
24 42 5.43 0.16
24 43 -2.70 -0.09
24 44 -14.15 0.04
24 45 -20.07 -0.07
24 46 -30.82 0.13
24 47 -34.83 0.28
24 48 -43.86 0.22
24 49 -45.21 0.22
24 50 -51.20 0.23
24 51 -51.56 0.20
24 52 -55.60 0.18
24 53 -55.42 0.22
24 54 -56.97 0.19
24 55 -55.07 0.23
24 56 -56.22 0.18
24 57 -53.62 0.20
24 58 -53.37 0.18
24 59 -49.36 0.17
24 60 -48.41 0.14
24 61 -43.98 0.13
24 62 -42.25 0.14
24 63 -37.35 0.19
24 64 -35.15 0.20
24 65 -29.75 0.26
24 66 -26.79 0.21
24 67 -20.91 0.22
24 68 -17.53 0.21
24 69 -11.09 0.24
24 70 -7.11 0.20
24 71 -0.10 0.27
24 72 4.67 0.20
24 73 12.25 0.20
24 74 17.66 0.17
24 75 25.47 0.18
24 76 31.44 0.20
24 77 39.86 0.20
24 78 46.08 0.18
24 79 54.60 0.12
24 80 61.60 0.15
24 81 70.46 0.13
24 82 77.78 0.12
24 83 86.94 0.12
24 84 94.73 0.08
24 85 103.80 0.09
24 86 112.19 -0.07
25 40 56.26 0.31
25 41 42.38 0.29
25 42 30.44 0.25
25 43 16.87 0.19
25 44 6.68 -0.11
25 45 -5.17 0.11
25 46 -12.36 0.12
25 47 -22.36 0.17
25 48 -28.15 0.25
25 49 -37.52 0.23
25 50 -41.57 0.28
25 51 -47.98 0.24
25 52 -49.80 0.22
25 53 -53.86 -0.15
25 54 -54.36 -0.14
25 55 -56.70 -0.15
25 56 -55.70 -0.19
25 57 -57.10 -0.16
25 58 -55.20 0.21
25 59 -55.57 -0.16
25 60 -52.60 -0.17
25 61 -52.13 0.24
25 62 -48.64 0.26
25 63 -47.65 0.30
25 64 -43.75 0.32
25 65 -42.11 0.32
25 66 -37.80 0.31
25 67 -35.28 0.31
25 68 -29.80 0.28
25 69 -27.17 0.28
25 70 -21.52 0.25
25 71 -17.99 0.25
25 72 -11.76 0.27
25 73 -7.45 0.23
25 74 -0.70 0.23
25 75 4.40 0.24
25 76 11.95 0.23
25 77 17.55 0.22
25 78 25.40 0.22
25 79 31.78 0.21
25 80 39.87 0.20
25 81 46.98 0.21
25 82 55.43 0.19
25 83 62.82 0.18
25 84 71.60 0.18
25 85 79.32 0.18
25 86 87.83 0.05
25 87 96.25 0.20
25 88 104.48 -0.11
26 42 51.46 0.33
26 43 38.70 0.26
26 44 24.35 -0.20
26 45 13.56 -0.11
26 46 0.15 -0.06
26 47 -7.26 -0.09
26 48 -19.00 0.18
26 49 -24.29 0.21
26 50 -35.23 0.24
26 51 -39.63 0.28
26 52 -48.44 0.26
26 53 -51.05 0.20
26 54 -56.22 0.19
26 55 -56.88 -0.17
26 56 -60.03 -0.16
26 57 -59.35 -0.20
26 58 -61.76 0.21
26 59 -60.40 0.20
26 60 -61.57 0.22
26 61 -58.99 0.21
26 62 -59.49 0.25
26 63 -56.32 0.14
26 64 -55.68 0.13
26 65 -51.85 -0.15
26 66 -50.64 0.10
26 67 -47.25 0.25
26 68 -45.36 0.18
26 69 -40.70 0.20
26 70 -38.49 0.20
26 71 -33.17 0.25
26 72 -30.42 0.21
26 73 -24.41 0.27
26 74 -20.98 0.20
26 75 -14.54 0.19
26 76 -10.02 -0.10
26 77 -2.99 -0.10
26 78 2.16 0.15
26 79 9.79 0.18
26 80 15.51 0.18
26 81 23.49 0.11
26 82 29.79 0.15
26 83 38.11 0.16
26 84 45.03 0.10
26 85 53.62 0.12
26 86 60.76 0.12
26 87 69.98 -0.17
26 88 77.26 0.14
26 89 85.94 -0.09
26 90 94.37 0.14
27 44 51.20 0.27
27 45 36.37 -0.21
27 46 25.03 -0.12
27 47 10.98 0.19
27 48 2.10 0.11
27 49 -9.82 0.21
27 50 -16.26 0.20
27 51 -27.60 0.22
27 52 -33.02 0.30
27 53 -42.52 0.21
27 54 -46.49 0.16
27 55 -52.86 0.15
27 56 -54.71 -0.17
27 57 -58.17 0.18
27 58 -58.65 0.23
27 59 -61.33 0.19
27 60 -60.57 0.19
27 61 -62.84 0.23
27 62 -60.50 0.17
27 63 -61.76 0.18
27 64 -59.52 0.22
27 65 -59.33 0.16
27 66 -56.57 0.18
27 67 -55.69 0.08
27 68 -52.47 0.12
27 69 -51.34 0.10
27 70 -47.43 0.19
27 71 -45.83 0.11
27 72 -41.22 0.14
27 73 -39.19 0.13
27 74 -34.05 0.13
27 75 -31.31 0.12
27 76 -25.83 0.11
27 77 -21.93 0.11
27 78 -15.54 0.12
27 79 -10.42 0.12
27 80 -3.14 0.14
27 81 2.31 0.14
27 82 10.00 0.13
27 83 15.90 0.12
27 84 23.82 0.12
27 85 30.48 -0.12
27 86 38.60 0.12
27 87 45.67 0.10
27 88 54.37 0.08
27 89 61.64 0.11
27 90 70.75 -0.11
27 91 78.44 0.10
27 92 87.28 0.14
28 46 45.78 -0.22
28 47 33.18 -0.12
28 48 17.92 0.12
28 49 8.95 -0.10
28 50 -4.54 0.16
28 51 -10.45 0.16
28 52 -22.47 0.22
28 53 -28.64 -0.17
28 54 -39.03 0.22
28 55 -43.99 0.15
28 56 -52.26 0.17
28 57 -55.11 -0.16
28 58 -59.62 -0.18
28 59 -60.08 -0.20
28 60 -63.49 0.20
28 61 -63.12 -0.20
28 62 -65.79 -0.20
28 63 -64.57 -0.18
28 64 -66.66 -0.19
28 65 -64.58 -0.19
28 66 -65.83 -0.17
28 67 -63.06 -0.17
28 68 -63.39 -0.16
28 69 -59.99 -0.11
28 70 -59.54 0.07
28 71 -56.01 -0.15
28 72 -54.91 0.08
28 73 -50.52 -0.09
28 74 -49.44 0.11
28 75 -44.25 0.10
28 76 -42.54 -0.07
28 77 -37.47 0.08
28 78 -34.29 -0.02
28 79 -28.45 -0.08
28 80 -23.89 -0.08
28 81 -16.98 -0.11
28 82 -11.95 -0.11
28 83 -4.38 -0.12
28 84 1.06 -0.11
28 85 8.76 -0.13
28 86 14.72 -0.11
28 87 22.87 -0.11
28 88 29.31 -0.10
28 89 37.95 -0.14
28 90 44.56 -0.11
28 91 54.22 -0.10
28 92 60.49 -0.14
28 93 70.67 0.30
28 94 77.19 -0.15
29 48 45.11 -0.14
29 49 30.63 0.06
29 50 20.12 -0.10
29 51 6.57 0.16
29 52 -0.94 0.17
29 53 -13.39 0.23
29 54 -20.19 0.29
29 55 -31.01 0.22
29 56 -37.09 -0.17
29 57 -46.05 -0.17
29 58 -50.47 -0.17
29 59 -55.88 -0.19
29 60 -57.24 -0.19
29 61 -61.18 -0.19
29 62 -61.52 -0.20
29 63 -64.77 -0.20
29 64 -64.24 -0.18
29 65 -66.86 -0.20
29 66 -65.57 -0.20
29 67 -67.28 -0.18
29 68 -65.28 -0.18
29 69 -65.80 -0.12
29 70 -63.19 -0.11
29 71 -63.59 -0.14
29 72 -60.01 0.12
29 73 -59.77 0.12
29 74 -56.19 0.17
29 75 -55.26 0.16
29 76 -51.12 0.16
29 77 -49.73 0.13
29 78 -45.44 0.11
29 79 -42.79 -0.09
29 80 -37.09 -0.12
29 81 -32.95 -0.13
29 82 -26.51 -0.14
29 83 -21.70 -0.15
29 84 -14.51 -0.16
29 85 -9.58 -0.16
29 86 -2.28 -0.15
29 87 3.40 -0.16
29 88 11.17 -0.19
29 89 17.09 -0.18
29 90 25.21 -0.18
29 91 31.50 -0.20
29 92 40.45 -0.22
29 93 46.61 -0.21
29 94 55.46 0.31
29 95 62.49 0.31
29 96 71.30 0.27
29 97 78.49 0.31
29 98 87.18 0.31
29 99 94.94 0.31
29 100 102.77 0.33
29 101 112.11 0.30
29 102 119.70 0.31
29 103 129.31 0.28
29 104 137.66 0.28
30 50 39.80 -0.04
30 51 28.53 -0.10
30 52 15.07 0.14
30 53 6.49 0.18
30 54 -6.61 0.22
30 55 -13.87 0.27
30 56 -25.28 0.23
30 57 -31.63 0.27
30 58 -41.73 -0.18
30 59 -47.10 -0.21
30 60 -54.08 -0.20
30 61 -56.42 -0.21
30 62 -61.31 -0.21
30 63 -62.07 -0.22
30 64 -65.76 -0.22
30 65 -65.50 -0.19
30 66 -68.78 -0.22
30 67 -67.81 -0.22
30 68 -70.23 -0.23
30 69 -68.52 -0.18
30 70 -70.09 -0.16
30 71 -67.47 -0.12
30 72 -68.65 0.14
30 73 -66.11 0.20
30 74 -66.35 0.18
30 75 -63.05 0.25
30 76 -62.84 0.18
30 77 -58.75 -0.14
30 78 -57.89 0.16
30 79 -53.55 0.19
30 80 -51.56 -0.11
30 81 -46.39 -0.13
30 82 -42.85 -0.15
30 83 -36.57 0.17
30 84 -32.44 0.18
30 85 -25.75 -0.18
30 86 -21.24 -0.18
30 87 -14.04 -0.20
30 88 -9.09 -0.20
30 89 -1.61 -0.19
30 90 3.82 -0.21
30 91 11.67 -0.23
30 92 17.49 -0.20
30 93 25.80 -0.21
30 94 31.74 -0.22
30 95 40.50 0.27
30 96 46.77 -0.22
30 97 55.86 -0.18
30 98 61.92 0.30
30 99 70.61 0.30
30 100 77.87 0.29
30 101 86.16 0.32
30 102 94.15 0.28
30 103 102.39 0.26
30 104 111.07 0.27
30 105 119.91 0.28
30 106 128.11 0.26
31 52 40.63 0.10
31 53 27.32 0.12
31 54 18.01 0.14
31 55 4.32 0.16
31 56 -3.92 0.28
31 57 -15.60 0.25
31 58 -23.03 0.20
31 59 -33.23 -0.20
31 60 -39.45 -0.21
31 61 -46.97 -0.22
31 62 -50.48 -0.22
31 63 -56.38 -0.23
31 64 -58.02 -0.23
31 65 -62.36 -0.23
31 66 -62.55 -0.20
31 67 -66.54 -0.23
31 68 -66.37 -0.23
31 69 -69.22 -0.24
31 70 -68.38 -0.24
31 71 -70.42 -0.21
31 72 -68.84 0.24
31 73 -70.15 -0.21
31 74 -68.28 0.27
31 75 -68.89 0.21
31 76 -66.37 0.24
31 77 -66.52 0.19
31 78 -63.20 0.19
31 79 -62.60 0.19
31 80 -58.95 0.20
31 81 -57.23 -0.12
31 82 -52.81 -0.14
31 83 -49.57 -0.15
31 84 -44.09 -0.18
31 85 -40.26 0.18
31 86 -34.08 0.22
31 87 -30.05 -0.20
31 88 -23.25 -0.23
31 89 -18.82 -0.23
31 90 -11.71 -0.20
31 91 -6.73 -0.23
31 92 0.58 -0.23
31 93 6.04 -0.24
31 94 13.66 -0.24
31 95 19.45 -0.24
31 96 27.72 -0.23
31 97 33.39 -0.24
31 98 41.97 -0.23
31 99 48.26 -0.23
31 100 56.80 -0.20
31 101 62.99 0.28
31 102 72.08 0.27
31 103 78.76 0.26
31 104 87.86 0.21
31 105 94.75 0.25
31 106 103.71 0.28
31 107 111.41 0.22
31 108 120.34 0.23
32 54 36.76 0.14
32 55 27.49 0.16
32 56 12.88 0.21
32 57 4.00 0.27
32 58 -9.31 0.24
32 59 -16.36 0.19
32 60 -27.40 -0.18
32 61 -34.12 -0.19
32 62 -42.73 -0.21
32 63 -47.21 -0.23
32 64 -54.35 -0.22
32 65 -56.91 -0.24
32 66 -61.96 -0.25
32 67 -62.59 0.22
32 68 -67.00 -0.25
32 69 -67.34 -0.23
32 70 -70.82 -0.23
32 71 -70.36 -0.19
32 72 -73.06 -0.24
32 73 -72.16 0.22
32 74 -73.97 0.22
32 75 -72.46 0.27
32 76 -73.78 0.22
32 77 -71.64 0.23
32 78 -72.45 0.21
32 79 -69.28 0.21
32 80 -69.50 0.19
32 81 -66.16 0.19
32 82 -64.98 -0.13
32 83 -60.85 -0.14
32 84 -58.18 -0.16
32 85 -53.02 0.20
32 86 -49.97 0.20
32 87 -44.15 0.21
32 88 -40.24 -0.19
32 89 -34.07 -0.22
32 90 -29.98 -0.22
32 91 -23.13 -0.20
32 92 -18.72 -0.23
32 93 -11.79 -0.24
32 94 -6.84 -0.24
32 95 0.92 -0.25
32 96 5.73 -0.25
32 97 13.84 -0.27
32 98 19.07 -0.24
32 99 27.20 -0.24
32 100 33.01 -0.24
32 101 41.35 -0.20
32 102 47.02 0.26
32 103 55.24 0.26
32 104 61.99 0.25
32 105 71.18 0.27
32 106 77.48 0.25
32 107 86.03 0.24
32 108 93.38 0.24
32 109 102.04 0.24
32 110 109.74 0.24
33 56 40.30 0.25
33 57 24.89 0.21
33 58 15.86 0.35
33 59 2.46 0.23
33 60 -5.96 0.18
33 61 -17.26 -0.21
33 62 -24.73 -0.20
33 63 -33.87 -0.23
33 64 -39.34 -0.23
33 65 -47.36 -0.24
33 66 -51.15 -0.24
33 67 -57.14 -0.25
33 68 -58.69 -0.20
33 69 -63.62 -0.22
33 70 -64.44 -0.24
33 71 -68.30 -0.23
33 72 -68.43 -0.25
33 73 -71.61 -0.22
33 74 -70.96 0.24
33 75 -73.45 -0.22
33 76 -72.66 0.25
33 77 -74.44 0.23
33 78 -72.91 0.24
33 79 -74.24 0.21
33 80 -71.92 0.20
33 81 -72.48 0.19
33 82 -69.67 0.19
33 83 -69.06 -0.12
33 84 -65.55 -0.15
33 85 -63.28 -0.16
33 86 -58.60 0.19
33 87 -55.97 0.20
33 88 -50.70 0.22
33 89 -47.30 -0.22
33 90 -41.73 -0.24
33 91 -37.99 -0.24
33 92 -31.78 -0.22
33 93 -27.84 -0.26
33 94 -21.42 -0.26
33 95 -16.85 -0.26
33 96 -9.86 -0.26
33 97 -5.10 -0.26
33 98 2.34 -0.26
33 99 7.31 -0.26
33 100 14.86 -0.26
33 101 20.37 -0.26
33 102 28.23 -0.26
33 103 34.17 -0.26
33 104 41.91 0.24
33 105 47.91 0.26
33 106 55.99 0.26
33 107 62.68 0.25
33 108 70.88 0.25
33 109 77.84 0.25
33 110 86.19 0.24
33 111 93.77 0.23
33 112 102.98 0.22
33 113 109.97 0.23
33 114 119.14 0.22
33 115 126.96 0.23
33 116 135.44 0.22
33 117 143.88 0.22
33 118 152.27 0.23
33 119 161.02 0.22
33 120 169.97 -0.22
34 58 35.06 0.20
34 59 25.03 0.29
34 60 11.36 0.26
34 61 2.26 0.19
34 62 -10.07 -0.20
34 63 -18.05 -0.20
34 64 -27.64 -0.24
34 65 -33.69 -0.25
34 66 -42.55 -0.25
34 67 -47.34 -0.25
34 68 -54.41 -0.25
34 69 -57.21 -0.20
34 70 -62.70 -0.26
34 71 -63.80 -0.24
34 72 -68.40 -0.23
34 73 -68.97 -0.25
34 74 -72.79 -0.22
34 75 -72.27 -0.25
34 76 -75.62 -0.20
34 77 -75.25 0.25
34 78 -77.64 0.21
34 79 -76.45 0.23
34 80 -78.41 0.21
34 81 -76.35 0.22
34 82 -77.56 0.22
34 83 -75.08 0.20
34 84 -75.28 -0.11
34 85 -72.06 -0.15
34 86 -70.35 -0.16
34 87 -66.00 -0.17
34 88 -63.89 0.20
34 89 -58.85 0.22
34 90 -56.00 0.23
34 91 -50.69 -0.24
34 92 -47.44 -0.23
34 93 -41.65 -0.21
34 94 -38.11 -0.25
34 95 -32.06 -0.26
34 96 -27.98 -0.26
34 97 -21.31 -0.26
34 98 -16.95 -0.27
34 99 -10.13 -0.26
34 100 -5.34 -0.27
34 101 2.01 -0.28
34 102 7.04 -0.26
34 103 14.51 -0.26
34 104 20.01 -0.26
34 105 27.72 0.23
34 106 33.12 0.26
34 107 40.87 0.26
34 108 47.19 0.25
34 109 55.11 0.26
34 110 61.92 0.23
34 111 70.05 0.24
34 112 77.17 0.20
34 113 86.14 0.22
34 114 93.07 0.16
34 115 101.84 0.21
34 116 109.46 0.15
34 117 118.56 -0.13
34 118 125.77 0.15
34 119 134.33 0.18
34 120 142.79 0.16
34 121 151.09 -0.17
34 122 159.84 -0.15
35 60 39.48 0.30
35 61 24.08 0.23
35 62 14.55 -0.24
35 63 1.27 -0.18
35 64 -7.07 -0.18
35 65 -17.21 -0.19
35 66 -23.55 -0.19
35 67 -32.80 -0.25
35 68 -38.49 -0.25
35 69 -46.72 -0.27
35 70 -50.58 -0.18
35 71 -56.94 -0.29
35 72 -59.20 -0.27
35 73 -63.94 -0.23
35 74 -65.12 -0.23
35 75 -69.41 -0.17
35 76 -70.30 0.18
35 77 -73.73 -0.16
35 78 -73.71 0.20
35 79 -76.78 0.18
35 80 -75.82 0.17
35 81 -77.99 0.24
35 82 -76.99 0.17
35 83 -78.91 0.15
35 84 -77.12 0.11
35 85 -77.89 0.10
35 86 -75.12 -0.14
35 87 -73.74 -0.16
35 88 -69.83 -0.16
35 89 -68.03 0.17
35 90 -63.53 -0.19
35 91 -61.10 -0.19
35 92 -56.14 -0.19
35 93 -53.37 -0.25
35 94 -48.15 -0.26
35 95 -45.06 -0.27
35 96 -39.49 -0.26
35 97 -35.82 -0.27
35 98 -29.77 -0.29
35 99 -25.75 -0.28
35 100 -19.34 -0.28
35 101 -14.73 -0.28
35 102 -8.17 -0.29
35 103 -3.33 -0.28
35 104 3.69 -0.28
35 105 8.83 -0.27
35 106 16.46 -0.28
35 107 21.76 -0.28
35 108 29.18 0.28
35 109 35.23 0.26
35 110 42.92 0.18
35 111 49.01 0.18
35 112 57.14 0.18
35 113 63.22 0.17
35 114 71.66 0.15
35 115 78.04 0.16
35 116 86.95 0.07
35 117 93.71 0.10
35 118 102.31 -0.08
35 119 109.64 0.13
35 120 118.08 0.12
35 121 126.00 0.15
35 122 134.46 -0.14
35 123 142.93 -0.15
35 124 152.09 -0.15
36 62 33.60 0.20
36 63 23.16 0.29
36 64 9.88 -0.21
36 65 0.55 -0.21
36 66 -10.15 -0.22
36 67 -17.31 -0.24
36 68 -27.17 -0.25
36 69 -33.34 -0.27
36 70 -42.11 -0.27
36 71 -46.85 -0.20
36 72 -54.69 -0.24
36 73 -57.74 -0.24
36 74 -63.34 -0.21
36 75 -65.11 -0.20
36 76 -69.53 -0.24
36 77 -70.11 -0.21
36 78 -74.52 -0.22
36 79 -74.63 -0.14
36 80 -78.38 0.18
36 81 -77.99 0.23
36 82 -81.10 0.19
36 83 -80.34 -0.13
36 84 -82.34 0.16
36 85 -81.00 0.10
36 86 -82.46 -0.10
36 87 -80.11 -0.13
36 88 -79.40 -0.15
36 89 -75.82 -0.16
36 90 -74.56 -0.17
36 91 -70.36 -0.19
36 92 -68.51 -0.20
36 93 -63.90 -0.21
36 94 -61.55 -0.21
36 95 -56.59 -0.20
36 96 -53.92 -0.25
36 97 -48.61 -0.25
36 98 -45.38 -0.24
36 99 -39.79 -0.25
36 100 -36.08 -0.25
36 101 -30.07 -0.26
36 102 -26.09 -0.26
36 103 -19.60 -0.26
36 104 -15.25 -0.25
36 105 -8.07 0.32
36 106 -3.76 -0.25
36 107 3.32 -0.21
36 108 8.25 -0.23
36 109 15.24 0.27
36 110 20.93 -0.20
36 111 28.34 0.24
36 112 34.12 0.19
36 113 41.77 0.17
36 114 47.72 0.17
36 115 55.92 0.12
36 116 61.56 0.10
36 117 70.03 0.06
36 118 76.03 -0.04
36 119 84.98 0.06
36 120 91.75 -0.10
36 121 100.20 -0.11
36 122 108.16 -0.12
36 123 116.58 -0.12
36 124 124.61 -0.14
36 125 134.05 -0.10
36 126 141.64 -0.15
37 64 36.20 -0.24
37 65 22.51 -0.23
37 66 12.64 -0.21
37 67 1.37 -0.23
37 68 -6.52 -0.23
37 69 -16.88 -0.24
37 70 -23.29 -0.24
37 71 -32.91 -0.26
37 72 -38.14 -0.27
37 73 -46.09 -0.29
37 74 -51.05 -0.24
37 75 -57.74 -0.22
37 76 -60.09 -0.23
37 77 -65.17 -0.23
37 78 -66.37 -0.22
37 79 -71.11 -0.22
37 80 -71.86 -0.21
37 81 -75.85 -0.20
37 82 -76.40 0.23
37 83 -79.66 0.14
37 84 -79.58 -0.14
37 85 -82.14 0.17
37 86 -81.70 0.10
37 87 -83.24 -0.09
37 88 -81.44 -0.12
37 89 -81.23 -0.15
37 90 -78.10 -0.17
37 91 -77.28 -0.17
37 92 -73.68 -0.19
37 93 -72.13 -0.20
37 94 -68.08 -0.22
37 95 -66.09 -0.22
37 96 -61.53 -0.20
37 97 -59.27 -0.23
37 98 -54.52 -0.24
37 99 -51.54 -0.25
37 100 -45.51 0.39
37 101 -43.11 -0.26
37 102 -36.97 0.43
37 103 -33.45 0.43
37 104 -27.88 0.41
37 105 -23.41 0.37
37 106 -17.68 0.41
37 107 -13.43 -0.24
37 108 -6.60 -0.21
37 109 -2.05 -0.21
37 110 4.79 -0.21
37 111 9.67 -0.18
37 112 16.83 -0.18
37 113 22.08 0.16
37 114 29.24 -0.13
37 115 34.67 0.11
37 116 42.29 0.09
37 117 47.72 0.07
37 118 55.26 0.05
37 119 61.26 0.03
37 120 69.78 0.05
37 121 76.54 -0.08
37 122 84.83 -0.10
37 123 92.37 -0.11
37 124 101.06 -0.12
37 125 108.60 -0.13
37 126 117.58 -0.12
37 127 125.28 -0.13
37 128 134.40 -0.12
38 66 32.33 -0.19
38 67 21.75 -0.20
38 68 9.55 -0.22
38 69 1.61 -0.25
38 70 -9.41 -0.26
38 71 -16.72 -0.27
38 72 -26.75 -0.27
38 73 -32.22 -0.30
38 74 -41.79 -0.24
38 75 -46.76 -0.25
38 76 -54.59 -0.23
38 77 -58.06 -0.20
38 78 -63.87 -0.22
38 79 -65.31 -0.19
38 80 -70.56 -0.19
38 81 -71.58 -0.22
38 82 -76.15 -0.16
38 83 -76.72 -0.15
38 84 -80.90 -0.14
38 85 -81.43 -0.13
38 86 -84.44 -0.14
38 87 -84.10 0.08
38 88 -86.65 -0.10
38 89 -85.06 -0.13
38 90 -85.27 -0.14
38 91 -82.56 -0.15
38 92 -82.28 -0.17
38 93 -78.99 -0.18
38 94 -77.92 -0.18
38 95 -74.15 -0.21
38 96 -72.64 -0.19
38 97 -68.28 -0.19
38 98 -66.56 -0.21
38 99 -62.04 -0.24
38 100 -59.79 -0.24
38 101 -54.92 -0.24
38 102 -52.16 -0.25
38 103 -46.75 0.41
38 104 -43.42 0.40
38 105 -38.21 0.40
38 106 -34.14 0.39
38 107 -28.25 0.42
38 108 -24.61 -0.22
38 109 -18.11 -0.19
38 110 -14.04 -0.19
38 111 -7.41 -0.21
38 112 -3.03 -0.18
38 113 3.96 -0.18
38 114 8.54 -0.15
38 115 15.64 -0.12
38 116 20.56 0.09
38 117 27.96 0.08
38 118 32.78 -0.06
38 119 40.07 0.04
38 120 45.98 0.00
38 121 54.27 0.05
38 122 60.53 -0.07
38 123 69.03 -0.09
38 124 76.15 -0.10
38 125 84.75 -0.11
38 126 92.17 -0.12
38 127 100.80 -0.10
38 128 108.64 -0.12
38 129 117.61 -0.13
38 130 125.32 -0.14
39 68 34.99 -0.19
39 69 22.83 -0.22
39 70 13.74 -0.25
39 71 1.92 -0.26
39 72 -5.41 -0.26
39 73 -16.12 -0.26
39 74 -22.26 -0.29
39 75 -31.24 0.21
39 76 -36.99 0.16
39 77 -45.90 0.14
39 78 -50.12 0.11
39 79 -58.07 -0.20
39 80 -60.42 -0.19
39 81 -66.11 -0.19
39 82 -67.76 0.25
39 83 -72.67 -0.18
39 84 -74.10 -0.16
39 85 -78.22 -0.15
39 86 -79.25 -0.14
39 87 -82.75 -0.14
39 88 -83.38 0.08
39 89 -86.42 0.08
39 90 -85.03 -0.13
39 91 -85.53 -0.14
39 92 -83.36 -0.15
39 93 -83.54 -0.17
39 94 -80.82 -0.17
39 95 -80.12 -0.18
39 96 -76.75 -0.19
39 97 -75.73 -0.19
39 98 -71.83 -0.19
39 99 -70.57 -0.19
39 100 -66.48 -0.23
39 101 -64.72 -0.24
39 102 -60.20 -0.27
39 103 -58.06 -0.24
39 104 -53.38 0.42
39 105 -50.44 0.41
39 106 -45.35 0.41
39 107 -42.01 0.41
39 108 -36.61 0.44
39 109 -32.74 0.39
39 110 -27.19 -0.18
39 111 -23.37 -0.23
39 112 -17.18 -0.21
39 113 -12.98 -0.16
39 114 -6.56 -0.16
39 115 -1.97 0.07
39 116 4.41 -0.16
39 117 8.91 0.05
39 118 15.84 0.06
39 119 20.19 0.04
39 120 27.05 0.04
39 121 32.43 0.00
39 122 40.21 0.04
39 123 46.82 0.04
39 124 55.27 0.04
39 125 62.07 -0.05
39 126 70.58 -0.05
39 127 77.75 -0.05
39 128 86.27 0.06
39 129 93.69 -0.05
39 130 102.55 0.04
39 131 110.14 -0.05
39 132 118.92 -0.06
40 70 32.34 -0.23
40 71 22.69 -0.25
40 72 10.79 -0.25
40 73 2.22 -0.27
40 74 -8.52 -0.24
40 75 -15.55 -0.19
40 76 -25.96 -0.23
40 77 -31.32 0.25
40 78 -40.71 0.18
40 79 -46.01 0.14
40 80 -54.34 -0.22
40 81 -57.95 0.16
40 82 -64.11 -0.20
40 83 -66.08 -0.18
40 84 -71.65 0.12
40 85 -73.50 -0.16
40 86 -78.12 -0.14
40 87 -79.61 -0.13
40 88 -83.66 -0.11
40 89 -84.43 0.08
40 90 -88.16 0.08
40 91 -87.14 -0.12
40 92 -88.21 -0.13
40 93 -86.23 -0.13
40 94 -86.93 -0.15
40 95 -84.58 -0.17
40 96 -84.34 -0.19
40 97 -81.54 -0.20
40 98 -80.73 -0.21
40 99 -77.28 -0.23
40 100 -76.45 -0.22
40 101 -72.79 -0.23
40 102 -71.29 -0.24
40 103 -67.31 -0.23
40 104 -65.42 -0.24
40 105 -60.91 -0.25
40 106 -58.56 -0.23
40 107 -53.84 -0.25
40 108 -51.13 -0.24
40 109 -45.63 -0.24
40 110 -42.65 -0.24
40 111 -36.95 -0.20
40 112 -33.74 -0.20
40 113 -27.79 -0.20
40 114 -24.04 -0.19
40 115 -17.86 -0.19
40 116 -13.75 -0.15
40 117 -7.34 -0.14
40 118 -3.28 -0.09
40 119 3.40 0.08
40 120 7.32 -0.06
40 121 14.10 0.05
40 122 19.09 0.00
40 123 26.63 -0.06
40 124 32.98 0.05
40 125 41.30 0.05
40 126 47.84 -0.05
40 127 56.01 -0.06
40 128 63.17 -0.06
40 129 71.26 0.07
40 130 78.56 -0.09
40 131 87.03 -0.12
40 132 94.52 -0.10
40 133 103.32 0.06
40 134 111.18 -0.13
41 72 38.71 0.28
41 73 23.63 -0.25
41 74 14.80 -0.27
41 75 2.98 -0.28
41 76 -4.44 -0.28
41 77 -15.00 -0.22
41 78 -21.71 0.25
41 79 -31.71 -0.21
41 80 -37.12 0.12
41 81 -46.23 0.16
41 82 -50.41 -0.20
41 83 -58.23 0.14
41 84 -60.81 -0.14
41 85 -67.04 0.12
41 86 -68.91 0.14
41 87 -74.72 0.14
41 88 -76.14 -0.09
41 89 -80.67 0.12
41 90 -82.28 0.09
41 91 -86.23 -0.07
41 92 -85.88 -0.10
41 93 -87.22 -0.09
41 94 -85.66 -0.10
41 95 -86.65 -0.11
41 96 -84.68 -0.18
41 97 -85.11 0.14
41 98 -82.53 -0.18
41 99 -82.23 -0.21
41 100 -79.35 -0.19
41 101 -78.75 -0.24
41 102 -75.64 -0.24
41 103 -74.57 -0.25
41 104 -70.97 -0.26
41 105 -69.60 -0.24
41 106 -65.62 -0.25
41 107 -63.72 -0.24
41 108 -59.51 -0.24
41 109 -57.03 -0.24
41 110 -52.16 -0.24
41 111 -49.47 -0.24
41 112 -44.18 -0.24
41 113 -41.14 -0.23
41 114 -35.52 -0.21
41 115 -32.07 -0.17
41 116 -26.28 -0.18
41 117 -22.59 -0.13
41 118 -16.61 -0.08
41 119 -12.88 -0.07
41 120 -6.98 -0.07
41 121 -3.27 -0.07
41 122 3.31 0.06
41 123 7.46 -0.04
41 124 14.87 -0.06
41 125 21.01 -0.07
41 126 29.35 -0.08
41 127 35.26 -0.08
41 128 43.66 -0.07
41 129 50.26 -0.08
41 130 58.36 -0.11
41 131 65.24 -0.10
41 132 73.84 -0.08
41 133 80.98 -0.10
41 134 89.24 -0.10
41 135 97.36 -0.09
41 136 105.56 -0.11
42 74 32.94 0.24
42 75 23.57 -0.26
42 76 11.70 -0.27
42 77 3.59 -0.18
42 78 -7.80 -0.20
42 79 -15.13 -0.23
42 80 -25.30 -0.20
42 81 -31.20 0.11
42 82 -40.88 -0.21
42 83 -45.84 -0.17
42 84 -54.20 0.15
42 85 -57.94 0.19
42 86 -64.93 0.16
42 87 -66.99 0.25
42 88 -73.29 0.13
42 89 -75.47 -0.11
42 90 -80.36 -0.11
42 91 -82.08 0.08
42 92 -86.69 0.09
42 93 -86.46 -0.11
42 94 -88.51 -0.11
42 95 -87.28 0.12
42 96 -88.81 -0.14
42 97 -87.37 -0.16
42 98 -88.07 -0.18
42 99 -86.00 -0.18
42 100 -86.14 -0.19
42 101 -83.57 -0.20
42 102 -83.52 -0.22
42 103 -80.76 -0.22
42 104 -80.10 -0.23
42 105 -76.73 -0.23
42 106 -75.84 -0.24
42 107 -72.17 -0.23
42 108 -70.68 -0.24
42 109 -66.74 -0.25
42 110 -64.74 -0.24
42 111 -60.27 -0.23
42 112 -58.08 -0.22
42 113 -53.15 -0.19
42 114 -50.54 -0.22
42 115 -45.37 -0.21
42 116 -42.35 -0.19
42 117 -36.84 -0.21
42 118 -33.47 0.14
42 119 -27.47 -0.08
42 120 -24.73 0.08
42 121 -18.66 0.09
42 122 -15.36 0.07
42 123 -9.45 0.06
42 124 -5.48 -0.03
42 125 1.92 -0.06
42 126 7.78 -0.05
42 127 15.51 0.05
42 128 21.73 0.05
42 129 29.66 -0.07
42 130 36.10 0.08
42 131 44.14 0.08
42 132 51.21 -0.09
42 133 59.24 -0.08
42 134 66.52 -0.14
42 135 74.72 -0.11
42 136 82.26 -0.15
42 137 90.53 -0.15
42 138 98.27 -0.18
42 139 106.60 -0.18
42 140 114.83 -0.22
42 141 123.51 -0.20
42 142 131.67 -0.22
42 143 141.07 -0.25
42 144 148.61 -0.22
42 145 157.35 -0.21
42 146 166.03 -0.22
43 76 36.35 0.27
43 77 24.05 -0.26
43 78 15.62 -0.19
43 79 3.72 -0.24
43 80 -4.01 -0.25
43 81 -14.57 -0.22
43 82 -21.70 -0.19
43 83 -31.16 -0.21
43 84 -36.85 -0.17
43 85 -45.74 -0.17
43 86 -51.32 0.16
43 87 -58.28 0.08
43 88 -62.03 0.25
43 89 -68.49 0.16
43 90 -71.00 -0.11
43 91 -75.93 0.08
43 92 -78.71 0.07
43 93 -83.28 0.08
43 94 -83.90 -0.11
43 95 -85.94 0.08
43 96 -85.68 0.13
43 97 -87.55 0.16
43 98 -86.32 0.18
43 99 -87.74 0.18
43 100 -85.77 -0.15
43 101 -86.74 0.24
43 102 -84.79 0.18
43 103 -84.77 0.23
43 104 -82.35 0.21
43 105 -81.80 -0.23
43 106 -79.08 0.24
43 107 -78.32 -0.24
43 108 -75.14 0.34
43 109 -74.12 -0.23
43 110 -70.58 -0.23
43 111 -69.01 -0.24
43 112 -64.92 -0.24
43 113 -63.17 -0.22
43 114 -58.52 -0.22
43 115 -56.27 -0.21
43 116 -51.67 -0.20
43 117 -49.00 -0.14
43 118 -44.33 0.14
43 119 -41.43 0.13
43 120 -35.97 0.10
43 121 -33.01 0.10
43 122 -27.72 0.09
43 123 -24.52 0.06
43 124 -19.27 0.06
43 125 -15.10 0.00
43 126 -8.39 0.06
43 127 -2.60 0.05
43 128 4.92 0.06
43 129 10.89 0.09
43 130 18.34 0.09
43 131 24.62 0.14
43 132 32.58 0.10
43 133 39.01 0.15
43 134 47.31 0.13
43 135 54.01 0.16
43 136 62.44 0.17
43 137 69.21 -0.13
43 138 77.36 -0.14
43 139 84.74 -0.14
43 140 93.95 -0.19
43 141 101.21 -0.21
43 142 110.03 -0.15
43 143 117.39 -0.21
43 144 126.55 -0.23
43 145 134.17 -0.22
43 146 142.17 -0.24
43 147 151.25 -0.22
43 148 160.21 -0.16
44 78 33.66 0.21
44 79 24.90 -0.24
44 80 12.38 -0.20
44 81 4.19 -0.23
44 82 -6.98 -0.21
44 83 -14.02 0.08
44 84 -24.80 0.14
44 85 -30.68 -0.10
44 86 -40.75 0.14
44 87 -45.95 0.07
44 88 -54.55 0.15
44 89 -58.23 0.12
44 90 -65.84 0.14
44 91 -68.34 0.12
44 92 -74.75 0.11
44 93 -77.34 0.07
44 94 -82.79 0.08
44 95 -83.31 -0.11
44 96 -85.96 -0.07
44 97 -85.87 0.11
44 98 -88.32 0.15
44 99 -87.51 -0.14
44 100 -89.32 0.18
44 101 -87.92 0.13
44 102 -89.24 0.22
44 103 -87.67 0.18
44 104 -88.17 0.24
44 105 -86.02 0.21
44 106 -86.09 0.26
44 107 -83.72 0.26
44 108 -83.30 -0.23
44 109 -80.40 0.27
44 110 -79.87 -0.23
44 111 -76.63 -0.23
44 112 -75.50 -0.23
44 113 -71.70 -0.24
44 114 -70.34 -0.22
44 115 -66.27 -0.19
44 116 -64.39 -0.22
44 117 -60.13 0.18
44 118 -57.69 -0.18
44 119 -52.90 -0.20
44 120 -50.69 0.13
44 121 -46.09 0.12
44 122 -43.36 0.10
44 123 -38.13 0.08
44 124 -34.50 0.00
44 125 -30.24 0.05
44 126 -26.48 0.00
44 127 -20.14 -0.05
44 128 -14.69 0.06
44 129 -7.28 0.07
44 130 -1.86 0.08
44 131 5.73 0.06
44 132 11.74 0.13
44 133 19.35 0.11
44 134 25.70 0.11
44 135 33.55 0.08
44 136 40.27 0.15
44 137 48.36 0.10
44 138 55.02 0.19
44 139 63.31 0.13
44 140 70.18 0.20
44 141 78.60 -0.19
44 142 85.60 0.22
44 143 94.79 -0.23
44 144 101.54 0.23
44 145 110.50 -0.22
44 146 117.77 0.25
44 147 125.64 0.25
44 148 134.59 -0.22
44 149 143.62 0.23
44 150 151.42 -0.22
45 80 37.27 0.20
45 81 24.92 -0.20
45 82 16.10 -0.22
45 83 4.73 -0.16
45 84 -3.62 -0.17
45 85 -13.95 -0.20
45 86 -20.78 -0.15
45 87 -30.95 0.17
45 88 -37.42 0.17
45 89 -46.13 0.15
45 90 -51.64 0.22
45 91 -58.98 0.14
45 92 -62.88 -0.11
45 93 -68.90 -0.06
45 94 -72.79 0.09
45 95 -78.11 -0.07
45 96 -79.33 -0.09
45 97 -82.43 -0.10
45 98 -82.60 0.11
45 99 -85.66 0.19
45 100 -85.26 0.20
45 101 -87.69 0.21
45 102 -86.82 0.21
45 103 -88.17 0.20
45 104 -87.11 0.26
45 105 -88.40 0.23
45 106 -86.68 0.21
45 107 -87.12 0.25
45 108 -85.07 0.25
45 109 -85.10 0.26
45 110 -83.04 0.26
45 111 -82.13 0.27
45 112 -79.41 0.28
45 113 -78.64 0.27
45 114 -75.51 0.26
45 115 -74.26 0.25
45 116 -70.68 0.22
45 117 -69.15 0.23
45 118 -65.50 0.20
45 119 -63.20 -0.14
45 120 -59.42 0.18
45 121 -56.99 0.18
45 122 -52.65 0.11
45 123 -50.26 0.10
45 124 -45.74 0.09
45 125 -43.20 0.06
45 126 -38.91 0.05
45 127 -35.69 -0.03
45 128 -29.22 0.04
45 129 -23.82 0.06
45 130 -16.87 0.07
45 131 -11.45 0.09
45 132 -4.20 0.08
45 133 1.59 0.11
45 134 9.07 0.13
45 135 15.26 0.15
45 136 22.88 0.15
45 137 29.26 0.17
45 138 37.08 0.21
45 139 43.49 0.18
45 140 51.19 0.19
45 141 57.80 0.20
45 142 66.19 0.24
45 143 72.80 0.27
45 144 80.78 0.20
45 145 88.06 0.26
45 146 96.72 0.27
45 147 103.83 0.27
45 148 111.65 0.27
45 149 119.76 0.26
45 150 128.42 0.27
45 151 136.45 0.26
45 152 145.50 0.26
46 82 34.40 0.19
46 83 25.24 0.14
46 84 12.75 -0.19
46 85 4.61 0.10
46 86 -6.12 -0.19
46 87 -13.47 -0.09
46 88 -24.72 0.15
46 89 -31.26 0.08
46 90 -40.93 0.14
46 91 -46.17 0.15
46 92 -55.05 0.14
46 93 -59.07 0.12
46 94 -66.63 0.12
46 95 -70.48 0.08
46 96 -76.21 -0.04
46 97 -77.65 -0.07
46 98 -81.42 0.08
46 99 -82.06 0.11
46 100 -85.33 0.15
46 101 -85.29 0.17
46 102 -87.94 0.19
46 103 -87.55 0.20
46 104 -89.57 0.20
46 105 -88.44 0.22
46 106 -90.28 0.21
46 107 -89.04 0.21
46 108 -89.86 0.23
46 109 -88.14 0.23
46 110 -88.44 0.22
46 111 -86.44 0.23
46 112 -86.39 0.23
46 113 -83.70 -0.23
46 114 -83.51 0.23
46 115 -80.78 0.24
46 116 -79.98 0.23
46 117 -76.42 0.18
46 118 -75.63 0.20
46 119 -72.34 0.20
46 120 -70.69 0.16
46 121 -66.97 0.11
46 122 -65.26 0.12
46 123 -61.33 0.12
46 124 -59.26 0.10
46 125 -54.88 0.08
46 126 -52.92 -0.06
46 127 -48.88 0.05
46 128 -46.07 -0.03
46 129 -39.64 0.04
46 130 -34.72 -0.05
46 131 -27.77 0.07
46 132 -22.69 0.07
46 133 -15.61 0.06
46 134 -10.39 0.12
46 135 -3.20 0.12
46 136 2.60 0.13
46 137 10.10 0.12
46 138 16.03 0.16
46 139 23.43 0.13
46 140 30.04 0.20
46 141 37.86 0.17
46 142 44.21 0.20
46 143 51.79 0.23
46 144 58.51 0.22
46 145 66.23 0.19
46 146 73.36 0.25
46 147 81.69 0.23
46 148 88.50 0.26
46 149 97.01 0.22
46 150 104.23 0.25
46 151 112.36 0.25
46 152 120.05 0.23
46 153 129.00 0.24
46 154 136.30 0.24
47 84 38.34 0.15
47 85 25.39 -0.16
47 86 17.05 0.09
47 87 5.54 0.11
47 88 -2.35 -0.08
47 89 -13.63 0.13
47 90 -20.89 0.12
47 91 -31.08 0.14
47 92 -37.38 0.14
47 93 -46.60 0.13
47 94 -51.69 0.12
47 95 -59.57 0.11
47 96 -64.46 0.09
47 97 -70.78 -0.09
47 98 -72.87 -0.10
47 99 -76.48 0.09
47 100 -77.61 0.12
47 101 -81.16 0.15
47 102 -81.59 0.16
47 103 -84.52 0.18
47 104 -84.66 0.19
47 105 -86.96 0.20
47 106 -86.60 0.18
47 107 -88.45 0.21
47 108 -87.57 0.19
47 109 -88.97 0.21
47 110 -87.70 0.22
47 111 -88.56 0.23
47 112 -86.99 0.23
47 113 -87.30 0.23
47 114 -84.93 0.25
47 115 -85.27 0.23
47 116 -82.95 0.24
47 117 -82.56 0.22
47 118 -79.55 0.21
47 119 -79.06 0.20
47 120 -76.10 0.18
47 121 -74.82 0.17
47 122 -71.28 0.10
47 123 -69.91 0.11
47 124 -66.63 0.11
47 125 -65.00 0.08
47 126 -61.33 0.07
47 127 -59.50 0.05
47 128 -56.08 0.05
47 129 -53.48 0.04
47 130 -47.67 0.04
47 131 -42.71 0.07
47 132 -36.21 0.05
47 133 -31.36 0.04
47 134 -24.54 0.08
47 135 -19.16 0.08
47 136 -11.93 0.14
47 137 -6.34 0.15
47 138 0.53 0.16
47 139 6.46 0.17
47 140 13.42 0.17
47 141 19.66 0.18
47 142 27.21 0.20
47 143 33.10 0.19
47 144 40.93 0.21
47 145 46.95 0.22
47 146 54.92 0.20
47 147 61.16 0.28
47 148 68.97 0.26
47 149 75.71 0.27
47 150 84.04 0.21
47 151 90.78 0.28
47 152 99.19 0.22
47 153 106.17 0.25
47 154 114.86 0.23
47 155 122.08 0.23
47 156 130.41 0.22
48 86 35.59 -0.15
48 87 25.49 0.07
48 88 13.84 0.09
48 89 5.82 -0.09
48 90 -6.03 0.10
48 91 -13.48 0.11
48 92 -24.35 0.11
48 93 -30.94 0.11
48 94 -40.44 -0.07
48 95 -46.41 0.10
48 96 -55.31 0.12
48 97 -60.58 0.08
48 98 -67.81 -0.07
48 99 -69.84 -0.06
48 100 -74.48 0.07
48 101 -75.78 0.09
48 102 -79.83 0.11
48 103 -80.51 0.14
48 104 -84.02 0.16
48 105 -84.36 0.17
48 106 -87.03 0.18
48 107 -87.03 0.17
48 108 -89.19 0.20
48 109 -88.60 0.21
48 110 -90.44 0.22
48 111 -89.50 0.19
48 112 -90.75 0.22
48 113 -89.43 0.23
48 114 -90.13 0.23
48 115 -88.21 0.21
48 116 -88.80 0.22
48 117 -86.81 0.22
48 118 -86.72 0.20
48 119 -84.47 0.18
48 120 -84.06 0.17
48 121 -81.25 0.14
48 122 -80.86 0.14
48 123 -78.17 0.12
48 124 -76.81 -0.10
48 125 -73.92 0.11
48 126 -72.67 0.06
48 127 -68.42 0.00
48 128 -67.30 0.00
48 129 -63.57 0.00
48 130 -62.37 0.00
48 131 -56.14 0.00
48 132 -52.48 0.05
48 133 -46.02 0.07
48 134 -41.45 0.07
48 135 -34.90 0.08
48 136 -29.85 0.11
48 137 -23.21 0.11
48 138 -17.95 0.12
48 139 -11.09 0.09
48 140 -5.45 0.13
48 141 1.84 0.16
48 142 7.37 0.15
48 143 14.67 0.13
48 144 20.64 0.20
48 145 28.07 0.22
48 146 33.87 0.22
48 147 41.45 0.17
48 148 47.75 0.23
48 149 55.13 0.21
48 150 61.75 0.25
48 151 69.72 0.23
48 152 76.35 0.24
48 153 84.27 0.24
48 154 91.31 0.24
48 155 99.32 0.22
48 156 106.71 0.24
48 157 114.85 0.23
48 158 122.28 0.22
48 159 130.84 0.21
48 160 137.91 0.21
48 161 146.44 0.21
48 162 154.02 0.19
48 163 162.39 0.21
49 88 39.12 0.09
49 89 27.03 0.19
49 90 18.54 -0.09
49 91 6.23 0.09
49 92 -2.00 0.07
49 93 -12.94 0.11
49 94 -20.62 0.09
49 95 -31.02 0.11
49 96 -37.53 0.08
49 97 -46.99 0.09
49 98 -53.38 0.07
49 99 -60.71 0.06
49 100 -63.77 0.08
49 101 -68.70 0.09
49 102 -70.37 0.09
49 103 -74.68 0.13
49 104 -75.81 0.13
49 105 -79.57 0.14
49 106 -80.29 0.11
49 107 -83.52 0.17
49 108 -83.64 0.15
49 109 -86.43 0.17
49 110 -86.24 0.19
49 111 -88.58 0.18
49 112 -88.06 0.18
49 113 -89.47 0.16
49 114 -88.80 0.18
49 115 -89.86 0.16
49 116 -88.40 0.28
49 117 -89.01 0.16
49 118 -87.29 0.10
49 119 -87.81 0.10
49 120 -86.21 0.08
49 121 -86.25 0.09
49 122 -84.39 0.09
49 123 -84.08 0.08
49 124 -81.92 0.08
49 125 -81.26 0.06
49 126 -78.61 0.07
49 127 -77.94 0.04
49 128 -74.92 0.04
49 129 -72.96 0.00
49 130 -71.40 0.05
49 131 -68.83 0.00
49 132 -62.85 0.00
49 133 -58.85 0.00
49 134 -53.95 0.06
49 135 -49.54 0.06
49 136 -43.10 0.07
49 137 -38.26 0.08
49 138 -31.88 0.06
49 139 -26.57 0.10
49 140 -19.98 0.09
49 141 -14.47 0.10
49 142 -7.39 0.12
49 143 -1.92 0.11
49 144 5.18 0.12
49 145 11.20 0.24
49 146 17.79 0.21
49 147 23.80 0.24
49 148 31.34 0.30
49 149 36.99 0.26
49 150 44.43 0.26
49 151 50.76 0.29
49 152 58.27 0.27
49 153 64.61 0.26
49 154 72.48 0.28
49 155 79.01 0.27
49 156 87.06 0.26
49 157 93.93 0.26
49 158 102.37 0.29
49 159 109.30 0.25
49 160 117.34 0.16
49 161 124.66 0.20
49 162 132.80 0.10
49 163 139.61 0.14
49 164 147.53 0.09
49 165 154.92 0.09
50 90 39.01 0.00
50 91 28.00 -0.08
50 92 15.29 0.10
50 93 7.04 0.09
50 94 -4.64 0.10
50 95 -12.84 0.06
50 96 -23.21 -0.06
50 97 -30.35 0.08
50 98 -39.42 0.00
50 99 -47.43 0.06
50 100 -56.24 0.07
50 101 -59.20 -0.08
50 102 -64.95 -0.08
50 103 -66.66 -0.10
50 104 -71.68 0.10
50 105 -72.89 -0.10
50 106 -77.16 0.14
50 107 -78.21 0.10
50 108 -81.58 0.16
50 109 -82.38 0.15
50 110 -85.18 0.16
50 111 -85.40 0.16
50 112 -87.91 0.17
50 113 -87.74 0.17
50 114 -89.82 0.15
50 115 -89.38 -0.14
50 116 -90.94 -0.13
50 117 -90.06 -0.10
50 118 -91.42 -0.12
50 119 -90.14 -0.08
50 120 -91.15 -0.11
50 121 -89.22 0.05
50 122 -90.11 -0.08
50 123 -88.27 0.07
50 124 -88.56 0.07
50 125 -86.40 -0.07
50 126 -86.21 0.03
50 127 -83.80 -0.06
50 128 -83.94 0.04
50 129 -80.56 0.00
50 130 -80.21 0.00
50 131 -77.23 0.00
50 132 -76.80 0.00
50 133 -71.07 0.00
50 134 -67.35 0.00
50 135 -61.77 0.03
50 136 -57.81 0.03
50 137 -51.58 0.04
50 138 -47.11 -0.04
50 139 -40.98 0.04
50 140 -36.05 0.06
50 141 -29.46 0.06
50 142 -24.45 0.06
50 143 -17.46 0.08
50 144 -12.51 0.08
50 145 -5.37 0.13
50 146 -0.18 0.09
50 147 7.45 0.20
50 148 12.75 0.26
50 149 19.60 0.30
50 150 25.25 0.26
50 151 32.36 0.26
50 152 38.15 0.27
50 153 45.95 0.21
50 154 51.66 0.27
50 155 59.11 0.26
50 156 65.68 0.26
50 157 73.34 0.26
50 158 80.20 0.23
50 159 87.97 0.22
50 160 94.99 0.21
50 161 102.67 -0.10
50 162 109.30 -0.11
50 163 117.42 -0.08
50 164 123.99 0.07
50 165 132.03 0.05
50 166 138.80 0.07
50 167 147.41 0.07
50 168 153.93 0.06
50 169 162.40 -0.06
50 170 169.20 0.04
50 171 177.77 0.05
50 172 184.67 0.03
50 173 193.77 0.03
50 174 200.98 0.00
50 175 209.89 -0.04
50 176 217.03 0.00
50 177 225.44 0.03
50 178 234.69 0.00
51 92 45.68 -0.11
51 93 28.78 0.10
51 94 19.80 0.12
51 95 7.97 0.11
51 96 0.07 0.10
51 97 -11.27 0.12
51 98 -19.00 0.09
51 99 -29.33 0.11
51 100 -36.33 0.08
51 101 -45.39 -0.05
51 102 -49.70 0.08
51 103 -56.06 -0.11
51 104 -58.64 -0.11
51 105 -64.02 -0.13
51 106 -65.93 -0.13
51 107 -70.44 0.20
51 108 -72.19 0.20
51 109 -76.06 0.21
51 110 -77.05 0.18
51 111 -80.47 0.22
51 112 -81.00 0.22
51 113 -84.06 0.21
51 114 -84.27 0.22
51 115 -86.77 0.24
51 116 -86.66 0.24
51 117 -88.66 0.24
51 118 -88.26 0.25
51 119 -89.56 0.24
51 120 -88.79 -0.14
51 121 -90.02 -0.16
51 122 -88.81 -0.13
51 123 -89.91 -0.15
51 124 -88.17 -0.12
51 125 -88.78 -0.10
51 126 -86.86 -0.09
51 127 -87.18 -0.09
51 128 -84.93 -0.09
51 129 -85.18 -0.07
51 130 -82.41 0.04
51 131 -82.61 -0.05
51 132 -80.09 0.04
51 133 -79.57 -0.05
51 134 -74.65 -0.05
51 135 -71.03 -0.05
51 136 -65.50 0.07
51 137 -61.66 -0.06
51 138 -55.95 0.08
51 139 -51.78 0.09
51 140 -45.80 -0.08
51 141 -41.20 -0.09
51 142 -34.66 -0.11
51 143 -30.04 0.13
51 144 -23.95 0.12
51 145 -18.65 0.25
51 146 -12.35 0.24
51 147 -7.57 0.26
51 148 -1.46 0.27
51 149 4.56 0.29
51 150 10.52 0.28
51 151 16.18 0.32
51 152 22.97 0.30
51 153 28.50 0.30
51 154 35.94 0.31
51 155 41.38 0.30
51 156 48.64 0.28
51 157 54.62 0.27
51 158 62.25 0.25
51 159 68.69 0.28
51 160 76.26 0.19
51 161 83.16 -0.16
51 162 90.89 -0.15
51 163 97.36 -0.14
51 164 104.78 -0.11
51 165 111.72 -0.13
51 166 119.64 -0.10
51 167 126.11 -0.11
51 168 134.37 0.08
51 169 140.97 -0.09
51 170 149.08 -0.09
51 171 155.91 -0.08
51 172 164.29 -0.07
51 173 170.98 -0.05
51 174 179.66 0.05
51 175 186.27 -0.04
51 176 195.26 -0.04
51 177 202.48 0.00
51 178 210.55 0.04
51 179 219.31 -0.04
51 180 228.45 0.06
52 94 39.84 0.11
52 95 30.45 0.18
52 96 18.39 0.12
52 97 10.33 0.11
52 98 -1.82 0.12
52 99 -9.30 0.09
52 100 -20.44 0.09
52 101 -28.05 0.08
52 102 -37.80 0.04
52 103 -42.32 -0.07
52 104 -49.35 0.08
52 105 -52.92 -0.12
52 106 -58.84 0.14
52 107 -61.20 0.15
52 108 -66.40 0.18
52 109 -67.63 0.23
52 110 -72.44 0.22
52 111 -73.66 0.25
52 112 -77.62 0.22
52 113 -78.56 0.19
52 114 -81.90 0.23
52 115 -82.37 0.25
52 116 -85.25 0.22
52 117 -85.24 0.32
52 118 -87.78 0.31
52 119 -87.75 0.29
52 120 -89.39 -0.19
52 121 -88.65 -0.17
52 122 -90.51 -0.16
52 123 -89.48 -0.16
52 124 -90.68 -0.14
52 125 -89.22 0.10
52 126 -90.30 -0.13
52 127 -88.75 0.14
52 128 -89.08 -0.09
52 129 -87.56 0.09
52 130 -87.77 0.08
52 131 -85.23 0.07
52 132 -85.69 0.05
52 133 -83.62 0.05
52 134 -82.45 0.00
52 135 -77.27 0.00
52 136 -74.19 0.00
52 137 -69.73 0.07
52 138 -66.52 0.08
52 139 -60.99 0.09
52 140 -57.18 0.13
52 141 -51.63 0.12
52 142 -47.47 0.16
52 143 -41.79 0.17
52 144 -37.56 0.21
52 145 -31.73 0.19
52 146 -27.30 0.23
52 147 -21.46 0.23
52 148 -16.83 0.25
52 149 -10.76 0.25
52 150 -5.79 0.26
52 151 1.32 0.30
52 152 5.68 0.29
52 153 12.25 0.26
52 154 17.63 0.29
52 155 24.21 0.24
52 156 29.91 0.26
52 157 36.68 0.26
52 158 42.78 0.26
52 159 49.90 0.26
52 160 56.30 0.26
52 161 63.64 0.25
52 162 70.21 0.26
52 163 78.25 0.21
52 164 84.37 0.22
52 165 92.31 0.23
52 166 98.93 -0.15
52 167 106.78 -0.16
52 168 113.27 -0.13
52 169 120.83 0.13
52 170 127.67 0.11
52 171 135.24 0.08
52 172 142.05 0.08
52 173 150.49 0.07
52 174 156.88 0.06
52 175 165.04 0.05
52 176 171.73 0.04
52 177 180.24 -0.05
52 178 187.06 0.00
52 179 195.57 0.04
52 180 204.35 0.03
52 181 213.90 0.00
52 182 222.11 0.04
53 96 44.45 0.19
53 97 31.95 0.12
53 98 23.69 0.18
53 99 11.40 0.12
53 100 3.36 0.16
53 101 -7.92 0.13
53 102 -15.93 0.08
53 103 -25.29 0.04
53 104 -30.99 -0.09
53 105 -38.85 0.11
53 106 -42.82 0.16
53 107 -49.65 0.18
53 108 -52.79 0.19
53 109 -58.58 0.19
53 110 -61.03 0.21
53 111 -65.68 0.21
53 112 -67.54 0.23
53 113 -71.68 0.24
53 114 -72.97 0.29
53 115 -76.77 0.26
53 116 -77.74 0.27
53 117 -81.14 0.30
53 118 -81.69 0.26
53 119 -84.49 0.30
53 120 -84.84 0.30
53 121 -86.83 0.30
53 122 -86.67 0.26
53 123 -88.27 0.24
53 124 -87.45 -0.17
53 125 -89.05 -0.16
53 126 -87.95 0.19
53 127 -89.11 0.17
53 128 -88.08 0.15
53 129 -88.64 0.13
53 130 -87.24 0.13
53 131 -87.56 0.11
53 132 -85.66 0.10
53 133 -85.86 0.07
53 134 -84.38 0.06
53 135 -83.80 -0.04
53 136 -79.54 0.05
53 137 -76.75 0.06
53 138 -71.97 0.10
53 139 -68.91 0.13
53 140 -63.95 0.14
53 141 -60.69 0.14
53 142 -55.34 0.15
53 143 -52.02 0.19
53 144 -46.48 0.18
53 145 -43.04 0.22
53 146 -37.17 0.23
53 147 -33.53 0.24
53 148 -27.84 0.24
53 149 -23.58 0.24
53 150 -17.38 0.24
53 151 -13.08 0.28
53 152 -7.34 0.28
53 153 -2.28 0.28
53 154 4.07 0.27
53 155 9.06 0.29
53 156 15.73 0.24
53 157 20.83 0.28
53 158 27.11 0.25
53 159 33.10 0.27
53 160 40.54 0.25
53 161 46.02 0.26
53 162 53.40 0.23
53 163 59.55 0.26
53 164 67.27 0.25
53 165 73.29 0.25
53 166 81.00 0.25
53 167 87.81 -0.18
53 168 94.88 0.20
53 169 101.71 -0.17
53 170 109.29 -0.16
53 171 116.19 0.08
53 172 123.75 0.11
53 173 130.29 0.08
53 174 137.83 0.07
53 175 144.28 0.06
53 176 152.38 0.04
53 177 158.87 0.04
53 178 167.10 -0.04
53 179 173.43 0.00
53 180 182.10 0.04
53 181 190.68 0.04
53 182 199.82 0.04
53 183 208.12 0.05
53 184 216.92 0.06
54 98 44.02 0.20
54 99 35.13 0.18
54 100 21.93 0.16
54 101 14.49 0.16
54 102 2.10 0.12
54 103 -5.77 0.10
54 104 -16.39 -0.06
54 105 -22.28 -0.09
54 106 -30.44 0.11
54 107 -35.26 0.17
54 108 -42.90 0.17
54 109 -46.62 0.19
54 110 -53.11 0.21
54 111 -56.05 0.22
54 112 -61.23 0.22
54 113 -63.35 0.24
54 114 -67.95 0.25
54 115 -69.29 0.24
54 116 -73.64 0.25
54 117 -74.93 0.28
54 118 -78.65 0.29
54 119 -79.56 0.26
54 120 -82.72 0.27
54 121 -83.37 0.28
54 122 -85.80 0.26
54 123 -85.92 0.25
54 124 -87.87 0.22
54 125 -87.52 0.24
54 126 -89.35 0.21
54 127 -88.59 0.21
54 128 -90.00 0.19
54 129 -89.20 0.16
54 130 -89.90 0.14
54 131 -88.87 0.14
54 132 -89.48 0.12
54 133 -87.83 0.11
54 134 -88.25 -0.07
54 135 -86.72 0.07
54 136 -86.90 0.03
54 137 -82.77 -0.06
54 138 -80.37 0.07
54 139 -75.76 0.12
54 140 -73.30 0.13
54 141 -68.64 0.16
54 142 -65.96 0.18
54 143 -61.01 0.16
54 144 -57.98 0.20
54 145 -52.40 0.22
54 146 -49.50 0.21
54 147 -44.23 0.22
54 148 -40.60 0.24
54 149 -35.25 0.26
54 150 -31.29 0.26
54 151 -25.65 0.24
54 152 -21.47 0.26
54 153 -15.45 0.27
54 154 -11.21 0.27
54 155 -5.13 0.28
54 156 -0.09 0.25
54 157 6.46 0.30
54 158 10.97 0.28
54 159 17.21 0.26
54 160 22.73 0.26
54 161 29.38 0.26
54 162 35.07 0.27
54 163 42.59 0.27
54 164 48.07 0.25
54 165 55.34 0.23
54 166 61.41 0.23
54 167 68.79 0.22
54 168 74.84 0.21
54 169 82.16 0.19
54 170 88.78 0.18
54 171 96.35 0.21
54 172 102.71 0.14
54 173 110.19 0.15
54 174 116.89 0.12
54 175 124.40 0.09
54 176 130.68 0.07
54 177 138.61 0.06
54 178 144.79 0.03
54 179 152.69 -0.04
54 180 159.12 0.00
54 181 168.05 0.04
54 182 175.94 0.05
54 183 185.13 0.06
54 184 193.17 0.07
54 185 202.05 0.09
54 186 210.45 0.08
55 108 -24.03 0.18
55 109 -32.31 0.20
55 110 -36.77 0.20
55 111 -43.85 0.21
55 112 -47.35 0.23
55 113 -53.09 0.23
55 114 -55.80 0.26
55 115 -60.76 0.26
55 116 -62.69 0.31
55 117 -67.20 0.27
55 118 -69.03 0.29
55 119 -73.07 0.30
55 120 -74.51 0.32
55 121 -77.94 0.33
55 122 -78.96 0.29
55 123 -81.71 0.30
55 124 -82.32 0.27
55 125 -84.58 0.25
55 126 -84.59 0.27
55 127 -86.57 0.22
55 128 -85.99 0.23
55 129 -87.75 0.20
55 130 -87.22 0.19
55 131 -88.31 0.16
55 132 -87.44 0.14
55 133 -88.35 0.13
55 134 -87.04 0.12
55 135 -87.67 0.08
55 136 -86.48 -0.08
55 137 -86.61 0.04
55 138 -82.79 0.05
55 139 -80.94 0.08
55 140 -76.96 0.13
55 141 -74.84 0.15
55 142 -70.56 0.17
55 143 -68.30 0.19
55 144 -63.37 0.19
55 145 -61.05 0.22
55 146 -55.99 0.21
55 147 -53.35 0.24
55 148 -48.34 0.24
55 149 -45.15 0.27
55 150 -39.80 0.28
55 151 -36.56 0.27
55 152 -31.19 0.26
55 153 -27.53 0.29
55 154 -22.10 0.29
55 155 -17.80 0.28
55 156 -11.91 0.29
55 157 -7.65 0.30
55 158 -1.19 0.29
55 159 3.22 0.27
55 160 9.57 0.29
55 161 14.48 0.27
55 162 20.85 0.25
55 163 26.36 0.26
55 164 33.10 0.26
55 165 38.75 0.25
55 166 45.79 0.28
55 167 51.67 0.25
55 168 59.19 0.27
55 169 64.89 0.22
55 170 72.11 0.19
55 171 78.46 0.18
55 172 85.91 0.17
55 173 92.07 0.14
55 174 99.27 0.14
55 175 105.97 0.15
55 176 113.34 0.12
55 177 119.48 0.08
55 178 127.16 0.04
55 179 132.93 -0.04
55 180 140.33 -0.04
55 181 146.51 0.00
55 182 155.54 0.04
55 183 163.63 0.00
55 184 172.48 0.04
55 185 180.21 0.08
55 186 189.13 0.10
55 187 197.35 0.09
55 188 206.08 0.12
56 110 -23.77 0.21
56 111 -28.81 0.22
56 112 -36.70 0.23
56 113 -40.97 0.23
56 114 -47.40 0.25
56 115 -50.49 0.27
56 116 -55.89 0.27
56 117 -58.16 0.25
56 118 -63.19 0.29
56 119 -65.23 0.28
56 120 -69.60 0.31
56 121 -70.89 0.30
56 122 -75.18 0.30
56 123 -76.48 0.31
56 124 -79.68 0.29
56 125 -80.56 0.27
56 126 -83.04 0.26
56 127 -83.46 0.29
56 128 -85.67 0.24
56 129 -85.53 0.23
56 130 -87.44 0.22
56 131 -87.17 0.18
56 132 -88.55 0.17
56 133 -87.90 0.15
56 134 -89.05 0.14
56 135 -87.98 0.13
56 136 -88.88 0.10
56 137 -88.08 -0.08
56 138 -88.42 0.03
56 139 -85.11 -0.07
56 140 -83.42 0.09
56 141 -79.69 0.13
56 142 -77.99 0.16
56 143 -73.91 0.18
56 144 -72.08 0.19
56 145 -67.67 0.18
56 146 -65.54 0.21
56 147 -60.64 0.22
56 148 -58.50 0.25
56 149 -53.69 0.24
56 150 -51.03 0.26
56 151 -46.31 0.27
56 152 -43.00 0.28
56 153 -37.97 0.30
56 154 -34.47 0.29
56 155 -29.48 0.29
56 156 -25.44 0.30
56 157 -20.19 0.28
56 158 -15.66 0.30
56 159 -10.12 0.29
56 160 -5.32 0.28
56 161 0.63 0.28
56 162 5.46 0.28
56 163 11.64 0.26
56 164 16.86 0.27
56 165 23.13 0.29
56 166 28.82 0.26
56 167 35.51 0.25
56 168 41.13 0.23
56 169 48.04 0.22
56 170 53.87 0.21
56 171 60.74 0.22
56 172 66.79 0.19
56 173 73.77 0.16
56 174 80.02 0.17
56 175 87.42 0.17
56 176 93.36 0.13
56 177 100.55 0.12
56 178 106.66 0.07
56 179 114.13 0.07
56 180 119.88 -0.04
56 181 127.08 -0.05
56 182 133.22 0.00
56 183 142.55 0.04
56 184 149.56 0.04
56 185 158.87 0.04
56 186 166.54 0.09
56 187 175.51 0.10
56 188 183.39 0.11
56 189 192.16 0.12
56 190 200.40 0.15
57 112 -17.48 0.26
57 113 -25.81 0.22
57 114 -30.48 0.22
57 115 -37.68 0.25
57 116 -41.57 0.27
57 117 -47.62 0.30
57 118 -50.63 0.34
57 119 -56.13 0.34
57 120 -58.35 0.31
57 121 -63.17 0.33
57 122 -65.13 0.34
57 123 -69.26 0.33
57 124 -70.91 0.33
57 125 -74.43 0.32
57 126 -75.47 0.30
57 127 -78.42 0.31
57 128 -79.01 0.28
57 129 -81.58 0.25
57 130 -81.90 0.23
57 131 -84.16 0.22
57 132 -84.19 0.19
57 133 -85.83 0.18
57 134 -85.45 0.15
57 135 -87.00 0.15
57 136 -86.13 0.13
57 137 -87.17 0.08
57 138 -86.69 -0.08
57 139 -87.49 -0.04
57 140 -84.39 -0.07
57 141 -82.98 0.08
57 142 -79.71 0.14
57 143 -78.28 0.15
57 144 -74.55 0.17
57 145 -72.89 0.16
57 146 -69.01 0.19
57 147 -67.18 0.24
57 148 -62.63 0.25
57 149 -61.09 0.27
57 150 -56.77 0.28
57 151 -54.42 0.29
57 152 -49.86 0.28
57 153 -47.16 0.31
57 154 -42.44 0.32
57 155 -39.26 0.32
57 156 -34.40 0.32
57 157 -30.70 0.32
57 158 -25.45 0.30
57 159 -21.49 0.33
57 160 -15.79 0.32
57 161 -11.70 0.31
57 162 -5.63 0.30
57 163 -1.26 0.28
57 164 4.66 0.26
57 165 9.49 0.26
57 166 15.80 0.27
57 167 20.89 0.26
57 168 27.39 0.24
57 169 32.79 0.25
57 170 39.51 0.24
57 171 44.99 0.22
57 172 52.20 0.21
57 173 57.76 0.20
57 174 64.78 0.16
57 175 70.70 0.16
57 176 78.42 0.16
57 177 83.74 0.15
57 178 90.59 0.12
57 179 96.65 0.07
57 180 103.71 0.05
57 181 109.35 0.06
57 182 116.06 -0.05
57 183 121.87 0.00
57 184 131.15 0.04
57 185 137.91 0.04
57 186 147.24 0.05
57 187 154.50 0.07
57 188 163.55 0.09
57 189 171.34 0.08
57 190 179.85 0.11
57 191 188.20 0.16
57 192 196.98 0.16
58 114 -17.23 0.25
58 115 -22.27 0.30
58 116 -30.31 0.26
58 117 -34.86 0.28
58 118 -41.45 0.31
58 119 -45.16 0.32
58 120 -50.74 0.33
58 121 -53.45 0.41
58 122 -58.65 0.34
58 123 -60.85 0.32
58 124 -65.38 0.32
58 125 -67.33 0.33
58 126 -71.17 0.31
58 127 -72.52 0.27
58 128 -75.95 0.28
58 129 -76.89 0.28
58 130 -79.71 0.26
58 131 -80.02 0.22
58 132 -82.70 0.23
58 133 -82.60 0.20
58 134 -85.04 0.20
58 135 -85.09 0.19
58 136 -86.51 0.17
58 137 -86.00 0.14
58 138 -87.46 0.12
58 139 -87.10 -0.09
58 140 -88.18 0.04
58 141 -85.36 -0.08
58 142 -84.41 0.10
58 143 -81.31 0.14
58 144 -80.32 0.17
58 145 -76.97 0.19
58 146 -75.86 0.21
58 147 -72.11 0.24
58 148 -70.72 0.23
58 149 -66.59 0.26
58 150 -65.27 0.26
58 151 -61.48 0.30
58 152 -59.22 0.30
58 153 -55.01 0.29
58 154 -52.60 0.33
58 155 -48.13 0.32
58 156 -45.20 0.32
58 157 -40.72 0.33
58 158 -37.34 0.32
58 159 -32.08 0.31
58 160 -28.69 0.31
58 161 -23.76 0.33
58 162 -19.32 0.31
58 163 -14.17 0.28
58 164 -9.44 0.29
58 165 -3.34 0.30
58 166 0.88 0.27
58 167 7.24 0.27
58 168 11.75 0.26
58 169 18.11 0.26
58 170 23.21 0.24
58 171 29.78 0.23
58 172 35.05 0.22
58 173 41.92 0.26
58 174 47.37 0.21
58 175 53.91 0.19
58 176 59.86 0.16
58 177 67.50 0.12
58 178 72.57 0.13
58 179 79.68 0.11
58 180 85.18 0.09
58 181 92.43 0.05
58 182 97.36 0.04
58 183 103.86 -0.06
58 184 109.55 0.00
58 185 119.00 -0.03
58 186 125.35 0.05
58 187 134.42 0.05
58 188 141.77 0.06
58 189 150.77 0.08
58 190 158.46 0.10
58 191 166.91 0.10
58 192 174.86 0.14
58 193 183.91 0.15
58 194 191.30 0.15
59 116 -10.64 0.33
59 117 -19.60 0.26
59 118 -24.54 0.26
59 119 -31.75 0.36
59 120 -36.26 0.37
59 121 -42.41 0.39
59 122 -45.75 0.41
59 123 -51.09 0.41
59 124 -53.76 0.37
59 125 -58.47 0.34
59 126 -60.67 0.32
59 127 -64.99 0.31
59 128 -66.61 0.27
59 129 -70.51 0.29
59 130 -71.84 0.29
59 131 -74.93 0.27
59 132 -75.57 0.26
59 133 -78.36 0.26
59 134 -79.06 0.22
59 135 -81.19 0.20
59 136 -81.61 0.20
59 137 -83.16 0.16
59 138 -83.08 0.14
59 139 -84.83 0.11
59 140 -84.91 -0.09
59 141 -86.22 -0.04
59 142 -83.67 -0.06
59 143 -83.07 0.09
59 144 -80.34 0.13
59 145 -79.69 0.16
59 146 -76.68 0.17
59 147 -75.95 0.21
59 148 -72.41 0.22
59 149 -71.39 0.22
59 150 -68.03 0.22
59 151 -66.62 0.27
59 152 -63.25 0.31
59 153 -61.35 0.33
59 154 -57.49 0.34
59 155 -55.34 0.34
59 156 -51.28 0.35
59 157 -48.67 0.35
59 158 -44.37 0.35
59 159 -41.23 0.35
59 160 -36.34 0.30
59 161 -33.19 0.35
59 162 -28.16 0.34
59 163 -24.45 0.29
59 164 -18.88 0.27
59 165 -15.17 0.29
59 166 -9.49 0.27
59 167 -5.29 0.28
59 168 1.07 0.28
59 169 5.09 0.26
59 170 11.13 0.24
59 171 15.93 0.23
59 172 22.14 0.23
59 173 27.25 0.23
59 174 34.07 0.22
59 175 38.98 0.21
59 176 45.55 0.20
59 177 51.19 0.18
59 178 58.58 0.13
59 179 63.54 0.14
59 180 70.22 0.12
59 181 75.66 0.08
59 182 82.53 0.07
59 183 87.09 -0.06
59 184 93.66 -0.06
59 185 99.18 0.00
59 186 108.60 -0.04
59 187 114.65 0.05
59 188 123.36 0.05
59 189 130.62 0.08
59 190 139.41 0.08
59 191 146.80 0.12
59 192 155.18 0.09
59 193 162.89 0.13
59 194 171.44 0.14
59 195 179.51 0.16
59 196 188.06 0.17
60 118 -10.56 0.32
60 119 -15.97 0.40
60 120 -24.07 0.37
60 121 -29.30 0.38
60 122 -36.11 0.37
60 123 -39.68 0.39
60 124 -45.69 0.37
60 125 -48.78 0.37
60 126 -53.76 0.34
60 127 -56.36 0.35
60 128 -60.79 0.35
60 129 -62.49 0.28
60 130 -66.75 0.33
60 131 -68.29 0.30
60 132 -71.73 0.29
60 133 -72.41 0.25
60 134 -75.77 0.24
60 135 -76.47 0.19
60 136 -79.31 0.21
60 137 -79.91 0.19
60 138 -81.91 0.17
60 139 -81.97 0.15
60 140 -83.95 0.12
60 141 -84.18 -0.09
60 142 -85.93 0.05
60 143 -83.62 -0.08
60 144 -83.46 0.10
60 145 -80.85 0.14
60 146 -80.59 0.16
60 147 -77.88 0.19
60 148 -77.46 0.21
60 149 -74.63 0.26
60 150 -73.87 0.27
60 151 -70.91 0.27
60 152 -69.90 0.30
60 153 -66.88 0.31
60 154 -65.33 0.32
60 155 -61.72 0.31
60 156 -59.97 0.33
60 157 -56.15 0.34
60 158 -53.80 0.34
60 159 -49.74 0.34
60 160 -46.94 0.35
60 161 -42.32 0.35
60 162 -39.40 0.34
60 163 -34.64 0.33
60 164 -31.16 0.34
60 165 -25.65 0.36
60 166 -22.17 0.31
60 167 -16.51 0.30
60 168 -12.80 0.30
60 169 -6.92 0.27
60 170 -2.83 0.26
60 171 2.88 0.25
60 172 7.39 0.25
60 173 13.36 0.25
60 174 18.35 0.23
60 175 24.93 0.24
60 176 29.60 0.21
60 177 35.97 0.20
60 178 41.40 0.19
60 179 48.55 0.15
60 180 53.38 -0.13
60 181 60.12 0.12
60 182 65.08 0.07
60 183 71.75 0.07
60 184 76.35 -0.06
60 185 82.57 -0.04
60 186 87.94 0.00
60 187 97.52 -0.03
60 188 103.02 0.04
60 189 111.86 0.03
60 190 118.86 0.06
60 191 127.31 0.09
60 192 134.52 0.08
60 193 143.12 0.13
60 194 150.53 0.13
60 195 159.15 0.11
60 196 166.48 0.16
60 197 175.16 0.17
60 198 182.34 0.22
61 120 -4.88 0.30
61 121 -13.43 0.36
61 122 -18.95 0.37
61 123 -26.44 0.37
61 124 -30.46 0.40
61 125 -37.25 0.36
61 126 -40.68 0.36
61 127 -46.20 0.36
61 128 -49.19 0.35
61 129 -53.86 0.35
61 130 -55.79 0.35
61 131 -60.56 0.33
61 132 -62.37 0.32
61 133 -65.98 0.28
61 134 -66.94 0.26
61 135 -70.57 0.25
61 136 -71.22 0.20
61 137 -74.50 0.22
61 138 -75.23 0.22
61 139 -77.52 0.20
61 140 -77.83 0.20
61 141 -80.28 -0.10
61 142 -81.09 -0.09
61 143 -82.98 -0.04
61 144 -81.13 -0.08
61 145 -81.21 0.10
61 146 -78.74 0.11
61 147 -78.89 0.17
61 148 -76.52 0.20
61 149 -76.32 0.19
61 150 -73.86 0.23
61 151 -73.59 0.25
61 152 -70.95 0.26
61 153 -70.33 0.30
61 154 -67.67 0.31
61 155 -66.40 0.33
61 156 -63.03 0.33
61 157 -61.69 0.32
61 158 -58.14 0.33
61 159 -56.16 0.34
61 160 -52.45 0.33
61 161 -49.89 0.34
61 162 -45.62 0.31
61 163 -43.04 0.33
61 164 -38.46 0.34
61 165 -35.35 0.33
61 166 -30.08 0.33
61 167 -26.93 0.31
61 168 -21.77 0.31
61 169 -17.91 0.27
61 170 -12.62 0.29
61 171 -8.64 0.28
61 172 -3.11 0.26
61 173 1.28 0.25
61 174 7.00 0.25
61 175 11.74 0.25
61 176 18.16 0.23
61 177 22.83 0.23
61 178 29.03 0.22
61 179 34.38 -0.18
61 180 41.39 0.16
61 181 45.37 -0.12
61 182 51.77 -0.12
61 183 56.49 -0.12
61 184 62.97 0.05
61 185 67.78 0.05
61 186 73.66 -0.04
61 187 78.72 0.00
61 188 86.84 0.04
61 189 93.56 0.04
61 190 102.12 0.04
61 191 108.85 0.08
61 192 117.30 0.09
61 193 124.22 0.09
61 194 132.65 0.14
61 195 140.49 0.18
61 196 148.14 0.15
61 197 155.95 0.18
61 198 163.44 0.16
61 199 171.33 0.18
61 200 179.01 0.23
62 122 -4.48 0.38
62 123 -10.42 0.39
62 124 -18.34 0.40
62 125 -23.15 0.40
62 126 -30.35 0.39
62 127 -34.30 0.38
62 128 -40.17 0.36
62 129 -43.45 0.37
62 130 -48.51 0.36
62 131 -50.85 0.35
62 132 -55.67 0.33
62 133 -57.76 0.32
62 134 -61.63 0.29
62 135 -63.11 0.28
62 136 -66.89 0.25
62 137 -68.06 0.26
62 138 -71.43 0.23
62 139 -72.53 0.19
62 140 -75.23 0.18
62 141 -75.83 0.16
62 142 -78.45 0.12
62 143 -79.34 -0.10
62 144 -81.77 0.07
62 145 -79.96 -0.08
62 146 -80.41 0.11
62 147 -78.42 0.14
62 148 -78.76 0.16
62 149 -76.67 0.20
62 150 -77.00 0.22
62 151 -74.94 0.28
62 152 -74.84 0.25
62 153 -72.67 0.33
62 154 -72.23 0.32
62 155 -69.90 0.32
62 156 -68.94 0.34
62 157 -66.05 0.37
62 158 -64.93 0.34
62 159 -61.68 0.35
62 160 -60.00 0.34
62 161 -56.53 0.35
62 162 -54.38 0.35
62 163 -50.12 0.35
62 164 -47.98 0.35
62 165 -43.70 0.35
62 166 -40.81 0.33
62 167 -35.81 0.32
62 168 -32.93 0.31
62 169 -28.03 0.32
62 170 -24.35 0.29
62 171 -19.12 0.29
62 172 -15.40 0.28
62 173 -10.16 0.27
62 174 -5.95 0.25
62 175 -0.51 0.26
62 176 3.98 0.25
62 177 9.98 0.27
62 178 14.62 0.22
62 179 21.27 -0.21
62 180 25.66 -0.18
62 181 31.83 0.16
62 182 36.24 -0.13
62 183 42.50 -0.14
62 184 47.62 0.11
62 185 53.65 0.06
62 186 58.05 -0.04
62 187 63.83 -0.05
62 188 68.80 0.00
62 189 76.68 -0.05
62 190 83.22 -0.05
62 191 91.60 0.06
62 192 98.12 0.08
62 193 106.26 0.08
62 194 113.06 0.10
62 195 121.15 0.12
62 196 128.24 0.15
62 197 136.47 0.15
62 198 143.56 0.19
62 199 151.02 0.20
62 200 158.60 0.23
62 201 165.96 0.25
62 202 173.66 0.28
63 124 1.00 0.39
63 125 -7.10 0.38
63 126 -12.99 0.40
63 127 -20.29 0.40
63 128 -24.58 0.38
63 129 -31.05 0.38
63 130 -35.10 0.39
63 131 -40.66 0.38
63 132 -43.36 0.38
63 133 -48.42 0.32
63 134 -50.87 0.31
63 135 -55.10 0.31
63 136 -56.57 0.33
63 137 -60.56 0.26
63 138 -62.14 0.24
63 139 -65.54 0.23
63 140 -66.95 0.23
63 141 -69.88 -0.19
63 142 -70.79 0.18
63 143 -73.95 -0.11
63 144 -75.36 -0.09
63 145 -77.95 0.04
63 146 -76.62 -0.08
63 147 -77.33 0.08
63 148 -75.27 0.13
63 149 -76.18 0.18
63 150 -74.53 0.21
63 151 -75.12 0.22
63 152 -73.36 0.29
63 153 -73.61 0.27
63 154 -71.77 0.34
63 155 -71.67 0.31
63 156 -69.64 0.32
63 157 -68.98 0.32
63 158 -66.27 0.33
63 159 -65.55 0.34
63 160 -62.62 0.35
63 161 -61.24 0.36
63 162 -58.05 0.34
63 163 -56.17 0.33
63 164 -52.40 0.32
63 165 -50.39 0.35
63 166 -46.47 0.33
63 167 -43.81 0.32
63 168 -39.38 0.37
63 169 -36.61 0.32
63 170 -31.87 0.32
63 171 -28.16 0.30
63 172 -23.51 0.33
63 173 -20.18 0.29
63 174 -15.02 0.28
63 175 -10.99 0.26
63 176 -5.84 0.25
63 177 -1.64 0.24
63 178 4.29 0.24
63 179 9.49 -0.20
63 180 14.70 -0.20
63 181 19.23 -0.18
63 182 25.38 -0.17
63 183 29.36 -0.14
63 184 35.39 -0.15
63 185 40.00 -0.13
63 186 46.17 0.05
63 187 50.31 -0.08
63 188 56.04 -0.06
63 189 60.79 0.00
63 190 68.35 -0.04
63 191 74.66 0.04
63 192 82.98 0.04
63 193 89.44 0.05
63 194 97.53 0.07
63 195 104.23 0.06
63 196 112.29 0.13
63 197 119.03 0.15
63 198 127.59 0.21
63 199 133.92 0.19
63 200 141.13 0.22
63 201 148.22 0.22
63 202 155.82 0.25
63 203 162.96 0.27
63 204 170.54 0.32
63 205 178.00 0.29
63 206 185.81 0.30
63 207 193.44 0.30
63 208 201.57 0.31
63 209 209.48 0.32
63 210 217.10 0.34
63 211 225.62 0.31
63 212 233.04 0.33
64 126 1.95 0.39
64 127 -3.72 0.40
64 128 -11.97 0.39
64 129 -16.91 0.39
64 130 -23.86 0.38
64 131 -28.18 0.38
64 132 -34.24 0.35
64 133 -37.30 0.36
64 134 -42.76 0.34
64 135 -45.41 0.32
64 136 -49.93 0.31
64 137 -51.94 0.30
64 138 -56.15 0.27
64 139 -57.50 -0.21
64 140 -61.65 0.23
64 141 -63.21 0.22
64 142 -66.58 -0.18
64 143 -67.78 0.16
64 144 -70.98 0.12
64 145 -72.58 -0.09
64 146 -75.61 0.07
64 147 -74.43 -0.08
64 148 -75.58 0.11
64 149 -74.12 0.14
64 150 -75.07 0.16
64 151 -73.70 0.20
64 152 -74.65 0.24
64 153 -73.24 0.29
64 154 -73.67 0.27
64 155 -72.22 0.33
64 156 -72.36 0.30
64 157 -70.57 0.33
64 158 -70.29 0.33
64 159 -68.03 0.33
64 160 -67.44 0.33
64 161 -64.90 0.34
64 162 -63.82 0.35
64 163 -60.98 0.34
64 164 -59.38 0.35
64 165 -55.86 0.32
64 166 -54.21 0.35
64 167 -50.58 0.34
64 168 -48.15 0.33
64 169 -43.86 0.33
64 170 -41.38 0.32
64 171 -36.78 0.34
64 172 -34.03 0.31
64 173 -29.46 0.30
64 174 -25.93 0.29
64 175 -21.06 0.28
64 176 -17.38 0.29
64 177 -12.30 0.28
64 178 -8.29 0.25
64 179 -2.92 0.28
64 180 2.05 -0.22
64 181 7.40 -0.21
64 182 11.38 -0.19
64 183 17.50 -0.16
64 184 21.22 -0.16
64 185 27.08 -0.15
64 186 31.41 -0.14
64 187 37.70 0.09
64 188 41.67 0.06
64 189 47.10 -0.06
64 190 51.77 0.00
64 191 59.25 -0.06
64 192 65.40 0.06
64 193 73.38 0.05
64 194 79.52 0.05
64 195 87.44 0.07
64 196 94.11 0.14
64 197 101.67 0.15
64 198 108.28 0.15
64 199 116.04 -0.14
64 200 122.57 0.20
64 201 130.37 0.21
64 202 136.85 0.25
64 203 144.10 0.26
64 204 151.24 0.29
64 205 158.56 0.28
64 206 165.94 0.30
64 207 173.44 0.30
64 208 180.84 0.30
64 209 188.81 0.31
64 210 196.26 0.31
64 211 204.22 0.32
64 212 212.14 0.32
64 213 219.62 0.34
64 214 228.12 0.32
64 215 235.64 0.35
64 216 244.51 0.32
64 217 252.01 0.34
64 218 261.25 0.31
64 219 269.95 0.33
64 220 278.20 0.32
64 221 287.73 0.34
64 222 295.52 0.32
65 128 8.00 0.40
65 129 -0.66 0.37
65 130 -6.29 0.37
65 131 -13.64 0.36
65 132 -18.32 0.36
65 133 -25.04 0.35
65 134 -28.54 0.36
65 135 -34.17 0.35
65 136 -37.30 0.34
65 137 -42.16 0.32
65 138 -44.49 0.35
65 139 -48.89 0.29
65 140 -50.55 -0.22
65 141 -54.70 -0.20
65 142 -56.60 -0.20
65 143 -60.45 -0.18
65 144 -62.02 0.16
65 145 -65.67 0.11
65 146 -67.53 -0.10
65 147 -70.48 -0.07
65 148 -69.89 -0.09
65 149 -71.28 -0.12
65 150 -70.16 -0.14
65 151 -71.58 0.17
65 152 -70.42 0.19
65 153 -71.51 0.22
65 154 -70.29 0.30
65 155 -71.11 0.33
65 156 -70.15 0.33
65 157 -70.64 0.32
65 158 -69.21 0.32
65 159 -69.19 0.32
65 160 -67.14 0.34
65 161 -67.00 0.33
65 162 -64.79 0.35
65 163 -63.88 0.35
65 164 -61.42 0.34
65 165 -60.07 0.34
65 166 -56.88 0.35
65 167 -55.56 0.34
65 168 -52.22 0.34
65 169 -50.22 0.34
65 170 -46.09 0.34
65 171 -43.97 0.33
65 172 -39.40 0.32
65 173 -36.95 0.33
65 174 -32.52 0.29
65 175 -29.45 0.29
65 176 -24.87 0.29
65 177 -21.38 0.28
65 178 -16.61 0.27
65 179 -12.71 0.27
65 180 -6.65 -0.22
65 181 -2.97 -0.22
65 182 2.20 -0.18
65 183 5.75 -0.18
65 184 11.38 -0.17
65 185 15.07 -0.16
65 186 20.76 -0.16
65 187 24.95 -0.11
65 188 30.76 -0.11
65 189 34.88 -0.08
65 190 40.42 -0.07
65 191 45.06 0.00
65 192 51.72 -0.05
65 193 58.25 -0.07
65 194 65.81 -0.08
65 195 72.03 -0.10
65 196 79.49 -0.07
65 197 85.84 -0.09
65 198 93.60 -0.13
65 199 99.83 0.18
65 200 107.03 -0.16
65 201 113.32 0.21
65 202 120.76 0.20
65 203 127.13 0.24
65 204 134.47 0.23
65 205 141.11 0.26
65 206 149.01 0.29
65 207 155.40 0.31
65 208 162.84 0.31
65 209 170.16 0.31
65 210 177.79 0.31
65 211 185.28 0.32
65 212 192.97 0.31
65 213 200.50 0.32
65 214 208.99 0.32
65 215 216.27 0.31
65 216 223.90 0.32
65 217 232.29 0.31
65 218 240.26 0.34
65 219 248.56 0.31
65 220 257.10 0.34
65 221 265.42 0.33
65 222 273.74 0.32
65 223 282.21 0.32
65 224 290.89 0.32
66 130 8.85 0.37
66 131 2.77 0.38
66 132 -5.04 0.36
66 133 -10.36 0.36
66 134 -17.19 0.34
66 135 -21.41 0.36
66 136 -27.71 0.33
66 137 -31.14 0.33
66 138 -36.38 0.33
66 139 -38.93 0.35
66 140 -43.72 0.28
66 141 -45.64 -0.23
66 142 -50.17 -0.20
66 143 -52.39 -0.20
66 144 -56.50 -0.20
66 145 -57.93 0.16
66 146 -61.81 -0.14
66 147 -63.92 -0.10
66 148 -67.54 0.07
66 149 -66.94 -0.08
66 150 -68.72 0.11
66 151 -67.88 0.14
66 152 -69.47 0.17
66 153 -68.68 0.24
66 154 -70.23 0.22
66 155 -69.34 0.22
66 156 -70.48 0.27
66 157 -69.55 0.33
66 158 -70.17 0.30
66 159 -69.00 0.31
66 160 -69.32 0.32
66 161 -67.61 0.30
66 162 -67.79 0.33
66 163 -65.86 0.33
66 164 -65.40 0.33
66 165 -63.10 0.33
66 166 -62.20 0.34
66 167 -59.33 0.32
66 168 -58.17 0.34
66 169 -55.21 0.34
66 170 -53.53 0.33
66 171 -49.72 0.33
66 172 -47.91 0.33
66 173 -44.09 0.31
66 174 -41.52 0.32
66 175 -37.48 0.32
66 176 -34.67 0.29
66 177 -30.23 0.29
66 178 -27.06 0.28
66 179 -22.42 0.27
66 180 -18.75 0.26
66 181 -12.93 -0.22
66 182 -9.55 -0.21
66 183 -4.63 -0.20
66 184 -1.00 -0.19
66 185 4.37 -0.22
66 186 7.92 -0.16
66 187 13.37 -0.16
66 188 17.38 -0.15
66 189 23.67 0.09
66 190 27.02 0.07
66 191 32.01 -0.05
66 192 36.34 0.00
66 193 43.31 -0.05
66 194 48.81 0.04
66 195 56.77 -0.06
66 196 62.54 0.08
66 197 70.02 0.09
66 198 76.10 0.13
66 199 83.32 0.13
66 200 89.59 0.17
66 201 97.08 0.16
66 202 102.72 0.20
66 203 110.15 0.19
66 204 116.16 0.23
66 205 123.15 0.24
66 206 129.81 0.26
66 207 137.12 0.27
66 208 143.64 0.29
66 209 150.94 0.30
66 210 157.93 0.30
66 211 165.74 0.30
66 212 172.68 0.30
66 213 180.30 0.31
66 214 187.66 0.31
66 215 196.01 0.34
66 216 202.91 0.32
66 217 211.09 0.32
66 218 218.59 0.31
66 219 226.70 0.33
66 220 234.49 0.31
66 221 242.51 0.33
66 222 250.77 0.33
66 223 258.57 0.33
66 224 267.12 0.32
66 225 275.93 0.32
66 226 284.31 0.30
67 132 14.87 0.38
67 133 6.45 0.36
67 134 0.86 0.36
67 135 -6.74 0.35
67 136 -11.44 0.36
67 137 -18.19 0.35
67 138 -21.94 0.32
67 139 -27.62 0.33
67 140 -30.82 0.35
67 141 -35.71 0.27
67 142 -38.05 -0.24
67 143 -42.81 -0.21
67 144 -44.96 -0.22
67 145 -49.52 -0.21
67 146 -51.27 -0.22
67 147 -55.59 -0.18
67 148 -57.84 -0.10
67 149 -61.74 0.07
67 150 -61.33 -0.08
67 151 -63.69 0.11
67 152 -63.22 0.12
67 153 -65.13 0.15
67 154 -64.50 0.20
67 155 -66.36 0.21
67 156 -65.72 0.23
67 157 -67.14 0.25
67 158 -66.45 0.27
67 159 -67.33 0.28
67 160 -66.52 0.32
67 161 -67.11 0.32
67 162 -65.63 0.30
67 163 -66.15 0.32
67 164 -64.42 0.33
67 165 -64.35 0.33
67 166 -62.50 0.33
67 167 -61.79 0.34
67 168 -59.22 0.31
67 169 -58.46 0.33
67 170 -55.77 0.34
67 171 -54.26 0.33
67 172 -50.84 0.34
67 173 -49.48 0.32
67 174 -45.79 0.31
67 175 -43.64 0.32
67 176 -39.95 0.31
67 177 -37.37 0.30
67 178 -33.23 0.29
67 179 -30.37 0.29
67 180 -25.78 0.28
67 181 -22.41 0.28
67 182 -16.85 -0.21
67 183 -13.44 -0.20
67 184 -9.31 -0.20
67 185 -5.44 -0.19
67 186 -0.38 -0.21
67 187 3.11 -0.17
67 188 8.26 -0.15
67 189 11.91 -0.13
67 190 17.61 -0.12
67 191 21.30 -0.07
67 192 26.22 -0.06
67 193 30.32 0.00
67 194 37.05 0.04
67 195 42.78 -0.05
67 196 50.19 0.06
67 197 55.79 -0.06
67 198 62.83 0.09
67 199 68.47 0.09
67 200 75.85 0.12
67 201 81.68 0.12
67 202 89.09 0.15
67 203 94.98 0.19
67 204 102.15 0.25
67 205 107.61 0.25
67 206 114.61 0.23
67 207 120.78 0.26
67 208 127.76 0.27
67 209 134.52 0.29
67 210 141.27 0.28
67 211 148.25 0.28
67 212 156.09 0.30
67 213 162.76 0.28
67 214 170.15 0.31
67 215 177.34 0.29
67 216 185.02 0.32
67 217 192.08 0.32
67 218 199.71 0.32
67 219 207.28 0.31
67 220 215.50 0.31
67 221 222.79 0.31
67 222 230.98 0.30
67 223 238.67 0.31
67 224 246.71 0.33
67 225 254.82 0.30
67 226 263.41 0.31
67 227 271.30 0.30
67 228 280.25 0.31
68 134 16.29 0.37
68 135 9.99 0.36
68 136 2.24 0.37
68 137 -2.81 0.36
68 138 -10.07 0.34
68 139 -14.33 0.32
68 140 -20.38 0.32
68 141 -23.63 0.36
68 142 -29.20 0.27
68 143 -31.89 -0.24
68 144 -37.14 -0.20
68 145 -39.88 -0.20
68 146 -44.40 -0.20
68 147 -46.59 -0.20
68 148 -51.08 -0.13
68 149 -53.65 -0.10
68 150 -57.80 0.07
68 151 -57.79 -0.08
68 152 -60.28 0.11
68 153 -60.00 0.14
68 154 -62.19 0.16
68 155 -61.78 0.18
68 156 -63.85 0.21
68 157 -63.51 0.21
68 158 -65.18 0.25
68 159 -64.70 0.26
68 160 -66.02 0.27
68 161 -65.34 0.30
68 162 -66.24 0.30
68 163 -65.12 0.30
68 164 -65.72 0.32
68 165 -64.36 0.33
68 166 -64.66 0.33
68 167 -62.98 0.33
68 168 -62.70 0.33
68 169 -60.35 0.31
68 170 -59.90 0.34
68 171 -57.43 0.34
68 172 -56.38 0.33
68 173 -53.26 0.32
68 174 -52.01 0.32
68 175 -48.77 0.32
68 176 -46.81 0.32
68 177 -43.44 0.30
68 178 -40.99 0.29
68 179 -37.10 0.30
68 180 -34.47 0.29
68 181 -30.12 0.27
68 182 -27.07 0.28
68 183 -22.02 -0.21
68 184 -18.80 -0.20
68 185 -14.30 -0.20
68 186 -11.30 -0.20
68 187 -6.30 -0.21
68 188 -3.17 -0.17
68 189 1.96 -0.16
68 190 5.33 -0.15
68 191 11.14 0.09
68 192 14.32 -0.08
68 193 18.99 -0.06
68 194 22.80 0.00
68 195 29.41 -0.05
68 196 34.73 0.06
68 197 41.87 -0.03
68 198 47.29 0.07
68 199 54.35 0.09
68 200 60.19 0.12
68 201 67.03 0.12
68 202 72.72 0.17
68 203 79.55 0.16
68 204 85.15 0.19
68 205 92.17 0.21
68 206 97.71 0.23
68 207 104.53 0.25
68 208 110.56 0.25
68 209 117.84 0.27
68 210 123.93 0.26
68 211 130.84 0.26
68 212 137.60 0.29
68 213 144.98 0.30
68 214 151.43 0.31
68 215 158.81 0.30
68 216 165.56 0.31
68 217 173.21 0.30
68 218 180.12 0.31
68 219 188.02 0.33
68 220 194.81 0.32
68 221 203.04 0.30
68 222 210.06 0.31
68 223 217.99 0.30
68 224 225.47 0.31
68 225 232.88 0.33
68 226 241.18 0.30
68 227 248.85 0.32
68 228 257.57 0.30
68 229 266.14 0.30
68 230 274.13 0.30
69 136 22.42 0.36
69 137 14.13 0.35
69 138 8.50 0.36
69 139 0.99 0.35
69 140 -3.69 0.33
69 141 -10.20 0.31
69 142 -14.19 0.30
69 143 -20.03 0.28
69 144 -23.19 -0.22
69 145 -28.68 -0.22
69 146 -31.77 -0.21
69 147 -36.69 -0.20
69 148 -39.18 -0.20
69 149 -43.58 -0.13
69 150 -46.26 0.08
69 151 -51.03 0.07
69 152 -51.26 -0.06
69 153 -54.34 0.12
69 154 -54.27 0.14
69 155 -56.72 0.14
69 156 -56.57 0.16
69 157 -58.88 0.18
69 158 -59.01 0.21
69 159 -60.62 0.24
69 160 -60.60 0.24
69 161 -62.11 0.26
69 162 -61.61 0.28
69 163 -62.68 0.29
69 164 -61.88 0.30
69 165 -62.70 0.31
69 166 -61.66 0.31
69 167 -62.14 0.33
69 168 -60.87 0.36
69 169 -60.90 0.34
69 170 -58.96 0.30
69 171 -58.86 0.36
69 172 -56.73 0.35
69 173 -56.00 0.35
69 174 -52.84 0.33
69 175 -52.18 0.32
69 176 -49.20 0.31
69 177 -47.58 0.31
69 178 -44.34 0.31
69 179 -42.27 0.29
69 180 -38.55 0.29
69 181 -35.94 0.28
69 182 -32.03 0.27
69 183 -29.22 0.28
69 184 -24.02 -0.23
69 185 -21.47 -0.20
69 186 -17.20 -0.20
69 187 -14.32 -0.21
69 188 -9.66 -0.21
69 189 -6.80 -0.17
69 190 -2.19 -0.15
69 191 1.11 -0.12
69 192 6.37 0.08
69 193 9.59 0.07
69 194 14.00 -0.06
69 195 17.55 0.00
69 196 23.91 0.04
69 197 28.91 0.05
69 198 36.03 0.07
69 199 41.33 -0.07
69 200 48.22 0.09
69 201 53.46 0.10
69 202 60.35 0.15
69 203 65.89 0.13
69 204 72.30 0.14
69 205 77.93 0.21
69 206 84.82 0.22
69 207 90.29 0.22
69 208 97.19 0.22
69 209 102.53 0.25
69 210 109.36 0.26
69 211 115.45 0.26
69 212 122.15 0.26
69 213 128.67 0.28
69 214 136.12 0.28
69 215 142.18 0.29
69 216 149.53 0.31
69 217 155.87 0.29
69 218 163.15 0.29
69 219 170.12 0.31
69 220 177.92 0.32
69 221 184.77 0.32
69 222 192.10 0.31
69 223 199.60 0.32
69 224 207.53 0.33
69 225 214.65 0.30
69 226 222.10 0.31
69 227 230.20 0.27
69 228 237.67 0.33
69 229 245.97 0.30
69 230 254.46 0.31
69 231 262.30 0.30
69 232 270.39 0.31
70 138 24.11 0.35
70 139 18.17 0.36
70 140 10.21 0.35
70 141 5.39 0.32
70 142 -1.92 0.30
70 143 -5.98 0.29
70 144 -12.15 -0.21
70 145 -16.14 -0.21
70 146 -22.03 -0.20
70 147 -25.23 -0.19
70 148 -30.64 -0.20
70 149 -33.06 -0.16
70 150 -38.54 -0.16
70 151 -41.65 -0.09
70 152 -46.40 0.07
70 153 -46.88 -0.09
70 154 -49.81 -0.08
70 155 -50.52 0.13
70 156 -53.19 0.15
70 157 -53.32 0.17
70 158 -55.72 0.19
70 159 -55.97 0.20
70 160 -58.03 0.23
70 161 -57.98 0.24
70 162 -59.86 0.26
70 163 -59.66 0.27
70 164 -61.02 0.27
70 165 -60.48 0.28
70 166 -61.62 0.29
70 167 -60.80 0.32
70 168 -61.61 0.31
70 169 -60.47 0.32
70 170 -60.84 0.33
70 171 -59.09 0.30
70 172 -59.27 0.34
70 173 -57.26 0.33
70 174 -56.83 0.32
70 175 -54.23 0.32
70 176 -53.63 0.32
70 177 -50.80 0.31
70 178 -49.65 0.30
70 179 -46.61 0.29
70 180 -44.93 0.29
70 181 -41.54 0.29
70 182 -39.28 0.28
70 183 -35.52 0.27
70 184 -32.95 0.26
70 185 -28.08 -0.21
70 186 -25.74 -0.22
70 187 -22.03 -0.20
70 188 -19.12 -0.21
70 189 -14.80 -0.20
70 190 -12.07 -0.18
70 191 -7.58 -0.16
70 192 -4.63 -0.12
70 193 0.73 0.08
70 194 3.33 0.06
70 195 7.72 -0.04
70 196 11.08 0.00
70 197 17.28 -0.05
70 198 22.16 0.05
70 199 29.05 0.08
70 200 34.01 0.05
70 201 40.67 0.09
70 202 45.96 0.13
70 203 52.45 0.12
70 204 57.80 0.14
70 205 64.27 0.15
70 206 69.68 0.19
70 207 76.62 0.20
70 208 81.63 0.24
70 209 87.95 0.22
70 210 93.63 0.25
70 211 100.11 0.26
70 212 106.12 0.25
70 213 112.58 0.27
70 214 118.91 0.27
70 215 126.09 0.27
70 216 132.01 0.28
70 217 139.58 0.30
70 218 145.60 0.27
70 219 152.63 0.30
70 220 159.30 0.29
70 221 166.77 0.29
70 222 173.35 0.30
70 223 180.56 0.29
70 224 187.66 0.29
70 225 195.01 0.28
70 226 202.40 0.29
70 227 210.71 0.29
70 228 217.38 0.29
70 229 225.84 0.28
70 230 233.23 0.26
70 231 240.93 0.28
70 232 248.91 0.28
70 233 257.34 0.25
70 234 264.99 0.27
71 148 -16.04 -0.18
71 149 -21.74 -0.17
71 150 -24.83 -0.19
71 151 -30.55 -0.11
71 152 -34.17 -0.09
71 153 -38.93 -0.05
71 154 -39.87 -0.07
71 155 -43.12 -0.08
71 156 -43.79 -0.11
71 157 -46.61 0.12
71 158 -47.53 0.16
71 159 -50.11 0.21
71 160 -50.54 0.19
71 161 -52.86 0.22
71 162 -52.96 0.22
71 163 -55.06 0.24
71 164 -55.13 0.27
71 165 -56.84 0.28
71 166 -56.62 0.28
71 167 -57.99 0.29
71 168 -57.26 0.30
71 169 -58.31 0.30
71 170 -57.49 0.31
71 171 -57.98 0.31
71 172 -56.59 0.29
71 173 -56.87 0.31
71 174 -55.45 0.31
71 175 -54.90 0.30
71 176 -52.94 0.29
71 177 -52.49 0.30
71 178 -49.90 0.30
71 179 -49.07 0.29
71 180 -46.42 0.29
71 181 -44.90 0.28
71 182 -41.92 0.28
71 183 -39.99 0.28
71 184 -36.50 0.24
71 185 -34.30 0.25
71 186 -29.41 -0.22
71 187 -27.28 -0.20
71 188 -23.87 -0.19
71 189 -21.47 -0.20
71 190 -17.25 -0.20
71 191 -14.97 -0.16
71 192 -10.77 -0.15
71 193 -8.18 -0.11
71 194 -3.63 -0.10
71 195 -0.44 0.07
71 196 3.43 -0.06
71 197 6.64 0.00
71 198 12.68 0.04
71 199 17.27 0.05
71 200 24.21 0.08
71 201 28.78 0.07
71 202 35.44 0.09
71 203 40.25 0.11
71 204 46.52 0.11
71 205 51.77 0.16
71 206 58.19 0.14
71 207 63.23 0.18
71 208 69.85 0.18
71 209 74.65 0.20
71 210 81.17 0.21
71 211 86.34 0.22
71 212 93.19 0.27
71 213 98.85 0.25
71 214 105.17 0.26
71 215 111.26 0.27
71 216 118.22 0.27
71 217 124.06 0.30
71 218 130.98 0.28
71 219 137.02 0.28
71 220 144.08 0.27
71 221 150.31 0.30
71 222 157.62 0.29
71 223 163.96 0.30
71 224 171.20 0.29
71 225 177.93 0.29
71 226 184.44 0.29
71 227 192.24 0.29
71 228 200.13 0.29
71 229 207.20 0.29
71 230 214.99 0.31
71 231 222.29 0.29
71 232 230.17 0.28
71 233 237.75 0.28
71 234 245.69 0.29
71 235 253.61 0.28
71 236 262.08 0.30
71 237 269.95 0.25
71 238 278.18 0.28
71 239 286.64 0.22
71 240 295.14 0.26
71 241 304.40 -0.19
71 242 313.30 -0.19
72 150 -14.97 -0.19
72 151 -18.14 -0.16
72 152 -24.19 -0.13
72 153 -28.05 -0.09
72 154 -33.02 -0.04
72 155 -34.31 -0.09
72 156 -37.92 -0.08
72 157 -38.86 -0.13
72 158 -42.34 0.13
72 159 -42.86 0.16
72 160 -45.82 0.18
72 161 -46.42 0.19
72 162 -48.93 0.22
72 163 -49.34 0.23
72 164 -51.80 0.23
72 165 -51.80 0.24
72 166 -53.94 0.26
72 167 -53.81 0.28
72 168 -55.45 0.29
72 169 -55.04 0.30
72 170 -56.36 0.31
72 171 -55.67 0.29
72 172 -56.49 0.29
72 173 -55.46 0.28
72 174 -56.10 0.31
72 175 -55.14 0.31
72 176 -54.68 0.31
72 177 -52.93 0.29
72 178 -52.83 0.29
72 179 -50.65 0.30
72 180 -50.00 0.29
72 181 -47.56 0.28
72 182 -46.31 0.28
72 183 -43.56 0.28
72 184 -41.98 0.27
72 185 -38.62 0.25
72 186 -36.78 0.25
72 187 -32.54 -0.22
72 188 -30.66 -0.21
72 189 -27.46 -0.18
72 190 -25.09 -0.18
72 191 -21.31 -0.16
72 192 -19.41 -0.15
72 193 -15.38 -0.14
72 194 -12.93 -0.13
72 195 -8.47 -0.12
72 196 -5.72 0.05
72 197 -1.92 -0.06
72 198 1.11 0.00
72 199 6.89 -0.05
72 200 11.34 0.05
72 201 17.92 -0.07
72 202 22.42 0.08
72 203 28.80 0.08
72 204 33.61 0.11
72 205 39.81 0.12
72 206 44.80 0.14
72 207 50.89 0.16
72 208 55.96 0.18
72 209 62.71 0.19
72 210 67.19 0.21
72 211 73.53 0.20
72 212 78.55 0.23
72 213 84.82 0.26
72 214 90.09 0.25
72 215 96.52 0.26
72 216 102.29 0.25
72 217 108.97 0.25
72 218 114.66 0.27
72 219 121.65 0.28
72 220 127.46 0.28
72 221 134.23 0.28
72 222 140.51 0.28
72 223 147.60 0.28
72 224 153.64 0.28
72 225 160.81 0.29
72 226 167.22 0.27
72 227 173.83 0.28
72 228 181.31 0.28
72 229 189.16 0.28
72 230 195.73 0.27
72 231 203.66 0.27
72 232 210.46 0.28
72 233 218.36 0.26
72 234 225.52 0.26
72 235 233.64 0.24
72 236 241.10 0.25
72 237 249.12 0.25
72 238 257.16 0.23
72 239 265.08 0.26
72 240 273.29 0.23
72 241 281.88 0.22
72 242 290.90 -0.20
72 243 298.98 -0.18
72 244 307.23 -0.18
73 152 -8.99 -0.14
73 153 -15.18 -0.12
73 154 -18.95 -0.08
73 155 -24.82 0.04
73 156 -26.30 -0.06
73 157 -30.34 -0.07
73 158 -31.05 -0.11
73 159 -34.93 0.11
73 160 -36.12 0.15
73 161 -38.99 0.20
73 162 -39.99 0.20
73 163 -42.44 0.21
73 164 -43.47 0.22
73 165 -45.97 0.23
73 166 -46.34 0.24
73 167 -48.73 0.26
73 168 -48.91 0.26
73 169 -50.82 0.27
73 170 -50.67 0.30
73 171 -52.22 0.29
73 172 -51.87 0.29
73 173 -52.92 0.29
73 174 -51.74 0.29
73 175 -52.73 0.29
73 176 -51.71 0.30
73 177 -51.93 0.30
73 178 -50.58 0.30
73 179 -50.63 0.30
73 180 -48.63 0.31
73 181 -48.38 0.28
73 182 -46.35 0.28
73 183 -45.39 0.28
73 184 -42.80 0.27
73 185 -41.56 0.26
73 186 -38.50 0.23
73 187 -36.87 0.25
73 188 -33.53 0.23
73 189 -31.32 -0.18
73 190 -28.34 -0.18
73 191 -26.57 -0.16
73 192 -23.03 -0.15
73 193 -21.07 -0.13
73 194 -17.60 -0.14
73 195 -15.09 -0.13
73 196 -11.24 -0.11
73 197 -8.74 -0.10
73 198 -5.14 -0.04
73 199 -2.49 0.00
73 200 3.86 0.00
73 201 7.39 -0.03
73 202 13.68 -0.04
73 203 18.22 -0.06
73 204 24.50 0.07
73 205 29.12 0.09
73 206 35.28 0.13
73 207 40.05 0.15
73 208 46.47 0.13
73 209 50.79 0.18
73 210 57.17 0.21
73 211 61.65 0.20
73 212 67.78 0.21
73 213 72.44 0.23
73 214 78.97 0.23
73 215 83.74 0.25
73 216 89.81 0.25
73 217 95.51 0.26
73 218 102.19 0.24
73 219 107.54 0.29
73 220 114.03 0.29
73 221 119.74 0.29
73 222 126.57 0.30
73 223 132.46 0.29
73 224 139.65 0.32
73 225 145.15 0.29
73 226 151.88 0.29
73 227 158.71 0.29
73 228 164.97 0.27
73 229 172.24 0.27
73 230 179.77 0.27
73 231 186.27 0.27
73 232 193.96 0.26
73 233 200.59 0.26
73 234 208.13 0.27
73 235 215.26 0.26
73 236 223.17 0.26
73 237 230.32 0.26
73 238 238.08 0.25
73 239 245.89 0.25
73 240 254.02 0.24
73 241 261.82 0.24
73 242 270.14 0.23
73 243 279.32 -0.20
73 244 287.23 -0.17
73 245 294.82 -0.17
73 246 303.06 -0.17
73 247 311.63 -0.16
73 248 319.87 -0.15
73 249 328.10 -0.13
73 250 336.72 -0.13
74 154 -8.44 0.08
74 155 -12.54 -0.08
74 156 -18.56 0.03
74 157 -19.97 -0.06
74 158 -24.60 0.06
74 159 -25.57 -0.11
74 160 -29.61 0.11
74 161 -30.66 0.14
74 162 -33.94 0.17
74 163 -34.97 0.17
74 164 -37.94 0.20
74 165 -38.88 0.21
74 166 -41.51 0.23
74 167 -42.13 0.22
74 168 -44.70 0.25
74 169 -45.11 0.25
74 170 -47.23 0.26
74 171 -47.26 0.30
74 172 -49.10 0.29
74 173 -49.04 0.28
74 174 -50.25 0.31
74 175 -49.89 0.28
74 176 -50.79 0.29
74 177 -49.99 0.29
74 178 -50.49 0.29
74 179 -49.37 0.27
74 180 -49.69 0.27
74 181 -47.93 0.31
74 182 -48.13 0.27
74 183 -46.19 0.27
74 184 -45.58 0.25
74 185 -43.40 0.24
74 186 -42.42 0.24
74 187 -39.72 0.22
74 188 -38.34 0.22
74 189 -35.37 0.22
74 190 -33.84 0.20
74 191 -30.95 -0.19
74 192 -29.39 -0.18
74 193 -26.06 -0.16
74 194 -24.41 -0.16
74 195 -21.00 -0.14
74 196 -19.11 -0.12
74 197 -15.12 -0.11
74 198 -12.99 0.05
74 199 -9.67 -0.04
74 200 -7.16 0.00
74 201 -1.71 -0.05
74 202 2.28 0.04
74 203 8.50 -0.05
74 204 12.64 0.05
74 205 18.68 0.09
74 206 23.14 0.09
74 207 28.99 0.09
74 208 33.62 0.13
74 209 39.45 0.13
74 210 44.11 0.17
74 211 50.14 0.17
74 212 54.68 0.19
74 213 60.47 0.20
74 214 65.44 0.22
74 215 71.31 0.24
74 216 76.41 0.25
74 217 82.17 0.25
74 218 87.66 0.26
74 219 93.95 0.24
74 220 99.37 0.27
74 221 105.82 0.27
74 222 110.97 0.28
74 223 117.88 0.27
74 224 123.60 0.28
74 225 130.58 0.29
74 226 136.12 0.27
74 227 143.00 0.25
74 228 149.02 0.27
74 229 155.99 0.26
74 230 162.43 0.28
74 231 169.60 0.25
74 232 176.16 0.25
74 233 183.83 0.26
74 234 190.15 0.26
74 235 197.48 0.24
74 236 204.49 0.23
74 237 212.11 0.24
74 238 219.26 0.24
74 239 226.56 0.23
74 240 234.17 0.23
74 241 242.36 0.21
74 242 249.81 0.21
74 243 258.23 0.23
74 244 266.91 -0.18
74 245 273.75 0.19
74 246 282.05 -0.17
74 247 290.06 -0.16
74 248 298.16 -0.16
74 249 306.37 -0.15
74 250 314.04 -0.13
75 156 -2.74 0.06
75 157 -9.29 0.03
75 158 -11.08 0.05
75 159 -15.85 0.06
75 160 -17.07 0.06
75 161 -21.30 0.09
75 162 -22.59 0.12
75 163 -26.29 0.16
75 164 -27.48 0.16
75 165 -30.56 0.19
75 166 -31.64 0.21
75 167 -34.55 0.20
75 168 -35.58 0.24
75 169 -38.26 0.27
75 170 -38.93 0.25
75 171 -41.35 0.28
75 172 -41.80 0.30
75 173 -43.86 0.30
75 174 -44.12 0.31
75 175 -45.65 0.31
75 176 -45.06 0.28
75 177 -46.59 0.31
75 178 -46.07 0.31
75 179 -46.96 0.29
75 180 -45.99 0.29
75 181 -46.56 0.28
75 182 -44.99 0.26
75 183 -45.52 0.26
75 184 -43.94 0.26
75 185 -43.70 0.24
75 186 -41.79 0.24
75 187 -41.00 0.23
75 188 -38.61 0.23
75 189 -37.54 0.22
75 190 -34.92 0.22
75 191 -33.74 -0.18
75 192 -31.12 -0.19
75 193 -29.90 -0.15
75 194 -26.83 -0.17
75 195 -25.54 -0.12
75 196 -22.37 -0.11
75 197 -20.82 -0.12
75 198 -17.24 -0.11
75 199 -15.23 -0.08
75 200 -12.21 -0.06
75 201 -9.79 0.00
75 202 -4.67 -0.05
75 203 -0.91 -0.04
75 204 5.14 0.04
75 205 9.29 0.06
75 206 15.14 0.07
75 207 19.40 0.07
75 208 25.02 0.10
75 209 29.42 0.12
75 210 35.55 0.14
75 211 39.78 0.15
75 212 45.74 0.16
75 213 49.91 0.17
75 214 55.56 0.20
75 215 60.31 0.23
75 216 66.39 0.25
75 217 70.95 0.24
75 218 76.46 0.25
75 219 81.65 0.26
75 220 87.92 0.26
75 221 93.00 0.26
75 222 99.23 0.27
75 223 104.63 0.27
75 224 110.24 0.28
75 225 116.41 0.28
75 226 122.87 0.28
75 227 128.59 0.28
75 228 134.78 0.27
75 229 141.04 0.26
75 230 148.28 0.25
75 231 154.38 0.26
75 232 161.58 0.23
75 233 167.68 0.26
75 234 175.14 0.24
75 235 181.44 0.25
75 236 188.41 0.24
75 237 195.19 0.23
75 238 202.68 0.24
75 239 209.54 0.22
75 240 216.96 0.22
75 241 224.15 0.21
75 242 231.95 0.22
75 243 239.44 0.22
75 244 247.06 0.20
75 245 256.26 -0.16
75 246 263.77 -0.16
75 247 270.91 -0.17
75 248 279.09 -0.17
75 249 286.59 -0.14
75 250 294.59 -0.14
75 251 302.30 -0.12
75 252 310.27 -0.11
76 158 -2.38 0.02
76 159 -4.33 -0.05
76 160 -9.33 0.05
76 161 -10.76 -0.08
76 162 -15.30 0.08
76 163 -16.82 0.12
76 164 -20.58 0.13
76 165 -22.02 0.16
76 166 -25.35 0.16
76 167 -26.66 0.19
76 168 -29.74 0.20
76 169 -30.68 0.20
76 170 -33.65 0.24
76 171 -34.49 0.24
76 172 -37.20 0.24
76 173 -37.44 0.27
76 174 -39.93 0.27
76 175 -40.36 0.27
76 176 -42.20 0.29
76 177 -42.20 0.28
76 178 -43.70 0.28
76 179 -43.30 0.29
76 180 -44.47 0.27
76 181 -43.55 0.25
76 182 -44.56 0.25
76 183 -43.17 0.26
76 184 -43.98 0.26
76 185 -42.87 0.24
76 186 -42.76 0.24
76 187 -41.11 0.22
76 188 -40.65 0.22
76 189 -38.75 0.21
76 190 -37.89 0.21
76 191 -35.48 0.20
76 192 -34.93 -0.17
76 193 -32.58 -0.18
76 194 -31.64 -0.15
76 195 -28.83 -0.17
76 196 -27.97 -0.13
76 197 -25.00 -0.13
76 198 -23.65 -0.11
76 199 -19.89 0.07
76 200 -18.56 0.06
76 201 -15.71 -0.05
76 202 -13.65 0.00
76 203 -8.51 -0.05
76 204 -5.11 0.04
76 205 0.74 0.04
76 206 4.57 0.05
76 207 10.07 0.05
76 208 14.29 0.08
76 209 19.65 0.08
76 210 24.15 0.12
76 211 30.25 0.13
76 212 34.30 0.16
76 213 39.48 0.16
76 214 43.93 0.16
76 215 49.46 0.18
76 216 54.08 0.19
76 217 59.80 0.19
76 218 64.48 0.23
76 219 70.09 0.25
76 220 75.00 0.25
76 221 81.29 0.20
76 222 85.96 0.28
76 223 92.05 0.27
76 224 97.28 0.29
76 225 102.66 0.28
76 226 108.80 0.28
76 227 115.09 0.27
76 228 120.70 0.28
76 229 127.07 0.27
76 230 132.97 0.27
76 231 139.58 0.27
76 232 145.47 0.26
76 233 153.20 0.27
76 234 158.69 0.25
76 235 165.69 0.25
76 236 171.90 0.24
76 237 179.05 0.22
76 238 185.71 0.24
76 239 192.81 0.22
76 240 199.36 0.22
76 241 206.53 0.21
76 242 213.95 0.21
76 243 221.27 0.20
76 244 228.39 0.19
76 245 236.11 0.18
76 246 244.12 -0.18
76 247 251.59 -0.15
76 248 258.87 -0.16
76 249 266.68 -0.14
76 250 273.84 -0.14
76 251 282.28 -0.12
76 252 289.27 -0.12
76 253 297.28 -0.12
76 254 304.99 -0.10
76 255 313.40 -0.09
76 256 320.81 -0.07
76 257 329.18 -0.06
76 258 336.80 0.00
76 259 344.90 -0.05
76 260 352.05 0.00
76 261 361.56 0.00
76 262 370.01 0.00
77 160 5.23 0.05
77 161 -0.40 0.05
77 162 -1.70 0.08
77 163 -6.78 0.08
77 164 -8.28 0.11
77 165 -12.65 0.11
77 166 -13.83 0.16
77 167 -17.79 0.16
77 168 -19.24 0.16
77 169 -22.57 0.17
77 170 -23.76 0.21
77 171 -26.69 0.21
77 172 -27.82 0.22
77 173 -30.61 0.26
77 174 -31.30 0.27
77 175 -33.97 0.27
77 176 -34.74 0.27
77 177 -36.79 0.29
77 178 -36.88 0.28
77 179 -38.72 0.28
77 180 -38.72 0.29
77 181 -40.04 0.29
77 182 -39.50 0.29
77 183 -40.58 0.28
77 184 -39.39 0.27
77 185 -40.22 0.26
77 186 -39.21 0.25
77 187 -39.46 0.22
77 188 -38.23 0.21
77 189 -38.08 0.21
77 190 -36.47 0.18
77 191 -36.18 -0.19
77 192 -34.48 -0.16
77 193 -33.97 -0.16
77 194 -31.80 -0.17
77 195 -31.27 -0.15
77 196 -28.66 -0.14
77 197 -27.98 -0.13
77 198 -25.36 -0.13
77 199 -24.30 -0.12
77 200 -21.06 0.06
77 201 -20.00 0.05
77 202 -17.39 -0.04
77 203 -15.52 0.00
77 204 -10.70 -0.03
77 205 -7.29 0.04
77 206 -1.74 0.04
77 207 2.47 -0.05
77 208 7.37 0.05
77 209 11.20 0.07
77 210 16.46 0.07
77 211 20.78 0.09
77 212 26.46 0.13
77 213 30.44 0.13
77 214 36.01 0.14
77 215 40.29 0.16
77 216 45.46 0.17
77 217 49.96 0.17
77 218 55.59 0.18
77 219 59.95 0.22
77 220 65.45 0.22
77 221 70.20 0.22
77 222 75.80 0.23
77 223 80.85 0.24
77 224 86.53 0.27
77 225 91.80 0.25
77 226 97.07 0.29
77 227 102.37 0.29
77 228 108.83 0.30
77 229 114.25 0.28
77 230 120.16 0.27
77 231 126.11 0.28
77 232 132.47 0.26
77 233 138.52 0.26
77 234 145.43 0.25
77 235 151.06 0.25
77 236 158.23 0.25
77 237 164.16 0.26
77 238 171.15 0.25
77 239 177.61 0.24
77 240 184.60 0.23
77 241 191.43 0.24
77 242 198.65 0.19
77 243 205.24 0.18
77 244 212.37 0.18
77 245 219.46 0.18
77 246 226.67 0.17
77 247 234.12 -0.17
77 248 241.60 -0.14
77 249 248.91 -0.14
77 250 256.11 -0.14
77 251 263.58 -0.13
77 252 271.02 -0.14
77 253 278.36 -0.13
77 254 286.38 -0.12
77 255 293.61 -0.12
77 256 301.64 -0.10
77 257 309.01 -0.07
77 258 317.13 -0.06
77 259 324.45 0.00
77 260 332.72 -0.05
77 261 339.42 0.00
77 262 349.13 0.00
77 263 357.20 0.04
77 264 365.97 0.05
78 162 7.80 -0.04
78 163 5.68 -0.07
78 164 0.73 0.06
78 165 -1.09 0.09
78 166 -5.56 0.12
78 167 -7.32 0.13
78 168 -11.13 0.14
78 169 -12.83 0.16
78 170 -16.21 0.16
78 171 -17.57 0.17
78 172 -21.04 0.19
78 173 -22.15 0.22
78 174 -25.33 0.26
78 175 -26.21 0.29
78 176 -28.97 0.25
78 177 -29.88 0.27
78 178 -32.12 0.29
78 179 -32.50 0.24
78 180 -34.67 0.27
78 181 -34.80 0.29
78 182 -36.31 0.29
78 183 -36.19 0.26
78 184 -37.48 0.26
78 185 -36.58 0.24
78 186 -37.85 0.25
78 187 -36.68 -0.18
78 188 -37.61 0.22
78 189 -36.51 0.19
78 190 -37.06 -0.17
78 191 -35.67 -0.18
78 192 -35.89 -0.17
78 193 -34.41 -0.15
78 194 -34.16 -0.16
78 195 -32.35 -0.15
78 196 -32.03 -0.14
78 197 -29.82 -0.14
78 198 -29.40 -0.12
78 199 -27.00 -0.11
78 200 -26.14 -0.10
78 201 -23.38 -0.09
78 202 -22.35 0.04
78 203 -20.05 -0.04
78 204 -18.34 0.00
78 205 -13.68 -0.03
78 206 -10.57 0.03
78 207 -4.85 0.00
78 208 -1.84 0.04
78 209 3.40 0.04
78 210 7.29 0.06
78 211 12.21 0.08
78 212 16.51 0.09
78 213 21.75 0.11
78 214 25.96 0.11
78 215 31.29 -0.10
78 216 35.37 0.14
78 217 40.81 0.15
78 218 44.94 0.18
78 219 50.38 0.23
78 220 54.50 0.23
78 221 59.72 0.24
78 222 64.34 0.25
78 223 69.94 0.27
78 224 74.48 0.26
78 225 80.17 0.28
78 226 84.93 0.29
78 227 91.14 0.29
78 228 95.75 0.29
78 229 102.01 0.28
78 230 107.20 0.29
78 231 113.21 0.27
78 232 118.58 0.28
78 233 125.12 0.27
78 234 130.91 0.25
78 235 137.12 0.25
78 236 143.02 0.24
78 237 149.71 0.24
78 238 155.76 0.24
78 239 162.57 0.23
78 240 168.76 0.22
78 241 175.49 0.23
78 242 182.09 0.22
78 243 188.72 0.20
78 244 196.20 -0.18
78 245 202.71 0.18
78 246 209.57 -0.15
78 247 216.72 -0.15
78 248 223.26 -0.15
78 249 230.38 -0.15
78 250 237.31 -0.15
78 251 244.63 -0.14
78 252 251.82 -0.14
78 253 259.39 -0.12
78 254 266.13 -0.12
78 255 274.21 -0.10
78 256 280.95 -0.10
78 257 289.00 -0.08
78 258 296.12 -0.07
78 259 304.12 -0.06
78 260 311.35 0.00
78 261 319.07 -0.04
78 262 326.05 0.00
78 263 335.93 0.00
78 264 343.78 0.00
78 265 352.60 0.00
78 266 361.28 0.03
79 164 16.10 0.07
79 165 10.40 0.06
79 166 8.30 0.09
79 167 3.57 0.09
79 168 1.60 0.10
79 169 -2.59 0.14
79 170 -4.53 0.14
79 171 -8.13 0.17
79 172 -9.71 0.17
79 173 -13.22 0.18
79 174 -14.76 0.22
79 175 -17.95 0.23
79 176 -19.24 0.20
79 177 -22.22 0.27
79 178 -23.29 0.27
79 179 -25.84 0.27
79 180 -26.55 0.27
79 181 -28.66 0.27
79 182 -29.07 0.31
79 183 -30.89 0.29
79 184 -30.80 0.24
79 185 -32.28 0.24
79 186 -31.85 0.24
79 187 -33.29 0.24
79 188 -32.41 -0.18
79 189 -33.58 -0.19
79 190 -32.95 -0.18
79 191 -33.69 -0.18
79 192 -32.74 -0.18
79 193 -33.13 -0.17
79 194 -31.82 -0.14
79 195 -31.69 -0.17
79 196 -30.34 -0.15
79 197 -30.08 -0.15
79 198 -28.27 -0.14
79 199 -28.00 -0.12
79 200 -26.02 -0.11
79 201 -25.57 0.06
79 202 -23.35 0.05
79 203 -22.90 0.04
79 204 -20.53 -0.03
79 205 -19.15 0.00
79 206 -14.65 -0.03
79 207 -11.74 0.03
79 208 -6.28 0.00
79 209 -3.82 0.04
79 210 1.37 0.05
79 211 5.07 0.04
79 212 10.18 0.04
79 213 14.49 0.06
79 214 19.46 0.06
79 215 23.10 0.09
79 216 28.51 0.11
79 217 32.51 0.12
79 218 37.49 0.15
79 219 41.67 0.18
79 220 46.96 0.20
79 221 50.95 0.23
79 222 55.52 0.21
79 223 60.10 0.25
79 224 65.68 0.21
79 225 70.06 0.25
79 226 75.69 0.26
79 227 80.22 0.27
79 228 85.73 0.27
79 229 90.65 0.27
79 230 96.59 0.31
79 231 101.68 0.28
79 232 107.53 0.27
79 233 112.83 0.28
79 234 119.09 0.27
79 235 124.56 0.28
79 236 130.97 0.26
79 237 136.54 0.26
79 238 143.24 0.23
79 239 148.67 0.24
79 240 155.52 0.23
79 241 161.51 0.23
79 242 168.14 0.20
79 243 174.40 0.20
79 244 181.63 0.19
79 245 187.78 0.20
79 246 194.34 -0.15
79 247 200.89 -0.17
79 248 208.44 -0.13
79 249 214.33 -0.17
79 250 221.45 -0.14
79 251 228.23 -0.13
79 252 235.32 -0.13
79 253 241.83 -0.13
79 254 249.33 -0.12
79 255 256.01 -0.11
79 256 263.69 -0.11
79 257 271.32 0.06
79 258 278.52 0.05
79 259 285.28 -0.08
79 260 293.22 0.00
79 261 299.89 0.00
79 262 307.89 0.00
79 263 314.31 0.00
79 264 324.31 0.00
79 265 331.78 0.04
79 266 340.67 0.00
79 267 349.71 0.00
79 268 358.18 0.03
80 166 18.87 0.05
80 167 16.71 0.06
80 168 11.85 -0.07
80 169 9.45 0.10
80 170 5.04 0.12
80 171 2.90 0.11
80 172 -0.95 0.12
80 173 -2.67 0.11
80 174 -6.33 0.19
80 175 -8.01 0.20
80 176 -11.63 0.25
80 177 -12.82 0.25
80 178 -16.30 0.28
80 179 -17.68 0.30
80 180 -20.31 0.30
80 181 -20.95 0.30
80 182 -23.75 0.30
80 183 -24.36 0.31
80 184 -26.47 0.27
80 185 -26.61 0.29
80 186 -28.37 0.26
80 187 -27.97 0.23
80 188 -29.72 -0.19
80 189 -29.82 -0.18
80 190 -30.91 -0.19
80 191 -30.50 -0.18
80 192 -31.60 -0.16
80 193 -30.92 -0.16
80 194 -31.69 -0.15
80 195 -30.95 -0.13
80 196 -31.04 -0.14
80 197 -29.90 -0.14
80 198 -30.16 -0.13
80 199 -28.50 -0.12
80 200 -28.55 -0.09
80 201 -26.82 -0.08
80 202 -26.56 -0.08
80 203 -24.41 -0.06
80 204 -24.32 0.03
80 205 -22.45 0.02
80 206 -21.27 0.00
80 207 -16.98 -0.03
80 208 -14.39 0.03
80 209 -9.32 0.02
80 210 -6.50 0.03
80 211 -1.40 0.03
80 212 1.83 0.05
80 213 6.81 0.06
80 214 10.48 0.06
80 215 15.50 0.06
80 216 19.43 0.07
80 217 24.42 -0.08
80 218 28.28 0.11
80 219 33.60 0.13
80 220 37.47 0.13
80 221 42.78 0.23
80 222 46.53 0.22
80 223 51.28 0.23
80 224 55.41 0.24
80 225 60.72 0.25
80 226 64.89 0.27
80 227 70.28 0.29
80 228 74.61 0.26
80 229 80.10 0.28
80 230 84.74 0.26
80 231 90.93 0.31
80 232 95.25 0.27
80 233 101.25 0.27
80 234 106.32 0.27
80 235 112.45 0.28
80 236 117.89 0.27
80 237 123.76 0.26
80 238 129.19 0.26
80 239 135.98 0.26
80 240 141.32 0.23
80 241 147.52 0.23
80 242 153.63 0.22
80 243 160.07 -0.15
80 244 166.10 -0.18
80 245 172.36 -0.16
80 246 178.67 -0.17
80 247 185.05 -0.13
80 248 191.21 -0.14
80 249 198.00 -0.14
80 250 204.15 -0.14
80 251 210.98 -0.13
80 252 217.54 -0.12
80 253 224.26 -0.12
80 254 231.06 -0.12
80 255 237.91 -0.11
80 256 244.72 -0.11
80 257 252.01 -0.10
80 258 258.94 -0.10
80 259 266.51 -0.08
80 260 273.07 -0.06
80 261 280.74 -0.06
80 262 287.45 0.00
80 263 295.11 -0.04
80 264 301.60 0.00
80 265 311.74 0.00
80 266 318.92 0.00
80 267 327.72 0.00
80 268 336.56 0.00
80 269 345.09 0.00
80 270 354.06 0.05
81 168 27.91 0.07
81 169 22.37 -0.08
81 170 19.90 -0.08
81 171 15.44 -0.07
81 172 12.74 -0.10
81 173 8.79 -0.10
81 174 7.03 -0.09
81 175 3.07 -0.10
81 176 0.47 0.23
81 177 -3.45 0.25
81 178 -4.17 -0.19
81 179 -8.72 0.25
81 180 -10.30 0.25
81 181 -12.90 0.32
81 182 -13.79 0.31
81 183 -16.91 0.32
81 184 -17.88 0.31
81 185 -19.96 0.31
81 186 -20.59 0.24
81 187 -22.55 0.24
81 188 -22.46 0.23
81 189 -24.35 0.23
81 190 -24.48 -0.16
81 191 -25.95 -0.17
81 192 -25.98 -0.18
81 193 -27.15 -0.18
81 194 -26.66 -0.18
81 195 -27.63 -0.16
81 196 -27.41 -0.08
81 197 -27.78 -0.09
81 198 -27.34 -0.08
81 199 -27.64 -0.08
81 200 -26.61 -0.06
81 201 -26.93 -0.07
81 202 -25.54 -0.07
81 203 -25.66 -0.06
81 204 -23.88 -0.05
81 205 -23.81 -0.04
81 206 -22.39 -0.04
81 207 -21.32 0.00
81 208 -17.30 -0.03
81 209 -14.40 0.00
81 210 -9.84 0.00
81 211 -6.88 0.00
81 212 -2.80 -0.04
81 213 0.39 -0.04
81 214 5.19 -0.04
81 215 8.71 0.04
81 216 13.43 -0.04
81 217 17.23 -0.05
81 218 22.34 -0.06
81 219 26.00 0.07
81 220 30.91 -0.07
81 221 34.73 0.08
81 222 40.44 0.24
81 223 43.85 0.24
81 224 48.53 0.26
81 225 52.41 0.23
81 226 57.55 0.25
81 227 61.24 0.26
81 228 66.59 0.26
81 229 70.60 0.27
81 230 76.19 0.26
81 231 80.39 0.27
81 232 86.29 0.26
81 233 90.80 0.27
81 234 96.48 0.27
81 235 101.32 0.26
81 236 107.50 0.25
81 237 112.46 0.25
81 238 118.28 0.26
81 239 123.75 0.26
81 240 130.10 0.24
81 241 136.66 0.24
81 242 142.86 0.24
81 243 148.50 0.22
81 244 154.83 0.21
81 245 160.80 0.18
81 246 166.76 -0.14
81 247 172.30 -0.16
81 248 179.60 0.13
81 249 184.63 -0.16
81 250 191.25 -0.15
81 251 197.25 -0.15
81 252 204.08 -0.09
81 253 210.03 -0.13
81 254 216.80 -0.13
81 255 223.13 -0.08
81 256 229.84 -0.07
81 257 236.01 -0.08
81 258 242.95 -0.07
81 259 249.30 -0.07
81 260 256.17 -0.06
81 261 262.91 -0.05
81 262 270.29 0.00
81 263 276.61 0.00
81 264 284.03 0.00
81 265 290.23 0.00
81 266 300.46 0.00
81 267 307.59 0.00
81 268 316.46 0.00
81 269 325.20 0.00
81 270 333.82 0.00
81 271 342.61 0.03
82 170 31.20 -0.04
82 171 28.23 0.06
82 172 23.64 -0.05
82 173 20.92 -0.06
82 174 16.51 0.11
82 175 14.29 0.06
82 176 10.39 0.17
82 177 8.33 -0.10
82 178 3.89 0.27
82 179 1.90 0.29
82 180 -1.90 0.28
82 181 -3.64 0.30
82 182 -6.86 0.30
82 183 -7.85 0.31
82 184 -11.19 0.29
82 185 -12.35 0.31
82 186 -14.82 0.28
82 187 -15.36 0.29
82 188 -17.73 0.28
82 189 -17.91 -0.20
82 190 -20.01 -0.19
82 191 -20.21 -0.16
82 192 -22.16 -0.19
82 193 -22.29 -0.18
82 194 -23.73 -0.19
82 195 -23.87 0.05
82 196 -25.05 0.06
82 197 -24.82 0.04
82 198 -25.75 0.06
82 199 -24.62 0.00
82 200 -25.19 0.00
82 201 -24.72 0.00
82 202 -25.22 0.00
82 203 -24.35 0.00
82 204 -24.80 0.00
82 205 -23.41 0.00
82 206 -23.88 0.00
82 207 -22.62 0.00
82 208 -22.32 0.00
82 209 -17.81 0.00
82 210 -15.84 0.00
82 211 -11.49 0.00
82 212 -8.76 0.00
82 213 -4.45 0.00
82 214 -1.18 0.00
82 215 3.13 0.00
82 216 6.80 0.00
82 217 11.14 0.00
82 218 15.13 0.00
82 219 19.95 0.00
82 220 22.74 0.04
82 221 28.00 0.04
82 222 31.46 0.05
82 223 36.87 -0.05
82 224 40.19 0.20
82 225 44.77 0.23
82 226 48.45 0.23
82 227 53.38 0.22
82 228 57.03 0.25
82 229 61.89 0.25
82 230 66.19 0.27
82 231 71.27 0.27
82 232 75.71 0.27
82 233 81.21 0.30
82 234 85.38 0.27
82 235 90.78 0.26
82 236 95.96 0.26
82 237 101.53 0.27
82 238 106.48 0.25
82 239 112.42 0.26
82 240 117.43 0.25
82 241 123.94 0.19
82 242 128.94 0.23
82 243 134.79 0.22
82 244 140.39 0.21
82 245 146.34 -0.18
82 246 151.85 -0.18
82 247 158.15 -0.16
82 248 163.57 -0.19
82 249 170.02 -0.16
82 250 175.69 -0.17
82 251 182.16 -0.15
82 252 188.25 -0.15
82 253 194.39 0.06
82 254 200.84 -0.12
82 255 206.78 -0.05
82 256 213.00 -0.05
82 257 219.59 -0.04
82 258 225.86 0.04
82 259 232.44 -0.04
82 260 238.66 -0.04
82 261 245.62 -0.03
82 262 252.12 0.00
82 263 259.07 0.00
82 264 265.36 0.00
82 265 272.85 0.00
82 266 278.95 0.00
82 267 289.22 0.00
82 268 295.72 0.00
82 269 304.69 0.00
82 270 312.91 0.00
82 271 321.45 0.00
82 272 330.36 0.00
82 273 338.96 0.00
82 274 347.62 0.02
83 172 40.72 -0.10
83 173 35.69 -0.08
83 174 32.60 -0.13
83 175 27.85 -0.14
83 176 24.57 0.20
83 177 20.02 0.18
83 178 17.51 0.23
83 179 13.01 0.29
83 180 10.62 0.29
83 181 6.71 0.30
83 182 4.77 0.30
83 183 1.33 0.29
83 184 -0.18 0.28
83 185 -3.67 0.29
83 186 -4.91 0.29
83 187 -7.55 0.31
83 188 -8.59 0.30
83 189 -10.94 0.29
83 190 -11.03 -0.20
83 191 -13.52 0.24
83 192 -13.93 -0.19
83 193 -15.85 -0.20
83 194 -16.26 -0.15
83 195 -18.00 -0.14
83 196 -18.13 -0.14
83 197 -19.46 -0.14
83 198 -19.47 -0.14
83 199 -20.35 -0.13
83 200 -20.20 -0.09
83 201 -21.01 -0.07
83 202 -20.66 -0.05
83 203 -21.32 -0.05
83 204 -20.57 -0.05
83 205 -21.05 -0.05
83 206 -19.89 -0.04
83 207 -19.58 0.00
83 208 -19.32 -0.03
83 209 -18.45 0.00
83 210 -15.16 -0.03
83 211 -12.44 0.00
83 212 -8.29 0.00
83 213 -5.84 0.00
83 214 -1.75 0.00
83 215 0.34 -0.03
83 216 5.34 0.00
83 217 7.64 -0.05
83 218 11.88 -0.04
83 219 15.38 -0.05
83 220 19.63 -0.05
83 221 23.44 -0.06
83 222 27.80 -0.06
83 223 30.87 0.19
83 224 35.70 0.18
83 225 38.38 0.21
83 226 42.68 0.22
83 227 46.26 0.22
83 228 51.24 0.21
83 229 54.52 0.23
83 230 59.47 0.25
83 231 63.33 0.28
83 232 68.54 0.28
83 233 72.57 0.25
83 234 78.03 0.27
83 235 81.86 0.28
83 236 87.44 0.27
83 237 92.02 0.27
83 238 97.62 0.25
83 239 102.27 0.27
83 240 107.87 0.27
83 241 113.07 0.23
83 242 119.31 0.21
83 243 123.87 0.23
83 244 129.91 0.21
83 245 135.32 -0.20
83 246 141.03 -0.19
83 247 146.47 -0.19
83 248 152.31 -0.19
83 249 157.72 -0.19
83 250 163.72 -0.18
83 251 169.44 -0.18
83 252 175.91 -0.17
83 253 181.72 -0.16
83 254 188.06 -0.12
83 255 193.93 -0.12
83 256 200.45 -0.08
83 257 206.47 -0.08
83 258 212.65 -0.04
83 259 218.88 -0.05
83 260 225.77 -0.05
83 261 231.32 -0.05
83 262 237.89 -0.05
83 263 244.10 -0.05
83 264 251.12 -0.04
83 265 257.71 0.00
83 266 265.04 0.00
83 267 271.04 0.00
83 268 281.38 0.00
83 269 287.53 0.00
83 270 296.62 0.00
83 271 304.44 0.00
83 272 313.02 0.00
83 273 321.17 -0.03
83 274 329.87 0.03
83 275 338.55 -0.03
83 276 347.21 -0.03
84 174 45.06 0.14
84 175 41.70 0.18
84 176 36.61 0.18
84 177 33.65 0.24
84 178 28.41 0.24
84 179 25.88 0.23
84 180 21.26 0.27
84 181 18.81 0.29
84 182 14.37 0.28
84 183 12.14 0.30
84 184 8.51 0.29
84 185 6.77 0.26
84 186 3.29 0.29
84 187 1.72 0.29
84 188 -1.23 0.30
84 189 -2.33 0.30
84 190 -4.96 0.29
84 191 -5.35 0.27
84 192 -7.83 0.26
84 193 -8.51 -0.20
84 194 -10.90 -0.20
84 195 -11.28 0.14
84 196 -13.33 -0.19
84 197 -13.44 -0.18
84 198 -15.04 -0.14
84 199 -15.29 -0.11
84 200 -16.49 -0.10
84 201 -16.55 -0.09
84 202 -17.58 -0.07
84 203 -17.25 -0.06
84 204 -18.22 -0.06
84 205 -17.43 0.05
84 206 -18.13 -0.06
84 207 -17.09 0.05
84 208 -17.84 0.03
84 209 -16.51 0.00
84 210 -16.58 0.00
84 211 -12.46 0.00
84 212 -11.52 0.02
84 213 -7.30 0.03
84 214 -5.47 0.03
84 215 -1.22 0.05
84 216 1.02 0.05
84 217 5.19 0.06
84 218 8.02 0.05
84 219 12.19 0.05
84 220 15.18 0.10
84 221 19.12 0.10
84 222 22.11 0.16
84 223 26.20 0.16
84 224 29.01 0.19
84 225 33.23 0.19
84 226 36.25 0.21
84 227 40.50 0.21
84 228 43.86 0.23
84 229 48.38 0.21
84 230 51.73 0.24
84 231 56.25 0.25
84 232 59.97 0.25
84 233 65.09 0.27
84 234 68.77 0.26
84 235 74.13 0.26
84 236 77.95 0.25
84 237 83.06 0.25
84 238 87.48 0.26
84 239 92.82 0.25
84 240 97.58 0.26
84 241 102.94 0.25
84 242 107.84 0.23
84 243 113.97 0.19
84 244 118.33 0.22
84 245 124.32 0.22
84 246 129.24 0.21
84 247 134.97 0.18
84 248 140.49 0.18
84 249 146.34 -0.15
84 250 151.55 -0.17
84 251 157.33 -0.15
84 252 162.94 -0.16
84 253 169.18 -0.16
84 254 174.90 -0.13
84 255 180.78 -0.14
84 256 186.65 -0.14
84 257 193.06 -0.11
84 258 198.79 -0.10
84 259 205.87 0.07
84 260 211.24 0.06
84 261 217.95 0.04
84 262 223.76 0.06
84 263 230.16 -0.05
84 264 236.48 0.00
84 265 243.14 0.00
84 266 249.17 0.00
84 267 256.34 0.00
84 268 262.23 0.00
84 269 272.64 0.00
84 270 278.45 0.00
84 271 287.66 0.00
84 272 295.07 0.00
84 273 303.83 0.00
84 274 311.95 0.03
84 275 320.30 0.03
84 276 329.17 0.00
84 277 337.71 0.00
84 278 346.06 0.03
85 176 53.44 0.18
85 177 47.78 0.23
85 178 44.17 0.22
85 179 39.02 0.25
85 180 35.86 0.26
85 181 30.95 0.27
85 182 28.29 0.29
85 183 23.68 0.30
85 184 20.99 0.30
85 185 17.13 0.30
85 186 15.58 0.31
85 187 11.47 0.30
85 188 9.98 0.31
85 189 6.57 0.30
85 190 5.30 0.30
85 191 2.43 0.29
85 192 1.80 0.28
85 193 -0.90 0.28
85 194 -1.29 -0.17
85 195 -3.68 -0.17
85 196 -4.55 -0.17
85 197 -6.69 -0.16
85 198 -7.29 -0.16
85 199 -8.97 -0.16
85 200 -9.19 -0.15
85 201 -10.69 -0.15
85 202 -10.79 -0.15
85 203 -11.78 -0.11
85 204 -11.54 -0.07
85 205 -12.59 -0.09
85 206 -12.15 -0.08
85 207 -13.13 -0.07
85 208 -12.09 -0.06
85 209 -12.91 -0.05
85 210 -11.92 0.00
85 211 -12.17 0.00
85 212 -8.84 -0.03
85 213 -7.29 -0.01
85 214 -3.31 0.00
85 215 -1.66 -0.04
85 216 1.93 0.05
85 217 4.17 0.06
85 218 7.93 0.05
85 219 10.28 0.12
85 220 14.07 0.13
85 221 16.20 0.14
85 222 19.87 0.16
85 223 22.53 0.17
85 224 26.45 0.17
85 225 29.06 0.20
85 226 32.91 0.20
85 227 35.80 0.24
85 228 39.63 0.24
85 229 42.85 0.25
85 230 47.08 0.23
85 231 50.62 0.23
85 232 54.74 0.23
85 233 58.02 0.26
85 234 62.74 0.24
85 235 66.52 0.24
85 236 71.65 0.25
85 237 74.99 0.25
85 238 80.19 0.25
85 239 84.57 0.25
85 240 89.69 0.25
85 241 94.22 0.24
85 242 99.46 0.23
85 243 104.21 0.24
85 244 110.16 0.20
85 245 114.33 0.21
85 246 119.96 0.21
85 247 125.13 0.21
85 248 130.60 0.21
85 249 135.91 0.19
85 250 141.82 -0.15
85 251 146.93 -0.16
85 252 152.96 -0.14
85 253 158.16 -0.15
85 254 164.05 0.10
85 255 169.49 -0.16
85 256 176.04 0.10
85 257 180.90 -0.13
85 258 187.26 0.08
85 259 192.80 -0.13
85 260 199.41 0.06
85 261 204.95 -0.09
85 262 211.39 0.06
85 263 216.89 -0.05
85 264 223.56 -0.06
85 265 229.45 -0.04
85 266 236.29 0.00
85 267 242.18 0.00
85 268 249.20 0.00
85 269 254.99 0.00
85 270 265.44 0.00
85 271 270.92 0.00
85 272 280.24 0.00
85 273 287.24 0.00
85 274 296.14 0.00
85 275 303.76 0.03
85 276 312.36 0.00
85 277 320.65 0.04
85 278 329.14 0.00
85 279 337.63 0.10
85 280 346.06 0.09
86 178 57.83 0.22
86 179 53.87 0.23
86 180 48.54 0.25
86 181 45.20 0.26
86 182 40.16 0.27
86 183 37.02 0.28
86 184 32.46 0.28
86 185 29.76 0.29
86 186 25.59 0.29
86 187 23.19 0.27
86 188 19.26 0.31
86 189 17.22 0.30
86 190 13.98 0.29
86 191 12.35 0.29
86 192 9.28 0.30
86 193 8.43 0.30
86 194 5.31 0.27
86 195 4.34 0.20
86 196 2.16 0.20
86 197 1.41 -0.18
86 198 -1.10 -0.20
86 199 -1.73 -0.17
86 200 -3.64 -0.16
86 201 -4.03 0.13
86 202 -5.83 -0.13
86 203 -6.17 -0.13
86 204 -7.59 -0.11
86 205 -7.58 -0.08
86 206 -8.85 -0.10
86 207 -8.41 0.08
86 208 -9.58 -0.08
86 209 -8.76 0.06
86 210 -9.81 0.04
86 211 -8.76 0.00
86 212 -9.20 0.00
86 213 -6.18 -0.03
86 214 -5.21 0.03
86 215 -1.31 0.04
86 216 -0.12 0.04
86 217 3.69 0.04
86 218 5.30 0.08
86 219 8.86 0.08
86 220 10.64 0.13
86 221 14.26 0.15
86 222 15.97 0.16
86 223 19.53 0.18
86 224 21.87 0.19
86 225 25.45 0.18
86 226 27.68 0.20
86 227 31.55 0.21
86 228 34.31 0.20
86 229 37.99 0.22
86 230 40.98 0.23
86 231 45.28 0.24
86 232 48.15 0.24
86 233 52.36 0.25
86 234 55.70 0.23
86 235 59.94 0.25
86 236 63.59 0.25
86 237 68.54 0.25
86 238 72.15 0.26
86 239 76.65 0.26
86 240 81.04 0.25
86 241 85.90 0.25
86 242 90.13 0.25
86 243 95.23 0.24
86 244 100.01 0.24
86 245 105.30 0.20
86 246 109.73 0.22
86 247 115.38 0.19
86 248 120.13 0.20
86 249 125.35 0.17
86 250 130.40 0.18
86 251 136.37 0.18
86 252 141.30 0.15
86 253 147.35 -0.13
86 254 152.34 0.13
86 255 157.97 0.12
86 256 163.40 -0.15
86 257 168.76 -0.11
86 258 174.43 -0.12
86 259 180.51 -0.11
86 260 186.10 -0.09
86 261 192.29 0.07
86 262 197.65 -0.09
86 263 204.46 0.06
86 264 209.78 -0.07
86 265 216.32 -0.07
86 266 221.94 -0.06
86 267 228.49 0.03
86 268 234.52 0.00
86 269 241.40 0.00
86 270 247.08 0.00
86 271 261.63 0.00
86 272 262.72 0.00
86 273 272.13 0.00
86 274 278.74 0.00
86 275 286.98 0.04
86 276 294.74 0.04
86 277 303.05 0.04
86 278 311.29 0.04
86 279 319.87 0.00
86 280 327.69 0.09
86 281 336.56 0.08
86 282 344.17 0.12
87 188 32.94 0.27
87 189 28.45 0.32
87 190 26.23 0.31
87 191 22.80 0.31
87 192 21.12 0.26
87 193 17.49 0.31
87 194 16.48 0.30
87 195 13.41 0.25
87 196 12.24 0.25
87 197 9.76 0.24
87 198 8.69 0.20
87 199 6.39 0.19
87 200 5.54 0.19
87 201 3.49 -0.19
87 202 3.00 0.15
87 203 0.87 -0.18
87 204 0.65 -0.10
87 205 -1.00 -0.12
87 206 -1.10 0.10
87 207 -2.64 0.08
87 208 -2.60 0.07
87 209 -3.76 0.06
87 210 -3.34 0.05
87 211 -4.40 0.03
87 212 -3.56 0.00
87 213 -4.19 0.00
87 214 -1.23 0.03
87 215 -0.34 0.04
87 216 3.04 0.04
87 217 3.79 0.04
87 218 7.17 0.05
87 219 8.75 0.12
87 220 11.80 0.13
87 221 13.23 0.14
87 222 16.50 0.17
87 223 17.98 0.17
87 224 21.29 0.18
87 225 23.27 0.19
87 226 26.60 0.18
87 227 28.76 0.21
87 228 32.20 0.21
87 229 34.52 0.23
87 230 38.17 0.22
87 231 41.02 0.23
87 232 45.02 0.24
87 233 47.60 0.24
87 234 51.64 0.25
87 235 54.66 0.27
87 236 58.88 0.26
87 237 62.22 0.26
87 238 66.96 0.26
87 239 70.29 0.26
87 240 74.69 0.26
87 241 78.90 0.26
87 242 83.81 0.25
87 243 87.86 0.25
87 244 92.72 0.26
87 245 97.16 0.24
87 246 102.57 0.21
87 247 106.79 0.23
87 248 111.93 0.22
87 249 116.70 0.22
87 250 122.05 0.18
87 251 126.90 0.19
87 252 132.61 0.17
87 253 137.41 0.18
87 254 142.83 0.15
87 255 148.19 0.15
87 256 153.83 -0.16
87 257 159.02 0.13
87 258 165.24 -0.15
87 259 169.90 -0.12
87 260 175.60 -0.11
87 261 180.89 -0.11
87 262 187.24 0.08
87 263 192.31 -0.08
87 264 198.93 0.06
87 265 204.20 -0.07
87 266 210.40 -0.07
87 267 216.18 0.04
87 268 222.40 0.03
87 269 228.27 0.00
87 270 234.90 -0.03
87 271 240.58 0.00
87 272 249.42 0.00
87 273 255.90 0.00
87 274 264.42 0.00
87 275 271.62 0.00
87 276 279.95 0.00
87 277 287.62 0.00
87 278 295.81 0.00
87 279 303.85 0.00
87 280 311.94 0.00
87 281 319.93 0.12
87 282 327.95 0.13
87 283 335.81 0.14
87 284 343.29 0.12
88 190 36.91 0.31
88 191 34.60 0.30
88 192 30.85 0.28
88 193 28.74 0.29
88 194 25.26 0.28
88 195 23.69 0.27
88 196 20.41 0.27
88 197 18.80 0.25
88 198 16.31 0.22
88 199 14.98 0.21
88 200 12.65 0.20
88 201 11.55 0.19
88 202 9.33 0.17
88 203 8.51 0.16
88 204 6.66 -0.14
88 205 5.80 -0.12
88 206 4.17 -0.14
88 207 3.76 -0.11
88 208 2.10 -0.10
88 209 2.10 0.09
88 210 0.61 -0.09
88 211 1.11 -0.07
88 212 -0.19 0.05
88 213 0.03 0.03
88 214 -0.24 0.00
88 215 2.29 -0.03
88 216 2.75 0.03
88 217 6.03 -0.06
88 218 6.74 0.05
88 219 9.71 0.09
88 220 10.85 0.13
88 221 13.56 0.15
88 222 14.57 0.15
88 223 17.46 0.17
88 224 18.81 0.18
88 225 21.59 0.18
88 226 23.69 0.21
88 227 26.78 0.19
88 228 28.51 0.22
88 229 31.94 0.22
88 230 33.83 0.23
88 231 37.43 0.23
88 232 40.05 0.24
88 233 43.85 0.23
88 234 46.37 0.25
88 235 50.26 0.25
88 236 53.09 0.27
88 237 57.29 0.25
88 238 60.33 0.25
88 239 64.82 0.25
88 240 67.89 0.25
88 241 72.45 0.24
88 242 76.09 0.24
88 243 80.90 0.25
88 244 84.58 0.24
88 245 89.37 0.24
88 246 93.64 0.23
88 247 98.63 0.22
88 248 103.02 0.20
88 249 107.84 0.21
88 250 112.51 0.21
88 251 117.44 0.18
88 252 122.10 0.19
88 253 127.52 0.18
88 254 132.60 0.16
88 255 137.74 0.15
88 256 142.83 0.15
88 257 148.38 0.12
88 258 153.29 0.14
88 259 158.66 -0.11
88 260 164.17 -0.12
88 261 169.95 -0.12
88 262 175.03 -0.11
88 263 181.05 0.09
88 264 186.04 -0.10
88 265 192.45 0.06
88 266 197.60 -0.07
88 267 203.92 -0.07
88 268 209.10 -0.07
88 269 215.90 0.00
88 270 221.41 0.00
88 271 228.01 0.00
88 272 233.48 0.00
88 273 242.21 0.00
88 274 248.50 0.00
88 275 256.88 0.00
88 276 263.90 0.00
88 277 271.79 0.04
88 278 279.23 0.05
88 279 287.32 0.04
88 280 294.78 0.07
88 281 303.38 0.07
88 282 310.51 0.09
88 283 318.17 0.11
88 284 326.00 0.13
88 285 332.99 0.14
88 286 341.83 0.15
89 192 44.19 0.34
89 193 40.07 0.34
89 194 37.81 0.33
89 195 34.23 0.33
89 196 32.62 0.34
89 197 29.22 0.27
89 198 27.43 0.27
89 199 24.82 0.25
89 200 23.18 0.22
89 201 20.77 0.21
89 202 19.69 0.19
89 203 17.30 0.19
89 204 16.55 0.16
89 205 14.42 0.14
89 206 13.15 -0.14
89 207 11.24 -0.14
89 208 10.88 -0.13
89 209 8.94 -0.12
89 210 8.89 -0.11
89 211 7.20 -0.10
89 212 7.62 -0.08
89 213 6.03 0.05
89 214 6.43 0.00
89 215 5.42 0.00
89 216 7.87 -0.03
89 217 8.14 0.04
89 218 11.07 -0.05
89 219 11.78 0.08
89 220 14.26 0.09
89 221 14.93 0.13
89 222 17.32 0.17
89 223 18.07 0.17
89 224 20.75 0.19
89 225 21.63 0.20
89 226 24.95 0.22
89 227 25.86 0.23
89 228 28.36 0.24
89 229 30.19 0.24
89 230 33.39 0.23
89 231 35.37 0.26
89 232 38.38 0.26
89 233 40.84 0.25
89 234 44.44 0.25
89 235 46.64 0.26
89 236 50.45 0.27
89 237 53.22 0.27
89 238 56.93 0.27
89 239 60.04 0.26
89 240 64.25 0.26
89 241 67.31 0.27
89 242 72.00 0.28
89 243 75.07 0.27
89 244 79.69 0.24
89 245 83.10 0.25
89 246 87.81 0.25
89 247 91.75 0.25
89 248 96.81 0.22
89 249 100.71 0.22
89 250 105.66 0.22
89 251 110.01 0.21
89 252 115.03 0.19
89 253 119.49 0.20
89 254 124.70 0.19
89 255 129.65 0.19
89 256 135.19 0.14
89 257 139.85 0.15
89 258 145.00 0.16
89 259 150.11 0.13
89 260 155.53 -0.10
89 261 160.54 -0.10
89 262 166.03 -0.09
89 263 170.72 -0.09
89 264 176.58 0.09
89 265 181.48 -0.09
89 266 187.46 -0.07
89 267 192.73 -0.07
89 268 198.81 -0.06
89 269 204.11 -0.06
89 270 210.37 -0.04
89 271 215.98 0.00
89 272 222.44 0.00
89 273 227.81 0.00
89 274 236.40 0.00
89 275 242.49 0.00
89 276 250.74 0.00
89 277 257.56 0.00
89 278 265.60 0.00
89 279 272.93 0.00
89 280 280.81 0.00
89 281 287.78 0.07
89 282 296.10 0.09
89 283 303.39 0.13
89 284 310.80 0.12
89 285 318.37 0.13
89 286 325.15 0.14
89 287 333.54 0.18
89 288 340.35 0.17
90 194 49.07 0.31
90 195 46.62 0.30
90 196 42.48 0.29
90 197 40.80 0.28
90 198 36.86 0.27
90 199 34.94 0.27
90 200 32.02 0.26
90 201 30.39 0.23
90 202 27.55 0.21
90 203 26.40 0.21
90 204 23.86 0.19
90 205 22.71 0.17
90 206 20.40 0.17
90 207 20.01 0.13
90 208 17.28 -0.13
90 209 16.55 -0.13
90 210 14.59 -0.12
90 211 14.23 -0.12
90 212 12.47 -0.10
90 213 12.44 -0.09
90 214 10.88 0.06
90 215 10.84 0.04
90 216 10.24 0.00
90 217 12.28 -0.03
90 218 12.21 0.04
90 219 14.92 -0.06
90 220 15.12 0.08
90 221 17.46 0.11
90 222 17.82 0.15
90 223 19.91 0.18
90 224 20.43 0.18
90 225 22.77 0.19
90 226 23.40 0.19
90 227 26.55 0.22
90 228 26.85 0.22
90 229 29.59 0.21
90 230 30.95 0.24
90 231 33.90 0.26
90 232 35.70 0.25
90 233 38.52 0.24
90 234 40.60 0.26
90 235 43.95 0.26
90 236 46.21 0.25
90 237 49.72 0.26
90 238 52.08 0.26
90 239 56.04 0.26
90 240 58.39 0.26
90 241 62.93 0.27
90 242 65.57 0.25
90 243 69.32 0.26
90 244 72.89 0.26
90 245 77.17 0.25
90 246 81.01 0.24
90 247 85.28 0.24
90 248 89.10 0.24
90 249 94.11 0.22
90 250 97.84 0.21
90 251 102.44 0.21
90 252 106.66 0.21
90 253 111.45 0.19
90 254 115.95 0.17
90 255 121.14 0.20
90 256 125.32 0.17
90 257 130.19 0.17
90 258 135.28 0.16
90 259 140.39 0.15
90 260 145.20 0.14
90 261 150.49 0.12
90 262 155.73 -0.12
90 263 160.87 -0.11
90 264 166.01 -0.09
90 265 171.34 0.09
90 266 176.47 -0.10
90 267 182.17 0.07
90 268 187.10 -0.06
90 269 193.02 -0.07
90 270 198.30 -0.07
90 271 204.57 -0.04
90 272 209.88 0.00
90 273 215.98 -0.03
90 274 221.47 0.00
90 275 229.94 0.00
90 276 235.82 0.00
90 277 243.93 0.00
90 278 250.20 0.03
90 279 258.46 0.00
90 280 265.09 0.04
90 281 273.12 0.04
90 282 280.11 0.07
90 283 288.50 0.00
90 284 295.42 0.13
90 285 302.76 0.11
90 286 309.97 0.15
90 287 317.00 0.17
90 288 324.85 0.17
90 289 331.59 0.18
90 290 339.57 0.19
90 291 346.13 0.19
90 292 354.38 0.21
90 293 362.20 0.21
90 294 369.64 0.21
90 295 377.21 0.20
90 296 385.06 0.22
90 297 392.71 0.21
90 298 400.69 0.22
90 299 408.65 0.22
90 300 417.17 0.23
90 301 424.46 0.23
90 302 433.34 0.23
90 303 441.49 0.23
90 304 450.74 0.23
91 196 57.05 0.33
91 197 52.48 0.30
91 198 50.42 0.29
91 199 46.37 0.29
91 200 44.29 0.27
91 201 41.11 0.27
91 202 39.38 0.26
91 203 36.22 0.25
91 204 34.66 0.23
91 205 32.27 0.20
91 206 31.03 0.18
91 207 28.57 0.17
91 208 28.04 0.14
91 209 25.25 0.15
91 210 24.50 0.14
91 211 22.23 -0.14
91 212 21.41 -0.13
91 213 19.52 -0.11
91 214 19.47 0.07
91 215 17.71 0.03
91 216 17.27 0.03
91 217 16.59 0.00
91 218 18.39 -0.04
91 219 17.89 0.04
91 220 20.50 -0.06
91 221 20.55 0.08
91 222 22.77 0.10
91 223 22.55 0.15
91 224 24.44 0.21
91 225 24.86 0.17
91 226 26.82 0.20
91 227 27.38 0.20
91 228 29.46 0.21
91 229 30.42 0.25
91 230 32.52 0.22
91 231 33.73 0.25
91 232 36.20 0.24
91 233 37.70 0.24
91 234 40.51 0.26
91 235 42.44 0.26
91 236 45.34 0.24
91 237 47.46 0.26
91 238 50.84 0.27
91 239 53.18 0.26
91 240 56.90 0.25
91 241 59.46 0.26
91 242 63.49 0.26
91 243 66.26 0.27
91 244 70.02 0.27
91 245 72.98 0.27
91 246 77.20 0.25
91 247 80.64 0.25
91 248 84.97 0.26
91 249 88.70 0.25
91 250 93.23 0.24
91 251 97.03 0.23
91 252 101.36 0.21
91 253 105.53 0.21
91 254 110.21 0.17
91 255 114.33 0.19
91 256 119.32 0.17
91 257 123.68 0.18
91 258 128.43 0.18
91 259 132.71 0.16
91 260 137.74 0.16
91 261 142.54 0.16
91 262 147.56 0.14
91 263 152.62 -0.12
91 264 157.55 -0.09
91 265 162.22 -0.10
91 266 167.81 0.07
91 267 173.17 0.08
91 268 178.16 -0.09
91 269 183.07 0.06
91 270 189.03 -0.06
91 271 194.01 0.05
91 272 199.91 0.03
91 273 205.13 0.03
91 274 211.66 0.00
91 275 216.81 0.00
91 276 225.15 0.00
91 277 230.80 0.00
91 278 238.77 0.00
91 279 244.82 0.04
91 280 252.92 0.00
91 281 259.29 0.05
91 282 267.44 0.00
91 283 274.44 0.08
91 284 281.86 0.03
91 285 288.80 0.10
91 286 296.17 0.16
91 287 303.06 0.17
91 288 310.00 0.17
91 289 317.13 0.18
91 290 324.28 0.19
91 291 331.63 0.20
91 292 338.72 0.19
91 293 346.30 0.21
91 294 354.15 0.22
91 295 361.40 0.22
91 296 368.63 0.22
91 297 376.31 0.22
91 298 383.72 0.22
91 299 391.60 0.23
91 300 399.62 0.23
91 301 407.44 0.23
91 302 415.36 0.23
91 303 423.96 0.23
91 304 431.18 0.23
91 305 440.07 0.24
91 306 448.29 0.23
91 307 456.78 0.25
91 308 465.15 0.23
92 198 61.72 0.30
92 199 59.11 0.29
92 200 55.11 0.29
92 201 52.71 0.27
92 202 49.47 0.27
92 203 47.33 0.24
92 204 44.07 0.25
92 205 42.26 0.23
92 206 39.56 0.20
92 207 38.37 0.18
92 208 35.62 0.18
92 209 34.56 0.18
92 210 31.88 0.15
92 211 30.93 0.15
92 212 28.63 -0.11
92 213 27.76 -0.13
92 214 25.62 -0.11
92 215 25.42 0.07
92 216 23.49 0.06
92 217 23.08 0.05
92 218 22.20 0.00
92 219 23.80 -0.04
92 220 22.98 0.05
92 221 25.22 -0.07
92 222 24.94 0.10
92 223 26.43 0.20
92 224 26.36 0.17
92 225 27.50 0.21
92 226 27.96 0.20
92 227 29.39 0.25
92 228 29.75 0.22
92 229 31.29 0.22
92 230 32.17 0.23
92 231 34.19 0.28
92 232 34.88 0.26
92 233 37.33 0.27
92 234 38.38 0.26
92 235 41.08 0.27
92 236 42.96 0.28
92 237 45.78 0.25
92 238 47.72 0.29
92 239 50.86 0.25
92 240 53.00 0.27
92 241 56.46 0.28
92 242 58.90 0.28
92 243 62.68 0.30
92 244 65.17 0.27
92 245 69.02 0.27
92 246 72.08 0.26
92 247 76.04 0.26
92 248 79.33 0.26
92 249 83.27 0.25
92 250 86.66 0.25
92 251 91.25 0.23
92 252 94.53 0.23
92 253 99.00 0.22
92 254 102.76 0.20
92 255 107.52 0.21
92 256 111.36 0.21
92 257 116.05 0.19
92 258 120.22 0.18
92 259 125.13 0.16
92 260 129.35 0.17
92 261 134.37 0.17
92 262 138.75 0.13
92 263 143.87 0.14
92 264 148.41 0.13
92 265 153.86 -0.10
92 266 158.38 -0.09
92 267 163.56 0.10
92 268 168.19 -0.09
92 269 173.79 0.06
92 270 178.35 -0.07
92 271 184.19 -0.04
92 272 189.15 -0.04
92 273 194.72 0.03
92 274 200.03 0.00
92 275 206.12 0.00
92 276 211.16 0.00
92 277 219.37 0.00
92 278 224.81 0.00
92 279 232.63 0.00
92 280 238.84 0.00
92 281 246.43 0.00
92 282 253.18 0.00
92 283 260.60 0.00
92 284 267.08 0.05
92 285 274.97 0.11
92 286 281.63 0.11
92 287 288.81 0.19
92 288 295.61 0.17
92 289 302.59 0.17
92 290 309.38 0.19
92 291 316.37 0.22
92 292 323.22 0.21
92 293 330.30 0.21
92 294 337.57 0.22
92 295 344.94 0.21
92 296 351.90 0.22
92 297 359.25 0.22
92 298 366.94 0.23
92 299 374.12 0.23
92 300 381.89 0.23
92 301 389.77 0.24
92 302 397.63 0.23
92 303 405.11 0.23
92 304 413.14 0.24
92 305 420.96 0.24
92 306 429.68 0.24
92 307 437.42 0.24
92 308 445.60 0.25
92 309 454.54 0.24
92 310 462.31 0.25
93 200 69.86 0.30
93 201 65.15 0.27
93 202 62.49 0.29
93 203 59.08 0.27
93 204 56.85 0.28
93 205 53.40 0.24
93 206 51.41 0.23
93 207 48.60 0.21
93 208 47.31 0.19
93 209 44.33 0.19
93 210 43.16 0.19
93 211 40.24 0.18
93 212 39.18 0.14
93 213 36.60 -0.12
93 214 35.48 -0.13
93 215 33.40 -0.11
93 216 32.89 0.07
93 217 30.94 -0.06
93 218 30.41 -0.04
93 219 29.31 0.00
93 220 30.56 -0.04
93 221 29.79 -0.04
93 222 31.44 -0.07
93 223 30.94 0.12
93 224 32.11 0.19
93 225 31.88 0.17
93 226 32.64 0.21
93 227 32.92 0.20
93 228 33.84 0.25
93 229 34.45 0.22
93 230 35.75 0.25
93 231 36.19 0.25
93 232 37.85 0.28
93 233 38.57 0.27
93 234 40.53 0.27
93 235 41.47 0.26
93 236 43.69 0.27
93 237 45.10 0.28
93 238 47.93 0.25
93 239 49.57 0.28
93 240 52.47 0.28
93 241 54.53 0.28
93 242 57.49 0.28
93 243 60.14 0.29
93 244 63.65 0.30
93 245 66.00 0.27
93 246 69.75 0.28
93 247 72.24 0.27
93 248 76.24 0.26
93 249 79.42 0.26
93 250 83.27 0.26
93 251 86.70 0.24
93 252 90.64 0.23
93 253 94.31 0.23
93 254 98.27 0.23
93 255 102.07 0.23
93 256 106.56 0.21
93 257 110.29 0.20
93 258 114.66 0.19
93 259 118.63 0.19
93 260 123.84 0.20
93 261 127.86 0.18
93 262 132.44 0.17
93 263 137.13 0.14
93 264 142.25 -0.15
93 265 146.48 -0.11
93 266 151.45 -0.13
93 267 155.70 -0.12
93 268 160.81 -0.09
93 269 165.46 -0.11
93 270 170.54 -0.09
93 271 175.48 -0.07
93 272 180.91 -0.07
93 273 185.74 -0.07
93 274 191.62 -0.06
93 275 196.56 -0.05
93 276 202.47 -0.03
93 277 207.85 0.00
93 278 215.37 -0.03
93 279 220.82 -0.02
93 280 228.82 0.00
93 281 234.39 -0.03
93 282 241.84 0.03
93 283 248.24 0.06
93 284 255.91 0.06
93 285 261.98 0.09
93 286 269.50 0.11
93 287 275.81 0.13
93 288 282.88 0.23
93 289 289.88 0.21
93 290 296.47 0.23
93 291 303.19 0.23
93 292 309.79 0.24
93 293 316.81 0.22
93 294 323.80 0.23
93 295 330.94 0.25
93 296 337.85 0.23
93 297 344.86 0.23
93 298 352.00 0.23
93 299 359.27 0.23
93 300 366.53 0.23
93 301 374.20 0.23
93 302 381.50 0.24
93 303 389.12 0.24
93 304 396.86 0.24
93 305 404.71 0.24
93 306 412.29 0.24
93 307 420.23 0.24
93 308 428.34 0.24
93 309 436.57 0.24
93 310 444.56 0.24
93 311 452.90 0.24
93 312 460.91 0.25
93 313 469.38 0.24
93 314 477.41 0.24
93 315 485.91 0.24
93 316 494.21 0.24
93 317 502.87 0.23
93 318 511.39 0.23
93 319 520.20 0.22
93 320 528.73 0.22
94 202 74.70 0.30
94 203 72.12 0.29
94 204 68.06 0.30
94 205 65.77 0.28
94 206 62.24 0.25
94 207 59.99 0.24
94 208 57.01 0.22
94 209 55.18 0.19
94 210 51.94 0.20
94 211 50.84 0.19
94 212 47.68 0.17
94 213 46.50 0.16
94 214 43.84 -0.15
94 215 42.59 -0.14
94 216 40.19 -0.12
94 217 39.64 0.08
94 218 37.48 0.06
94 219 36.83 0.04
94 220 35.56 0.00
94 221 36.78 -0.04
94 222 35.41 0.04
94 223 37.09 -0.07
94 224 36.16 0.13
94 225 36.68 0.18
94 226 36.53 0.20
94 227 37.05 0.21
94 228 36.80 0.21
94 229 37.48 0.25
94 230 37.69 0.25
94 231 38.76 0.28
94 232 38.96 0.25
94 233 40.29 0.29
94 234 40.90 0.27
94 235 42.65 0.26
94 236 43.47 0.27
94 237 45.50 0.28
94 238 46.66 0.28
94 239 48.78 0.26
94 240 50.38 0.27
94 241 52.98 0.28
94 242 54.81 0.28
94 243 58.09 0.27
94 244 59.94 0.28
94 245 63.20 0.30
94 246 65.14 0.28
94 247 68.96 0.26
94 248 71.35 0.27
94 249 75.01 0.26
94 250 78.00 0.26
94 251 81.79 0.26
94 252 84.91 0.25
94 253 89.07 0.25
94 254 92.16 0.24
94 255 96.53 0.22
94 256 100.11 0.23
94 257 104.67 0.21
94 258 107.89 0.21
94 259 112.48 0.19
94 260 116.51 0.20
94 261 120.92 0.18
94 262 125.19 0.19
94 263 130.10 0.16
94 264 133.87 0.15
94 265 138.74 0.15
94 266 143.22 -0.13
94 267 147.98 -0.12
94 268 152.20 -0.12
94 269 157.41 -0.10
94 270 161.62 -0.08
94 271 167.02 0.06
94 272 171.44 -0.07
94 273 176.93 -0.07
94 274 181.62 0.05
94 275 187.05 0.04
94 276 191.77 0.03
94 277 197.94 0.00
94 278 202.72 0.00
94 279 210.63 0.00
94 280 215.74 0.00
94 281 223.28 0.00
94 282 229.15 0.00
94 283 236.45 0.00
94 284 242.26 0.04
94 285 249.99 0.00
94 286 256.12 0.05
94 287 263.17 0.18
94 288 269.56 0.17
94 289 275.66 0.21
94 290 282.68 0.17
94 291 289.30 0.22
94 292 296.00 0.20
94 293 302.55 0.22
94 294 309.04 0.22
94 295 315.61 0.23
94 296 322.55 0.23
94 297 329.89 0.23
94 298 336.68 0.23
94 299 343.68 0.23
94 300 350.90 0.23
94 301 357.81 0.23
94 302 365.21 0.24
94 303 372.67 0.24
94 304 380.21 0.24
94 305 387.43 0.24
94 306 395.20 0.25
94 307 402.77 0.25
94 308 410.54 0.25
94 309 418.71 0.25
94 310 426.28 0.25
94 311 434.74 0.24
94 312 442.83 0.24
94 313 450.52 0.25
94 314 458.67 0.25
94 315 466.82 0.25
94 316 475.57 0.24
94 317 483.81 0.24
94 318 491.94 0.24
94 319 500.19 0.24
94 320 509.12 0.23
94 321 517.21 0.23
94 322 526.25 0.22
95 212 59.88 0.20
95 213 56.96 0.19
95 214 55.40 -0.16
95 215 52.43 -0.14
95 216 51.50 -0.15
95 217 48.78 -0.13
95 218 48.23 0.06
95 219 45.33 0.06
95 220 44.71 0.04
95 221 43.19 0.00
95 222 44.33 -0.03
95 223 42.48 0.05
95 224 44.13 0.18
95 225 42.90 0.07
95 226 43.15 0.19
95 227 42.56 0.18
95 228 42.91 0.23
95 229 42.63 0.19
95 230 43.26 0.27
95 231 43.04 0.22
95 232 44.10 0.27
95 233 44.12 0.26
95 234 44.93 0.30
95 235 45.16 0.30
95 236 47.01 0.30
95 237 47.42 0.30
95 238 49.28 0.30
95 239 50.00 0.28
95 240 52.00 0.28
95 241 53.30 0.28
95 242 55.61 0.28
95 243 57.13 0.28
95 244 60.17 0.28
95 245 61.99 0.28
95 246 65.32 0.31
95 247 67.16 0.26
95 248 70.30 0.26
95 249 72.61 0.26
95 250 76.27 0.25
95 251 79.00 0.26
95 252 82.51 0.27
95 253 85.59 0.26
95 254 89.64 0.25
95 255 92.43 0.25
95 256 96.48 0.25
95 257 99.94 0.24
95 258 104.29 0.24
95 259 107.76 0.22
95 260 112.00 0.21
95 261 115.99 0.18
95 262 120.11 0.18
95 263 123.91 0.19
95 264 129.52 -0.16
95 265 133.51 -0.14
95 266 137.63 -0.14
95 267 141.87 -0.12
95 268 146.37 -0.12
95 269 150.51 -0.13
95 270 155.55 -0.12
95 271 159.53 -0.09
95 272 164.64 -0.09
95 273 169.28 -0.10
95 274 174.47 -0.09
95 275 179.19 0.04
95 276 184.41 0.04
95 277 189.26 0.03
95 278 195.22 0.00
95 279 199.85 0.00
95 280 207.60 0.00
95 281 212.55 0.00
95 282 219.93 0.00
95 283 225.63 0.00
95 284 232.78 0.00
95 285 238.55 0.05
95 286 246.00 0.00
95 287 251.89 0.10
95 288 258.77 0.17
95 289 264.69 0.19
95 290 270.86 0.23
95 291 277.36 0.21
95 292 283.68 0.21
95 293 290.10 0.19
95 294 296.37 0.25
95 295 303.27 0.23
95 296 309.56 0.22
95 297 316.55 0.25
95 298 323.12 0.24
95 299 329.92 0.24
95 300 337.06 0.24
95 301 343.81 0.24
95 302 350.69 0.24
95 303 357.83 0.25
95 304 365.50 0.25
95 305 372.43 0.25
95 306 379.85 0.25
95 307 387.11 0.25
95 308 394.66 0.25
95 309 402.60 0.25
95 310 409.88 0.24
95 311 418.00 0.25
95 312 425.81 0.25
95 313 433.37 0.25
95 314 441.49 0.25
95 315 449.83 0.24
95 316 457.47 0.25
95 317 465.99 0.25
95 318 473.85 0.25
95 319 482.78 0.24
95 320 490.27 0.24
95 321 499.19 0.24
95 322 507.51 0.23
95 323 516.33 0.22
95 324 523.98 0.22
96 214 65.06 0.18
96 215 63.69 -0.16
96 216 60.81 -0.15
96 217 58.90 -0.14
96 218 56.19 -0.12
96 219 54.87 -0.11
96 220 52.66 0.07
96 221 51.66 0.05
96 222 50.22 0.00
96 223 50.81 -0.07
96 224 48.78 0.06
96 225 50.19 -0.08
96 226 48.65 0.10
96 227 48.71 0.18
96 228 47.89 0.25
96 229 47.74 0.22
96 230 47.12 0.25
96 231 47.20 0.27
96 232 47.11 0.26
96 233 47.56 0.28
96 234 47.45 0.26
96 235 48.35 0.29
96 236 48.65 0.28
96 237 49.80 0.28
96 238 50.20 0.27
96 239 51.48 0.29
96 240 52.27 0.27
96 241 53.92 0.27
96 242 55.14 0.28
96 243 57.17 0.28
96 244 58.64 0.28
96 245 61.09 0.28
96 246 62.66 0.28
96 247 65.91 0.28
96 248 67.62 0.28
96 249 70.62 0.28
96 250 72.79 0.28
96 251 76.49 0.28
96 252 78.90 0.27
96 253 82.32 0.27
96 254 85.01 0.27
96 255 89.06 0.25
96 256 91.77 0.26
96 257 95.56 0.25
96 258 98.78 0.24
96 259 103.05 0.24
96 260 106.35 0.23
96 261 110.33 0.21
96 262 114.30 0.21
96 263 118.48 0.20
96 264 122.27 0.18
96 265 127.01 0.17
96 266 131.38 -0.15
96 267 135.39 -0.15
96 268 139.43 -0.13
96 269 143.90 -0.15
96 270 147.83 -0.12
96 271 152.68 -0.11
96 272 156.48 -0.12
96 273 161.74 -0.10
96 274 165.97 -0.09
96 275 171.09 -0.07
96 276 175.79 0.05
96 277 180.82 0.03
96 278 185.77 0.00
96 279 191.37 0.00
96 280 195.88 0.00
96 281 203.50 0.00
96 282 208.27 0.00
96 283 215.37 0.04
96 284 220.43 0.03
96 285 228.06 0.00
96 286 234.15 0.00
96 287 240.96 0.00
96 288 246.98 0.24
96 289 252.88 0.21
96 290 258.75 0.24
96 291 264.42 0.22
96 292 270.90 0.23
96 293 276.79 0.25
96 294 283.38 0.24
96 295 289.26 0.24
96 296 296.28 0.23
96 297 302.21 0.26
96 298 309.08 0.23
96 299 315.75 0.26
96 300 322.33 0.24
96 301 329.28 0.26
96 302 336.13 0.25
96 303 342.71 0.24
96 304 349.96 0.25
96 305 356.89 0.26
96 306 363.99 0.25
96 307 371.37 0.26
96 308 378.62 0.25
96 309 385.76 0.25
96 310 393.33 0.25
96 311 400.94 0.25
96 312 408.54 0.26
96 313 416.35 0.25
96 314 423.87 0.25
96 315 431.81 0.26
96 316 439.87 0.25
96 317 447.53 0.25
96 318 455.99 0.25
96 319 463.82 0.25
96 320 472.20 0.25
96 321 480.75 0.23
96 322 488.83 0.24
96 323 496.69 0.24
96 324 505.60 0.24
96 325 513.89 0.22
96 326 522.43 0.22
97 216 73.29 0.17
97 217 70.02 -0.15
97 218 68.19 -0.14
97 219 65.52 -0.12
97 220 64.01 -0.11
97 221 61.23 0.06
97 222 60.23 0.03
97 223 58.38 0.00
97 224 58.96 0.04
97 225 56.76 0.05
97 226 57.74 -0.07
97 227 56.29 0.11
97 228 55.76 0.28
97 229 54.48 0.24
97 230 54.22 0.28
97 231 53.66 0.29
97 232 53.45 0.25
97 233 52.87 0.27
97 234 53.69 0.26
97 235 52.95 0.26
97 236 53.72 0.29
97 237 53.82 0.27
97 238 54.59 0.30
97 239 54.83 0.29
97 240 56.06 0.27
97 241 56.64 0.29
97 242 58.02 0.29
97 243 58.90 0.28
97 244 60.87 0.29
97 245 62.13 0.29
97 246 64.54 0.29
97 247 65.83 0.29
97 248 68.36 0.31
97 249 70.09 0.30
97 250 72.92 0.28
97 251 75.21 0.29
97 252 78.29 0.28
97 253 80.61 0.28
97 254 84.16 0.28
97 255 86.67 0.29
97 256 90.15 0.26
97 257 93.10 0.25
97 258 96.72 0.26
97 259 99.60 0.24
97 260 103.88 0.24
97 261 106.51 0.23
97 262 110.91 0.23
97 263 114.04 0.21
97 264 118.27 0.20
97 265 121.97 0.18
97 266 126.59 0.19
97 267 130.47 0.16
97 268 135.15 -0.14
97 269 138.79 -0.15
97 270 143.24 -0.15
97 271 146.97 -0.13
97 272 151.46 -0.12
97 273 155.51 -0.10
97 274 160.49 -0.12
97 275 164.68 -0.08
97 276 169.54 -0.09
97 277 173.84 -0.05
97 278 179.36 -0.04
97 279 183.73 0.00
97 280 189.20 0.00
97 281 193.56 0.00
97 282 201.03 0.00
97 283 205.63 0.00
97 284 212.72 0.00
97 285 218.09 0.00
97 286 224.94 0.00
97 287 230.64 -0.04
97 288 237.28 0.03
97 289 243.46 -0.04
97 290 248.39 0.28
97 291 254.37 0.25
97 292 259.78 0.23
97 293 266.30 0.25
97 294 271.66 0.25
97 295 278.50 0.24
97 296 284.01 0.26
97 297 291.21 0.25
97 298 296.70 0.26
97 299 303.66 0.25
97 300 309.71 0.25
97 301 316.70 0.26
97 302 323.06 0.26
97 303 330.07 0.24
97 304 337.02 0.26
97 305 343.57 0.26
97 306 350.21 0.26
97 307 357.13 0.25
97 308 364.30 0.25
97 309 371.65 0.25
97 310 378.69 0.25
97 311 386.28 0.25
97 312 393.96 0.24
97 313 400.90 0.25
97 314 408.75 0.26
97 315 415.98 0.25
97 316 423.83 0.26
97 317 431.49 0.25
97 318 439.35 0.24
97 319 447.24 0.26
97 320 455.06 0.26
97 321 463.60 0.25
97 322 471.70 0.24
97 323 479.91 0.24
97 324 487.87 0.22
97 325 496.47 0.24
97 326 504.45 0.22
97 327 513.06 0.22
97 328 521.67 0.21
98 218 78.98 0.17
98 219 76.90 -0.15
98 220 74.00 -0.12
98 221 71.79 -0.11
98 222 69.07 0.07
98 223 67.70 0.04
98 224 66.11 0.00
98 225 66.28 0.04
98 226 63.41 0.06
98 227 64.17 0.23
98 228 62.62 0.21
98 229 61.81 0.25
98 230 60.48 0.28
98 231 59.86 0.28
98 232 59.24 0.27
98 233 58.74 0.28
98 234 58.27 0.26
98 235 58.39 0.27
98 236 57.95 0.28
98 237 58.04 0.28
98 238 57.99 0.28
98 239 58.53 0.29
98 240 58.78 0.28
98 241 59.61 0.29
98 242 60.05 0.28
98 243 61.19 0.28
98 244 61.97 0.29
98 245 63.65 0.29
98 246 64.74 0.29
98 247 66.79 0.28
98 248 67.90 0.29
98 249 70.44 0.30
98 250 71.70 0.29
98 251 74.23 0.28
98 252 76.22 0.29
98 253 79.31 0.27
98 254 81.46 0.28
98 255 84.67 0.27
98 256 86.98 0.28
98 257 90.69 0.27
98 258 92.87 0.26
98 259 96.50 0.26
98 260 99.34 0.26
98 261 103.23 0.24
98 262 106.26 0.24
98 263 110.08 0.23
98 264 113.56 0.22
98 265 117.40 0.22
98 266 121.08 0.21
98 267 125.20 0.19
98 268 129.56 -0.16
98 269 133.36 -0.14
98 270 136.98 -0.15
98 271 141.14 -0.14
98 272 144.93 -0.13
98 273 149.45 -0.13
98 274 153.25 -0.13
98 275 158.05 -0.12
98 276 162.05 -0.08
98 277 166.90 -0.09
98 278 171.27 -0.08
98 279 176.48 -0.05
98 280 180.97 0.00
98 281 186.33 0.00
98 282 190.58 0.00
98 283 197.41 -0.06
98 284 201.73 0.02
98 285 209.26 0.00
98 286 213.92 0.05
98 287 220.99 -0.09
98 288 226.16 0.04
98 289 232.91 -0.04
98 290 237.83 0.27
98 291 243.08 0.28
98 292 249.21 0.25
98 293 254.65 0.23
98 294 260.73 0.26
98 295 266.02 0.25
98 296 272.68 0.26
98 297 278.55 0.25
98 298 284.77 0.25
98 299 290.55 0.26
98 300 297.20 0.25
98 301 303.22 0.26
98 302 310.04 0.25
98 303 316.36 0.26
98 304 322.96 0.25
98 305 330.02 0.29
98 306 336.42 0.24
98 307 343.04 0.27
98 308 349.92 0.25
98 309 356.73 0.25
98 310 363.61 0.25
98 311 370.91 0.25
98 312 378.06 0.26
98 313 385.34 0.25
98 314 392.31 0.26
98 315 399.97 0.25
98 316 407.54 0.25
98 317 414.85 0.25
98 318 422.61 0.25
98 319 430.67 0.24
98 320 438.06 0.26
98 321 445.82 0.26
98 322 453.70 0.24
98 323 461.49 0.25
98 324 469.99 0.25
98 325 477.99 0.25
98 326 486.21 0.24
98 327 494.02 0.23
98 328 502.82 0.22
98 329 511.04 0.22
98 330 519.48 0.22
99 220 87.31 0.11
99 221 83.87 -0.14
99 222 82.07 -0.12
99 223 78.17 0.06
99 224 77.19 0.04
99 225 74.68 0.00
99 226 75.01 -0.10
99 227 71.69 0.06
99 228 72.08 0.23
99 229 70.68 0.23
99 230 69.77 0.21
99 231 68.19 0.23
99 232 67.90 0.28
99 233 66.88 0.22
99 234 66.51 0.27
99 235 65.43 0.28
99 236 65.56 0.30
99 237 64.71 0.24
99 238 64.50 0.29
99 239 64.30 0.28
99 240 64.53 0.31
99 241 64.32 0.28
99 242 65.42 0.32
99 243 65.52 0.26
99 244 66.42 0.29
99 245 67.15 0.30
99 246 68.38 0.29
99 247 68.93 0.28
99 248 71.07 0.27
99 249 72.04 0.28
99 250 74.22 0.31
99 251 75.30 0.27
99 252 77.67 0.28
99 253 79.22 0.26
99 254 81.97 0.26
99 255 83.98 0.27
99 256 87.15 0.28
99 257 89.34 0.25
99 258 92.22 0.25
99 259 94.65 0.25
99 260 98.08 0.26
99 261 100.84 0.25
99 262 104.48 0.25
99 263 107.40 0.24
99 264 111.22 0.23
99 265 114.41 0.23
99 266 118.03 0.23
99 267 121.64 0.20
99 268 125.99 0.18
99 269 129.37 0.17
99 270 133.76 -0.14
99 271 136.97 -0.15
99 272 140.99 -0.14
99 273 144.44 -0.13
99 274 148.92 -0.14
99 275 152.73 -0.11
99 276 157.00 -0.11
99 277 160.97 -0.10
99 278 165.75 -0.08
99 279 170.22 -0.07
99 280 174.91 -0.07
99 281 179.46 -0.06
99 282 184.76 0.00
99 283 188.88 0.00
99 284 196.04 0.00
99 285 200.29 0.00
99 286 207.08 0.00
99 287 212.11 0.00
99 288 218.49 0.06
99 289 223.90 -0.07
99 290 229.96 -0.16
99 291 234.64 0.31
99 292 239.61 0.28
99 293 245.33 0.27
99 294 250.87 0.28
99 295 256.93 0.27
99 296 262.12 0.29
99 297 268.54 0.27
99 298 273.98 0.27
99 299 280.37 0.27
99 300 285.92 0.26
99 301 292.60 0.25
99 302 298.13 0.26
99 303 304.66 0.26
99 304 310.86 0.26
99 305 317.79 0.25
99 306 323.81 0.27
99 307 330.40 0.25
99 308 337.21 0.26
99 309 343.78 0.26
99 310 350.68 0.27
99 311 357.70 0.27
99 312 364.35 0.26
99 313 371.39 0.26
99 314 378.25 0.25
99 315 385.73 0.26
99 316 392.91 0.26
99 317 400.32 0.26
99 318 407.73 0.26
99 319 415.23 0.25
99 320 422.24 0.26
99 321 430.20 0.25
99 322 437.78 0.26
99 323 446.08 0.26
99 324 453.38 0.25
99 325 462.03 0.24
99 326 469.85 0.25
99 327 478.08 0.24
99 328 485.73 0.24
99 329 494.23 0.24
99 330 502.36 0.21
99 331 510.72 0.22
99 332 518.58 0.24
100 222 93.57 0.11
100 223 91.49 0.12
100 224 87.39 0.08
100 225 85.23 0.03
100 226 83.08 0.00
100 227 82.94 -0.08
100 228 79.69 0.06
100 229 79.63 0.25
100 230 78.06 0.09
100 231 76.36 0.27
100 232 74.99 0.30
100 233 74.32 0.28
100 234 73.04 0.32
100 235 72.39 0.30
100 236 71.17 0.27
100 237 70.55 0.26
100 238 69.94 0.29
100 239 69.73 0.27
100 240 69.21 0.28
100 241 69.08 0.29
100 242 69.07 0.28
100 243 69.58 0.31
100 244 69.56 0.29
100 245 70.49 0.29
100 246 70.74 0.29
100 247 71.92 0.29
100 248 72.31 0.29
100 249 74.06 0.29
100 250 74.71 0.29
100 251 76.72 0.29
100 252 77.45 0.29
100 253 79.85 0.28
100 254 81.21 0.29
100 255 83.78 0.28
100 256 85.41 0.27
100 257 88.25 0.27
100 258 90.33 0.26
100 259 93.23 0.26
100 260 95.52 0.27
100 261 98.71 0.26
100 262 101.41 0.26
100 263 105.10 0.24
100 264 107.55 0.25
100 265 111.19 0.23
100 266 114.06 0.23
100 267 117.95 0.22
100 268 121.19 0.22
100 269 124.98 0.21
100 270 128.88 0.17
100 271 132.87 -0.15
100 272 136.00 -0.15
100 273 140.02 -0.14
100 274 143.53 -0.13
100 275 147.89 -0.12
100 276 151.21 -0.14
100 277 155.58 -0.11
100 278 159.48 -0.09
100 279 164.11 -0.08
100 280 168.11 -0.08
100 281 173.12 -0.07
100 282 177.20 0.04
100 283 182.76 0.00
100 284 186.76 0.00
100 285 192.96 -0.06
100 286 197.17 0.03
100 287 204.12 0.04
100 288 208.64 0.05
100 289 215.07 -0.09
100 290 220.49 0.09
100 291 224.59 0.27
100 292 230.32 0.30
100 293 235.45 0.27
100 294 240.66 0.29
100 295 246.60 0.29
100 296 252.11 0.29
100 297 257.31 0.29
100 298 263.55 0.29
100 299 268.74 0.27
100 300 275.24 0.26
100 301 280.42 0.26
100 302 286.97 0.26
100 303 292.44 0.26
100 304 299.04 0.26
100 305 305.04 0.29
100 306 311.62 0.27
100 307 317.54 0.28
100 308 324.34 0.26
100 309 330.35 0.27
100 310 337.27 0.25
100 311 344.03 0.27
100 312 350.43 0.26
100 313 357.25 0.26
100 314 364.22 0.26
100 315 371.73 0.26
100 316 377.96 0.26
100 317 385.40 0.25
100 318 392.31 0.25
100 319 399.39 0.26
100 320 406.79 0.26
100 321 414.41 0.25
100 322 421.93 0.26
100 323 428.83 0.26
100 324 437.17 0.25
100 325 444.44 0.25
100 326 452.47 0.25
100 327 460.22 0.25
100 328 468.52 0.25
100 329 475.91 0.25
100 330 484.38 0.23
100 331 492.19 0.26
100 332 500.86 0.23
100 333 508.81 0.25
100 334 517.53 0.22
101 224 102.06 -0.11
101 225 98.53 0.08
101 226 95.98 0.00
101 227 92.67 0.00
101 228 91.98 -0.07
101 229 88.82 0.03
101 230 89.05 -0.08
101 231 86.35 0.31
101 232 85.20 0.30
101 233 83.24 0.31
101 234 82.11 0.30
101 235 80.71 0.28
101 236 80.26 0.31
101 237 78.62 0.29
101 238 78.20 0.32
101 239 76.89 0.28
101 240 76.75 0.32
101 241 76.06 0.30
101 242 75.88 0.29
101 243 75.48 0.30
101 244 75.60 0.31
101 245 75.48 0.29
101 246 76.04 0.31
101 247 76.30 0.31
101 248 77.17 0.29
101 249 77.39 0.30
101 250 78.84 0.29
101 251 79.25 0.29
101 252 81.04 0.30
101 253 81.92 0.29
101 254 83.70 0.29
101 255 85.08 0.29
101 256 87.52 0.28
101 257 88.79 0.28
101 258 91.37 0.28
101 259 93.11 0.27
101 260 95.80 0.27
101 261 98.14 0.28
101 262 101.08 0.27
101 263 103.67 0.26
101 264 107.36 0.24
101 265 109.45 0.25
101 266 112.94 0.24
101 267 115.92 0.21
101 268 119.39 0.22
101 269 122.79 0.21
101 270 126.41 0.22
101 271 129.74 0.19
101 272 133.95 -0.16
101 273 137.04 -0.15
101 274 140.69 -0.15
101 275 143.99 -0.13
101 276 148.20 -0.14
101 277 151.37 -0.13
101 278 155.52 -0.12
101 279 159.27 -0.10
101 280 163.86 -0.08
101 281 167.93 -0.10
101 282 172.76 -0.07
101 283 176.58 -0.04
101 284 182.09 0.00
101 285 185.98 0.00
101 286 191.74 -0.04
101 287 196.02 -0.03
101 288 202.82 0.04
101 289 207.87 0.00
101 290 212.21 0.33
101 291 217.22 0.34
101 292 222.33 0.33
101 293 227.68 0.33
101 294 232.67 0.33
101 295 238.20 0.33
101 296 243.67 0.32
101 297 249.09 0.31
101 298 254.20 0.30
101 299 260.21 0.31
101 300 265.64 0.32
101 301 271.80 0.27
101 302 277.10 0.31
101 303 283.36 0.26
101 304 288.32 0.28
101 305 295.01 0.29
101 306 300.20 0.27
101 307 307.24 0.27
101 308 313.28 0.30
101 309 319.54 0.27
101 310 325.71 0.26
101 311 332.19 0.26
101 312 338.58 0.26
101 313 345.22 0.27
101 314 351.91 0.27
101 315 358.39 0.26
101 316 365.71 0.26
101 317 372.17 0.26
101 318 379.18 0.26
101 319 386.32 0.26
101 320 393.27 0.26
101 321 400.45 0.26
101 322 408.04 0.26
101 323 415.31 0.26
101 324 422.33 0.26
101 325 430.10 0.26
101 326 437.42 0.25
101 327 444.96 0.25
101 328 452.72 0.26
101 329 461.05 0.24
101 330 468.72 0.24
101 331 476.86 0.24
101 332 484.81 0.22
101 333 492.82 0.23
101 334 500.54 0.26
101 335 509.39 0.23
101 336 516.98 0.23
101 337 525.68 0.20
101 338 533.62 0.20
101 339 542.29 0.19
101 340 550.39 0.15
101 341 559.38 -0.14
101 342 566.86 -0.14
102 226 108.30 0.08
102 227 106.08 0.04
102 228 101.47 0.00
102 229 101.36 0.16
102 230 97.42 0.05
102 231 97.43 -0.22
102 232 94.23 0.32
102 233 93.11 0.28
102 234 90.70 0.31
102 235 89.61 0.29
102 236 88.00 0.30
102 237 87.17 0.31
102 238 85.40 0.30
102 239 84.65 0.30
102 240 83.64 0.29
102 241 82.75 0.30
102 242 81.94 0.30
102 243 81.52 0.30
102 244 80.92 0.30
102 245 81.02 0.30
102 246 80.73 0.29
102 247 80.88 0.30
102 248 81.00 0.30
102 249 81.66 0.28
102 250 81.82 0.30
102 251 83.00 0.28
102 252 83.16 0.29
102 253 84.78 0.29
102 254 85.31 0.29
102 255 86.89 0.29
102 256 88.13 0.30
102 257 90.05 0.27
102 258 91.60 0.29
102 259 94.14 0.27
102 260 95.50 0.28
102 261 97.90 0.27
102 262 99.81 0.26
102 263 102.23 0.27
102 264 104.75 0.25
102 265 108.20 0.26
102 266 110.39 0.26
102 267 113.73 0.24
102 268 116.37 0.23
102 269 119.90 0.22
102 270 122.65 0.22
102 271 126.47 0.22
102 272 129.72 0.19
102 273 133.68 0.21
102 274 136.93 -0.16
102 275 140.38 -0.15
102 276 143.27 -0.15
102 277 147.39 -0.15
102 278 150.62 -0.14
102 279 154.70 -0.12
102 280 158.56 -0.11
102 281 162.86 -0.10
102 282 166.50 -0.09
102 283 171.40 0.05
102 284 175.38 0.06
102 285 180.10 -0.05
102 286 184.38 0.00
102 287 189.81 -0.14
102 288 194.17 0.04
102 289 199.79 -0.14
102 290 204.73 0.06
102 291 209.55 0.36
102 292 214.40 0.33
102 293 219.07 0.33
102 294 224.19 0.33
102 295 229.06 0.33
102 296 234.49 0.31
102 297 239.57 0.29
102 298 245.14 0.31
102 299 249.69 0.29
102 300 255.76 0.30
102 301 260.92 0.30
102 302 266.99 0.27
102 303 272.09 0.25
102 304 278.28 0.28
102 305 283.48 0.27
102 306 289.87 0.27
102 307 295.74 0.28
102 308 301.65 0.27
102 309 307.23 0.27
102 310 313.61 0.27
102 311 319.64 0.27
102 312 325.86 0.28
102 313 332.43 0.27
102 314 338.65 0.26
102 315 345.28 0.26
102 316 351.92 0.26
102 317 358.67 0.26
102 318 365.11 0.26
102 319 371.88 0.25
102 320 378.72 0.25
102 321 385.75 0.26
102 322 392.84 0.26
102 323 400.29 0.25
102 324 407.13 0.26
102 325 414.31 0.26
102 326 421.71 0.25
102 327 429.12 0.25
102 328 436.35 0.26
102 329 444.26 0.26
102 330 452.13 0.25
102 331 459.29 0.26
102 332 467.80 0.25
102 333 475.11 0.26
102 334 483.46 0.23
102 335 491.28 0.27
102 336 499.65 0.22
102 337 507.78 0.24
102 338 516.02 0.22
102 339 523.52 0.21
102 340 532.53 0.19
102 341 539.87 0.20
102 342 549.59 -0.16
102 343 556.84 0.17
102 344 565.31 -0.15
103 236 98.50 0.28
103 237 96.72 0.35
103 238 95.95 0.30
103 239 93.89 0.28
103 240 92.79 0.32
103 241 91.45 0.28
103 242 90.52 0.32
103 243 89.72 0.29
103 244 89.07 0.28
103 245 88.28 0.28
103 246 87.97 0.31
103 247 87.33 0.28
103 248 87.37 0.28
103 249 87.36 0.27
103 250 87.82 0.27
103 251 87.81 0.28
103 252 88.76 0.28
103 253 88.79 0.27
103 254 90.11 0.28
103 255 90.14 0.28
103 256 92.00 0.29
103 257 92.84 0.27
103 258 94.39 0.27
103 259 95.63 0.27
103 260 98.10 0.25
103 261 99.34 0.27
103 262 101.48 0.27
103 263 103.39 0.26
103 264 105.42 0.26
103 265 107.86 0.26
103 266 110.52 0.26
103 267 112.98 0.25
103 268 116.07 0.24
103 269 118.61 0.25
103 270 121.90 0.23
103 271 124.85 0.22
103 272 128.08 0.23
103 273 131.28 0.20
103 274 134.98 0.21
103 275 138.23 -0.16
103 276 141.77 -0.14
103 277 144.69 -0.15
103 278 148.27 -0.14
103 279 151.37 -0.14
103 280 155.41 -0.13
103 281 158.96 -0.13
103 282 163.15 -0.08
103 283 167.42 0.06
103 284 171.68 0.05
103 285 175.54 0.04
103 286 180.11 0.05
103 287 184.22 0.00
103 288 189.24 -0.14
103 289 193.67 0.04
103 290 198.81 -0.15
103 291 203.88 0.04
103 292 207.57 0.40
103 293 212.83 0.33
103 294 217.27 0.34
103 295 222.56 0.34
103 296 227.26 0.33
103 297 232.33 0.33
103 298 237.16 0.31
103 299 242.50 0.31
103 300 247.52 0.29
103 301 253.09 0.31
103 302 257.88 0.30
103 303 264.06 0.30
103 304 269.32 0.30
103 305 275.13 0.28
103 306 280.32 0.32
103 307 286.67 0.29
103 308 292.26 0.27
103 309 297.90 0.27
103 310 303.30 0.28
103 311 309.68 0.27
103 312 315.76 0.26
103 313 321.76 0.27
103 314 328.17 0.28
103 315 334.02 0.26
103 316 340.47 0.27
103 317 346.95 0.26
103 318 353.66 0.26
103 319 359.98 0.26
103 320 366.53 0.26
103 321 373.43 0.26
103 322 380.17 0.25
103 323 387.19 0.26
103 324 393.91 0.26
103 325 401.02 0.26
103 326 407.94 0.25
103 327 415.61 0.26
103 328 422.62 0.25
103 329 430.11 0.25
103 330 437.58 0.25
103 331 445.15 0.25
103 332 452.66 0.25
103 333 460.70 0.24
103 334 467.93 0.23
103 335 476.20 0.24
103 336 483.66 0.25
103 337 492.24 0.21
103 338 499.54 0.22
103 339 508.02 0.23
103 340 515.54 0.21
103 341 524.81 0.18
103 342 531.95 0.24
103 343 541.21 -0.16
103 344 548.82 -0.15
103 345 557.15 -0.15
103 346 565.12 -0.15
103 347 573.00 -0.14
104 238 104.57 0.30
104 239 103.45 0.31
104 240 101.43 0.33
104 241 100.08 0.31
104 242 98.49 0.30
104 243 97.66 0.31
104 244 96.40 0.31
104 245 95.28 0.29
104 246 94.82 0.29
104 247 94.33 0.30
104 248 93.47 0.28
104 249 93.11 0.31
104 250 92.88 0.29
104 251 93.07 0.29
104 252 92.73 0.29
104 253 93.64 0.30
104 254 93.64 0.30
104 255 94.63 0.30
104 256 94.65 0.30
104 257 96.07 0.29
104 258 96.52 0.29
104 259 98.21 0.27
104 260 99.09 0.28
104 261 101.39 0.27
104 262 102.11 0.27
104 263 104.32 0.25
104 264 105.85 0.26
104 265 108.12 0.27
104 266 110.04 0.27
104 267 112.48 0.26
104 268 114.94 0.26
104 269 117.78 0.24
104 270 120.11 0.24
104 271 123.65 0.22
104 272 126.00 0.22
104 273 129.26 0.22
104 274 132.31 0.21
104 275 135.65 0.21
104 276 139.15 -0.15
104 277 142.23 -0.15
104 278 144.96 -0.15
104 279 148.56 -0.15
104 280 151.48 -0.14
104 281 155.34 -0.15
104 282 158.71 -0.12
104 283 163.05 -0.19
104 284 166.31 -0.09
104 285 171.19 0.07
104 286 174.73 0.05
104 287 179.19 -0.19
104 288 183.39 0.00
104 289 188.03 -0.14
104 290 192.41 0.06
104 291 197.42 -0.16
104 292 202.38 0.06
104 293 206.09 0.36
104 294 210.37 0.35
104 295 214.57 0.35
104 296 219.81 0.35
104 297 224.25 0.33
104 298 229.49 0.32
104 299 234.16 0.31
104 300 239.54 0.31
104 301 243.94 0.29
104 302 249.73 0.32
104 303 254.41 0.31
104 304 260.09 0.31
104 305 265.59 0.30
104 306 271.15 0.31
104 307 276.36 0.31
104 308 282.23 0.29
104 309 287.76 0.26
104 310 293.61 0.27
104 311 298.50 0.27
104 312 304.83 0.27
104 313 310.53 0.27
104 314 316.95 0.26
104 315 322.83 0.29
104 316 328.61 0.26
104 317 334.88 0.27
104 318 340.92 0.26
104 319 347.38 0.26
104 320 353.80 0.26
104 321 360.35 0.26
104 322 367.07 0.26
104 323 373.77 0.27
104 324 380.43 0.26
104 325 387.51 0.26
104 326 394.08 0.26
104 327 401.37 0.25
104 328 408.26 0.26
104 329 415.33 0.25
104 330 422.83 0.25
104 331 429.78 0.25
104 332 437.81 0.26
104 333 444.65 0.25
104 334 452.67 0.24
104 335 460.17 0.24
104 336 468.11 0.24
104 337 475.89 0.22
104 338 483.43 0.24
104 339 491.46 0.24
104 340 499.45 0.23
104 341 506.78 0.20
104 342 515.49 0.21
104 343 524.16 -0.16
104 344 531.81 0.18
104 345 540.00 -0.16
104 346 548.20 -0.14
104 347 556.00 -0.15
104 348 563.89 -0.14
104 349 571.75 -0.15
105 240 112.42 0.29
105 241 110.54 0.30
105 242 108.90 0.30
105 243 107.22 0.29
105 244 106.26 0.29
105 245 104.77 0.29
105 246 103.86 0.27
105 247 102.61 0.28
105 248 102.32 0.29
105 249 101.36 0.28
105 250 100.85 0.30
105 251 100.15 0.27
105 252 100.28 0.28
105 253 100.22 0.26
105 254 100.28 0.30
105 255 100.10 0.28
105 256 101.06 0.29
105 257 100.75 0.27
105 258 102.09 0.29
105 259 102.38 0.27
105 260 103.68 0.27
105 261 104.37 0.27
105 262 106.01 0.26
105 263 107.12 0.26
105 264 108.91 0.25
105 265 110.35 0.26
105 266 111.94 0.26
105 267 113.91 0.25
105 268 116.22 0.25
105 269 118.27 0.25
105 270 121.37 0.25
105 271 123.30 0.23
105 272 126.34 0.23
105 273 128.72 0.23
105 274 132.29 0.21
105 275 134.86 0.21
105 276 138.11 0.21
105 277 141.06 -0.17
105 278 144.26 -0.15
105 279 146.72 -0.15
105 280 150.62 -0.14
105 281 153.22 -0.14
105 282 156.92 -0.13
105 283 160.07 -0.18
105 284 164.03 -0.19
105 285 167.38 -0.13
105 286 171.58 -0.18
105 287 175.06 -0.18
105 288 180.47 0.00
105 289 183.55 -0.19
105 290 188.17 -0.19
105 291 192.31 -0.20
105 292 196.82 -0.15
105 293 202.23 0.06
105 294 204.89 0.38
105 295 209.83 0.39
105 296 213.98 0.38
105 297 218.81 0.38
105 298 223.16 0.36
105 299 228.69 0.37
105 300 233.09 0.31
105 301 238.13 0.33
105 302 242.65 0.31
105 303 247.89 0.34
105 304 252.42 0.31
105 305 258.22 0.32
105 306 263.45 0.30
105 307 268.81 0.31
105 308 273.72 0.31
105 309 279.61 0.30
105 310 284.67 0.26
105 311 290.43 0.25
105 312 295.44 0.28
105 313 301.83 0.25
105 314 307.29 0.26
105 315 313.38 0.24
105 316 319.13 0.28
105 317 325.21 0.25
105 318 331.34 0.26
105 319 337.03 0.26
105 320 343.02 0.26
105 321 349.60 0.26
105 322 355.96 0.25
105 323 362.38 0.26
105 324 368.97 0.25
105 325 375.68 0.25
105 326 382.23 0.26
105 327 389.14 0.26
105 328 395.78 0.24
105 329 402.81 0.25
105 330 409.69 0.26
105 331 417.09 0.25
105 332 424.32 0.25
105 333 431.32 0.24
105 334 438.53 0.24
105 335 446.30 0.24
105 336 453.51 0.24
105 337 461.30 0.23
105 338 469.41 0.20
105 339 476.50 0.22
105 340 484.21 0.24
105 341 492.03 0.21
105 342 499.55 0.20
105 343 508.05 0.19
105 344 515.52 0.21
105 345 524.32 0.18
105 346 532.15 0.16
105 347 540.25 -0.16
105 348 548.32 -0.14
105 349 556.17 -0.14
105 350 563.99 -0.18
105 351 571.96 -0.12
105 352 579.86 -0.12
105 353 588.40 -0.11
106 242 119.04 0.32
106 243 117.21 0.31
106 244 115.06 0.31
106 245 114.53 0.33
106 246 112.39 0.31
106 247 111.28 0.29
106 248 110.03 0.29
106 249 109.30 0.30
106 250 107.97 0.29
106 251 107.32 0.29
106 252 106.76 0.29
106 253 106.54 0.29
106 254 105.89 0.29
106 255 106.33 0.30
106 256 105.73 0.29
106 257 106.44 0.29
106 258 105.93 0.29
106 259 106.85 0.30
106 260 106.88 0.28
106 261 108.06 0.28
106 262 108.49 0.28
106 263 110.17 0.26
106 264 110.70 0.27
106 265 112.41 0.27
106 266 113.58 0.27
106 267 115.22 0.27
106 268 116.96 0.26
106 269 119.09 0.26
106 270 120.85 0.25
106 271 123.51 0.25
106 272 125.64 0.24
106 273 128.52 0.24
106 274 130.68 0.22
106 275 133.68 0.24
106 276 136.40 0.21
106 277 139.99 0.27
106 278 142.28 0.18
106 279 145.73 0.17
106 280 148.04 -0.15
106 281 152.06 0.13
106 282 154.23 -0.15
106 283 157.47 -0.14
106 284 160.72 -0.14
106 285 165.37 0.08
106 286 167.59 -0.13
106 287 171.94 -0.17
106 288 175.72 0.04
106 289 180.05 0.07
106 290 183.76 0.00
106 291 187.54 -0.22
106 292 192.16 0.06
106 293 195.94 -0.22
106 294 201.30 0.08
106 295 203.57 0.41
106 296 207.98 0.41
106 297 212.22 0.39
106 298 216.96 0.39
106 299 221.38 0.36
106 300 226.00 0.36
106 301 230.54 0.31
106 302 235.77 0.35
106 303 240.04 0.32
106 304 245.41 0.34
106 305 250.12 0.28
106 306 255.12 0.33
106 307 260.42 0.29
106 308 265.80 0.30
106 309 270.45 0.30
106 310 276.11 0.30
106 311 281.10 0.30
106 312 286.86 0.27
106 313 291.67 0.26
106 314 297.73 0.28
106 315 302.83 0.27
106 316 308.45 0.26
106 317 314.58 0.27
106 318 320.40 0.26
106 319 326.02 0.28
106 320 332.29 0.26
106 321 338.12 0.26
106 322 344.18 0.26
106 323 350.32 0.25
106 324 356.84 0.26
106 325 363.15 0.26
106 326 369.56 0.26
106 327 376.31 0.25
106 328 382.88 0.25
106 329 389.27 0.25
106 330 396.64 0.26
106 331 402.96 0.25
106 332 410.35 0.25
106 333 417.43 0.25
106 334 424.34 0.25
106 335 431.44 0.24
106 336 439.11 0.24
106 337 446.20 0.24
106 338 453.77 0.23
106 339 461.47 0.21
106 340 468.81 0.23
106 341 476.28 0.23
106 342 484.11 0.23
106 343 491.29 0.22
106 344 499.82 0.21
106 345 506.97 0.23
106 346 515.92 0.18
106 347 523.37 0.18
106 348 532.08 -0.16
106 349 539.60 -0.15
106 350 547.43 -0.16
106 351 555.30 -0.14
106 352 563.14 -0.14
106 353 570.72 -0.18
106 354 578.87 -0.14
106 355 587.14 0.09
107 244 127.18 0.33
107 245 125.13 0.35
107 246 123.80 0.30
107 247 122.19 0.31
107 248 120.36 0.34
107 249 119.26 0.30
107 250 118.24 0.29
107 251 116.27 0.31
107 252 115.36 0.31
107 253 114.60 0.30
107 254 114.48 0.31
107 255 113.51 0.30
107 256 113.95 0.30
107 257 112.98 0.30
107 258 113.48 0.29
107 259 112.81 0.30
107 260 113.39 0.29
107 261 113.30 0.28
107 262 114.47 0.29
107 263 114.71 0.28
107 264 115.90 0.28
107 265 116.41 0.27
107 266 117.77 0.27
107 267 118.80 0.27
107 268 120.52 0.27
107 269 121.68 0.26
107 270 123.91 0.26
107 271 125.39 0.25
107 272 127.83 0.25
107 273 129.71 0.24
107 274 132.36 0.26
107 275 134.62 0.24
107 276 137.49 0.23
107 277 140.33 0.19
107 278 143.26 0.24
107 279 145.90 0.17
107 280 149.16 0.16
107 281 151.51 0.16
107 282 154.59 0.16
107 283 156.60 -0.15
107 284 160.84 0.12
107 285 162.86 -0.16
107 286 166.31 -0.16
107 287 169.36 -0.14
107 288 173.43 -0.17
107 289 176.79 -0.18
107 290 180.46 -0.19
107 291 184.96 0.00
107 292 188.41 -0.22
107 293 193.01 0.05
107 294 196.59 -0.22
107 295 199.76 0.44
107 296 203.68 0.40
107 297 208.24 0.42
107 298 212.15 0.42
107 299 216.84 0.42
107 300 221.09 0.38
107 301 225.73 0.35
107 302 230.30 0.32
107 303 234.85 0.33
107 304 239.22 0.32
107 305 244.12 0.35
107 306 249.07 0.28
107 307 254.03 0.32
107 308 258.74 0.30
107 309 264.03 0.31
107 310 268.58 0.31
107 311 274.27 0.29
107 312 279.18 0.28
107 313 284.54 0.27
107 314 289.30 0.28
107 315 295.40 0.28
107 316 300.45 0.27
107 317 306.37 0.26
107 318 311.62 0.26
107 319 317.39 0.26
107 320 322.90 0.28
107 321 329.12 0.25
107 322 334.70 0.26
107 323 340.72 0.26
107 324 346.80 0.26
107 325 352.91 0.26
107 326 359.21 0.25
107 327 365.46 0.25
107 328 371.78 0.26
107 329 378.36 0.25
107 330 384.75 0.25
107 331 391.39 0.25
107 332 397.96 0.25
107 333 405.10 0.25
107 334 411.85 0.25
107 335 419.14 0.24
107 336 425.85 0.24
107 337 433.37 0.23
107 338 440.58 0.23
107 339 448.12 0.22
107 340 455.14 0.23
107 341 462.68 0.23
107 342 470.50 0.21
107 343 478.03 0.21
107 344 484.89 0.22
107 345 493.17 0.20
107 346 500.61 0.23
107 347 508.72 0.17
107 348 516.65 0.17
107 349 524.92 -0.15
107 350 532.43 0.18
107 351 540.64 0.17
107 352 547.87 -0.15
107 353 556.20 0.11
107 354 563.75 0.11
107 355 572.61 0.06
107 356 578.99 -0.17
107 357 587.69 -0.11
107 358 595.47 -0.16
107 359 603.82 -0.18
107 360 611.87 -0.14
108 246 133.90 0.38
108 247 132.00 0.31
108 248 130.28 0.36
108 249 128.79 0.33
108 250 126.75 0.31
108 251 125.95 0.30
108 252 124.04 0.31
108 253 123.26 0.31
108 254 122.10 0.30
108 255 121.63 0.29
108 256 120.38 0.30
108 257 120.57 0.29
108 258 119.23 0.30
108 259 119.66 0.28
108 260 118.72 0.28
108 261 119.62 0.28
108 262 119.25 0.28
108 263 120.03 0.29
108 264 119.95 0.27
108 265 120.86 0.27
108 266 121.30 0.27
108 267 122.42 0.27
108 268 123.18 0.26
108 269 124.58 0.26
108 270 125.62 0.26
108 271 127.37 0.25
108 272 128.91 0.25
108 273 131.16 0.25
108 274 132.68 0.24
108 275 135.26 0.24
108 276 137.32 0.23
108 277 140.02 0.23
108 278 142.20 0.21
108 279 145.04 0.21
108 280 147.79 0.17
108 281 150.38 0.18
108 282 153.10 0.15
108 283 156.24 0.14
108 284 158.76 0.12
108 285 161.17 -0.17
108 286 164.80 0.10
108 287 168.33 0.07
108 288 171.40 0.07
108 289 174.34 -0.19
108 290 177.26 -0.18
108 291 181.81 0.06
108 292 185.51 0.00
108 293 188.60 -0.21
108 294 193.20 0.06
108 295 196.41 -0.22
108 296 199.22 0.43
108 297 202.90 0.41
108 298 207.37 0.42
108 299 211.18 0.41
108 300 215.67 0.39
108 301 219.72 0.39
108 302 224.36 0.38
108 303 228.71 0.33
108 304 233.18 0.36
108 305 237.40 0.36
108 306 242.28 0.35
108 307 246.85 0.34
108 308 251.82 0.35
108 309 256.58 0.31
108 310 261.46 0.34
108 311 266.11 0.31
108 312 271.82 0.31
108 313 276.16 0.29
108 314 281.50 0.28
108 315 286.42 0.29
108 316 292.45 0.29
108 317 297.25 0.25
108 318 303.00 0.26
108 319 308.23 0.26
108 320 313.67 0.26
108 321 319.69 0.26
108 322 325.07 0.25
108 323 330.88 0.27
108 324 336.67 0.25
108 325 342.17 0.25
108 326 348.76 0.24
108 327 354.31 0.25
108 328 360.60 0.26
108 329 367.18 0.25
108 330 373.17 0.25
108 331 379.48 0.24
108 332 386.13 0.24
108 333 392.60 0.25
108 334 399.45 0.23
108 335 406.28 0.24
108 336 413.19 0.24
108 337 419.92 0.24
108 338 427.07 0.23
108 339 434.10 0.22
108 340 441.39 0.23
108 341 448.84 0.20
108 342 456.03 0.22
108 343 462.56 0.22
108 344 470.61 0.22
108 345 477.79 0.21
108 346 485.72 0.20
108 347 493.19 0.20
108 348 501.20 0.19
108 349 508.52 0.18
108 350 516.69 0.15
108 351 524.49 -0.15
108 352 532.58 -0.15
108 353 539.62 0.13
108 354 547.70 0.11
108 355 555.24 0.10
108 356 563.44 0.09
108 357 570.70 0.08
108 358 579.02 -0.17
108 359 586.78 0.07
108 360 595.05 -0.19
108 361 603.14 0.05
109 248 141.91 0.34
109 249 139.95 0.35
109 250 138.23 0.34
109 251 136.57 0.35
109 252 134.60 0.34
109 253 133.53 0.31
109 254 132.31 0.31
109 255 130.74 0.27
109 256 130.20 0.32
109 257 128.68 0.30
109 258 128.85 0.30
109 259 127.83 0.27
109 260 127.94 0.27
109 261 127.33 0.27
109 262 127.25 0.26
109 263 126.99 0.26
109 264 127.50 0.26
109 265 127.08 0.26
109 266 127.89 0.27
109 267 128.13 0.27
109 268 129.15 0.26
109 269 129.42 0.26
109 270 130.94 0.26
109 271 131.61 0.25
109 272 133.08 0.25
109 273 134.31 0.25
109 274 136.38 0.24
109 275 137.76 0.24
109 276 140.19 0.24
109 277 141.68 0.23
109 278 144.35 0.21
109 279 146.57 0.19
109 280 149.51 0.21
109 281 151.45 0.15
109 282 154.22 0.16
109 283 156.66 0.14
109 284 159.65 0.16
109 285 161.66 0.13
109 286 165.45 0.13
109 287 167.52 0.11
109 288 170.82 0.11
109 289 173.64 0.10
109 290 177.07 0.06
109 291 180.07 0.04
109 292 183.73 0.08
109 293 187.47 0.00
109 294 190.25 -0.23
109 295 194.65 0.05
109 296 198.80 0.12
109 297 202.77 0.07
109 298 203.99 0.41
109 299 208.12 0.44
109 300 211.91 0.42
109 301 215.94 0.41
109 302 220.43 0.42
109 303 224.31 0.40
109 304 228.82 0.37
109 305 233.03 0.38
109 306 237.41 0.33
109 307 242.00 0.37
109 308 246.31 0.34
109 309 251.43 0.35
109 310 255.52 0.30
109 311 260.59 0.32
109 312 265.29 0.30
109 313 270.62 0.30
109 314 275.43 0.28
109 315 280.45 0.31
109 316 284.97 0.29
109 317 290.78 0.29
109 318 295.60 0.26
109 319 301.32 0.26
109 320 306.17 0.26
109 321 312.00 0.26
109 322 317.27 0.25
109 323 322.48 0.25
109 324 328.15 0.25
109 325 333.75 0.26
109 326 339.42 0.24
109 327 345.42 0.25
109 328 351.22 0.25
109 329 357.38 0.24
109 330 363.37 0.25
109 331 369.57 0.25
109 332 375.62 0.24
109 333 382.26 0.24
109 334 388.53 0.24
109 335 395.30 0.24
109 336 401.88 0.24
109 337 408.71 0.22
109 338 415.28 0.24
109 339 422.16 0.23
109 340 429.36 0.22
109 341 436.18 0.22
109 342 443.48 0.21
109 343 450.39 0.22
109 344 457.49 0.22
109 345 464.97 0.21
109 346 472.08 0.21
109 347 479.98 0.21
109 348 487.19 0.19
109 349 495.15 0.16
109 350 502.23 0.18
109 351 510.22 0.15
109 352 517.44 0.16
109 353 526.04 0.16
109 354 532.99 0.14
109 355 541.42 0.11
109 356 548.66 0.12
109 357 556.68 0.09
109 358 563.92 0.12
109 359 571.81 -0.13
110 250 149.42 0.36
110 251 147.80 0.34
110 252 145.51 0.35
110 253 143.81 0.32
110 254 141.78 0.31
110 255 140.70 0.29
110 256 139.32 0.29
110 257 138.21 0.29
110 258 136.71 0.29
110 259 136.45 0.30
110 260 134.79 0.29
110 261 134.75 0.28
110 262 133.93 0.28
110 263 134.01 0.29
110 264 133.18 0.27
110 265 133.77 0.27
110 266 133.28 0.27
110 267 133.66 0.26
110 268 133.47 0.26
110 269 134.44 0.26
110 270 134.53 0.26
110 271 135.90 0.26
110 272 136.29 0.25
110 273 137.74 0.24
110 274 138.76 0.25
110 275 140.56 0.22
110 276 141.69 0.23
110 277 143.72 0.23
110 278 145.33 0.23
110 279 147.63 0.22
110 280 149.71 0.20
110 281 152.03 0.21
110 282 154.16 0.17
110 283 156.89 0.17
110 284 159.07 0.15
110 285 161.63 0.14
110 286 164.16 0.12
110 287 167.06 0.11
110 288 169.03 -0.17
110 289 172.10 -0.19
110 290 174.85 -0.19
110 291 177.98 -0.18
110 292 180.87 -0.19
110 293 185.11 0.05
110 294 188.63 0.00
110 295 191.17 -0.23
110 296 195.55 0.06
110 297 198.48 -0.20
110 298 200.78 0.44
110 299 204.36 0.40
110 300 208.13 0.43
110 301 211.62 0.40
110 302 215.74 0.42
110 303 219.87 0.42
110 304 223.94 0.40
110 305 228.18 0.39
110 306 232.40 0.39
110 307 236.16 0.38
110 308 241.06 0.36
110 309 245.09 0.36
110 310 249.87 0.34
110 311 254.45 0.33
110 312 259.35 0.32
110 313 263.46 0.31
110 314 268.83 0.32
110 315 272.91 0.31
110 316 278.33 0.29
110 317 283.29 0.28
110 318 288.46 0.26
110 319 292.96 0.26
110 320 298.65 0.27
110 321 303.25 0.27
110 322 308.76 0.25
110 323 313.97 0.25
110 324 319.54 0.25
110 325 324.96 0.25
110 326 330.40 0.25
110 327 335.93 0.24
110 328 341.56 0.24
110 329 347.83 0.24
110 330 353.48 0.24
110 331 359.47 0.24
110 332 365.40 0.24
110 333 371.62 0.24
110 334 377.77 0.24
110 335 383.91 0.23
110 336 390.41 0.23
110 337 396.84 0.23
110 338 403.58 0.24
110 339 410.06 0.23
110 340 416.94 0.23
110 341 423.54 0.23
110 342 430.65 0.24
110 343 437.59 0.21
110 344 444.33 0.21
110 345 451.06 0.21
110 346 458.59 0.20
110 347 465.74 0.20
110 348 473.14 0.20
110 349 480.43 0.21
110 350 488.15 0.17
110 351 495.14 0.18
110 352 502.89 0.16
110 353 510.41 0.20
110 354 518.48 0.15
110 355 525.74 0.14
110 356 533.67 -0.16
110 357 540.80 0.13
110 358 548.62 -0.19
110 359 555.97 0.10
110 360 564.26 0.07
111 253 155.63 0.38
111 254 154.04 0.34
111 255 151.77 0.31
111 256 150.97 0.30
111 257 148.83 0.29
111 258 147.98 0.26
111 259 145.86 0.29
111 260 145.97 0.27
111 261 143.82 0.29
111 262 143.89 0.29
111 263 142.32 0.29
111 264 142.32 0.29
111 265 141.38 0.28
111 266 141.99 0.27
111 267 141.12 0.26
111 268 141.40 0.25
111 269 141.24 0.26
111 270 141.87 0.25
111 271 142.21 0.26
111 272 143.05 0.24
111 273 143.08 0.25
111 274 144.48 0.24
111 275 144.98 0.24
111 276 146.65 0.24
111 277 147.64 0.24
111 278 149.46 0.21
111 279 150.95 0.21
111 280 152.82 0.21
111 281 154.81 0.22
111 282 157.08 0.21
111 283 158.97 0.21
111 284 162.02 0.23
111 285 164.15 0.11
111 286 165.85 0.11
111 287 168.17 0.10
111 288 171.28 0.09
111 289 173.25 0.09
111 290 176.64 0.09
111 291 178.68 0.08
111 292 181.72 0.07
111 293 184.59 0.07
111 294 187.87 0.07
111 295 191.42 0.00
111 296 193.60 -0.23
111 297 198.14 0.07
111 298 200.45 -0.22
111 299 205.31 0.07
111 300 206.22 0.40
111 301 213.23 0.08
111 302 213.23 0.42
111 303 217.01 0.43
111 304 221.12 0.42
111 305 224.85 0.42
111 306 228.91 0.42
111 307 233.23 0.40
111 308 236.56 0.40
111 309 241.31 0.37
111 310 245.44 0.38
111 311 250.20 0.38
111 312 254.74 0.28
111 313 259.32 0.34
111 314 263.56 0.29
111 315 268.82 0.29
111 316 273.14 0.31
111 317 278.67 0.30
111 318 282.88 0.29
111 319 287.46 0.28
111 320 292.31 0.26
111 321 297.54 0.27
111 322 302.03 0.26
111 323 307.43 0.27
111 324 312.65 0.26
111 325 318.31 0.27
111 326 323.30 0.27
111 327 328.55 0.27
111 328 334.02 0.27
111 329 339.93 0.23
111 330 345.33 0.23
111 331 350.96 0.25
111 332 357.12 0.24
111 333 362.68 0.24
111 334 368.30 0.24
111 335 374.57 0.23
111 336 380.70 0.23
111 337 387.16 0.23
111 338 393.41 0.23
111 339 399.62 0.23
111 340 406.00 0.24
111 341 412.81 0.22
111 342 419.16 0.22
111 343 425.98 0.22
111 344 432.94 0.20
111 345 439.68 0.22
111 346 446.58 0.20
111 347 453.65 0.21
111 348 461.02 0.22
111 349 468.06 0.21
111 350 475.51 0.20
111 351 482.63 0.21
111 352 489.65 0.21
111 353 497.60 0.20
111 354 505.16 -0.16
111 355 512.42 0.17
111 356 520.24 0.11
111 357 528.00 0.11
111 358 534.65 0.12
111 359 542.21 0.11
112 254 165.32 0.38
112 255 163.43 0.34
112 256 161.36 0.33
112 257 159.62 0.29
112 258 157.47 0.33
112 259 156.32 0.32
112 260 154.60 0.30
112 261 153.78 0.30
112 262 152.20 0.30
112 263 152.01 0.30
112 264 150.45 0.29
112 265 150.05 0.29
112 266 148.96 0.27
112 267 149.22 0.27
112 268 148.27 0.24
112 269 148.47 0.25
112 270 147.98 0.26
112 271 148.19 0.25
112 272 148.12 0.25
112 273 149.14 0.24
112 274 149.02 0.24
112 275 150.25 0.24
112 276 150.58 0.24
112 277 151.64 0.23
112 278 152.75 0.24
112 279 154.47 0.23
112 280 155.53 0.23
112 281 158.22 0.24
112 282 158.84 0.21
112 283 161.83 -0.16
112 284 162.59 0.18
112 285 164.77 0.18
112 286 166.75 0.16
112 287 168.84 -0.15
112 288 170.58 -0.13
112 289 173.15 -0.19
112 290 175.49 -0.17
112 291 178.26 -0.19
112 292 180.52 -0.18
112 293 183.53 -0.21
112 294 186.59 0.06
112 295 188.97 -0.22
112 296 192.86 0.07
112 297 194.98 -0.22
112 298 199.43 0.07
112 299 201.76 -0.20
112 300 203.94 0.47
112 301 208.83 -0.24
112 302 210.50 0.44
112 303 214.04 0.43
112 304 219.73 -0.23
112 305 223.75 -0.23
112 306 225.21 0.41
112 307 231.53 -0.24
112 308 232.97 0.41
112 309 237.32 0.32
112 310 241.10 0.38
112 311 248.04 -0.24
112 312 249.82 0.32
112 313 253.65 0.34
112 314 258.33 0.35
112 315 262.54 0.32
112 316 267.38 0.32
112 317 271.72 0.31
112 318 276.62 0.32
112 319 280.79 0.30
112 320 285.96 0.28
112 321 290.38 0.25
112 322 295.68 0.27
112 323 300.06 0.25
112 324 305.39 0.28
112 325 310.32 0.25
112 326 315.37 0.25
112 327 320.41 0.27
112 328 326.05 0.25
112 329 331.26 0.26
112 330 336.96 0.27
112 331 342.12 0.24
112 332 347.84 0.24
112 333 353.96 0.21
112 334 359.11 0.24
112 335 364.71 0.23
112 336 370.77 0.23
112 337 376.76 0.23
112 338 383.24 0.22
112 339 388.98 0.23
112 340 395.44 0.22
112 341 401.60 0.23
112 342 408.08 0.21
112 343 414.37 0.22
112 344 421.34 0.21
112 345 427.94 0.20
112 346 434.35 0.21
112 347 441.42 0.22
112 348 448.04 0.20
112 349 457.76 -0.15
112 350 461.98 0.20
112 351 469.42 0.20
112 352 476.57 0.20
112 353 483.11 0.19
112 354 490.86 0.16
112 355 497.84 0.18
112 356 506.07 0.17
112 357 513.05 -0.15
112 358 520.55 -0.14
112 359 528.21 0.18
112 360 535.55 0.11
112 361 542.60 0.09
112 362 550.27 -0.19
112 363 557.38 -0.18
112 364 565.47 -0.19
112 365 572.83 0.07
112 366 580.76 -0.23
112 367 588.39 0.06
112 368 596.33 -0.03
112 369 603.44 -0.21
112 370 612.12 -0.03
112 371 619.56 -0.23
112 372 628.32 0.03
112 373 635.91 -0.21
112 374 645.33 0.06
112 375 650.06 0.42
112 376 661.89 -0.21
112 377 668.84 -0.25
112 378 679.61 0.06
112 379 683.29 0.37
112 380 692.58 0.40
112 381 702.37 -0.25
112 382 710.04 0.40
113 256 174.44 0.30
113 257 171.58 0.34
113 258 170.14 0.31
113 259 168.01 0.29
113 260 166.41 0.29
113 261 164.80 0.29
113 262 163.46 0.30
113 263 162.16 0.28
113 264 161.22 0.29
113 265 159.62 0.28
113 266 159.08 0.29
113 267 158.30 0.27
113 268 157.69 0.26
113 269 156.78 0.26
113 270 156.66 0.25
113 271 156.06 0.25
113 272 156.34 0.25
113 273 155.80 0.24
113 274 156.83 0.25
113 275 156.64 0.25
113 276 157.40 0.24
113 277 157.30 0.22
113 278 158.44 0.24
113 279 159.26 0.24
113 280 160.79 0.21
113 281 161.60 0.21
113 282 163.45 0.21
113 283 164.66 0.21
113 284 166.81 0.21
113 285 168.00 0.17
113 286 170.21 0.17
113 287 171.82 0.15
113 288 173.96 0.15
113 289 175.90 0.13
113 290 178.46 0.13
113 291 179.85 -0.18
113 292 182.98 0.08
113 293 185.17 0.07
113 294 187.86 0.06
113 295 190.23 0.06
113 296 193.28 0.06
113 297 196.85 0.00
113 298 198.31 -0.22
113 299 202.27 0.06
113 300 206.03 0.11
113 301 209.33 0.09
113 302 209.88 0.45
113 303 212.99 0.45
113 304 216.12 0.46
113 305 219.95 0.45
113 306 223.14 0.44
113 307 227.10 0.43
113 308 230.96 0.44
113 309 234.72 0.43
113 310 238.56 0.32
113 311 242.70 0.40
113 312 246.65 0.32
113 313 251.15 0.31
113 314 254.84 0.31
113 315 259.08 0.32
113 316 262.79 0.32
113 317 267.76 0.31
113 318 272.34 0.32
113 319 277.01 0.30
113 320 280.96 0.31
113 321 286.49 0.26
113 322 290.34 0.31
113 323 295.45 0.27
113 324 300.09 0.25
113 325 305.39 0.28
113 326 309.53 0.25
113 327 315.00 0.25
113 328 319.88 0.26
113 329 325.19 0.25
113 330 329.93 0.25
113 331 335.36 0.24
113 332 340.80 0.24
113 333 346.42 0.25
113 334 351.91 0.21
113 335 357.27 0.24
113 336 362.78 0.23
113 337 368.77 0.23
113 338 374.42 0.23
113 339 380.40 0.23
113 340 386.38 0.23
113 341 392.62 0.23
113 342 398.32 0.23
113 343 404.75 0.21
113 344 411.02 0.22
113 345 417.49 0.21
113 346 424.10 0.20
113 347 430.40 0.20
113 348 437.71 0.22
113 349 443.91 0.20
113 350 453.31 -0.15
113 351 457.82 0.19
113 352 464.82 0.20
113 353 471.77 0.18
113 354 479.14 0.19
113 355 485.93 0.18
113 356 493.34 0.16
113 357 500.69 0.19
113 358 507.80 0.15
113 359 515.82 -0.21
113 360 522.48 0.14
113 361 530.21 0.11
113 362 537.35 0.08
113 363 544.92 0.06
113 364 552.41 0.07
113 365 559.73 0.08
113 366 567.12 0.05
113 367 575.09 0.03
113 368 582.44 0.05
113 369 590.13 0.06
113 370 597.72 0.06
113 371 605.96 0.03
113 372 614.05 0.05
113 373 622.16 0.04
113 374 627.96 0.42
113 375 638.46 0.04
113 376 646.69 0.06
113 377 655.35 0.06
113 378 663.67 0.05
113 379 672.50 0.07
113 380 675.89 0.40
113 381 685.26 0.41
113 382 692.61 0.42
113 383 701.89 0.39
114 274 163.11 0.24
114 275 163.69 0.25
114 276 163.18 0.23
114 277 163.76 0.24
114 278 163.56 0.21
114 279 164.64 0.23
114 280 165.11 0.22
114 281 168.72 -0.18
114 282 167.20 0.21
114 283 170.15 -0.17
114 284 170.67 -0.15
114 285 172.05 -0.16
114 286 173.02 -0.15
114 287 174.45 0.16
114 288 175.76 -0.14
114 289 177.76 -0.15
114 290 179.41 -0.14
114 291 181.37 -0.16
114 292 183.18 -0.14
114 293 186.13 -0.15
114 294 187.81 -0.17
114 295 190.49 -0.19
114 296 192.66 -0.23
114 297 196.19 0.06
114 298 199.09 0.00
114 299 200.79 -0.22
114 300 204.62 0.06
114 301 206.82 -0.24
114 302 211.32 0.09
114 303 213.10 -0.23
114 304 214.62 0.46
114 305 221.63 0.13
114 306 221.22 0.45
114 307 224.34 0.44
114 308 228.00 0.43
114 309 233.96 -0.24
114 310 235.26 0.43
114 311 238.64 0.41
114 312 242.96 0.41
114 313 246.30 0.41
114 314 250.90 0.38
114 315 254.66 0.33
114 316 259.29 0.33
114 317 262.63 0.31
114 318 267.46 0.31
114 319 271.37 0.31
114 320 276.20 0.30
114 321 280.19 0.29
114 322 285.08 0.29
114 323 289.21 0.26
114 324 294.23 0.26
114 325 298.74 0.26
114 326 303.69 0.25
114 327 308.17 0.25
114 328 313.17 0.25
114 329 317.86 0.27
114 330 323.01 0.25
114 331 328.06 0.27
114 332 333.18 0.25
114 333 338.60 0.23
114 334 343.87 0.24
114 335 349.46 0.21
114 336 354.76 0.24
114 337 360.27 0.24
114 338 365.91 0.21
114 339 371.25 0.23
114 340 377.16 0.22
114 341 383.19 0.22
114 342 389.17 0.22
114 343 395.20 0.22
114 344 401.19 0.22
114 345 407.73 0.23
114 346 413.63 0.20
114 347 419.92 0.20
114 348 426.21 0.20
115 276 171.67 0.23
115 277 171.49 0.23
115 278 171.97 0.23
115 279 171.56 0.21
115 280 172.33 0.23
115 281 172.49 0.22
115 282 173.34 0.20
115 283 175.94 -0.16
115 284 175.44 0.20
115 285 176.28 0.18
115 286 178.31 -0.15
115 287 179.15 -0.17
115 288 181.04 -0.18
115 289 181.60 -0.14
115 290 183.34 -0.15
115 291 184.61 -0.13
115 292 186.71 -0.17
115 293 188.31 -0.16
115 294 190.70 -0.19
115 295 192.71 -0.22
115 296 194.96 -0.21
115 297 196.89 -0.21
115 298 200.18 0.04
115 299 203.12 0.00
115 300 204.69 -0.23
115 301 208.25 0.04
115 302 210.22 -0.22
115 303 214.50 0.04
115 304 216.17 -0.22
115 305 217.71 0.46
115 306 220.99 0.46
115 307 225.85 -0.22
115 308 227.39 0.48
115 309 230.56 0.44
115 310 236.26 -0.22
115 311 237.60 0.42
115 312 243.34 -0.21
115 313 247.56 -0.24
115 314 248.43 0.40
115 315 252.77 0.36
115 316 256.47 0.31
115 317 260.50 0.33
115 318 264.15 0.30
115 319 268.75 0.29
115 320 272.70 0.32
115 321 277.02 0.30
115 322 280.93 0.32
115 323 285.72 0.28
115 324 289.63 0.25
115 325 294.49 0.27
115 326 298.81 0.26
115 327 303.64 0.25
115 328 308.18 0.25
115 329 312.84 0.25
115 330 317.64 0.27
115 331 322.55 0.24
115 332 327.20 0.25
115 333 332.40 0.24
115 334 337.67 0.25
115 335 342.88 0.22
115 336 348.15 0.24
115 337 353.31 0.24
115 338 358.54 0.23
115 339 364.31 0.24
115 340 369.66 0.23
115 341 375.43 0.21
115 342 381.00 0.21
115 343 386.85 0.21
115 344 392.57 0.22
115 345 398.36 0.21
115 346 404.41 0.21
115 347 410.71 0.21
115 348 416.96 0.20
115 349 422.97 0.20
115 350 429.12 0.20
115 351 435.77 0.19
115 352 444.66 -0.14
115 353 448.69 0.19
115 354 456.61 0.15
115 355 462.27 0.18
115 356 470.29 -0.14
115 357 476.23 0.18
115 359 490.35 0.14
115 360 497.50 -0.20
115 361 504.51 -0.18
115 362 511.25 -0.19
115 363 518.52 -0.20
115 364 525.85 0.10
115 365 532.94 -0.18
115 366 539.50 -0.20
115 367 547.54 0.05
115 368 554.58 0.04
115 369 561.87 -0.19
115 370 569.61 0.05
115 371 577.35 0.00
115 372 584.27 0.05
115 373 592.22 0.03
115 374 600.06 -0.20
115 375 608.25 0.00
115 376 615.83 -0.22
115 377 623.11 -0.22
115 378 632.63 0.07
115 379 640.65 0.05
115 380 646.73 -0.19
115 381 656.97 0.04
115 382 662.91 -0.20
115 383 671.49 -0.23
115 384 676.83 0.38
115 385 685.54 0.38
116 278 178.84 0.21
116 279 179.36 0.23
116 280 178.86 0.23
116 281 179.13 0.22
116 282 179.27 0.21
116 283 180.00 0.20
116 284 181.94 -0.15
116 285 182.55 -0.15
116 286 182.84 -0.15
116 287 183.77 -0.14
116 288 184.36 -0.15
116 289 186.20 -0.17
116 290 186.51 -0.14
116 291 188.01 -0.15
116 292 189.09 -0.13
116 293 190.94 -0.15
116 294 192.54 -0.12
116 295 194.85 -0.17
116 296 196.82 -0.23
116 297 198.87 -0.17
116 298 200.82 -0.24
116 299 203.88 0.06
116 300 206.53 0.00
116 301 207.79 -0.22
116 302 211.32 0.04
116 303 213.28 -0.23
116 304 217.40 0.05
116 305 218.97 -0.24
116 306 223.59 0.09
116 307 226.63 0.09
116 308 226.14 0.47
116 309 231.47 -0.20
116 310 234.68 -0.23
116 311 237.80 -0.20
116 312 239.05 0.44
116 313 244.46 -0.24
116 314 246.26 0.41
116 315 249.37 0.41
116 316 253.34 0.39
116 317 257.53 0.27
116 318 261.26 0.33
116 319 264.46 0.29
116 320 268.86 0.31
116 321 272.29 0.32
116 322 277.25 0.30
116 323 280.91 0.32
116 324 285.50 0.29
116 325 289.66 0.28
116 326 294.19 0.27
116 327 298.45 0.26
116 328 303.28 0.28
116 329 307.07 0.27
116 330 312.15 0.26
116 331 316.56 0.25
116 332 321.61 0.25
116 333 326.06 0.25
116 334 331.22 0.24
116 335 335.81 0.24
116 336 341.14 0.26
116 337 346.38 0.21
116 338 351.44 0.24
116 339 356.55 0.23
116 340 362.34 0.22
116 341 367.40 0.22
116 342 372.94 0.23
116 343 378.61 0.21
116 344 384.05 0.21
116 345 389.82 0.22
116 346 395.83 0.20
116 347 401.20 0.22
116 348 410.94 -0.14
116 349 413.73 0.20
116 350 419.80 0.20
116 351 426.06 0.19
116 352 434.60 -0.15
116 353 440.24 -0.14
116 354 444.81 0.18
116 355 451.24 0.18
116 356 459.42 -0.16
116 357 465.40 -0.14
116 358 472.12 -0.14
116 359 478.62 -0.14
116 360 485.21 -0.15
116 361 492.20 -0.17
116 362 499.23 -0.20
116 363 505.90 -0.22
116 364 512.73 -0.19
116 365 519.43 -0.19
116 366 526.88 -0.21
116 367 533.49 -0.22
116 368 540.82 -0.22
116 369 548.34 0.05
116 370 555.35 -0.19
116 371 562.55 -0.23
116 372 570.10 -0.22
116 373 577.65 0.04
116 374 584.90 -0.22
116 375 592.85 -0.21
116 376 601.16 0.03
116 377 614.06 -0.19
116 378 616.91 0.02
116 379 625.70 0.03
116 380 632.98 0.03
116 381 639.37 -0.24
116 382 647.59 -0.20
116 383 654.46 -0.23
116 384 661.70 0.39
116 385 670.67 -0.25
116 386 677.54 0.40
117 280 188.28 0.24
117 281 189.76 -0.20
117 282 187.40 0.20
117 283 187.94 0.19
117 284 188.44 0.19
117 285 188.55 0.18
117 286 190.03 -0.17
117 287 189.78 0.17
117 288 190.86 -0.14
117 289 191.23 -0.14
117 290 192.29 -0.14
117 291 192.85 -0.13
117 292 194.52 -0.14
117 293 195.28 -0.13
117 294 197.30 -0.17
117 295 198.76 -0.19
117 296 200.64 -0.19
117 297 202.23 -0.22
117 298 204.26 -0.19
117 299 205.93 -0.23
117 300 208.07 -0.19
117 301 210.28 -0.23
117 302 212.42 -0.20
117 303 214.78 -0.22
117 304 217.67 -0.23
117 305 221.59 0.06
117 306 222.79 -0.23
117 307 227.61 0.07
117 308 226.79 0.50
117 309 229.52 0.49
117 310 232.28 0.51
117 311 237.81 -0.24
117 312 240.94 -0.22
117 313 242.00 0.44
117 314 247.28 -0.24
117 315 248.99 0.40
117 316 251.97 0.41
117 317 256.13 0.38
117 318 259.23 0.41
117 319 263.66 0.34
117 320 266.56 0.29
117 321 270.81 0.33
117 322 274.06 0.32
117 323 278.67 0.30
117 324 282.16 0.30
117 325 287.06 0.31
117 326 290.79 0.27
117 327 295.05 0.29
117 328 299.07 0.27
117 329 303.65 0.28
117 330 307.64 0.27
117 331 312.40 0.28
117 332 316.95 0.25
117 333 321.94 0.29
117 334 326.07 0.26
117 335 331.18 0.25
117 336 335.71 0.25
117 337 340.79 0.24
117 338 346.01 0.20
117 339 350.86 0.24
117 340 355.81 0.22
117 341 361.11 0.22
117 342 366.41 0.22
117 343 372.03 0.21
117 344 377.35 0.21
117 345 383.16 0.21
117 346 391.75 -0.15
117 347 394.15 0.22
117 348 400.12 0.20
117 349 408.57 -0.14
117 350 411.63 0.20
117 351 417.58 0.19
117 352 425.58 -0.15
117 353 431.75 -0.14
117 354 437.39 -0.14
117 355 442.93 0.19
117 356 449.57 -0.15
117 357 456.17 -0.14
117 358 462.07 -0.14
117 359 468.66 -0.15
117 360 474.73 -0.13
117 361 481.54 -0.15
117 362 488.03 -0.16
117 363 495.02 -0.20
117 364 501.76 -0.22
117 365 508.51 -0.22
117 366 514.93 -0.21
117 367 522.25 -0.19
117 368 528.90 -0.22
117 369 536.20 -0.22
117 370 543.85 0.04
117 371 550.22 -0.20
117 372 557.28 -0.22
117 373 564.73 -0.21
117 374 571.81 -0.22
117 375 580.52 0.00
117 376 587.96 -0.23
117 377 594.63 -0.20
117 378 601.69 -0.23
117 379 611.22 0.04
117 380 618.84 0.04
117 381 625.22 -0.22
117 382 632.59 -0.20
117 383 641.05 -0.23
117 384 648.36 -0.20
117 385 657.13 -0.23
117 386 664.20 -0.23
117 387 672.97 -0.24
118 282 197.27 -0.17
118 283 197.07 -0.19
118 284 195.39 0.22
118 285 195.78 0.20
118 286 196.43 -0.17
118 287 196.48 0.19
118 288 196.63 -0.15
118 289 197.33 -0.15
118 290 197.62 0.15
118 291 198.47 -0.14
118 292 199.10 -0.13
118 293 200.22 -0.14
118 294 201.01 -0.14
118 295 202.44 -0.15
118 296 203.91 -0.18
118 297 205.41 -0.17
118 298 207.24 -0.21
118 299 209.10 -0.21
118 300 210.75 -0.23
118 301 212.54 -0.19
118 302 214.58 -0.21
118 303 216.60 -0.22
118 304 219.91 0.05
118 305 221.19 -0.20
118 306 225.16 0.07
118 307 226.14 -0.23
118 308 230.82 0.09
118 309 231.69 -0.24
118 310 236.41 0.10
118 311 237.43 -0.22
118 312 240.54 -0.21
118 313 243.38 -0.24
118 314 243.81 0.60
118 315 246.44 0.64
118 316 250.67 0.45
118 317 252.87 0.62
118 318 257.61 0.40
118 319 260.73 0.40
118 320 264.88 0.34
118 321 268.04 0.31
118 322 272.31 0.31
118 323 275.90 0.33
118 324 279.72 0.28
118 325 283.13 0.32
118 326 287.51 0.30
118 327 291.30 0.28
118 328 295.64 0.29
118 329 299.50 0.26
118 330 303.99 0.28
118 331 308.05 0.25
118 332 312.83 0.25
118 333 317.15 0.27
118 334 321.18 0.25
118 335 325.70 0.26
118 336 330.75 0.24
118 337 335.25 0.26
118 338 340.07 0.25
118 339 345.10 0.21
118 340 349.87 0.24
118 341 354.59 0.23
118 342 360.09 0.22
118 343 364.73 0.23
118 344 370.30 0.21
118 345 375.63 0.21
118 346 381.10 0.22
118 347 386.56 0.23
118 348 395.13 -0.14
118 349 400.11 -0.15
118 350 405.78 -0.14
118 351 409.16 0.21
118 352 417.00 -0.15
118 353 422.44 -0.15
118 354 428.54 -0.14
118 355 433.83 -0.14
118 356 440.20 -0.14
118 357 446.00 -0.14
118 358 452.14 -0.14
118 359 458.42 -0.16
118 360 464.62 -0.13
118 361 470.68 -0.14
118 362 477.29 -0.19
118 363 484.24 0.12
118 364 490.48 -0.20
118 365 497.31 -0.20
118 366 503.80 -0.19
118 367 510.25 -0.20
118 368 517.26 -0.20
118 369 523.73 -0.20
118 370 530.86 -0.20
118 371 537.53 -0.20
118 372 545.03 -0.22
118 373 551.93 -0.21
118 374 559.36 -0.22
118 375 565.98 -0.20
118 376 573.66 -0.20
118 377 582.00 -0.22
118 378 588.34 -0.20
118 379 595.67 -0.23
118 380 604.94 0.04
118 381 610.90 -0.23
118 382 618.99 -0.23
118 383 625.96 -0.20
118 384 634.37 -0.21
118 385 641.48 -0.24
118 386 652.08 0.06
118 387 657.09 -0.21
118 388 665.92 -0.20
119 284 205.04 0.22
119 285 205.28 -0.18
119 286 205.11 -0.18
119 287 204.90 -0.18
119 288 204.96 -0.18
119 289 204.65 -0.17
119 290 205.06 -0.16
119 291 205.18 -0.17
119 292 206.29 -0.17
119 293 206.12 -0.14
119 294 207.41 -0.13
119 295 207.99 -0.13
119 296 209.39 -0.18
119 297 210.53 -0.18
119 298 212.09 -0.17
119 299 213.29 -0.18
119 300 215.08 -0.21
119 301 216.50 -0.24
119 302 219.19 0.05
119 303 220.18 -0.24
119 304 222.16 -0.21
119 305 225.19 0.04
119 306 226.50 -0.21
119 307 228.71 -0.20
119 308 231.24 -0.24
119 309 233.45 -0.21
119 310 236.75 -0.20
119 311 236.37 0.59
119 312 239.03 0.51
119 313 244.68 -0.25
119 314 247.49 -0.21
119 315 247.96 0.51
119 316 249.83 0.59
119 317 253.64 0.65
119 318 255.68 0.59
119 319 260.77 0.42
119 320 261.93 0.62
119 321 267.92 0.36
119 322 271.07 0.31
119 323 274.68 0.34
119 324 278.23 0.34
119 325 282.12 0.30
119 326 285.36 0.31
119 327 289.81 0.30
119 328 293.05 0.29
119 329 297.39 0.29
119 330 301.14 0.26
119 331 305.35 0.27
119 332 309.33 0.25
119 333 313.67 0.25
119 334 317.98 0.25
119 335 322.05 0.25
119 336 326.22 0.27
119 337 331.08 0.25
119 338 335.54 0.23
119 339 340.28 0.24
119 340 345.36 0.22
119 341 349.82 0.24
119 342 354.63 0.24
119 343 359.74 0.25
119 344 364.53 0.24
119 345 369.72 0.24
119 346 375.14 0.22
119 347 380.34 0.22
119 348 385.47 0.22
119 349 390.98 0.21
119 350 396.52 0.24
119 351 402.16 0.22
119 352 407.70 0.19
119 353 413.67 0.19
119 354 420.41 -0.15
119 355 425.36 0.19
119 356 431.69 -0.15
119 357 437.76 -0.15
119 358 443.48 -0.14
119 359 450.16 0.15
119 360 455.67 -0.18
119 361 462.44 0.12
119 362 467.88 -0.18
119 363 474.39 -0.19
119 364 480.43 -0.19
119 365 487.94 0.11
119 366 493.65 -0.19
119 367 500.30 -0.19
119 368 506.48 -0.18
119 369 513.30 -0.19
119 370 519.81 -0.18
119 371 526.80 -0.20
119 372 534.39 0.03
119 373 540.80 -0.20
119 374 547.33 -0.19
119 375 554.55 -0.19
119 376 562.43 0.04
119 377 570.11 0.03
119 378 577.29 -0.20
119 379 583.51 -0.20
119 380 590.23 -0.20
119 381 600.03 0.04
119 382 607.40 0.05
119 383 615.28 0.03
119 384 620.32 -0.21
119 385 631.03 0.03
119 386 635.41 -0.21
119 387 646.43 0.06
119 388 651.09 -0.20
119 389 657.66 0.41
119 390 666.48 -0.26
119 391 673.47 0.41
119 392 681.57 -0.26
119 393 690.98 -0.20
119 394 695.91 0.34
119 395 707.55 -0.25
119 396 711.51 0.33
119 397 721.03 0.31
119 398 730.18 -0.24
119 399 739.97 -0.27
119 400 744.12 0.29
119 401 753.99 0.27
119 402 760.87 0.30
119 403 769.70 0.30
119 404 777.11 0.29
119 405 786.63 0.29
119 406 794.29 0.26
119 407 803.38 0.30
119 408 811.25 0.28
119 409 820.60 0.27
120 286 212.99 0.22
120 287 213.05 0.20
120 288 212.75 0.18
120 289 213.13 0.16
120 290 212.15 -0.18
120 291 212.61 -0.18
120 292 212.97 0.13
120 293 212.98 -0.17
120 294 213.94 0.11
120 295 214.09 -0.14
120 296 214.68 -0.17
120 297 215.74 -0.17
120 298 216.51 -0.20
120 299 218.15 -0.18
120 300 219.39 -0.23
120 301 220.74 -0.22
120 302 221.82 -0.23
120 303 223.52 -0.22
120 304 226.29 0.00
120 305 227.09 -0.23
120 306 230.06 0.05
120 307 230.97 -0.23
120 308 234.52 0.04
120 309 235.25 -0.23
120 310 239.45 0.06
120 311 240.20 -0.23
120 312 242.38 -0.22
120 313 243.00 0.57
120 314 248.09 -0.25
120 315 250.40 -0.22
120 316 250.41 0.58
120 317 252.97 0.64
120 318 259.64 -0.24
120 319 262.41 -0.24
120 320 265.90 -0.23
120 321 269.06 -0.21
120 322 270.16 0.41
120 323 273.58 0.30
120 324 277.01 0.34
120 325 280.34 0.33
120 326 284.04 0.30
120 327 287.54 0.31
120 328 291.33 0.30
120 329 294.78 0.28
120 330 299.15 0.31
120 331 302.40 0.27
120 332 306.39 0.27
120 333 310.36 0.28
120 334 314.73 0.27
120 335 318.50 0.25
120 336 322.83 0.26
120 337 326.94 0.26
120 338 331.56 0.25
120 339 335.75 0.26
120 340 340.60 0.23
120 341 345.26 0.22
120 342 349.67 0.24
120 343 354.27 0.24
120 344 359.18 0.23
120 345 364.49 0.23
120 346 369.35 0.22
120 347 374.02 0.21
120 348 379.45 0.23
120 349 384.35 0.22
120 350 392.12 -0.15
120 351 397.18 -0.18
120 352 402.49 -0.14
120 353 406.08 0.20
120 354 412.99 -0.15
120 355 418.13 -0.14
120 356 423.84 -0.14
120 357 429.08 -0.14
120 358 434.99 -0.14
120 359 440.68 -0.14
120 360 447.48 0.13
120 361 452.70 -0.19
120 362 458.91 -0.16
120 363 465.48 0.13
120 364 470.80 -0.16
120 365 476.92 -0.18
120 366 483.44 -0.20
120 367 490.27 0.08
120 368 496.20 -0.18
120 369 502.42 -0.19
120 370 509.09 -0.20
120 371 515.48 -0.19
120 372 522.59 -0.19
120 373 529.87 0.05
120 374 536.11 -0.20
120 375 542.43 -0.20
120 376 549.93 -0.20
120 377 557.56 0.03
120 378 565.20 0.03
120 379 572.33 -0.19
120 380 578.10 -0.20
120 381 584.88 -0.21
120 382 594.65 0.03
120 383 599.48 -0.20
120 384 609.63 0.04
120 385 614.47 -0.19
120 386 625.19 0.03
120 387 629.58 -0.19
120 388 640.76 0.06
120 389 644.99 -0.24
120 390 651.53 0.42
120 391 658.44 0.37
120 392 667.04 0.34
120 393 673.57 0.39
120 394 682.84 0.34
120 395 689.29 0.33
120 396 698.14 0.31
120 397 707.33 -0.23
120 398 713.87 0.32
120 399 721.09 0.32
120 400 729.50 0.30
120 401 736.68 0.30
120 402 745.96 0.30
120 403 753.04 0.30
120 404 761.88 0.30
120 405 769.18 0.29
120 406 778.19 0.31
120 407 786.07 0.25
120 408 795.00 0.28
120 409 802.12 0.27
120 410 811.73 0.26
