# Public ULB numerical table: Z A Mcal(MeV) beta2; source precision retained
8 16 -2.79 0.00
8 17 1.15 0.00
8 18 0.86 0.00
8 19 5.11 0.00
8 20 3.38 0.07
8 21 9.21 0.13
8 22 9.65 0.18
8 23 15.00 0.15
8 24 18.69 -0.06
8 25 29.90 -0.11
8 26 35.23 -0.08
8 27 47.52 -0.09
8 28 51.83 -0.06
8 29 62.83 0.20
8 30 69.82 0.18
8 31 79.73 0.18
8 32 88.67 0.22
8 33 96.45 0.13
8 34 107.98 -0.18
9 17 4.11 0.00
9 18 2.37 0.00
9 19 0.78 0.00
9 20 -1.20 0.18
9 21 -2.81 0.20
9 22 1.76 0.20
9 23 1.53 0.19
9 24 5.47 0.16
9 25 9.40 0.13
9 26 17.36 0.15
9 27 22.92 0.15
9 28 32.70 0.12
9 29 38.38 -0.10
9 30 48.06 0.17
9 31 54.66 0.19
9 32 64.97 0.18
9 33 72.72 0.19
9 34 82.90 0.29
9 35 91.27 0.19
9 36 101.11 0.22
9 37 110.52 -0.20
9 38 121.77 -0.13
10 18 7.24 0.00
10 19 3.96 0.00
10 20 -9.02 0.21
10 21 -6.34 -0.20
10 22 -8.31 0.26
10 23 -4.94 0.26
10 24 -6.92 0.24
10 25 -3.37 0.14
10 26 -0.27 -0.08
10 27 6.25 0.14
10 28 10.92 0.10
10 29 18.97 0.31
10 30 22.33 -0.08
10 31 33.00 0.31
10 32 37.44 -0.17
10 33 47.96 -0.19
10 34 54.80 0.28
10 35 64.73 0.34
10 36 72.28 0.31
10 37 82.56 0.33
10 38 90.16 0.25
10 39 101.98 -0.28
10 40 108.92 -0.25
10 41 120.25 -0.26
10 42 127.11 0.19
11 19 12.42 -0.11
11 20 5.72 0.16
11 21 -2.56 -0.22
11 22 -5.09 0.55
11 23 -9.05 -0.25
11 24 -7.51 0.51
11 25 -9.43 -0.25
11 26 -7.32 -0.18
11 27 -5.76 -0.13
11 28 -0.89 0.21
11 29 2.70 -0.13
11 30 9.44 -0.11
11 31 12.92 0.46
11 32 20.51 0.53
11 33 24.76 0.49
11 34 33.29 0.46
11 35 38.49 0.45
11 36 47.72 0.47
11 37 54.30 0.44
11 38 64.01 0.39
11 39 71.72 0.39
11 40 81.81 0.35
11 41 89.67 0.35
11 42 99.79 -0.23
11 43 107.90 -0.21
11 44 117.61 -0.12
12 20 16.67 0.08
12 21 8.79 0.16
12 22 -0.24 0.24
12 23 -4.72 -0.24
12 24 -14.06 -0.26
12 25 -12.87 0.38
12 26 -16.03 -0.27
12 27 -15.50 -0.21
12 28 -16.00 -0.19
12 29 -10.91 0.19
12 30 -9.61 0.18
12 31 -2.73 -0.11
12 32 -0.48 -0.06
12 33 5.64 0.29
12 34 9.43 0.25
12 35 17.50 0.37
12 36 21.75 0.32
12 37 30.11 0.38
12 38 35.59 0.34
12 39 44.35 0.35
12 40 51.39 0.31
12 41 60.84 0.17
12 42 67.49 -0.26
12 43 77.40 -0.26
12 44 84.98 -0.20
12 45 94.64 -0.10
12 46 101.82 -0.08
13 21 28.14 0.15
13 22 17.82 0.19
13 23 7.88 0.26
13 24 1.43 0.44
13 25 -8.05 0.37
13 26 -12.33 0.33
13 27 -17.39 -0.33
13 28 -17.21 -0.25
13 29 -17.88 -0.23
13 30 -15.36 0.20
13 31 -14.86 -0.20
13 32 -10.68 0.14
13 33 -9.15 0.18
13 34 -3.56 0.28
13 35 -0.84 0.30
13 36 5.82 0.39
13 37 8.76 0.32
13 38 16.00 0.35
13 39 20.52 0.34
13 40 28.64 0.34
13 41 34.33 -0.29
13 42 42.43 -0.29
13 43 48.89 -0.28
13 44 58.59 -0.25
13 45 65.24 -0.22
13 46 74.36 0.12
13 47 82.52 0.11
13 48 91.42 -0.11
14 22 33.50 0.18
14 23 22.75 0.20
14 24 11.21 0.24
14 25 4.51 -0.27
14 26 -6.82 0.24
14 27 -12.43 -0.33
14 28 -21.08 0.24
14 29 -22.41 -0.26
14 30 -24.25 -0.22
14 31 -22.01 -0.19
14 32 -23.73 0.20
14 33 -19.43 -0.26
14 34 -20.48 0.18
14 35 -14.84 0.27
14 36 -13.27 0.15
14 37 -6.73 -0.21
14 38 -4.83 0.26
14 39 2.61 0.33
14 40 4.88 -0.28
14 41 12.65 0.26
14 42 16.23 -0.33
14 43 23.76 -0.30
14 44 29.70 -0.28
14 45 38.40 -0.24
14 46 45.10 -0.22
14 47 54.15 0.07
14 48 61.37 -0.09
14 49 70.41 -0.12
14 50 78.86 -0.14
15 23 46.61 -0.12
15 24 33.02 0.16
15 25 20.50 0.18
15 26 12.12 -0.23
15 27 -0.38 -0.23
15 28 -7.37 -0.26
15 29 -17.04 -0.29
15 30 -21.55 -0.22
15 31 -24.98 -0.25
15 32 -23.95 -0.23
15 33 -26.12 -0.22
15 34 -24.20 -0.16
15 35 -25.01 -0.16
15 36 -20.75 -0.17
15 37 -19.96 0.26
15 38 -14.64 0.23
15 39 -13.76 0.23
15 40 -7.80 0.29
15 41 -6.00 0.27
15 42 0.23 0.28
15 43 4.24 0.25
15 44 10.65 -0.25
15 45 15.55 -0.23
15 46 23.49 -0.21
15 47 29.62 -0.20
15 48 37.88 0.08
15 49 44.51 -0.09
15 50 54.67 -0.11
15 51 62.16 0.12
15 52 72.41 -0.11
16 24 53.17 -0.10
16 25 42.21 -0.14
16 26 27.51 -0.19
16 27 18.44 -0.20
16 28 4.46 -0.22
16 29 -2.43 -0.25
16 30 -13.48 -0.23
16 31 -19.79 -0.20
16 32 -26.95 -0.21
16 33 -26.15 0.22
16 34 -29.75 -0.19
16 35 -28.13 -0.14
16 36 -30.93 -0.15
16 37 -27.03 -0.18
16 38 -28.02 0.15
16 39 -23.17 0.20
16 40 -23.44 0.22
16 41 -18.65 -0.20
16 42 -17.18 0.27
16 43 -11.85 0.27
16 44 -9.01 -0.23
16 45 -2.93 -0.24
16 46 1.15 -0.23
16 47 8.64 -0.21
16 48 13.96 -0.22
16 49 22.03 0.11
16 50 28.10 -0.10
16 51 38.49 -0.19
16 52 44.06 -0.17
16 53 54.52 -0.13
16 54 61.26 -0.17
17 25 68.44 -0.16
17 26 56.24 0.16
17 27 40.64 0.16
17 28 29.57 -0.18
17 29 15.10 0.22
17 30 6.06 -0.21
17 31 -5.70 -0.23
17 32 -12.88 -0.22
17 33 -20.29 -0.19
17 34 -23.92 -0.16
17 35 -28.48 0.23
17 36 -28.32 0.21
17 37 -30.90 0.19
17 38 -29.55 -0.22
17 39 -30.21 0.13
17 40 -27.85 0.21
17 41 -28.40 0.21
17 42 -24.67 0.26
17 43 -24.48 0.24
17 44 -20.22 0.26
17 45 -18.18 -0.21
17 46 -13.20 -0.20
17 47 -9.48 -0.20
17 48 -3.27 -0.21
17 49 1.65 -0.18
17 50 9.09 -0.22
17 51 14.74 -0.20
17 52 22.90 -0.18
17 53 29.54 -0.20
17 54 38.62 -0.23
17 55 45.53 -0.20
17 56 55.21 -0.19
17 57 62.29 -0.20
17 58 70.56 0.22
17 59 79.38 0.25
17 60 88.43 0.22
17 61 96.71 0.26
17 62 105.52 0.29
17 63 114.57 0.27
17 64 123.67 0.27
18 27 63.19 0.17
18 28 49.16 0.18
18 29 38.71 0.21
18 30 21.91 -0.20
18 31 12.23 -0.20
18 32 -1.55 0.22
18 33 -9.15 -0.19
18 34 -18.12 -0.20
18 35 -22.23 0.25
18 36 -30.74 0.17
18 37 -31.71 0.22
18 38 -36.00 0.15
18 39 -33.52 -0.10
18 40 -36.14 0.09
18 41 -33.56 0.12
18 42 -36.00 0.15
18 43 -32.69 -0.16
18 44 -32.93 -0.15
18 45 -29.48 0.24
18 46 -28.80 -0.20
18 47 -24.54 -0.19
18 48 -21.57 -0.19
18 49 -15.77 -0.21
18 50 -11.74 -0.19
18 51 -4.95 -0.11
18 52 -0.12 -0.19
18 53 7.41 -0.19
18 54 13.20 -0.16
18 55 21.79 -0.22
18 56 27.89 -0.15
18 57 36.91 -0.19
18 58 43.56 0.11
18 59 52.45 -0.13
18 60 60.01 0.12
18 61 70.01 0.16
18 62 76.58 0.18
18 63 87.25 0.22
18 64 93.88 0.21
18 65 103.67 0.21
18 66 111.97 -0.23
19 29 62.84 0.13
19 30 50.92 0.15
19 31 35.49 -0.12
19 32 23.31 0.16
19 33 9.51 -0.27
19 34 -0.59 -0.16
19 35 -10.08 0.21
19 36 -15.69 -0.15
19 37 -25.58 0.19
19 38 -28.11 -0.08
19 39 -34.64 0.17
19 40 -33.43 0.10
19 41 -36.41 -0.07
19 42 -35.23 -0.07
19 43 -37.68 -0.08
19 44 -36.03 -0.09
19 45 -37.31 -0.10
19 46 -34.87 -0.12
19 47 -35.26 0.15
19 48 -31.90 -0.12
19 49 -29.53 -0.12
19 50 -24.83 -0.10
19 51 -21.66 -0.10
19 52 -15.89 -0.09
19 53 -11.53 -0.09
19 54 -5.13 0.04
19 55 0.20 -0.10
19 56 8.06 -0.10
19 57 13.36 -0.09
19 58 21.53 -0.08
19 59 27.50 -0.08
19 60 37.51 -0.09
19 61 42.88 -0.08
19 62 50.83 -0.09
19 63 58.45 -0.10
19 64 66.74 -0.11
19 65 75.01 -0.11
19 66 83.47 -0.13
19 67 92.14 -0.11
19 68 100.83 -0.13
20 31 60.42 0.19
20 32 43.02 -0.12
20 33 30.20 0.21
20 34 15.33 0.19
20 35 5.20 -0.19
20 36 -5.89 -0.18
20 37 -11.72 0.21
20 38 -22.85 0.16
20 39 -27.45 0.14
20 40 -34.97 0.03
20 41 -35.51 -0.05
20 42 -39.75 0.04
20 43 -38.89 0.07
20 44 -42.62 0.06
20 45 -41.13 0.13
20 46 -43.50 -0.05
20 47 -41.87 0.10
20 48 -43.53 0.11
20 49 -39.87 -0.11
20 50 -39.01 -0.11
20 51 -34.13 0.07
20 52 -32.56 0.11
20 53 -27.08 -0.10
20 54 -23.93 -0.09
20 55 -17.66 0.13
20 56 -13.57 -0.09
20 57 -5.89 0.03
20 58 -0.33 0.00
20 59 6.52 -0.03
20 60 12.23 0.00
20 61 19.74 -0.05
20 62 26.13 0.00
20 63 34.39 0.04
20 64 39.96 0.04
20 65 49.92 0.00
20 66 55.42 0.05
20 67 64.80 0.07
20 68 71.25 0.07
20 69 80.99 0.08
20 70 87.80 0.08
21 32 72.11 0.36
21 33 56.10 0.28
21 34 46.48 0.19
21 35 31.84 -0.24
21 36 18.93 -0.19
21 37 4.51 -0.18
21 38 -2.72 0.13
21 39 -14.00 0.24
21 40 -20.06 -0.09
21 41 -28.96 -0.07
21 42 -32.62 -0.09
21 43 -37.81 -0.07
21 44 -37.93 0.08
21 45 -42.03 -0.08
21 46 -42.07 0.13
21 47 -44.85 -0.08
21 48 -44.52 0.13
21 49 -46.14 -0.10
21 50 -44.27 0.10
21 51 -43.44 -0.08
21 52 -40.15 0.08
21 53 -38.37 -0.09
21 54 -33.89 -0.08
21 55 -31.10 -0.08
21 56 -25.37 -0.09
21 57 -22.09 -0.08
21 58 -15.61 -0.08
21 59 -11.90 -0.08
21 60 -5.01 -0.07
21 61 -0.56 -0.07
21 62 7.58 -0.08
21 63 11.93 -0.07
21 64 20.18 0.09
21 65 25.50 0.10
21 66 33.79 0.10
21 67 39.70 0.11
21 68 48.52 0.11
21 69 54.57 0.12
21 70 63.66 0.15
21 71 70.35 -0.10
21 72 78.97 -0.09
21 73 86.61 -0.10
21 74 95.59 -0.11
21 75 103.64 -0.11
21 76 112.43 0.10
21 77 120.69 0.10
21 78 130.32 0.08
21 79 138.92 0.07
21 80 147.62 0.09
22 34 65.40 0.24
22 35 52.68 0.34
22 36 35.68 0.20
22 37 24.19 0.23
22 38 10.71 0.22
22 39 2.11 0.22
22 40 -9.08 0.09
22 41 -16.12 -0.07
22 42 -27.85 0.13
22 43 -30.65 -0.06
22 44 -38.80 0.06
22 45 -39.77 0.24
22 46 -45.99 0.15
22 47 -44.77 -0.09
22 48 -49.84 0.17
22 49 -49.02 0.14
22 50 -51.71 0.10
22 51 -49.86 0.12
22 52 -49.92 -0.09
22 53 -46.56 0.10
22 54 -46.26 0.10
22 55 -41.83 0.11
22 56 -40.29 0.10
22 57 -34.66 -0.09
22 58 -32.65 0.11
22 59 -26.88 0.10
22 60 -23.49 0.09
22 61 -16.98 0.16
22 62 -13.47 0.08
22 63 -6.02 -0.09
22 64 -2.34 0.12
22 65 5.12 0.19
22 66 9.87 0.15
22 67 18.15 0.24
22 68 22.97 0.17
22 69 31.13 0.22
22 70 37.02 0.17
22 71 45.27 0.18
22 72 52.10 0.16
22 73 60.51 0.13
22 74 67.89 0.14
22 75 76.98 -0.14
22 76 84.55 -0.12
22 77 93.93 -0.12
22 78 101.45 0.09
22 79 111.12 0.07
22 80 118.86 0.09
22 81 129.19 0.06
22 82 137.23 0.07
23 36 65.96 0.38
23 37 49.54 0.21
23 38 39.07 0.25
23 39 22.65 0.26
23 40 12.19 0.21
23 41 0.28 0.16
23 42 -8.00 -0.09
23 43 -18.47 0.11
23 44 -24.38 0.12
23 45 -32.82 0.12
23 46 -36.39 0.18
23 47 -42.79 0.24
23 48 -43.90 0.25
23 49 -48.16 0.25
23 50 -48.77 0.17
23 51 -51.78 -0.15
23 52 -51.24 -0.15
23 53 -51.85 0.15
23 54 -49.65 0.14
23 55 -49.32 0.13
23 56 -46.12 0.18
23 57 -44.83 0.12
23 58 -40.49 -0.13
23 59 -38.26 0.09
23 60 -33.40 0.11
23 61 -30.74 0.11
23 62 -25.19 0.19
23 63 -21.91 0.15
23 64 -15.64 -0.09
23 65 -12.52 0.27
23 66 -6.15 0.25
23 67 -1.93 0.25
23 68 5.21 0.26
23 69 10.08 0.24
23 70 17.24 0.26
23 71 23.30 0.23
23 72 31.07 0.19
23 73 37.27 0.14
23 74 45.33 0.14
23 75 52.16 0.15
23 76 60.81 0.14
23 77 67.92 -0.13
23 78 76.94 -0.15
23 79 84.71 -0.12
23 80 93.76 -0.11
23 81 101.80 0.08
23 82 111.20 0.08
23 83 119.54 0.07
23 84 129.07 0.06
24 38 57.80 -0.27
24 39 44.78 0.28
24 40 30.18 0.25
24 41 19.16 0.22
24 42 5.42 0.17
24 43 -2.87 -0.11
24 44 -14.32 0.05
24 45 -20.28 -0.07
24 46 -30.88 0.14
24 47 -34.97 0.29
24 48 -43.99 0.22
24 49 -45.32 0.29
24 50 -51.44 0.24
24 51 -51.82 0.19
24 52 -55.99 0.18
24 53 -55.27 0.17
24 54 -57.22 0.21
24 55 -55.30 0.23
24 56 -56.28 0.18
24 57 -53.54 0.21
24 58 -53.24 0.18
24 59 -49.18 0.19
24 60 -48.04 0.15
24 61 -43.55 0.13
24 62 -41.60 0.13
24 63 -36.60 0.19
24 64 -34.31 0.19
24 65 -28.27 0.23
24 66 -25.71 0.21
24 67 -19.77 0.21
24 68 -16.17 0.21
24 69 -9.51 0.22
24 70 -5.53 0.20
24 71 1.65 0.26
24 72 6.54 0.19
24 73 14.16 0.20
24 74 19.59 0.16
24 75 28.23 0.12
24 76 34.07 0.20
24 77 42.72 0.20
24 78 49.34 0.17
24 79 58.21 0.11
24 80 65.36 0.13
24 81 74.68 0.11
24 82 82.25 0.12
24 83 91.63 0.13
24 84 100.12 0.05
24 85 108.97 0.12
24 86 117.66 -0.13
25 40 56.91 0.31
25 41 42.86 0.29
25 42 30.78 0.25
25 43 17.20 0.21
25 44 6.78 -0.11
25 45 -5.05 0.11
25 46 -12.69 0.11
25 47 -22.40 0.18
25 48 -28.46 0.27
25 49 -37.57 0.27
25 50 -42.06 0.30
25 51 -48.15 0.24
25 52 -50.16 0.21
25 53 -54.27 -0.15
25 54 -54.85 -0.14
25 55 -57.11 -0.18
25 56 -56.05 0.23
25 57 -57.28 -0.16
25 58 -55.37 0.20
25 59 -55.48 0.24
25 60 -52.65 0.23
25 61 -52.19 0.24
25 62 -48.56 0.26
25 63 -47.40 0.31
25 64 -43.40 0.32
25 65 -41.60 0.33
25 66 -37.17 0.31
25 67 -34.46 0.31
25 68 -29.06 0.28
25 69 -26.24 0.28
25 70 -20.45 0.26
25 71 -16.82 0.23
25 72 -10.48 0.27
25 73 -6.06 0.23
25 74 0.94 0.22
25 75 6.13 0.23
25 76 13.72 0.22
25 77 19.22 0.21
25 78 27.36 0.20
25 79 33.93 0.21
25 80 42.95 0.19
25 81 50.28 0.21
25 82 59.06 0.19
25 83 66.69 0.18
25 84 75.67 0.18
25 85 83.81 0.18
25 86 92.57 0.04
25 87 101.17 0.21
25 88 109.39 -0.13
26 42 52.25 0.33
26 43 39.28 0.26
26 44 24.76 -0.19
26 45 13.45 -0.18
26 46 0.69 -0.05
26 47 -7.52 0.26
26 48 -19.06 0.19
26 49 -24.46 0.20
26 50 -35.33 0.24
26 51 -39.94 0.28
26 52 -48.59 0.26
26 53 -51.26 0.20
26 54 -56.48 0.19
26 55 -57.34 -0.18
26 56 -60.45 -0.17
26 57 -59.70 0.24
26 58 -61.99 0.23
26 59 -60.55 0.21
26 60 -61.69 0.23
26 61 -59.11 0.21
26 62 -59.41 0.25
26 63 -56.23 0.14
26 64 -55.45 0.13
26 65 -51.70 -0.15
26 66 -50.30 0.09
26 67 -46.79 0.25
26 68 -44.79 0.17
26 69 -40.04 0.22
26 70 -37.73 0.19
26 71 -32.30 0.24
26 72 -29.57 0.19
26 73 -23.24 0.19
26 74 -19.89 0.17
26 75 -13.17 0.19
26 76 -8.97 -0.10
26 77 -1.72 -0.10
26 78 3.89 0.14
26 79 11.79 0.17
26 80 17.75 0.17
26 81 26.07 0.10
26 82 32.77 0.15
26 83 41.35 0.16
26 84 48.45 0.11
26 85 57.33 0.13
26 86 64.81 0.14
26 87 74.27 -0.17
26 88 81.80 0.14
26 89 90.61 -0.13
26 90 99.67 0.13
27 44 52.06 0.28
27 45 36.94 -0.21
27 46 25.42 -0.12
27 47 11.28 0.22
27 48 1.67 0.12
27 49 -9.69 0.17
27 50 -16.54 0.20
27 51 -27.81 0.23
27 52 -33.37 0.31
27 53 -42.86 0.21
27 54 -46.81 0.14
27 55 -53.10 -0.17
27 56 -55.30 0.14
27 57 -58.96 0.23
27 58 -58.89 0.20
27 59 -61.79 0.19
27 60 -60.95 0.19
27 61 -62.77 0.19
27 62 -60.92 0.18
27 63 -61.84 -0.20
27 64 -59.67 0.22
27 65 -59.35 0.13
27 66 -56.69 -0.17
27 67 -55.70 0.08
27 68 -52.34 0.11
27 69 -51.20 0.09
27 70 -47.21 0.12
27 71 -45.58 0.11
27 72 -40.88 0.13
27 73 -38.81 0.13
27 74 -33.59 0.13
27 75 -30.73 0.12
27 76 -25.61 0.09
27 77 -21.39 0.07
27 78 -14.21 0.11
27 79 -9.21 0.11
27 80 -1.62 0.14
27 81 4.09 0.14
27 82 11.94 0.13
27 83 18.32 0.12
27 84 26.52 0.12
27 85 33.46 -0.13
27 86 41.84 0.12
27 87 49.22 0.10
27 88 58.19 0.09
27 89 65.75 0.12
27 90 74.82 -0.12
27 91 82.94 0.11
27 92 91.71 0.14
28 46 45.79 -0.22
28 47 33.73 -0.12
28 48 18.41 0.13
28 49 9.10 -0.10
28 50 -3.67 0.17
28 51 -10.67 -0.14
28 52 -22.56 0.20
28 53 -28.92 -0.16
28 54 -39.05 0.21
28 55 -44.44 -0.21
28 56 -52.62 0.15
28 57 -55.60 -0.17
28 58 -59.89 -0.19
28 59 -60.42 -0.19
28 60 -63.81 -0.19
28 61 -63.64 -0.20
28 62 -66.16 -0.20
28 63 -64.85 -0.17
28 64 -66.96 -0.19
28 65 -64.90 -0.20
28 66 -66.01 -0.16
28 67 -63.66 -0.17
28 68 -63.55 -0.15
28 69 -59.94 -0.09
28 70 -59.38 0.05
28 71 -55.42 0.05
28 72 -54.84 0.08
28 73 -50.30 -0.08
28 74 -49.11 0.09
28 75 -44.56 -0.10
28 76 -42.24 0.10
28 77 -37.28 0.07
28 78 -34.74 0.07
28 79 -27.93 -0.07
28 80 -22.83 -0.07
28 81 -15.64 -0.10
28 82 -10.38 -0.11
28 83 -2.53 -0.12
28 84 3.15 -0.11
28 85 11.14 -0.13
28 86 17.40 -0.11
28 87 25.97 -0.15
28 88 32.42 -0.13
28 89 41.11 -0.16
28 90 48.15 -0.15
28 91 57.62 -0.12
28 92 64.61 -0.15
28 93 74.42 0.31
28 94 81.75 -0.15
29 48 45.79 -0.14
29 49 31.13 0.06
29 50 20.27 -0.10
29 51 7.49 0.15
29 52 -1.11 0.18
29 53 -13.46 0.22
29 54 -20.43 -0.16
29 55 -31.18 0.22
29 56 -37.64 0.14
29 57 -46.51 -0.17
29 58 -50.88 -0.17
29 59 -56.15 -0.18
29 60 -57.60 -0.19
29 61 -61.55 -0.20
29 62 -62.07 -0.20
29 63 -65.16 -0.20
29 64 -64.61 -0.17
29 65 -67.24 -0.21
29 66 -65.97 -0.20
29 67 -67.61 -0.18
29 68 -65.52 -0.18
29 69 -66.08 -0.12
29 70 -63.34 -0.10
29 71 -63.75 -0.13
29 72 -60.14 0.12
29 73 -59.87 0.12
29 74 -56.20 0.14
29 75 -55.27 0.16
29 76 -50.94 0.16
29 77 -49.61 0.12
29 78 -45.15 0.11
29 79 -42.67 -0.07
29 80 -37.01 -0.12
29 81 -32.27 -0.12
29 82 -25.47 0.14
29 83 -20.50 -0.13
29 84 -12.97 -0.16
29 85 -7.77 -0.16
29 86 -0.16 -0.14
29 87 5.53 -0.15
29 88 13.70 -0.20
29 89 19.78 -0.18
29 90 28.15 -0.18
29 91 34.60 -0.20
29 92 43.54 -0.23
29 93 50.04 -0.21
29 94 59.14 0.31
29 95 66.49 0.31
29 96 75.38 0.27
29 97 82.78 0.31
29 98 91.73 0.31
29 99 99.76 0.31
29 100 108.27 0.33
29 101 117.47 0.29
29 102 126.09 0.31
29 103 135.05 0.28
29 104 143.59 0.28
30 50 40.80 -0.05
30 51 29.03 -0.10
30 52 15.53 0.14
30 53 6.65 0.18
30 54 -6.51 0.21
30 55 -14.03 -0.17
30 56 -25.30 0.22
30 57 -31.84 0.16
30 58 -41.83 -0.18
30 59 -47.17 -0.16
30 60 -54.08 -0.19
30 61 -56.51 -0.21
30 62 -61.33 -0.21
30 63 -62.17 -0.22
30 64 -65.88 -0.22
30 65 -65.69 -0.19
30 66 -68.99 -0.22
30 67 -68.17 -0.21
30 68 -70.41 -0.23
30 69 -68.84 -0.19
30 70 -70.24 -0.16
30 71 -67.73 -0.12
30 72 -68.72 0.14
30 73 -66.09 0.20
30 74 -66.27 0.18
30 75 -62.89 0.24
30 76 -62.67 0.17
30 77 -58.67 -0.15
30 78 -57.60 0.15
30 79 -53.25 0.10
30 80 -51.43 -0.09
30 81 -46.10 -0.12
30 82 -42.06 -0.14
30 83 -35.71 -0.16
30 84 -31.33 -0.16
30 85 -24.38 0.20
30 86 -19.56 -0.19
30 87 -12.21 -0.21
30 88 -7.01 -0.20
30 89 0.66 -0.19
30 90 6.34 -0.21
30 91 14.37 -0.23
30 92 20.27 -0.21
30 93 28.74 -0.21
30 94 34.92 -0.22
30 95 43.44 0.28
30 96 50.24 -0.23
30 97 59.19 -0.17
30 98 65.91 0.30
30 99 74.59 0.30
30 100 82.04 0.29
30 101 90.82 0.30
30 102 98.89 0.28
30 103 107.90 0.26
30 104 116.11 0.27
30 105 125.32 0.28
30 106 133.64 0.25
31 52 41.20 0.10
31 53 27.70 0.13
31 54 18.28 0.14
31 55 4.68 0.16
31 56 -3.91 0.27
31 57 -15.57 0.24
31 58 -23.07 0.19
31 59 -33.27 -0.19
31 60 -39.44 -0.18
31 61 -46.92 -0.22
31 62 -50.49 -0.23
31 63 -56.36 -0.23
31 64 -58.13 -0.24
31 65 -62.42 -0.24
31 66 -62.84 -0.20
31 67 -66.69 -0.25
31 68 -66.54 -0.23
31 69 -69.44 -0.23
31 70 -68.72 -0.23
31 71 -70.61 -0.23
31 72 -68.99 0.26
31 73 -70.21 -0.22
31 74 -68.33 0.26
31 75 -68.90 0.23
31 76 -66.32 0.20
31 77 -66.47 0.19
31 78 -63.20 0.19
31 79 -62.50 0.18
31 80 -58.79 0.20
31 81 -57.29 -0.11
31 82 -52.63 -0.13
31 83 -49.08 -0.16
31 84 -43.33 -0.17
31 85 -39.38 -0.18
31 86 -33.02 -0.20
31 87 -28.68 -0.20
31 88 -21.79 -0.23
31 89 -17.07 -0.23
31 90 -9.80 -0.20
31 91 -4.66 -0.23
31 92 2.82 -0.24
31 93 8.35 -0.24
31 94 16.28 -0.24
31 95 22.12 -0.24
31 96 30.54 -0.22
31 97 36.53 -0.24
31 98 45.24 -0.24
31 99 51.53 -0.23
31 100 60.40 -0.20
31 101 66.69 0.28
31 102 75.61 0.27
31 103 82.76 0.26
31 104 92.12 0.21
31 105 99.20 0.25
31 106 108.30 0.27
31 107 116.24 0.22
31 108 125.30 0.22
32 54 37.53 0.14
32 55 27.88 0.16
32 56 13.38 0.22
32 57 4.28 0.28
32 58 -8.32 0.24
32 59 -16.30 0.19
32 60 -27.16 -0.20
32 61 -33.98 -0.19
32 62 -42.48 -0.21
32 63 -47.10 -0.23
32 64 -54.27 -0.23
32 65 -56.92 -0.24
32 66 -61.89 -0.25
32 67 -62.50 -0.27
32 68 -67.05 -0.25
32 69 -67.56 -0.24
32 70 -70.99 -0.22
32 71 -70.61 -0.19
32 72 -73.21 -0.24
32 73 -72.27 0.22
32 74 -74.04 0.20
32 75 -71.91 0.24
32 76 -73.82 0.20
32 77 -71.62 0.24
32 78 -72.42 0.21
32 79 -69.39 0.20
32 80 -69.40 0.19
32 81 -65.97 0.20
32 82 -65.07 -0.11
32 83 -60.78 -0.14
32 84 -57.75 -0.15
32 85 -52.46 0.19
32 86 -49.14 0.20
32 87 -43.21 0.22
32 88 -39.28 0.22
32 89 -32.78 0.19
32 90 -28.48 -0.22
32 91 -21.48 -0.20
32 92 -16.86 -0.23
32 93 -9.81 -0.25
32 94 -4.72 -0.24
32 95 2.76 -0.25
32 96 8.16 -0.25
32 97 16.32 -0.26
32 98 21.77 -0.25
32 99 30.16 -0.24
32 100 36.05 -0.24
32 101 44.58 -0.20
32 102 50.37 0.26
32 103 59.20 0.26
32 104 65.74 0.25
32 105 74.38 0.28
32 106 81.36 0.25
32 107 90.25 0.24
32 108 97.79 0.23
32 109 106.78 0.23
32 110 114.59 0.23
33 56 40.94 0.25
33 57 25.46 0.21
33 58 16.30 0.34
33 59 2.90 0.24
33 60 -5.74 0.18
33 61 -17.10 -0.20
33 62 -24.54 -0.20
33 63 -33.50 -0.24
33 64 -39.05 -0.24
33 65 -47.09 -0.25
33 66 -50.99 -0.25
33 67 -57.01 -0.26
33 68 -58.67 -0.20
33 69 -63.63 -0.22
33 70 -64.51 -0.24
33 71 -68.44 -0.22
33 72 -68.65 -0.25
33 73 -71.76 -0.23
33 74 -71.12 -0.25
33 75 -73.67 -0.21
33 76 -72.85 0.25
33 77 -74.50 0.21
33 78 -73.01 0.25
33 79 -74.34 0.21
33 80 -72.08 0.19
33 81 -72.47 0.22
33 82 -69.62 0.21
33 83 -69.14 -0.11
33 84 -65.52 -0.14
33 85 -62.93 -0.16
33 86 -58.15 0.19
33 87 -55.30 0.20
33 88 -49.91 0.22
33 89 -46.54 0.22
33 90 -40.60 -0.23
33 91 -36.75 -0.24
33 92 -30.36 -0.26
33 93 -26.27 -0.26
33 94 -19.69 -0.25
33 95 -14.98 -0.26
33 96 -7.99 -0.27
33 97 -3.05 -0.26
33 98 4.27 -0.26
33 99 9.69 -0.26
33 100 17.35 -0.26
33 101 23.04 -0.26
33 102 31.11 -0.26
33 103 37.10 -0.25
33 104 45.18 0.24
33 105 51.08 0.26
33 106 59.20 0.26
33 107 66.12 0.25
33 108 74.66 0.24
33 109 81.78 0.24
33 110 90.33 0.24
33 111 97.89 0.22
33 112 106.80 0.21
33 113 114.64 0.21
33 114 123.72 0.19
33 115 132.03 0.21
33 116 140.86 0.21
33 117 149.03 0.21
33 118 157.80 0.22
33 119 166.45 0.21
33 120 175.49 -0.19
34 58 35.91 0.20
34 59 25.77 0.29
34 60 11.99 0.26
34 61 2.96 0.19
34 62 -9.71 -0.20
34 63 -17.70 -0.21
34 64 -27.25 -0.24
34 65 -33.37 -0.24
34 66 -42.16 -0.26
34 67 -47.01 -0.25
34 68 -54.20 -0.26
34 69 -56.93 -0.20
34 70 -62.52 -0.23
34 71 -64.01 -0.24
34 72 -68.31 -0.24
34 73 -69.05 -0.26
34 74 -72.85 -0.23
34 75 -72.50 -0.25
34 76 -75.74 -0.25
34 77 -75.44 0.24
34 78 -77.77 0.20
34 79 -76.53 0.23
34 80 -78.55 0.20
34 81 -76.36 0.19
34 82 -77.59 0.21
34 83 -75.07 0.20
34 84 -75.42 -0.11
34 85 -72.15 -0.14
34 86 -70.04 -0.15
34 87 -65.56 0.19
34 88 -63.29 0.20
34 89 -58.17 0.22
34 90 -55.20 0.22
34 91 -49.69 -0.24
34 92 -46.33 -0.25
34 93 -40.35 -0.25
34 94 -36.66 -0.26
34 95 -30.59 -0.26
34 96 -26.27 -0.26
34 97 -19.62 -0.26
34 98 -15.15 -0.27
34 99 -8.18 -0.27
34 100 -3.13 -0.27
34 101 4.30 -0.29
34 102 9.46 -0.26
34 103 17.22 -0.26
34 104 22.76 -0.25
34 105 30.59 0.23
34 106 36.05 0.26
34 107 43.92 0.26
34 108 50.34 0.25
34 109 58.55 0.27
34 110 65.45 0.23
34 111 73.77 0.23
34 112 80.92 0.19
34 113 89.45 0.21
34 114 96.86 0.12
34 115 106.07 0.19
34 116 113.43 0.12
34 117 122.07 -0.08
34 118 129.97 0.13
34 119 138.89 0.17
34 120 147.35 0.14
34 121 156.04 -0.15
34 122 164.96 -0.15
35 60 40.84 0.30
35 61 24.74 0.23
35 62 15.16 -0.25
35 63 1.74 -0.19
35 64 -6.67 -0.18
35 65 -16.79 -0.19
35 66 -23.25 -0.19
35 67 -32.73 -0.20
35 68 -38.47 -0.26
35 69 -46.51 -0.20
35 70 -50.38 -0.28
35 71 -56.98 -0.19
35 72 -59.10 -0.27
35 73 -64.12 -0.18
35 74 -65.58 -0.18
35 75 -69.67 -0.17
35 76 -70.29 0.18
35 77 -73.82 -0.17
35 78 -73.62 -0.15
35 79 -76.27 0.25
35 80 -76.07 0.17
35 81 -78.74 0.17
35 82 -77.19 0.18
35 83 -79.02 0.14
35 84 -77.37 0.10
35 85 -78.11 0.10
35 86 -75.28 -0.13
35 87 -73.57 0.14
35 88 -69.51 -0.16
35 89 -67.62 0.18
35 90 -62.89 -0.18
35 91 -60.30 -0.19
35 92 -55.43 -0.25
35 93 -52.52 -0.25
35 94 -47.16 -0.26
35 95 -43.96 -0.27
35 96 -38.34 -0.26
35 97 -34.54 -0.27
35 98 -28.39 -0.29
35 99 -24.07 -0.28
35 100 -17.57 -0.28
35 101 -13.01 -0.28
35 102 -6.17 -0.29
35 103 -1.27 -0.27
35 104 5.93 -0.28
35 105 11.20 -0.27
35 106 18.89 -0.28
35 107 24.34 -0.27
35 108 31.93 0.27
35 109 38.08 0.26
35 110 45.82 0.18
35 111 52.00 0.18
35 112 60.08 0.17
35 113 66.45 0.15
35 114 75.03 0.13
35 115 81.34 0.13
35 116 89.96 0.06
35 117 96.39 0.04
35 118 105.31 -0.07
35 119 113.20 0.11
35 120 121.93 0.11
35 121 130.26 0.14
35 122 138.90 -0.13
35 123 147.74 -0.14
35 124 156.63 -0.15
36 62 34.51 0.20
36 63 24.44 0.29
36 64 10.49 -0.20
36 65 1.12 -0.22
36 66 -9.85 -0.22
36 67 -17.05 -0.25
36 68 -26.75 -0.25
36 69 -33.02 -0.28
36 70 -41.77 -0.27
36 71 -46.44 -0.25
36 72 -54.41 -0.24
36 73 -57.50 -0.25
36 74 -63.15 -0.24
36 75 -64.97 -0.20
36 76 -69.46 -0.24
36 77 -70.19 -0.28
36 78 -74.60 -0.22
36 79 -74.87 -0.21
36 80 -78.47 0.18
36 81 -78.10 0.23
36 82 -81.22 0.19
36 83 -80.02 0.18
36 84 -82.41 -0.13
36 85 -81.29 0.09
36 86 -82.74 -0.10
36 87 -80.27 -0.13
36 88 -79.27 -0.15
36 89 -75.60 -0.17
36 90 -74.08 -0.18
36 91 -69.95 -0.20
36 92 -67.84 -0.20
36 93 -63.27 -0.22
36 94 -60.74 -0.23
36 95 -55.68 -0.20
36 96 -52.91 -0.25
36 97 -47.61 -0.26
36 98 -44.19 -0.27
36 99 -38.46 -0.25
36 100 -34.80 -0.26
36 101 -28.36 -0.27
36 102 -24.47 -0.26
36 103 -18.25 -0.26
36 104 -13.50 -0.26
36 105 -6.55 0.32
36 106 -1.67 -0.25
36 107 5.49 -0.21
36 108 10.69 -0.23
36 109 17.62 0.27
36 110 23.48 -0.20
36 111 30.91 0.24
36 112 36.87 0.18
36 113 44.55 0.16
36 114 50.44 0.13
36 115 58.68 0.12
36 116 64.50 0.09
36 117 72.48 0.06
36 118 78.45 -0.05
36 119 87.53 0.05
36 120 95.01 -0.09
36 121 103.65 -0.11
36 122 112.03 -0.08
36 123 120.71 -0.12
36 124 129.31 -0.13
36 125 138.61 -0.09
36 126 146.78 -0.14
37 64 37.40 -0.24
37 65 23.25 -0.23
37 66 13.28 -0.23
37 67 1.91 -0.25
37 68 -6.05 -0.23
37 69 -16.38 -0.24
37 70 -22.99 -0.25
37 71 -32.53 -0.25
37 72 -37.88 -0.27
37 73 -46.53 -0.26
37 74 -50.83 -0.24
37 75 -57.49 -0.23
37 76 -59.84 -0.24
37 77 -65.11 -0.23
37 78 -66.36 -0.22
37 79 -71.13 -0.22
37 80 -71.98 -0.20
37 81 -75.99 -0.22
37 82 -76.44 0.23
37 83 -79.81 0.14
37 84 -79.71 -0.14
37 85 -82.36 0.13
37 86 -81.85 0.10
37 87 -83.60 -0.09
37 88 -81.67 -0.12
37 89 -81.03 -0.14
37 90 -77.88 -0.15
37 91 -77.00 0.17
37 92 -73.28 -0.19
37 93 -71.64 -0.20
37 94 -67.53 -0.22
37 95 -65.49 -0.22
37 96 -60.76 -0.20
37 97 -58.33 -0.24
37 98 -53.43 -0.24
37 99 -50.55 -0.25
37 100 -45.33 -0.25
37 101 -42.09 -0.25
37 102 -36.12 -0.26
37 103 -32.68 -0.25
37 104 -26.29 0.41
37 105 -22.04 0.37
37 106 -15.74 0.41
37 107 -11.64 -0.24
37 108 -4.77 -0.21
37 109 -0.10 -0.21
37 110 6.97 -0.21
37 111 11.77 -0.18
37 112 19.12 -0.17
37 113 24.49 0.15
37 114 31.63 -0.13
37 115 37.12 0.11
37 116 44.68 0.09
37 117 50.16 0.07
37 118 57.59 0.05
37 119 63.29 0.03
37 120 72.12 0.05
37 121 79.45 -0.07
37 122 88.00 -0.10
37 123 95.98 -0.10
37 124 104.66 -0.11
37 125 112.95 -0.12
37 126 122.17 -0.12
37 127 130.11 -0.12
37 128 139.66 -0.12
38 66 33.18 -0.19
38 67 22.57 -0.21
38 68 10.71 -0.23
38 69 2.24 -0.25
38 70 -8.89 -0.26
38 71 -16.17 -0.27
38 72 -25.93 -0.29
38 73 -31.83 -0.31
38 74 -41.43 -0.23
38 75 -46.45 -0.25
38 76 -54.26 -0.24
38 77 -57.67 -0.19
38 78 -63.66 -0.22
38 79 -65.24 -0.24
38 80 -70.49 -0.22
38 81 -71.76 0.19
38 82 -76.23 -0.17
38 83 -76.79 -0.15
38 84 -80.92 -0.13
38 85 -81.53 -0.11
38 86 -84.42 -0.10
38 87 -84.53 0.09
38 88 -87.02 0.08
38 89 -85.32 -0.12
38 90 -85.30 -0.14
38 91 -82.45 -0.15
38 92 -82.05 -0.17
38 93 -78.64 -0.19
38 94 -77.44 -0.19
38 95 -73.68 -0.21
38 96 -72.00 -0.19
38 97 -67.47 -0.19
38 98 -65.84 -0.24
38 99 -61.32 -0.24
38 100 -58.91 -0.25
38 101 -54.05 -0.25
38 102 -51.14 -0.26
38 103 -45.87 0.42
38 104 -42.58 -0.24
38 105 -36.92 -0.25
38 106 -33.20 -0.24
38 107 -26.99 -0.25
38 108 -23.05 -0.22
38 109 -16.43 -0.19
38 110 -12.30 -0.20
38 111 -5.79 -0.20
38 112 -1.07 -0.18
38 113 5.86 -0.17
38 114 10.62 -0.15
38 115 17.77 -0.12
38 116 22.85 0.09
38 117 30.31 0.10
38 118 35.03 -0.06
38 119 42.25 0.04
38 120 47.91 0.00
38 121 56.42 0.05
38 122 63.30 -0.06
38 123 71.96 -0.08
38 124 79.47 -0.10
38 125 88.41 -0.11
38 126 96.08 -0.13
38 127 105.07 -0.10
38 128 113.28 -0.12
38 129 122.52 -0.12
38 130 130.54 -0.13
39 68 35.90 -0.18
39 69 23.78 -0.23
39 70 14.52 -0.26
39 71 2.92 -0.25
39 72 -5.19 -0.27
39 73 -15.51 -0.27
39 74 -22.11 -0.28
39 75 -30.71 0.21
39 76 -37.75 -0.25
39 77 -46.38 -0.19
39 78 -50.98 -0.19
39 79 -57.73 -0.20
39 80 -60.30 -0.19
39 81 -65.96 -0.18
39 82 -67.79 0.17
39 83 -72.67 -0.18
39 84 -73.63 -0.15
39 85 -78.29 -0.16
39 86 -79.48 -0.14
39 87 -82.79 0.09
39 88 -83.74 0.08
39 89 -86.76 0.08
39 90 -85.30 -0.12
39 91 -85.57 -0.14
39 92 -83.30 -0.16
39 93 -83.41 -0.17
39 94 -80.48 -0.18
39 95 -79.83 -0.18
39 96 -76.50 -0.19
39 97 -75.32 -0.19
39 98 -71.47 -0.18
39 99 -70.03 -0.19
39 100 -66.01 -0.24
39 101 -64.08 -0.24
39 102 -59.76 0.47
39 103 -57.38 0.41
39 104 -52.75 0.41
39 105 -49.71 0.41
39 106 -44.54 0.41
39 107 -41.23 -0.24
39 108 -35.64 0.42
39 109 -32.08 -0.20
39 110 -25.83 -0.18
39 111 -21.93 -0.23
39 112 -15.60 -0.21
39 113 -11.39 -0.16
39 114 -4.98 -0.16
39 115 0.02 0.08
39 116 6.37 -0.16
39 117 10.94 0.07
39 118 17.84 0.06
39 119 22.22 0.05
39 120 28.93 0.04
39 121 34.22 0.00
39 122 42.88 0.05
39 123 49.30 0.04
39 124 58.12 0.04
39 125 65.19 -0.05
39 126 73.95 -0.05
39 127 81.61 -0.05
39 128 90.33 0.06
39 129 98.52 -0.11
39 130 107.11 0.05
39 131 115.30 -0.11
39 132 124.17 -0.06
40 70 33.39 -0.23
40 71 23.74 -0.26
40 72 11.75 -0.29
40 73 2.98 -0.27
40 74 -7.96 -0.24
40 75 -15.08 -0.19
40 76 -25.57 -0.23
40 77 -30.82 0.25
40 78 -40.24 0.17
40 79 -46.35 -0.19
40 80 -54.08 -0.22
40 81 -57.66 0.15
40 82 -63.92 -0.23
40 83 -66.06 -0.21
40 84 -71.65 0.14
40 85 -72.80 0.23
40 86 -78.09 -0.12
40 87 -79.79 -0.13
40 88 -83.47 -0.07
40 89 -84.79 0.08
40 90 -88.53 0.07
40 91 -87.46 -0.11
40 92 -88.32 -0.13
40 93 -86.24 -0.14
40 94 -86.84 -0.15
40 95 -84.42 -0.18
40 96 -84.12 -0.20
40 97 -81.17 -0.21
40 98 -80.40 -0.22
40 99 -76.94 -0.23
40 100 -76.01 -0.22
40 101 -72.29 -0.23
40 102 -70.72 -0.24
40 103 -66.58 -0.24
40 104 -64.72 -0.24
40 105 -60.21 0.39
40 106 -57.84 -0.24
40 107 -53.04 -0.24
40 108 -50.17 -0.23
40 109 -44.75 -0.23
40 110 -41.73 -0.23
40 111 -36.06 -0.20
40 112 -32.52 -0.22
40 113 -26.48 -0.19
40 114 -22.61 -0.19
40 115 -16.33 -0.20
40 116 -12.25 -0.15
40 117 -5.77 -0.14
40 118 -1.56 -0.10
40 119 5.18 0.08
40 120 9.07 -0.05
40 121 15.63 0.04
40 122 20.58 0.00
40 123 28.32 -0.06
40 124 35.11 0.05
40 125 43.67 0.05
40 126 50.64 -0.10
40 127 59.20 -0.07
40 128 66.53 -0.07
40 129 75.16 0.07
40 130 82.83 -0.10
40 131 91.31 -0.11
40 132 99.23 -0.12
40 133 108.42 0.08
40 134 116.34 -0.13
41 72 39.77 0.29
41 73 24.54 -0.25
41 74 15.48 -0.26
41 75 3.63 -0.28
41 76 -3.98 -0.28
41 77 -14.65 -0.22
41 78 -21.12 0.25
41 79 -31.10 -0.21
41 80 -36.91 0.13
41 81 -45.87 0.15
41 82 -50.41 0.13
41 83 -57.49 -0.19
41 84 -60.95 0.20
41 85 -66.79 0.12
41 86 -68.96 -0.16
41 87 -74.66 0.14
41 88 -76.43 -0.11
41 89 -80.89 -0.10
41 90 -82.27 0.09
41 91 -86.56 -0.07
41 92 -86.16 -0.10
41 93 -87.31 -0.09
41 94 -85.66 -0.10
41 95 -86.62 -0.11
41 96 -84.63 -0.18
41 97 -84.88 0.13
41 98 -82.47 0.13
41 99 -81.98 -0.22
41 100 -79.08 0.30
41 101 -78.52 -0.24
41 102 -75.39 -0.24
41 103 -74.25 -0.24
41 104 -70.56 -0.24
41 105 -69.10 -0.24
41 106 -65.12 0.37
41 107 -63.18 -0.25
41 108 -58.84 -0.25
41 109 -56.38 -0.24
41 110 -51.47 -0.24
41 111 -48.70 -0.23
41 112 -43.36 -0.23
41 113 -40.25 -0.24
41 114 -34.52 -0.20
41 115 -30.97 -0.22
41 116 -25.01 -0.18
41 117 -21.28 -0.14
41 118 -15.49 -0.09
41 119 -11.40 -0.07
41 120 -5.26 -0.06
41 121 -1.46 -0.06
41 122 4.57 0.07
41 123 8.76 -0.04
41 124 16.41 -0.06
41 125 22.93 -0.07
41 126 31.27 -0.08
41 127 37.84 -0.08
41 128 46.35 -0.10
41 129 53.26 -0.08
41 130 61.64 -0.09
41 131 69.10 -0.09
41 132 77.75 -0.11
41 133 85.22 -0.10
41 134 93.81 -0.10
41 135 101.75 -0.10
41 136 110.76 -0.12
42 74 33.58 0.24
42 75 24.34 -0.26
42 76 12.56 -0.28
42 77 3.98 -0.18
42 78 -7.24 -0.20
42 79 -14.61 -0.23
42 80 -24.84 -0.20
42 81 -30.49 0.08
42 82 -40.56 -0.20
42 83 -45.95 0.14
42 84 -53.81 -0.19
42 85 -57.36 0.06
42 86 -64.54 0.11
42 87 -66.84 0.16
42 88 -73.20 0.13
42 89 -74.69 0.11
42 90 -80.26 0.11
42 91 -82.34 0.08
42 92 -86.99 0.08
42 93 -86.74 -0.11
42 94 -88.41 0.10
42 95 -87.25 0.10
42 96 -88.74 -0.14
42 97 -87.33 -0.17
42 98 -87.91 0.20
42 99 -85.76 -0.22
42 100 -86.00 -0.21
42 101 -83.57 -0.18
42 102 -83.29 -0.22
42 103 -80.47 -0.23
42 104 -79.74 -0.23
42 105 -76.41 -0.24
42 106 -75.40 -0.24
42 107 -71.69 -0.26
42 108 -70.21 -0.24
42 109 -66.27 -0.25
42 110 -64.24 -0.24
42 111 -59.59 -0.23
42 112 -57.45 -0.23
42 113 -52.45 -0.22
42 114 -49.76 -0.22
42 115 -44.51 -0.20
42 116 -41.45 -0.19
42 117 -35.94 -0.18
42 118 -32.15 0.14
42 119 -26.20 -0.08
42 120 -23.31 0.10
42 121 -17.33 0.09
42 122 -14.02 0.07
42 123 -8.21 0.06
42 124 -4.53 -0.04
42 125 3.23 -0.06
42 126 9.55 -0.05
42 127 17.51 0.05
42 128 23.97 0.09
42 129 32.44 -0.04
42 130 38.95 0.10
42 131 47.30 0.10
42 132 54.59 -0.10
42 133 62.97 -0.07
42 134 70.55 -0.12
42 135 78.53 -0.14
42 136 86.28 -0.17
42 137 94.80 -0.17
42 138 102.77 -0.19
42 139 110.70 -0.20
42 140 119.48 -0.23
42 141 128.61 -0.21
42 142 136.56 -0.23
42 143 145.96 -0.23
42 144 154.00 -0.22
42 145 163.13 -0.21
42 146 171.72 -0.23
43 76 37.18 0.27
43 77 24.96 -0.26
43 78 15.91 -0.19
43 79 4.42 -0.25
43 80 -3.70 -0.25
43 81 -14.29 -0.22
43 82 -21.28 -0.19
43 83 -30.80 -0.21
43 84 -36.59 -0.18
43 85 -46.02 0.16
43 86 -50.52 0.22
43 87 -57.94 0.07
43 88 -61.55 0.16
43 89 -68.33 0.16
43 90 -70.43 0.15
43 91 -76.03 0.09
43 92 -78.85 0.08
43 93 -83.49 -0.11
43 94 -84.17 -0.11
43 95 -85.96 0.08
43 96 -85.53 0.16
43 97 -87.64 0.16
43 98 -86.38 0.18
43 99 -87.77 0.19
43 100 -86.08 0.19
43 101 -86.61 0.24
43 102 -84.65 0.18
43 103 -84.69 0.23
43 104 -82.08 0.21
43 105 -81.62 0.31
43 106 -78.70 0.24
43 107 -78.11 -0.23
43 108 -75.30 0.34
43 109 -73.75 -0.23
43 110 -70.27 -0.23
43 111 -68.61 -0.23
43 112 -64.50 -0.23
43 113 -62.61 -0.22
43 114 -58.05 -0.22
43 115 -55.71 -0.21
43 116 -51.00 -0.20
43 117 -48.19 -0.18
43 118 -43.33 0.15
43 119 -40.46 0.15
43 120 -35.39 0.14
43 121 -32.23 0.11
43 122 -26.59 0.08
43 123 -23.54 0.07
43 124 -18.24 0.06
43 125 -14.49 -0.04
43 126 -7.36 0.06
43 127 -1.17 0.05
43 128 6.58 0.06
43 129 12.85 0.10
43 130 20.66 0.09
43 131 27.16 0.10
43 132 35.51 0.12
43 133 42.00 0.14
43 134 50.27 0.14
43 135 57.37 0.15
43 136 65.86 0.18
43 137 73.05 -0.14
43 138 81.67 -0.15
43 139 89.29 -0.17
43 140 97.60 -0.20
43 141 105.51 -0.22
43 142 114.26 -0.16
43 143 122.06 -0.22
43 144 130.99 -0.23
43 145 139.11 -0.23
43 146 148.14 -0.24
43 147 156.31 -0.23
43 148 165.00 -0.20
44 78 34.51 0.21
44 79 25.54 -0.24
44 80 13.03 -0.21
44 81 4.63 -0.22
44 82 -6.65 -0.21
44 83 -13.89 0.10
44 84 -24.12 0.11
44 85 -30.58 -0.10
44 86 -40.37 0.13
44 87 -46.13 0.17
44 88 -54.26 0.15
44 89 -58.16 0.17
44 90 -65.62 0.14
44 91 -68.28 0.12
44 92 -74.69 0.11
44 93 -77.46 0.07
44 94 -82.90 0.08
44 95 -83.53 -0.11
44 96 -86.14 -0.08
44 97 -86.02 0.11
44 98 -88.33 0.16
44 99 -87.44 0.18
44 100 -89.32 0.20
44 101 -88.08 0.20
44 102 -89.25 0.21
44 103 -87.50 0.19
44 104 -88.16 0.23
44 105 -85.95 0.22
44 106 -85.94 0.26
44 107 -83.31 0.27
44 108 -83.14 -0.24
44 109 -80.55 0.28
44 110 -79.65 -0.23
44 111 -76.39 -0.24
44 112 -75.21 -0.23
44 113 -71.37 -0.22
44 114 -70.02 -0.24
44 115 -65.88 -0.19
44 116 -63.94 -0.22
44 117 -59.27 0.21
44 118 -57.13 -0.21
44 119 -52.43 0.17
44 120 -49.79 0.14
44 121 -45.09 0.11
44 122 -42.35 0.11
44 123 -37.17 0.08
44 124 -33.55 0.00
44 125 -29.48 0.05
44 126 -25.82 0.00
44 127 -19.25 -0.05
44 128 -13.39 0.08
44 129 -5.69 0.07
44 130 0.08 0.08
44 131 7.87 0.08
44 132 14.01 0.13
44 133 21.94 0.13
44 134 28.42 0.14
44 135 36.38 0.09
44 136 43.38 0.14
44 137 51.53 0.11
44 138 58.59 0.21
44 139 66.60 0.14
44 140 73.82 0.20
44 141 82.74 -0.20
44 142 89.45 0.24
44 143 98.37 -0.23
44 144 105.56 0.26
44 145 114.60 -0.22
44 146 121.93 0.27
44 147 129.58 0.26
44 148 139.26 -0.23
44 149 147.93 0.24
44 150 156.34 -0.23
45 80 38.03 0.20
45 81 25.44 -0.18
45 82 16.65 -0.22
45 83 5.21 -0.15
45 84 -3.24 -0.17
45 85 -13.46 -0.21
45 86 -20.40 -0.15
45 87 -30.64 0.24
45 88 -36.99 0.16
45 89 -45.74 0.16
45 90 -51.36 0.22
45 91 -58.83 0.15
45 92 -62.67 -0.11
45 93 -68.89 -0.07
45 94 -72.89 0.08
45 95 -78.20 -0.07
45 96 -79.43 -0.09
45 97 -82.42 -0.10
45 98 -82.67 0.19
45 99 -85.70 0.19
45 100 -85.32 0.20
45 101 -87.71 0.21
45 102 -86.78 0.21
45 103 -88.61 0.22
45 104 -87.13 0.27
45 105 -88.34 0.23
45 106 -86.68 0.23
45 107 -87.13 0.25
45 108 -84.87 0.26
45 109 -84.94 0.25
45 110 -82.53 0.28
45 111 -82.02 0.28
45 112 -79.28 0.28
45 113 -78.29 0.26
45 114 -75.24 0.26
45 115 -73.91 0.25
45 116 -70.21 0.21
45 117 -68.60 0.22
45 118 -64.93 0.20
45 119 -62.70 -0.14
45 120 -58.60 0.17
45 121 -56.41 0.15
45 122 -51.99 0.12
45 123 -49.53 0.10
45 124 -45.01 0.08
45 125 -42.31 -0.05
45 126 -38.40 0.06
45 127 -35.21 -0.03
45 128 -28.45 0.04
45 129 -22.84 0.05
45 130 -15.54 0.07
45 131 -9.78 0.08
45 132 -2.43 0.08
45 133 3.71 0.10
45 134 11.34 0.13
45 135 17.54 0.15
45 136 25.15 0.16
45 137 31.65 0.18
45 138 39.79 0.23
45 139 46.21 0.20
45 140 54.12 0.20
45 141 61.00 0.22
45 142 69.06 0.24
45 143 76.17 0.28
45 144 84.32 0.23
45 145 91.68 0.27
45 146 100.27 0.28
45 147 107.54 0.28
45 148 116.06 0.27
45 149 123.83 0.27
45 150 132.68 0.28
45 151 140.56 0.27
45 152 149.84 0.26
46 82 35.17 0.18
46 83 25.87 0.15
46 84 13.60 -0.18
46 85 5.16 0.10
46 86 -5.72 -0.18
46 87 -13.05 -0.09
46 88 -24.23 0.13
46 89 -30.77 0.08
46 90 -40.55 0.14
46 91 -46.07 0.16
46 92 -54.89 0.17
46 93 -58.98 0.11
46 94 -66.14 -0.06
46 95 -70.53 0.08
46 96 -76.22 -0.04
46 97 -77.79 -0.07
46 98 -81.40 0.08
46 99 -82.14 0.12
46 100 -85.40 0.17
46 101 -85.34 0.17
46 102 -88.08 0.19
46 103 -87.67 0.20
46 104 -89.61 0.20
46 105 -88.81 0.18
46 106 -90.25 0.21
46 107 -89.00 0.22
46 108 -89.89 0.23
46 109 -88.02 0.25
46 110 -88.45 0.23
46 111 -86.40 0.24
46 112 -86.23 0.25
46 113 -83.56 -0.24
46 114 -83.30 0.24
46 115 -80.53 0.25
46 116 -79.61 0.22
46 117 -76.34 0.19
46 118 -75.22 0.22
46 119 -71.94 0.19
46 120 -70.28 0.18
46 121 -66.18 0.14
46 122 -64.68 0.14
46 123 -60.84 0.14
46 124 -58.76 0.11
46 125 -54.40 0.10
46 126 -52.35 0.06
46 127 -48.55 0.05
46 128 -45.28 0.00
46 129 -39.22 0.05
46 130 -33.22 0.00
46 131 -26.74 0.07
46 132 -21.30 0.07
46 133 -13.98 0.06
46 134 -8.55 0.12
46 135 -1.33 0.12
46 136 4.76 0.15
46 137 12.32 0.14
46 138 18.41 0.16
46 139 26.19 0.13
46 140 32.67 0.20
46 141 40.25 0.16
46 142 47.10 0.21
46 143 54.81 0.23
46 144 61.67 0.23
46 145 69.78 0.20
46 146 76.57 0.26
46 147 84.80 0.23
46 148 92.09 0.27
46 149 100.38 0.23
46 150 107.73 0.26
46 151 116.35 0.25
46 152 123.98 0.24
46 153 132.52 0.25
46 154 140.40 0.24
47 84 39.07 0.15
47 85 26.19 -0.18
47 86 17.29 0.11
47 87 5.93 0.14
47 88 -2.03 -0.09
47 89 -13.10 0.13
47 90 -20.50 0.11
47 91 -30.63 0.16
47 92 -37.20 0.14
47 93 -46.32 0.14
47 94 -51.90 -0.10
47 95 -59.47 0.11
47 96 -64.52 0.09
47 97 -70.88 -0.08
47 98 -72.99 -0.09
47 99 -76.99 -0.10
47 100 -77.66 -0.12
47 101 -81.11 0.16
47 102 -81.70 -0.13
47 103 -84.59 0.19
47 104 -84.75 0.19
47 105 -87.03 0.20
47 106 -86.69 0.19
47 107 -88.52 0.21
47 108 -87.73 0.19
47 109 -89.06 0.21
47 110 -87.72 0.23
47 111 -88.67 0.22
47 112 -87.03 0.22
47 113 -87.34 0.23
47 114 -84.96 0.26
47 115 -85.23 0.23
47 116 -82.90 0.24
47 117 -82.43 0.21
47 118 -79.38 0.21
47 119 -78.86 0.20
47 120 -75.83 0.18
47 121 -74.54 0.17
47 122 -71.11 0.15
47 123 -69.55 0.11
47 124 -66.25 0.10
47 125 -64.60 0.10
47 126 -60.96 0.07
47 127 -59.18 0.06
47 128 -55.90 0.04
47 129 -53.21 0.00
47 130 -47.25 0.04
47 131 -42.03 0.07
47 132 -35.33 0.05
47 133 -30.27 0.05
47 134 -23.26 0.08
47 135 -17.57 0.08
47 136 -10.18 0.14
47 137 -4.44 0.15
47 138 2.75 0.17
47 139 8.62 0.17
47 140 15.73 0.17
47 141 22.05 0.19
47 142 29.51 0.21
47 143 35.71 0.20
47 144 43.24 0.23
47 145 49.55 0.25
47 146 57.54 0.21
47 147 64.02 0.29
47 148 72.28 0.30
47 149 78.78 0.27
47 150 86.96 0.22
47 151 94.13 0.27
47 152 102.35 0.24
47 153 109.76 0.26
47 154 118.10 0.24
47 155 125.82 0.24
47 156 134.15 0.23
48 86 36.19 -0.13
48 87 26.12 0.08
48 88 14.38 0.10
48 89 6.15 -0.09
48 90 -5.44 0.08
48 91 -13.17 0.11
48 92 -24.01 0.12
48 93 -30.69 0.12
48 94 -40.20 -0.07
48 95 -46.63 -0.11
48 96 -55.22 -0.09
48 97 -60.66 0.08
48 98 -67.47 -0.03
48 99 -69.88 -0.06
48 100 -74.47 0.07
48 101 -75.71 0.09
48 102 -79.83 0.11
48 103 -80.58 0.14
48 104 -84.05 0.17
48 105 -84.44 0.16
48 106 -87.08 0.18
48 107 -86.99 0.17
48 108 -89.21 0.22
48 109 -88.69 0.21
48 110 -90.44 0.23
48 111 -89.56 0.20
48 112 -90.83 0.22
48 113 -89.58 0.22
48 114 -90.14 0.23
48 115 -88.20 0.21
48 116 -88.66 0.23
48 117 -86.81 0.22
48 118 -86.64 0.20
48 119 -84.23 0.18
48 120 -83.86 0.20
48 121 -81.37 0.14
48 122 -80.56 0.15
48 123 -77.74 0.11
48 124 -76.54 -0.11
48 125 -73.28 0.11
48 126 -72.31 0.06
48 127 -69.00 -0.06
48 128 -67.05 0.00
48 129 -64.66 0.05
48 130 -62.33 0.00
48 131 -55.85 0.00
48 132 -51.33 0.00
48 133 -45.22 0.06
48 134 -40.45 0.07
48 135 -33.68 0.07
48 136 -28.52 0.11
48 137 -21.58 0.11
48 138 -16.18 0.10
48 139 -9.13 0.09
48 140 -3.39 0.13
48 141 3.77 0.16
48 142 9.67 0.15
48 143 17.08 0.14
48 144 23.06 0.20
48 145 30.81 0.22
48 146 36.58 0.23
48 147 44.23 0.18
48 148 50.34 0.23
48 149 58.12 0.21
48 150 64.66 0.26
48 151 72.37 0.25
48 152 79.48 0.25
48 153 87.41 0.25
48 154 94.64 0.25
48 155 102.77 0.24
48 156 110.07 0.24
48 157 118.42 0.24
48 158 125.92 0.22
48 159 134.76 0.21
48 160 141.96 0.21
48 161 151.09 0.21
48 162 158.44 0.19
48 163 166.99 0.19
49 88 40.23 0.08
49 89 27.87 0.19
49 90 18.74 -0.09
49 91 6.70 0.08
49 92 -1.72 0.07
49 93 -12.96 0.09
49 94 -20.35 0.09
49 95 -30.93 0.10
49 96 -37.66 0.08
49 97 -47.05 0.09
49 98 -53.75 0.08
49 99 -60.95 0.06
49 100 -63.98 0.08
49 101 -68.64 0.08
49 102 -70.47 0.13
49 103 -74.64 0.13
49 104 -75.86 0.12
49 105 -79.69 0.19
49 106 -80.33 0.15
49 107 -83.26 0.15
49 108 -83.76 0.15
49 109 -86.62 0.17
49 110 -86.28 0.16
49 111 -88.43 0.16
49 112 -87.85 0.18
49 113 -89.56 0.16
49 114 -88.96 0.18
49 115 -89.83 0.16
49 116 -88.19 0.27
49 117 -88.91 0.10
49 118 -87.48 0.10
49 119 -87.86 0.11
49 120 -86.22 0.08
49 121 -86.25 0.09
49 122 -84.42 0.09
49 123 -84.02 0.08
49 124 -81.88 0.08
49 125 -81.17 0.06
49 126 -78.51 0.07
49 127 -77.80 0.05
49 128 -74.83 0.04
49 129 -72.87 0.00
49 130 -71.49 0.05
49 131 -68.94 0.00
49 132 -62.72 0.00
49 133 -58.50 0.00
49 134 -53.35 0.06
49 135 -48.75 0.07
49 136 -42.11 0.07
49 137 -37.10 0.08
49 138 -30.47 0.06
49 139 -25.07 0.10
49 140 -18.25 0.09
49 141 -12.71 0.10
49 142 -5.74 0.12
49 143 0.22 0.11
49 144 7.11 0.12
49 145 13.27 0.24
49 146 20.01 0.22
49 147 25.99 0.25
49 148 33.50 0.30
49 149 39.31 0.29
49 150 46.77 0.27
49 151 53.08 0.29
49 152 60.85 0.28
49 153 67.23 0.26
49 154 75.32 0.27
49 155 81.90 0.27
49 156 89.80 0.26
49 157 96.85 0.26
49 158 106.29 0.31
49 159 112.40 0.25
49 160 120.73 0.17
49 161 127.75 0.17
49 162 136.37 0.11
49 163 143.17 0.15
49 164 151.91 0.09
49 165 159.14 0.09
50 90 39.23 0.00
50 91 28.36 -0.06
50 92 15.44 0.09
50 93 6.52 0.08
50 94 -4.73 0.09
50 95 -12.64 0.05
50 96 -23.53 -0.05
50 97 -30.40 0.06
50 98 -39.50 0.00
50 99 -47.58 0.06
50 100 -56.54 0.06
50 101 -59.40 -0.07
50 102 -64.67 0.04
50 103 -66.80 -0.10
50 104 -71.66 0.09
50 105 -73.00 -0.09
50 106 -77.17 0.12
50 107 -78.19 -0.09
50 108 -81.66 0.16
50 109 -82.43 0.13
50 110 -85.23 0.16
50 111 -85.48 0.16
50 112 -88.08 0.16
50 113 -87.85 0.16
50 114 -89.92 0.15
50 115 -89.56 -0.14
50 116 -91.11 -0.13
50 117 -90.36 -0.10
50 118 -91.54 -0.10
50 119 -90.12 -0.08
50 120 -91.26 -0.11
50 121 -89.56 0.07
50 122 -90.18 -0.08
50 123 -88.33 0.07
50 124 -88.58 0.07
50 125 -86.35 -0.07
50 126 -86.16 0.03
50 127 -83.79 -0.05
50 128 -83.80 0.04
50 129 -80.96 0.04
50 130 -80.21 0.00
50 131 -77.38 0.00
50 132 -77.00 0.00
50 133 -71.03 0.00
50 134 -67.10 0.00
50 135 -61.28 0.03
50 136 -57.19 -0.03
50 137 -50.73 0.04
50 138 -46.16 -0.04
50 139 -39.40 0.07
50 140 -34.63 0.06
50 141 -27.75 0.06
50 142 -22.83 0.07
50 143 -15.96 0.08
50 144 -10.59 0.12
50 145 -3.41 0.09
50 146 2.12 0.13
50 147 8.96 0.20
50 148 14.70 0.27
50 149 21.51 0.30
50 150 27.36 0.27
50 151 34.46 0.27
50 152 40.45 0.27
50 153 48.20 0.20
50 154 54.07 0.27
50 155 61.65 0.26
50 156 68.25 0.26
50 157 76.01 0.26
50 158 82.90 0.23
50 159 90.75 0.22
50 160 97.80 0.21
50 161 105.70 -0.10
50 162 112.77 -0.12
50 163 120.82 -0.08
50 164 127.71 0.08
50 165 135.86 0.06
50 166 142.72 0.08
50 167 150.74 0.08
50 168 157.79 0.07
50 169 166.24 -0.07
50 170 173.03 0.05
50 171 181.95 0.04
50 172 188.51 0.03
50 173 197.17 0.03
50 174 204.40 0.00
50 175 212.80 -0.03
50 176 220.01 0.00
50 177 228.52 0.03
50 178 238.01 0.00
51 92 45.58 -0.10
51 93 33.18 0.10
51 94 19.96 0.08
51 95 8.20 0.09
51 96 0.26 0.11
51 97 -11.12 0.10
51 98 -18.81 0.09
51 99 -29.16 0.08
51 100 -36.40 0.07
51 101 -45.51 -0.04
51 102 -49.82 0.08
51 103 -56.00 -0.09
51 104 -58.73 -0.11
51 105 -63.87 -0.10
51 106 -65.85 -0.11
51 107 -70.39 0.21
51 108 -72.09 0.20
51 109 -75.97 0.21
51 110 -76.92 0.19
51 111 -80.39 0.22
51 112 -81.18 0.22
51 113 -84.15 0.21
51 114 -84.26 0.22
51 115 -86.77 0.24
51 116 -86.72 0.24
51 117 -88.66 -0.17
51 118 -88.07 -0.15
51 119 -89.85 -0.14
51 120 -89.07 -0.14
51 121 -90.28 -0.16
51 122 -89.13 -0.13
51 123 -90.00 -0.15
51 124 -88.33 -0.12
51 125 -88.81 -0.10
51 126 -86.79 -0.09
51 127 -87.26 -0.09
51 128 -85.04 -0.09
51 129 -85.22 -0.07
51 130 -82.61 0.04
51 131 -81.22 0.00
51 132 -80.48 0.04
51 133 -78.76 0.00
51 134 -74.80 -0.05
51 135 -69.49 0.00
51 136 -65.18 0.08
51 137 -61.19 -0.06
51 138 -55.29 0.08
51 139 -50.95 0.09
51 140 -44.83 -0.09
51 141 -40.05 -0.09
51 142 -33.57 -0.11
51 143 -28.59 0.14
51 144 -22.33 0.13
51 145 -17.40 0.25
51 146 -11.07 0.24
51 147 -6.17 0.27
51 148 0.34 0.28
51 149 5.71 0.28
51 150 12.13 0.28
51 151 18.11 0.32
51 152 24.85 0.30
51 153 30.31 0.30
51 154 37.79 0.31
51 155 43.58 0.30
51 156 50.61 0.28
51 157 56.92 0.27
51 158 64.88 0.25
51 159 71.19 0.28
51 160 78.79 0.19
51 161 85.84 -0.16
51 162 93.80 -0.15
51 163 100.24 -0.14
51 164 108.44 -0.11
51 165 114.93 -0.13
51 166 122.80 -0.10
51 167 129.36 -0.12
51 168 138.16 0.08
51 169 144.17 -0.10
51 170 152.46 -0.09
51 171 159.34 -0.08
51 172 167.59 -0.07
51 173 174.35 -0.05
51 174 182.71 0.05
51 175 189.47 -0.04
51 176 197.94 -0.04
51 177 205.14 0.00
51 178 213.14 0.04
51 179 222.40 -0.04
51 180 231.71 0.05
52 94 40.61 0.10
52 95 31.47 0.10
52 96 18.95 0.12
52 97 10.74 0.11
52 98 -1.37 0.11
52 99 -9.09 0.09
52 100 -19.96 0.09
52 101 -27.68 0.07
52 102 -37.41 0.04
52 103 -42.08 -0.07
52 104 -49.02 0.08
52 105 -52.63 -0.12
52 106 -58.47 0.13
52 107 -60.83 0.14
52 108 -66.07 0.18
52 109 -68.00 0.17
52 110 -72.17 0.22
52 111 -73.43 0.25
52 112 -77.48 0.22
52 113 -78.47 0.20
52 114 -81.78 0.24
52 115 -82.37 0.26
52 116 -85.24 0.27
52 117 -85.25 0.32
52 118 -87.67 0.31
52 119 -87.71 0.30
52 120 -89.50 -0.19
52 121 -88.77 -0.16
52 122 -90.58 -0.16
52 123 -89.59 -0.16
52 124 -90.76 -0.14
52 125 -89.19 0.10
52 126 -90.34 -0.13
52 127 -88.64 0.16
52 128 -89.02 -0.09
52 129 -87.52 0.09
52 130 -87.70 0.08
52 131 -85.55 0.07
52 132 -85.72 0.06
52 133 -82.42 0.00
52 134 -82.70 0.00
52 135 -77.31 0.00
52 136 -75.02 0.05
52 137 -69.43 0.07
52 138 -66.01 0.08
52 139 -60.17 0.07
52 140 -56.44 0.11
52 141 -50.74 0.12
52 142 -46.52 0.15
52 143 -40.62 0.17
52 144 -36.53 0.20
52 145 -30.44 0.20
52 146 -26.20 0.23
52 147 -20.26 0.24
52 148 -15.52 0.26
52 149 -9.37 0.25
52 150 -4.26 0.26
52 151 2.81 0.30
52 152 7.33 0.29
52 153 14.01 0.26
52 154 19.34 0.29
52 155 26.31 0.24
52 156 31.90 0.26
52 157 38.82 0.26
52 158 44.85 0.26
52 159 52.39 0.26
52 160 58.41 0.26
52 161 65.84 0.25
52 162 72.52 0.26
52 163 80.59 0.21
52 164 86.97 0.23
52 165 95.00 0.24
52 166 101.73 -0.15
52 167 109.70 -0.16
52 168 116.08 -0.14
52 169 123.97 0.12
52 170 130.64 0.12
52 171 138.68 0.08
52 172 145.26 0.08
52 173 153.32 0.07
52 174 159.82 0.06
52 175 168.11 0.04
52 176 174.66 0.04
52 177 182.74 -0.05
52 178 189.49 0.00
52 179 197.91 0.03
52 180 207.01 0.03
52 181 216.76 0.05
52 182 224.96 0.05
53 96 45.09 0.19
53 97 32.98 0.09
53 98 24.05 0.17
53 99 12.40 0.11
53 100 4.37 0.16
53 101 -7.37 0.13
53 102 -15.40 0.08
53 103 -24.93 0.07
53 104 -30.83 -0.09
53 105 -38.17 0.12
53 106 -42.48 0.18
53 107 -49.24 0.17
53 108 -52.47 0.19
53 109 -58.13 0.20
53 110 -60.65 0.21
53 111 -65.38 0.20
53 112 -67.26 0.23
53 113 -71.41 0.23
53 114 -72.82 0.30
53 115 -76.56 0.26
53 116 -77.69 0.28
53 117 -81.04 0.30
53 118 -81.78 0.30
53 119 -84.48 0.30
53 120 -84.81 0.30
53 121 -86.91 0.29
53 122 -86.72 0.26
53 123 -88.26 0.24
53 124 -87.58 -0.17
53 125 -89.08 -0.16
53 126 -88.01 -0.17
53 127 -89.10 0.17
53 128 -88.04 0.16
53 129 -88.60 0.14
53 130 -87.29 0.12
53 131 -87.57 0.11
53 132 -85.77 0.10
53 133 -85.92 0.07
53 134 -84.65 0.06
53 135 -84.02 0.04
53 136 -79.77 0.07
53 137 -76.62 0.06
53 138 -71.77 0.10
53 139 -68.62 0.12
53 140 -63.48 0.13
53 141 -60.15 0.15
53 142 -54.67 0.19
53 143 -51.43 0.19
53 144 -45.50 0.20
53 145 -42.26 0.22
53 146 -36.26 0.23
53 147 -32.57 0.25
53 148 -26.89 0.24
53 149 -22.43 0.25
53 150 -16.37 0.25
53 151 -11.68 0.27
53 152 -5.81 0.29
53 153 -0.90 0.29
53 154 5.65 0.28
53 155 10.49 0.29
53 156 17.03 0.24
53 157 22.47 0.29
53 158 29.41 0.25
53 159 35.14 0.26
53 160 42.20 0.25
53 161 48.12 0.25
53 162 55.18 0.24
53 163 61.50 0.26
53 164 68.78 0.25
53 165 75.60 0.25
53 166 83.35 0.25
53 167 90.19 -0.18
53 168 97.64 0.20
53 169 104.20 -0.17
53 170 112.46 -0.16
53 171 118.80 0.09
53 172 126.74 0.11
53 173 132.89 0.08
53 174 140.53 0.07
53 175 146.93 0.06
53 176 154.93 0.05
53 177 161.37 0.04
53 178 169.00 -0.04
53 179 175.59 0.00
53 180 184.45 0.04
53 181 193.26 0.04
53 182 202.56 0.04
53 183 211.05 0.05
53 184 220.25 0.06
54 98 44.95 0.19
54 99 35.80 0.18
54 100 23.43 0.18
54 101 15.29 0.16
54 102 3.06 0.12
54 103 -5.25 0.10
54 104 -15.67 -0.06
54 105 -21.64 -0.09
54 106 -29.80 0.11
54 107 -34.71 0.17
54 108 -42.35 0.17
54 109 -46.15 0.19
54 110 -52.62 0.22
54 111 -55.67 0.22
54 112 -60.82 0.22
54 113 -63.00 0.25
54 114 -67.59 0.24
54 115 -68.92 0.28
54 116 -73.38 0.25
54 117 -74.77 0.28
54 118 -78.48 0.27
54 119 -79.54 0.26
54 120 -82.64 0.29
54 121 -83.34 0.26
54 122 -85.72 0.26
54 123 -86.03 0.25
54 124 -87.95 0.24
54 125 -87.29 0.20
54 126 -89.27 0.22
54 127 -88.58 0.21
54 128 -89.96 0.20
54 129 -89.16 0.17
54 130 -90.01 0.15
54 131 -88.88 0.14
54 132 -89.41 0.12
54 133 -87.54 0.11
54 134 -88.27 -0.07
54 135 -87.02 0.07
54 136 -87.21 0.04
54 137 -82.86 -0.05
54 138 -80.25 0.07
54 139 -75.47 0.10
54 140 -72.95 0.14
54 141 -68.22 0.16
54 142 -65.50 0.18
54 143 -60.36 0.17
54 144 -57.30 0.21
54 145 -51.60 0.22
54 146 -48.80 0.23
54 147 -43.15 0.22
54 148 -39.69 0.25
54 149 -34.27 0.26
54 150 -30.27 0.26
54 151 -24.65 0.24
54 152 -20.32 0.27
54 153 -13.88 0.27
54 154 -9.95 0.27
54 155 -4.26 0.29
54 156 1.29 0.26
54 157 7.34 0.30
54 158 12.50 0.28
54 159 18.99 0.26
54 160 24.35 0.26
54 161 31.10 0.26
54 162 36.82 0.27
54 163 43.99 0.27
54 164 49.78 0.25
54 165 57.24 0.23
54 166 63.36 0.23
54 167 70.91 0.22
54 168 77.20 0.21
54 169 84.72 0.19
54 170 91.21 0.18
54 171 99.02 0.21
54 172 105.21 0.14
54 173 112.91 0.14
54 174 119.30 0.11
54 175 126.75 0.09
54 176 133.15 0.07
54 177 140.85 0.06
54 178 147.06 0.03
54 179 154.53 -0.04
54 180 161.07 0.00
54 181 170.13 0.04
54 182 178.54 0.06
54 183 187.76 0.06
54 184 196.13 0.05
54 185 205.35 0.09
54 186 213.87 0.08
55 108 -23.34 0.19
55 109 -31.64 0.20
55 110 -36.17 0.20
55 111 -43.18 0.22
55 112 -46.85 0.23
55 113 -52.49 0.24
55 114 -55.40 0.26
55 115 -60.27 0.26
55 116 -62.26 0.29
55 117 -66.93 0.29
55 118 -68.71 0.27
55 119 -72.88 0.30
55 120 -74.35 0.32
55 121 -77.78 0.33
55 122 -78.91 0.33
55 123 -81.76 0.31
55 124 -82.28 0.26
55 125 -84.53 0.28
55 126 -84.61 0.26
55 127 -86.69 0.24
55 128 -86.11 0.21
55 129 -87.74 0.21
55 130 -87.23 0.18
55 131 -88.22 0.16
55 132 -87.02 0.15
55 133 -88.28 0.13
55 134 -87.07 0.13
55 135 -87.71 0.08
55 136 -86.68 0.08
55 137 -86.91 0.05
55 138 -83.17 0.08
55 139 -80.84 0.08
55 140 -76.82 0.12
55 141 -74.57 0.15
55 142 -70.25 0.17
55 143 -67.90 0.18
55 144 -63.12 0.21
55 145 -60.52 0.22
55 146 -55.78 0.22
55 147 -52.68 0.25
55 148 -47.74 0.26
55 149 -44.48 0.27
55 150 -39.30 0.26
55 151 -35.77 0.27
55 152 -30.30 0.26
55 153 -26.54 0.29
55 154 -21.12 0.29
55 155 -16.76 0.29
55 156 -11.37 0.29
55 157 -6.34 0.31
55 158 -0.07 0.29
55 159 4.50 0.27
55 160 10.79 0.28
55 161 15.97 0.27
55 162 22.33 0.25
55 163 27.99 0.26
55 164 35.06 0.26
55 165 40.51 0.25
55 166 47.97 0.26
55 167 53.48 0.24
55 168 60.69 0.25
55 169 66.83 0.22
55 170 74.20 0.19
55 171 80.53 0.18
55 172 87.77 0.17
55 173 94.08 0.13
55 174 102.08 0.14
55 175 107.70 0.13
55 176 115.44 0.11
55 177 121.44 0.08
55 178 129.07 0.04
55 179 134.79 -0.04
55 180 141.91 -0.04
55 181 148.22 0.00
55 182 157.53 0.04
55 183 165.88 0.00
55 184 174.92 0.04
55 185 183.15 0.07
55 186 192.14 0.09
55 187 200.84 0.09
55 188 209.67 0.12
56 110 -23.05 0.21
56 111 -28.20 0.23
56 112 -36.06 0.23
56 113 -40.05 0.23
56 114 -46.72 0.26
56 115 -49.97 0.26
56 116 -55.40 0.27
56 117 -57.85 0.30
56 118 -62.79 0.28
56 119 -64.87 0.29
56 120 -69.38 0.30
56 121 -70.72 0.30
56 122 -74.88 0.31
56 123 -76.34 0.30
56 124 -79.50 0.29
56 125 -80.40 0.26
56 126 -83.03 0.27
56 127 -83.46 0.27
56 128 -85.66 0.25
56 129 -85.53 0.23
56 130 -87.39 0.22
56 131 -87.12 0.17
56 132 -88.56 0.18
56 133 -88.05 0.17
56 134 -88.98 0.15
56 135 -88.00 0.12
56 136 -88.87 0.10
56 137 -88.12 0.07
56 138 -88.73 0.03
56 139 -85.23 -0.06
56 140 -83.34 0.10
56 141 -79.54 0.13
56 142 -77.72 0.15
56 143 -73.70 0.17
56 144 -71.71 0.20
56 145 -67.46 0.21
56 146 -65.12 0.23
56 147 -60.00 0.22
56 148 -58.04 0.24
56 149 -53.33 0.24
56 150 -50.41 0.26
56 151 -45.56 0.27
56 152 -42.37 0.29
56 153 -37.14 0.31
56 154 -33.71 0.29
56 155 -28.58 0.30
56 156 -24.48 0.30
56 157 -18.78 0.28
56 158 -14.75 0.30
56 159 -8.57 0.29
56 160 -4.24 0.29
56 161 1.93 0.29
56 162 6.68 0.29
56 163 13.02 0.26
56 164 18.16 0.27
56 165 25.23 0.28
56 166 30.16 0.26
56 167 37.00 0.24
56 168 42.75 0.23
56 169 49.82 0.22
56 170 55.58 0.21
56 171 62.71 0.21
56 172 68.73 0.19
56 173 75.85 0.16
56 174 82.12 0.17
56 175 89.71 0.16
56 176 95.32 0.13
56 177 102.63 0.10
56 178 108.71 0.07
56 179 116.11 0.07
56 180 121.54 -0.04
56 181 128.56 -0.05
56 182 134.75 0.00
56 183 144.28 0.04
56 184 151.92 0.03
56 185 161.20 0.04
56 186 169.29 0.07
56 187 178.23 0.09
56 188 186.76 0.11
56 189 195.37 0.11
56 190 203.95 0.12
57 112 -16.79 0.26
57 113 -25.06 0.23
57 114 -29.75 0.22
57 115 -36.95 0.25
57 116 -40.96 0.28
57 117 -46.92 0.33
57 118 -50.11 0.32
57 119 -55.57 0.34
57 120 -57.86 0.31
57 121 -62.78 0.33
57 122 -64.86 0.34
57 123 -68.97 0.33
57 124 -70.73 0.32
57 125 -74.24 0.32
57 126 -75.32 0.30
57 127 -78.30 0.30
57 128 -78.97 0.28
57 129 -81.63 0.24
57 130 -81.45 0.26
57 131 -84.08 0.21
57 132 -84.07 0.18
57 133 -85.93 0.18
57 134 -85.42 0.16
57 135 -86.94 0.15
57 136 -86.12 0.13
57 137 -87.15 0.09
57 138 -86.69 0.07
57 139 -87.64 -0.04
57 140 -84.63 -0.06
57 141 -82.97 0.09
57 142 -79.59 0.12
57 143 -78.18 0.15
57 144 -74.39 0.17
57 145 -72.46 0.19
57 146 -68.77 0.19
57 147 -66.83 0.24
57 148 -62.82 0.26
57 149 -60.70 0.28
57 150 -56.65 0.28
57 151 -54.03 0.29
57 152 -49.36 0.30
57 153 -46.65 0.32
57 154 -41.85 0.31
57 155 -38.61 0.31
57 156 -33.70 0.32
57 157 -30.01 0.32
57 158 -24.51 0.30
57 159 -20.69 0.33
57 160 -15.01 0.32
57 161 -10.66 0.31
57 162 -4.48 0.30
57 163 -0.27 0.28
57 164 5.86 0.26
57 165 10.66 0.26
57 166 17.46 0.27
57 167 22.12 0.26
57 168 28.91 0.24
57 169 34.13 0.24
57 170 41.03 0.24
57 171 46.84 0.22
57 172 53.93 0.21
57 173 59.55 0.20
57 174 66.49 0.15
57 175 72.37 0.15
57 176 80.00 0.15
57 177 85.24 0.14
57 178 92.40 0.11
57 179 98.06 0.06
57 180 104.95 0.05
57 181 110.49 0.05
57 182 117.23 -0.05
57 183 123.16 0.00
57 184 132.68 0.04
57 185 139.84 0.04
57 186 149.32 0.05
57 187 157.09 0.07
57 188 166.20 0.08
57 189 174.35 0.07
57 190 183.08 0.10
57 191 191.71 0.16
57 192 200.12 0.15
58 114 -16.39 0.25
58 115 -21.64 0.30
58 116 -29.56 0.26
58 117 -34.16 0.28
58 118 -40.73 0.31
58 119 -44.51 0.35
58 120 -50.25 0.36
58 121 -53.00 0.40
58 122 -58.16 0.35
58 123 -60.55 0.35
58 124 -64.92 0.32
58 125 -67.06 0.33
58 126 -70.96 0.30
58 127 -72.37 0.28
58 128 -75.80 0.29
58 129 -76.92 0.28
58 130 -79.60 0.26
58 131 -80.01 0.23
58 132 -82.68 0.22
58 133 -82.73 0.17
58 134 -84.96 0.20
58 135 -85.04 0.18
58 136 -86.51 0.17
58 137 -85.97 0.14
58 138 -87.43 0.11
58 139 -87.39 -0.08
58 140 -88.32 0.03
58 141 -85.51 -0.07
58 142 -84.41 0.09
58 143 -81.24 0.14
58 144 -80.19 0.16
58 145 -76.83 0.19
58 146 -75.55 0.22
58 147 -71.92 0.23
58 148 -70.43 0.24
58 149 -66.76 0.24
58 150 -64.94 0.28
58 151 -61.28 0.30
58 152 -58.87 0.30
58 153 -54.65 0.31
58 154 -52.11 0.32
58 155 -47.71 0.32
58 156 -44.73 0.32
58 157 -40.11 0.32
58 158 -36.66 0.32
58 159 -31.58 0.31
58 160 -27.96 0.31
58 161 -22.57 0.33
58 162 -18.59 0.31
58 163 -12.16 0.28
58 164 -8.51 0.29
58 165 -2.23 0.30
58 166 2.04 0.26
58 167 8.48 0.27
58 168 12.87 0.26
58 169 19.29 0.25
58 170 24.41 0.24
58 171 31.08 0.23
58 172 36.56 0.22
58 173 43.58 0.26
58 174 48.93 0.20
58 175 55.32 0.19
58 176 61.54 0.16
58 177 68.75 0.12
58 178 74.23 0.13
58 179 81.21 0.10
58 180 86.52 0.09
58 181 93.44 0.05
58 182 98.55 0.03
58 183 104.87 -0.05
58 184 110.69 0.00
58 185 120.46 -0.03
58 186 127.21 0.04
58 187 136.81 0.04
58 188 144.25 0.07
58 189 153.30 0.08
58 190 161.09 0.10
58 191 169.86 0.10
58 192 178.24 0.11
58 193 187.28 0.14
58 194 194.94 0.16
59 116 -9.57 0.33
59 117 -18.68 0.26
59 118 -23.77 0.26
59 119 -30.96 0.36
59 120 -35.55 0.37
59 121 -41.75 0.37
59 122 -45.22 0.41
59 123 -50.49 0.37
59 124 -53.19 0.36
59 125 -57.99 0.36
59 126 -60.39 0.34
59 127 -64.68 0.30
59 128 -66.35 0.27
59 129 -70.34 0.28
59 130 -71.70 0.27
59 131 -74.66 0.26
59 132 -75.67 0.25
59 133 -78.26 0.25
59 134 -78.54 0.21
59 135 -81.05 0.21
59 136 -81.56 0.19
59 137 -83.28 0.16
59 138 -83.13 0.15
59 139 -84.81 0.11
59 140 -85.19 -0.09
59 141 -86.39 -0.04
59 142 -83.93 -0.08
59 143 -83.08 0.10
59 144 -80.22 0.13
59 145 -79.51 0.16
59 146 -76.50 0.19
59 147 -75.71 0.21
59 148 -72.31 0.21
59 149 -71.15 0.22
59 150 -67.85 0.23
59 151 -66.41 0.28
59 152 -63.19 0.31
59 153 -61.14 0.33
59 154 -57.26 0.33
59 155 -55.04 0.34
59 156 -50.99 0.35
59 157 -48.30 0.35
59 158 -43.95 0.35
59 159 -40.88 0.34
59 160 -35.81 0.31
59 161 -32.67 0.34
59 162 -27.48 0.34
59 163 -23.74 0.29
59 164 -17.91 0.28
59 165 -14.31 0.29
59 166 -8.65 0.27
59 167 -4.25 0.28
59 168 1.90 0.28
59 169 6.20 0.26
59 170 12.39 0.24
59 171 17.15 0.23
59 172 23.24 0.23
59 173 28.46 0.23
59 174 35.27 0.21
59 175 40.39 0.21
59 176 46.67 0.20
59 177 52.46 0.18
59 178 59.40 0.13
59 179 64.84 0.14
59 180 71.46 0.11
59 181 76.84 0.08
59 182 83.41 0.06
59 183 88.28 -0.07
59 184 94.54 -0.05
59 185 100.16 0.00
59 186 109.85 -0.03
59 187 116.31 0.04
59 188 125.32 0.05
59 189 132.97 0.09
59 190 141.82 0.07
59 191 149.39 0.10
59 192 158.29 0.10
59 193 166.10 0.12
59 194 174.97 0.14
59 195 183.02 0.16
59 196 192.03 0.18
60 118 -9.63 0.33
60 119 -15.29 0.40
60 120 -23.49 0.38
60 121 -28.51 0.38
60 122 -35.43 0.38
60 123 -39.08 0.40
60 124 -45.08 0.38
60 125 -48.11 0.36
60 126 -53.24 0.36
60 127 -55.96 0.35
60 128 -60.41 0.33
60 129 -62.13 0.35
60 130 -66.46 0.33
60 131 -68.00 0.31
60 132 -71.44 0.29
60 133 -72.49 0.24
60 134 -75.67 0.25
60 135 -76.20 0.19
60 136 -79.22 0.22
60 137 -79.81 0.19
60 138 -81.87 0.17
60 139 -81.97 0.16
60 140 -83.87 0.13
60 141 -84.45 -0.08
60 142 -86.01 0.04
60 143 -83.74 -0.07
60 144 -83.41 0.11
60 145 -80.74 0.14
60 146 -80.39 0.16
60 147 -77.70 0.19
60 148 -77.30 0.22
60 149 -74.49 0.26
60 150 -73.64 0.25
60 151 -70.72 0.26
60 152 -69.71 0.30
60 153 -66.74 0.32
60 154 -65.10 0.32
60 155 -61.49 0.30
60 156 -59.73 0.33
60 157 -55.88 0.34
60 158 -53.54 0.34
60 159 -49.49 0.34
60 160 -46.68 0.35
60 161 -41.76 0.32
60 162 -38.99 0.34
60 163 -34.19 0.33
60 164 -30.57 0.34
60 165 -25.13 0.36
60 166 -21.59 0.31
60 167 -16.18 0.30
60 168 -11.96 0.29
60 169 -6.60 0.27
60 170 -2.01 0.26
60 171 3.76 0.25
60 172 8.36 0.25
60 173 14.33 0.25
60 174 19.34 0.23
60 175 25.97 0.23
60 176 30.70 0.21
60 177 36.96 0.19
60 178 42.61 0.18
60 179 49.53 0.14
60 180 54.32 -0.12
60 181 61.33 0.11
60 182 66.27 0.07
60 183 72.45 0.07
60 184 77.33 -0.06
60 185 83.34 -0.04
60 186 88.81 0.00
60 187 98.56 -0.03
60 188 104.59 0.04
60 189 113.73 0.03
60 190 120.85 0.06
60 191 129.69 0.10
60 192 137.19 0.09
60 193 145.91 0.13
60 194 153.49 0.12
60 195 162.30 0.12
60 196 169.60 0.16
60 197 178.45 0.16
60 198 185.93 0.22
61 120 -3.91 0.30
61 121 -12.64 0.37
61 122 -18.16 0.37
61 123 -25.58 0.37
61 124 -29.85 0.40
61 125 -36.46 0.36
61 126 -39.95 0.36
61 127 -45.49 0.36
61 128 -48.40 0.35
61 129 -53.50 0.35
61 130 -55.63 0.35
61 131 -60.02 0.33
61 132 -62.12 0.32
61 133 -65.69 0.28
61 134 -66.68 0.27
61 135 -70.29 0.24
61 136 -71.35 0.25
61 137 -74.30 0.22
61 138 -75.07 0.23
61 139 -77.33 0.19
61 140 -77.80 0.18
61 141 -80.32 0.10
61 142 -81.22 -0.09
61 143 -83.21 -0.05
61 144 -81.22 -0.07
61 145 -81.16 0.10
61 146 -78.67 0.12
61 147 -78.74 0.16
61 148 -76.37 0.18
61 149 -76.24 0.22
61 150 -73.81 0.26
61 151 -73.43 0.27
61 152 -70.96 0.28
61 153 -70.21 0.30
61 154 -67.54 0.32
61 155 -66.24 0.33
61 156 -62.92 0.30
61 157 -61.55 0.33
61 158 -57.94 0.33
61 159 -56.00 0.34
61 160 -52.20 0.34
61 161 -49.78 0.35
61 162 -45.11 0.32
61 163 -42.74 0.34
61 164 -38.19 0.34
61 165 -34.93 0.33
61 166 -29.57 0.33
61 167 -26.48 0.31
61 168 -21.07 0.31
61 169 -17.30 0.27
61 170 -12.19 0.28
61 171 -7.97 0.27
61 172 -2.30 0.26
61 173 2.04 0.25
61 174 7.86 0.25
61 175 12.70 0.24
61 176 18.98 0.23
61 177 23.80 0.23
61 178 29.83 0.21
61 179 35.37 -0.17
61 180 41.77 0.14
61 181 46.19 -0.12
61 182 52.47 -0.12
61 183 57.38 -0.12
61 184 64.20 0.05
61 185 68.65 0.05
61 186 74.38 -0.04
61 187 79.47 0.00
61 188 89.25 0.04
61 189 94.87 0.04
61 190 103.68 0.04
61 191 110.83 0.08
61 192 119.43 0.08
61 193 126.55 0.09
61 194 135.29 0.12
61 195 142.62 0.17
61 196 151.24 0.15
61 197 158.84 0.18
61 198 167.06 0.17
61 199 174.20 0.18
61 200 182.07 0.23
62 122 -3.58 0.39
62 123 -9.51 0.39
62 124 -17.62 0.40
62 125 -22.45 0.40
62 126 -29.54 0.39
62 127 -33.65 0.38
62 128 -39.41 0.36
62 129 -42.64 0.36
62 130 -47.90 0.36
62 131 -50.40 0.36
62 132 -55.26 0.34
62 133 -57.34 0.32
62 134 -61.30 0.29
62 135 -62.79 0.29
62 136 -66.58 0.26
62 137 -67.99 0.23
62 138 -71.23 0.23
62 139 -72.43 0.21
62 140 -75.09 0.18
62 141 -75.77 0.15
62 142 -78.34 0.12
62 143 -79.54 -0.09
62 144 -81.95 0.06
62 145 -80.13 -0.08
62 146 -80.39 0.10
62 147 -78.33 0.14
62 148 -78.59 0.15
62 149 -76.58 0.20
62 150 -76.90 0.22
62 151 -74.79 0.27
62 152 -74.71 0.27
62 153 -72.55 0.33
62 154 -72.14 0.30
62 155 -69.85 0.34
62 156 -68.89 0.33
62 157 -66.00 0.37
62 158 -64.75 0.34
62 159 -61.66 0.34
62 160 -59.87 0.34
62 161 -56.46 0.35
62 162 -54.21 0.35
62 163 -50.04 0.32
62 164 -47.80 0.34
62 165 -43.52 0.34
62 166 -40.43 0.33
62 167 -35.47 0.32
62 168 -32.52 0.31
62 169 -27.60 0.32
62 170 -23.96 0.29
62 171 -18.66 0.29
62 172 -14.93 0.28
62 173 -9.56 0.27
62 174 -5.33 0.25
62 175 0.09 0.26
62 176 4.66 0.25
62 177 10.91 0.27
62 178 15.41 0.21
62 179 22.14 -0.20
62 180 26.50 -0.17
62 181 32.55 0.16
62 182 37.08 -0.13
62 183 43.31 -0.14
62 184 48.50 0.10
62 185 54.19 0.06
62 186 58.78 -0.04
62 187 64.29 -0.04
62 188 69.42 0.00
62 189 77.53 -0.05
62 190 84.44 -0.04
62 191 93.04 0.05
62 192 99.81 0.08
62 193 108.20 0.09
62 194 115.29 0.09
62 195 123.56 0.12
62 196 130.86 0.13
62 197 139.44 0.15
62 198 146.19 0.20
62 199 153.43 0.21
62 200 161.30 0.23
62 201 169.15 0.25
62 202 176.72 0.28
63 124 1.86 0.39
63 125 -6.21 0.38
63 126 -12.11 0.40
63 127 -19.57 0.40
63 128 -23.82 0.38
63 129 -30.63 0.38
63 130 -34.40 0.38
63 131 -40.08 0.37
63 132 -42.64 0.37
63 133 -47.66 0.36
63 134 -50.24 0.32
63 135 -54.35 0.32
63 136 -56.26 0.29
63 137 -60.31 0.27
63 138 -61.83 0.25
63 139 -65.29 0.23
63 140 -66.97 0.20
63 141 -69.74 -0.18
63 142 -70.59 0.19
63 143 -73.88 -0.11
63 144 -75.45 -0.09
63 145 -78.28 0.06
63 146 -76.62 -0.07
63 147 -77.27 0.08
63 148 -75.20 -0.13
63 149 -76.10 0.18
63 150 -74.44 0.20
63 151 -74.97 0.22
63 152 -73.29 0.29
63 153 -73.44 0.26
63 154 -71.63 0.33
63 155 -71.55 0.30
63 156 -69.54 0.31
63 157 -68.93 0.34
63 158 -66.34 0.32
63 159 -65.46 0.34
63 160 -62.60 0.35
63 161 -61.26 0.35
63 162 -58.06 0.35
63 163 -56.07 0.35
63 164 -52.42 0.32
63 165 -50.29 0.35
63 166 -46.28 0.36
63 167 -43.69 0.32
63 168 -38.84 0.37
63 169 -36.24 0.32
63 170 -31.33 0.31
63 171 -28.33 0.30
63 172 -23.45 0.32
63 173 -19.78 0.29
63 174 -14.58 0.27
63 175 -10.55 0.26
63 176 -5.35 0.24
63 177 -1.07 0.24
63 178 4.80 0.23
63 179 10.12 -0.19
63 180 15.47 -0.20
63 181 19.90 -0.18
63 182 26.16 -0.16
63 183 30.01 -0.14
63 184 35.97 -0.15
63 185 40.33 -0.12
63 186 46.93 0.05
63 187 50.87 0.05
63 188 56.38 -0.06
63 189 61.21 0.00
63 190 68.97 -0.03
63 191 75.64 0.03
63 192 84.16 0.04
63 193 90.87 0.05
63 194 99.29 0.07
63 195 106.18 0.07
63 196 114.36 0.13
63 197 121.40 0.15
63 198 129.22 0.18
63 199 136.05 0.18
63 200 143.65 0.21
63 201 150.72 0.23
63 202 158.41 0.25
63 203 165.53 0.27
63 204 173.29 0.31
63 205 180.67 0.29
63 206 188.52 0.30
63 207 196.16 0.31
63 208 204.19 0.31
63 209 212.22 0.31
63 210 220.27 0.32
63 211 228.63 0.31
63 212 236.41 0.33
64 126 2.91 0.40
64 127 -3.23 0.40
64 128 -11.13 0.39
64 129 -16.12 0.39
64 130 -23.11 0.38
64 131 -27.32 0.38
64 132 -33.47 0.35
64 133 -36.65 0.36
64 134 -42.15 0.33
64 135 -44.91 0.32
64 136 -49.39 0.32
64 137 -51.53 0.30
64 138 -55.84 0.28
64 139 -57.60 0.26
64 140 -61.31 0.24
64 141 -63.03 0.21
64 142 -66.45 -0.18
64 143 -67.61 0.16
64 144 -70.81 -0.12
64 145 -72.66 -0.09
64 146 -75.70 0.06
64 147 -74.50 -0.08
64 148 -75.43 0.11
64 149 -73.94 0.14
64 150 -74.94 0.18
64 151 -73.55 0.20
64 152 -74.55 0.22
64 153 -73.03 0.27
64 154 -73.56 0.28
64 155 -72.03 0.33
64 156 -72.27 0.30
64 157 -70.60 0.32
64 158 -70.24 0.32
64 159 -67.98 0.32
64 160 -67.38 0.33
64 161 -64.82 0.34
64 162 -63.75 0.33
64 163 -60.95 0.34
64 164 -59.35 0.34
64 165 -55.85 0.32
64 166 -54.17 0.34
64 167 -50.46 0.34
64 168 -48.08 0.33
64 169 -43.70 0.33
64 170 -41.23 0.32
64 171 -36.34 0.33
64 172 -33.79 0.30
64 173 -29.18 0.29
64 174 -25.72 0.29
64 175 -20.83 0.28
64 176 -17.01 0.28
64 177 -11.96 0.27
64 178 -7.76 0.25
64 179 -2.40 0.28
64 180 2.70 -0.22
64 181 7.68 -0.21
64 182 12.01 -0.19
64 183 17.89 -0.16
64 184 21.82 -0.16
64 185 27.52 -0.15
64 186 31.75 -0.13
64 187 38.49 0.08
64 188 42.27 0.06
64 189 47.46 -0.06
64 190 52.07 0.00
64 191 59.69 -0.05
64 192 66.29 0.06
64 193 74.49 0.05
64 194 80.98 0.06
64 195 89.07 0.09
64 196 95.67 0.12
64 197 103.62 0.14
64 198 110.35 0.14
64 199 118.67 -0.13
64 200 124.56 0.21
64 201 132.07 0.20
64 202 139.11 0.25
64 203 146.47 0.26
64 204 153.61 0.29
64 205 160.89 0.28
64 206 168.15 0.30
64 207 175.70 0.30
64 208 183.38 0.29
64 209 191.10 0.31
64 210 198.79 0.31
64 211 207.13 0.31
64 212 214.93 0.31
64 213 222.73 0.34
64 214 231.40 0.32
64 215 239.24 0.33
64 216 248.19 0.32
64 217 255.90 0.33
64 218 265.23 0.30
64 219 273.91 0.33
64 220 282.61 0.31
64 221 291.62 0.34
64 222 300.02 0.31
65 128 9.09 0.40
65 129 0.27 0.37
65 130 -5.46 0.38
65 131 -12.81 0.36
65 132 -17.43 0.36
65 133 -24.20 0.35
65 134 -27.66 0.36
65 135 -33.35 0.36
65 136 -36.53 0.34
65 137 -41.50 0.31
65 138 -43.80 0.35
65 139 -48.16 0.29
65 140 -50.24 -0.23
65 141 -54.41 -0.19
65 142 -56.53 -0.19
65 143 -60.17 -0.17
65 144 -61.76 0.15
65 145 -65.44 -0.13
65 146 -67.45 -0.10
65 147 -70.50 -0.07
65 148 -69.83 -0.09
65 149 -71.14 -0.11
65 150 -70.07 -0.12
65 151 -71.42 0.17
65 152 -70.32 0.19
65 153 -71.27 0.21
65 154 -69.72 0.33
65 155 -71.03 0.31
65 156 -70.03 0.33
65 157 -70.46 0.32
65 158 -69.08 0.32
65 159 -69.14 0.32
65 160 -67.06 0.34
65 161 -66.97 0.34
65 162 -64.76 0.34
65 163 -63.95 0.33
65 164 -61.40 0.34
65 165 -60.00 0.34
65 166 -56.89 0.35
65 167 -55.49 0.34
65 168 -51.40 0.33
65 169 -50.10 0.34
65 170 -46.04 0.33
65 171 -43.38 0.32
65 172 -39.33 0.32
65 173 -36.70 0.33
65 174 -32.58 0.29
65 175 -29.45 0.29
65 176 -24.72 0.29
65 177 -21.11 0.28
65 178 -16.37 0.27
65 179 -12.38 0.26
65 180 -6.55 -0.22
65 181 -2.65 -0.22
65 182 2.38 -0.18
65 183 6.29 -0.18
65 184 11.88 -0.16
65 185 15.50 -0.16
65 186 21.06 -0.15
65 187 25.20 -0.11
65 188 31.00 -0.11
65 189 35.30 -0.07
65 190 40.66 -0.07
65 191 45.20 0.00
65 192 52.59 -0.06
65 193 58.87 -0.06
65 194 66.70 -0.07
65 195 72.81 -0.07
65 196 80.79 -0.08
65 197 87.26 -0.09
65 198 95.24 -0.12
65 199 101.43 0.19
65 200 109.31 -0.15
65 201 115.15 0.20
65 202 122.54 0.20
65 203 128.87 0.24
65 204 136.54 0.23
65 205 143.06 0.26
65 206 150.90 0.29
65 207 157.42 0.30
65 208 164.83 0.30
65 209 172.09 0.30
65 210 180.10 0.31
65 211 187.60 0.32
65 212 195.84 0.31
65 213 202.89 0.31
65 214 210.90 0.32
65 215 219.20 0.30
65 216 227.43 0.32
65 217 235.26 0.31
65 218 244.45 0.33
65 219 251.79 0.30
65 220 260.95 0.33
65 221 268.57 0.32
65 222 276.83 0.31
65 223 286.21 0.31
65 224 294.00 0.31
66 130 9.90 0.37
66 131 3.74 0.38
66 132 -4.09 0.36
66 133 -9.48 0.36
66 134 -16.45 0.34
66 135 -20.75 0.36
66 136 -26.96 0.33
66 137 -30.41 0.33
66 138 -35.65 0.32
66 139 -38.23 0.32
66 140 -43.08 0.30
66 141 -45.23 -0.22
66 142 -49.86 -0.21
66 143 -52.10 -0.20
66 144 -56.25 -0.20
66 145 -57.86 -0.20
66 146 -61.71 -0.14
66 147 -63.92 -0.09
66 148 -67.55 0.07
66 149 -66.86 -0.08
66 150 -68.59 0.11
66 151 -67.75 -0.14
66 152 -69.33 0.17
66 153 -68.53 0.20
66 154 -70.14 0.22
66 155 -69.13 0.28
66 156 -70.31 0.25
66 157 -69.27 0.33
66 158 -70.13 0.30
66 159 -68.96 0.31
66 160 -69.24 0.32
66 161 -67.66 0.31
66 162 -67.75 0.33
66 163 -65.81 0.33
66 164 -65.31 0.33
66 165 -63.15 0.33
66 166 -62.17 0.34
66 167 -59.27 0.32
66 168 -58.23 0.34
66 169 -55.20 0.33
66 170 -53.40 0.33
66 171 -49.75 0.31
66 172 -47.78 0.32
66 173 -43.93 0.32
66 174 -41.46 0.32
66 175 -37.50 0.31
66 176 -34.52 0.29
66 177 -30.18 0.29
66 178 -26.79 0.28
66 179 -22.00 0.27
66 180 -18.54 0.25
66 181 -12.69 -0.22
66 182 -9.03 -0.21
66 183 -4.02 -0.20
66 184 -0.49 -0.19
66 185 4.82 -0.21
66 186 8.41 -0.16
66 187 13.73 -0.15
66 188 17.64 -0.14
66 189 23.66 0.08
66 190 27.32 0.06
66 191 32.10 -0.05
66 192 36.44 0.00
66 193 43.67 -0.05
66 194 49.67 0.04
66 195 57.70 -0.04
66 196 63.69 0.09
66 197 71.36 0.09
66 198 77.50 0.13
66 199 84.94 0.13
66 200 91.38 0.17
66 201 98.62 0.15
66 202 104.35 0.20
66 203 111.78 0.19
66 204 117.98 0.24
66 205 125.23 0.24
66 206 131.51 0.26
66 207 138.88 0.27
66 208 145.63 0.29
66 209 152.85 0.29
66 210 160.02 0.30
66 211 167.54 0.29
66 212 174.70 0.30
66 213 182.68 0.31
66 214 190.10 0.31
66 215 198.35 0.34
66 216 205.55 0.31
66 217 213.81 0.31
66 218 221.36 0.31
66 219 229.94 0.33
66 220 237.70 0.31
66 221 246.60 0.33
66 222 254.21 0.32
66 223 261.90 0.32
66 224 270.82 0.32
66 225 278.77 0.32
66 226 288.07 0.28
67 132 15.83 0.38
67 133 7.45 0.36
67 134 1.70 0.36
67 135 -5.94 0.35
67 136 -10.63 0.36
67 137 -17.46 0.35
67 138 -21.26 0.33
67 139 -26.87 0.33
67 140 -30.00 0.35
67 141 -35.07 0.29
67 142 -37.51 -0.23
67 143 -42.09 -0.21
67 144 -44.36 -0.23
67 145 -49.18 -0.21
67 146 -51.29 -0.19
67 147 -55.37 -0.17
67 148 -57.78 -0.09
67 149 -61.61 0.07
67 150 -61.27 -0.08
67 151 -63.47 0.11
67 152 -63.40 0.14
67 153 -64.98 0.15
67 154 -64.32 0.19
67 155 -66.24 0.22
67 156 -65.60 0.23
67 157 -66.93 0.24
67 158 -66.28 0.27
67 159 -67.28 0.29
67 160 -66.39 0.31
67 161 -66.95 0.32
67 162 -65.60 0.31
67 163 -66.03 0.32
67 164 -64.46 0.33
67 165 -64.29 0.33
67 166 -62.39 0.34
67 167 -61.77 0.34
67 168 -59.48 0.31
67 169 -58.53 0.33
67 170 -55.66 0.34
67 171 -54.25 0.32
67 172 -51.07 0.31
67 173 -49.29 0.32
67 174 -45.91 0.32
67 175 -43.76 0.30
67 176 -39.92 0.31
67 177 -37.37 0.29
67 178 -33.21 0.29
67 179 -30.15 0.29
67 180 -25.58 0.27
67 181 -22.19 0.27
67 182 -16.28 -0.21
67 183 -13.14 -0.20
67 184 -8.45 -0.20
67 185 -5.14 -0.19
67 186 0.22 -0.21
67 187 3.26 -0.17
67 188 8.46 -0.15
67 189 12.18 -0.13
67 190 17.77 -0.11
67 191 21.50 -0.07
67 192 26.17 -0.05
67 193 30.30 0.00
67 194 37.38 0.04
67 195 43.37 -0.04
67 196 50.79 0.06
67 197 56.70 -0.07
67 198 63.94 0.08
67 199 69.70 0.09
67 200 77.08 0.12
67 201 82.96 0.13
67 202 90.28 0.14
67 203 96.19 0.19
67 204 103.24 0.24
67 205 109.10 0.25
67 206 116.23 0.24
67 207 122.28 0.26
67 208 129.51 0.27
67 209 135.86 0.28
67 210 142.80 0.28
67 211 149.62 0.28
67 212 157.65 0.29
67 213 164.25 0.28
67 214 171.98 0.31
67 215 179.15 0.28
67 216 187.28 0.32
67 217 194.50 0.31
67 218 202.58 0.31
67 219 209.77 0.31
67 220 217.75 0.30
67 221 225.50 0.31
67 222 234.18 0.29
67 223 241.52 0.31
67 224 249.54 0.32
67 225 258.07 0.30
67 226 265.81 0.31
67 227 274.73 0.29
67 228 283.22 0.30
68 134 17.26 0.37
68 135 10.89 0.36
68 136 3.12 0.37
68 137 -2.06 0.37
68 138 -9.24 0.34
68 139 -13.52 0.33
68 140 -19.65 0.32
68 141 -22.98 0.35
68 142 -28.49 0.28
68 143 -31.45 -0.24
68 144 -36.54 -0.20
68 145 -39.44 -0.20
68 146 -44.09 -0.18
68 147 -46.35 -0.19
68 148 -50.86 -0.15
68 149 -53.52 -0.10
68 150 -57.57 -0.06
68 151 -57.67 -0.08
68 152 -60.09 0.11
68 153 -59.83 -0.13
68 154 -62.05 0.16
68 155 -61.59 0.18
68 156 -63.74 0.20
68 157 -63.31 0.21
68 158 -65.09 0.24
68 159 -64.65 0.25
68 160 -65.94 0.28
68 161 -65.25 0.30
68 162 -66.16 0.30
68 163 -65.03 0.30
68 164 -65.67 0.32
68 165 -64.35 0.32
68 166 -64.59 0.33
68 167 -63.05 0.32
68 168 -62.70 0.33
68 169 -60.52 0.31
68 170 -60.00 0.33
68 171 -57.48 0.34
68 172 -56.33 0.33
68 173 -53.35 0.31
68 174 -52.05 0.32
68 175 -48.92 0.32
68 176 -46.99 0.31
68 177 -43.39 0.30
68 178 -41.06 0.29
68 179 -37.21 0.30
68 180 -34.41 0.29
68 181 -30.03 0.27
68 182 -26.98 0.27
68 183 -21.33 -0.21
68 184 -18.48 -0.20
68 185 -13.84 -0.19
68 186 -10.99 -0.20
68 187 -6.10 -0.21
68 188 -3.01 -0.17
68 189 2.03 -0.16
68 190 5.52 -0.14
68 191 11.57 0.08
68 192 14.41 -0.08
68 193 18.95 -0.06
68 194 22.70 0.00
68 195 29.46 -0.05
68 196 35.04 0.06
68 197 42.62 -0.03
68 198 48.16 0.07
68 199 55.40 0.08
68 200 61.08 0.13
68 201 68.25 0.12
68 202 73.94 0.16
68 203 80.82 0.16
68 204 86.59 0.19
68 205 93.64 0.22
68 206 99.26 0.23
68 207 106.18 0.25
68 208 112.07 0.25
68 209 119.06 0.27
68 210 125.40 0.26
68 211 132.09 0.26
68 212 138.97 0.28
68 213 146.49 0.29
68 214 153.02 0.31
68 215 160.52 0.30
68 216 167.35 0.30
68 217 175.15 0.30
68 218 182.19 0.31
68 219 190.04 0.32
68 220 197.24 0.31
68 221 205.09 0.30
68 222 212.47 0.31
68 223 219.59 0.30
68 224 228.09 0.30
68 225 235.95 0.32
68 226 244.20 0.29
68 227 252.73 0.32
68 228 260.52 0.28
68 229 269.24 0.30
68 230 277.40 0.29
69 136 23.43 0.36
69 137 15.11 0.35
69 138 9.32 0.36
69 139 1.76 0.35
69 140 -3.00 0.33
69 141 -9.45 0.32
69 142 -13.40 0.30
69 143 -19.12 0.29
69 144 -22.44 -0.22
69 145 -27.75 -0.23
69 146 -31.00 -0.21
69 147 -36.23 -0.19
69 148 -38.62 0.16
69 149 -43.28 0.12
69 150 -46.55 -0.08
69 151 -51.00 0.07
69 152 -51.26 -0.06
69 153 -54.23 0.11
69 154 -54.26 0.12
69 155 -56.74 0.15
69 156 -56.52 0.18
69 157 -58.99 0.20
69 158 -58.78 0.21
69 159 -60.77 0.24
69 160 -60.55 0.23
69 161 -61.78 0.23
69 162 -61.49 0.28
69 163 -62.66 0.27
69 164 -61.72 0.37
69 165 -62.78 0.31
69 166 -61.47 0.35
69 167 -62.24 0.36
69 168 -61.11 0.34
69 169 -61.08 0.35
69 170 -59.06 0.30
69 171 -58.92 0.34
69 172 -56.94 0.34
69 173 -56.13 0.34
69 174 -53.29 0.33
69 175 -52.21 0.31
69 176 -49.31 0.32
69 177 -47.65 0.29
69 178 -44.46 0.30
69 179 -42.41 0.29
69 180 -38.52 0.29
69 181 -36.08 0.28
69 182 -31.95 0.27
69 183 -29.21 0.28
69 184 -23.84 -0.23
69 185 -21.03 -0.19
69 186 -16.84 -0.19
69 187 -13.97 -0.21
69 188 -9.50 -0.21
69 189 -6.81 -0.17
69 190 -2.12 -0.15
69 191 1.23 -0.12
69 192 6.51 0.08
69 193 9.52 0.07
69 194 13.83 -0.05
69 195 17.36 0.00
69 196 23.85 0.05
69 197 29.27 0.06
69 198 36.79 0.08
69 199 42.15 -0.07
69 200 48.84 0.08
69 201 54.38 0.10
69 202 61.37 0.15
69 203 66.88 0.14
69 204 73.53 0.15
69 205 79.08 0.21
69 206 86.64 0.22
69 207 91.48 0.22
69 208 98.24 0.23
69 209 103.81 0.25
69 210 110.99 0.26
69 211 116.74 0.26
69 212 123.19 0.26
69 213 129.71 0.27
69 214 137.91 0.28
69 215 143.61 0.29
69 216 150.96 0.30
69 217 157.46 0.29
69 218 165.17 0.29
69 219 171.91 0.30
69 220 180.04 0.32
69 221 186.56 0.32
69 222 194.12 0.31
69 223 201.49 0.31
69 224 208.78 0.32
69 225 216.68 0.30
69 226 224.83 0.30
69 227 232.38 0.27
69 228 240.63 0.32
69 229 248.32 0.29
69 230 256.67 0.31
69 231 265.16 0.29
69 232 273.64 0.30
70 138 25.08 0.35
70 139 19.04 0.36
70 140 11.17 0.35
70 141 6.40 0.32
70 142 -1.06 0.31
70 143 -5.17 0.29
70 144 -11.41 -0.22
70 145 -15.37 -0.22
70 146 -21.26 -0.20
70 147 -24.63 -0.19
70 148 -30.02 -0.17
70 149 -32.99 -0.19
70 150 -38.12 -0.14
70 151 -41.37 -0.09
70 152 -46.09 0.07
70 153 -46.61 -0.08
70 154 -49.91 0.12
70 155 -50.14 -0.12
70 156 -52.94 0.15
70 157 -53.03 0.16
70 158 -55.61 0.19
70 159 -55.77 0.21
70 160 -57.80 0.23
70 161 -57.86 0.24
70 162 -59.69 0.26
70 163 -59.53 0.27
70 164 -60.99 0.27
70 165 -60.51 0.29
70 166 -61.55 0.30
70 167 -60.67 0.31
70 168 -61.52 0.32
70 169 -60.59 0.31
70 170 -60.82 0.32
70 171 -59.21 0.29
70 172 -59.05 0.33
70 173 -57.47 0.32
70 174 -56.92 0.31
70 175 -54.54 0.31
70 176 -53.73 0.32
70 177 -51.06 0.32
70 178 -49.82 0.29
70 179 -46.90 0.29
70 180 -45.14 0.29
70 181 -41.62 0.28
70 182 -39.49 0.28
70 183 -35.57 0.26
70 184 -33.12 0.26
70 185 -28.06 -0.21
70 186 -25.51 -0.22
70 187 -21.69 -0.19
70 188 -19.15 -0.20
70 189 -14.80 -0.20
70 190 -12.09 -0.17
70 191 -7.68 -0.16
70 192 -4.70 -0.12
70 193 0.64 0.08
70 194 3.39 0.07
70 195 7.43 -0.04
70 196 10.81 0.00
70 197 17.18 -0.05
70 198 22.36 0.05
70 199 29.47 0.07
70 200 34.48 0.05
70 201 41.54 0.08
70 202 46.95 0.13
70 203 53.43 0.12
70 204 58.81 0.13
70 205 65.49 0.14
70 206 70.63 0.19
70 207 77.66 0.20
70 208 82.61 0.23
70 209 89.38 0.23
70 210 94.68 0.25
70 211 101.22 0.26
70 212 107.17 0.25
70 213 113.67 0.27
70 214 120.00 0.27
70 215 127.13 0.27
70 216 133.22 0.28
70 217 140.50 0.29
70 218 147.02 0.27
70 219 153.75 0.29
70 220 160.69 0.29
70 221 168.03 0.29
70 222 174.94 0.29
70 223 182.35 0.29
70 224 189.24 0.29
70 225 196.45 0.28
70 226 204.13 0.29
70 227 212.37 0.28
70 228 219.65 0.29
70 229 227.98 0.27
70 230 235.29 0.26
70 231 243.34 0.28
70 232 251.38 0.28
70 233 259.92 0.25
70 234 267.53 0.26
71 148 -15.31 -0.19
71 149 -20.97 -0.18
71 150 -24.79 0.14
71 151 -29.93 -0.12
71 152 -33.42 -0.09
71 153 -38.31 -0.04
71 154 -39.52 -0.07
71 155 -42.64 -0.08
71 156 -43.62 0.14
71 157 -46.73 0.15
71 158 -46.93 0.17
71 159 -49.83 0.20
71 160 -50.35 0.19
71 161 -52.67 0.22
71 162 -52.84 0.24
71 163 -54.89 0.24
71 164 -54.98 0.27
71 165 -56.72 0.28
71 166 -56.49 0.28
71 167 -57.84 0.29
71 168 -57.30 0.30
71 169 -58.20 0.31
71 170 -57.51 0.31
71 171 -57.94 0.31
71 172 -56.72 0.29
71 173 -56.98 0.31
71 174 -55.52 0.31
71 175 -55.13 0.29
71 176 -53.23 0.29
71 177 -52.63 0.29
71 178 -50.06 0.29
71 179 -49.34 0.29
71 180 -46.69 0.28
71 181 -45.15 0.28
71 182 -42.22 0.28
71 183 -40.21 0.27
71 184 -36.65 0.26
71 185 -34.46 0.24
71 186 -29.31 -0.22
71 187 -27.16 -0.20
71 188 -23.65 -0.19
71 189 -21.46 -0.19
71 190 -17.23 -0.19
71 191 -15.09 -0.16
71 192 -10.86 -0.15
71 193 -8.28 -0.11
71 194 -3.69 -0.10
71 195 -0.79 0.06
71 196 3.00 -0.06
71 197 6.30 0.00
71 198 12.49 0.05
71 199 17.39 0.06
71 200 24.22 0.05
71 201 29.26 0.07
71 202 35.90 0.07
71 203 41.06 0.11
71 204 47.54 0.11
71 205 52.55 0.15
71 206 59.16 0.14
71 207 64.15 0.18
71 208 70.55 0.18
71 209 75.94 0.20
71 210 82.03 0.21
71 211 87.59 0.23
71 212 94.07 0.26
71 213 99.69 0.25
71 214 106.23 0.26
71 215 112.13 0.27
71 216 119.20 0.27
71 217 124.96 0.29
71 218 132.28 0.28
71 219 138.06 0.28
71 220 145.20 0.28
71 221 151.64 0.30
71 222 159.13 0.29
71 223 165.38 0.29
71 224 172.64 0.29
71 225 179.49 0.29
71 226 186.10 0.28
71 227 193.98 0.29
71 228 201.46 0.29
71 229 208.75 0.29
71 230 217.25 0.31
71 231 224.11 0.28
71 232 232.16 0.27
71 233 239.74 0.28
71 234 247.86 0.28
71 235 255.89 0.27
71 236 264.59 0.28
71 237 272.56 0.24
71 238 281.65 0.28
71 239 289.37 0.21
71 240 298.04 0.25
71 241 307.30 -0.19
71 242 315.76 -0.18
72 150 -14.31 -0.18
72 151 -17.40 -0.15
72 152 -23.49 -0.14
72 153 -27.49 -0.08
72 154 -32.66 0.04
72 155 -33.79 -0.08
72 156 -37.92 0.10
72 157 -38.53 0.12
72 158 -41.93 0.13
72 159 -42.62 0.15
72 160 -45.55 0.18
72 161 -46.22 0.19
72 162 -48.81 0.21
72 163 -49.16 0.22
72 164 -51.52 0.24
72 165 -51.76 0.24
72 166 -53.72 0.26
72 167 -53.74 0.28
72 168 -55.43 0.27
72 169 -55.01 0.30
72 170 -56.36 0.29
72 171 -55.73 0.29
72 172 -56.56 0.30
72 173 -55.44 0.28
72 174 -56.21 0.31
72 175 -54.86 0.31
72 176 -54.80 0.30
72 177 -53.28 0.29
72 178 -52.95 0.29
72 179 -50.59 0.31
72 180 -50.27 0.29
72 181 -47.96 0.28
72 182 -46.65 0.28
72 183 -43.83 0.27
72 184 -42.16 0.27
72 185 -38.83 0.26
72 186 -37.09 0.25
72 187 -32.14 -0.23
72 188 -31.13 0.22
72 189 -27.30 -0.20
72 190 -25.18 -0.18
72 191 -21.42 -0.16
72 192 -19.46 -0.15
72 193 -15.48 -0.14
72 194 -13.08 -0.13
72 195 -8.76 -0.12
72 196 -5.85 0.05
72 197 -2.22 -0.06
72 198 0.70 0.00
72 199 6.80 -0.05
72 200 11.28 0.04
72 201 18.16 -0.06
72 202 22.85 0.06
72 203 29.45 0.08
72 204 34.31 0.12
72 205 40.50 0.12
72 206 45.51 0.15
72 207 51.76 0.15
72 208 56.64 0.20
72 209 62.80 0.18
72 210 67.89 0.21
72 211 74.12 0.21
72 212 79.19 0.23
72 213 85.78 0.26
72 214 90.85 0.25
72 215 97.22 0.25
72 216 102.99 0.25
72 217 109.70 0.25
72 218 115.39 0.27
72 219 122.39 0.28
72 220 128.10 0.28
72 221 135.22 0.28
72 222 141.40 0.28
72 223 148.73 0.28
72 224 154.67 0.28
72 225 161.52 0.29
72 226 168.47 0.27
72 227 175.94 0.28
72 228 182.60 0.28
72 229 190.35 0.28
72 230 197.04 0.27
72 231 205.18 0.27
72 232 212.12 0.27
72 233 220.08 0.26
72 234 227.33 0.26
72 235 235.64 0.23
72 236 242.83 0.25
72 237 251.03 0.24
72 238 259.09 0.23
72 239 267.64 0.26
72 240 275.41 0.23
72 241 283.98 0.22
72 242 293.36 -0.20
72 243 301.64 -0.18
72 244 309.85 -0.17
73 152 -8.08 -0.19
73 153 -14.62 -0.13
73 154 -18.23 -0.08
73 155 -24.05 0.03
73 156 -25.72 0.07
73 157 -29.77 -0.07
73 158 -31.01 -0.11
73 159 -34.37 0.13
73 160 -35.65 0.15
73 161 -38.78 0.18
73 162 -39.64 0.20
73 163 -42.41 0.21
73 164 -43.18 0.22
73 165 -45.74 0.22
73 166 -46.40 0.25
73 167 -48.52 0.25
73 168 -48.71 0.26
73 169 -50.70 0.27
73 170 -50.60 0.30
73 171 -52.10 0.29
73 172 -51.76 0.29
73 173 -52.90 0.29
73 174 -52.01 0.27
73 175 -52.79 0.29
73 176 -51.89 0.29
73 177 -52.02 0.29
73 178 -50.73 0.30
73 179 -50.73 0.29
73 180 -48.94 0.29
73 181 -48.72 0.28
73 182 -46.69 0.28
73 183 -45.68 0.28
73 184 -43.26 0.26
73 185 -41.98 0.25
73 186 -38.71 0.24
73 187 -37.29 0.24
73 188 -34.07 0.24
73 189 -31.92 0.21
73 190 -28.54 0.18
73 191 -26.55 -0.19
73 192 -23.07 -0.15
73 193 -21.39 -0.13
73 194 -17.86 -0.14
73 195 -15.52 -0.12
73 196 -11.60 -0.11
73 197 -9.01 0.04
73 198 -5.78 -0.04
73 199 -2.88 0.00
73 200 3.68 0.00
73 201 7.46 0.02
73 202 13.97 -0.05
73 203 18.36 -0.08
73 204 24.80 0.07
73 205 29.61 0.10
73 206 35.76 0.10
73 207 40.76 0.16
73 208 46.63 0.13
73 209 51.22 0.18
73 210 57.24 0.21
73 211 62.06 0.21
73 212 68.12 0.21
73 213 73.03 0.23
73 214 79.59 0.24
73 215 84.33 0.25
73 216 90.44 0.25
73 217 95.91 0.26
73 218 102.56 0.24
73 219 107.94 0.29
73 220 114.67 0.29
73 221 120.49 0.29
73 222 127.41 0.29
73 223 133.16 0.29
73 224 140.46 0.30
73 225 146.32 0.29
73 226 152.81 0.29
73 227 159.82 0.29
73 228 167.01 0.27
73 229 173.37 0.27
73 230 180.80 0.27
73 231 187.38 0.26
73 232 195.07 0.26
73 233 201.71 0.26
73 234 209.51 0.26
73 235 216.56 0.25
73 236 224.42 0.25
73 237 231.97 0.25
73 238 239.89 0.24
73 239 247.49 0.24
73 240 255.79 0.23
73 241 263.63 0.23
73 242 272.27 0.22
73 243 281.73 -0.20
73 244 289.29 -0.17
73 245 297.16 -0.16
73 246 305.69 -0.16
73 247 313.47 -0.15
73 248 322.22 -0.14
73 249 329.95 -0.13
73 250 338.70 -0.12
74 154 -7.41 0.08
74 155 -11.56 -0.08
74 156 -17.81 0.03
74 157 -19.42 -0.07
74 158 -23.99 0.07
74 159 -25.15 -0.11
74 160 -29.07 0.12
74 161 -30.35 0.14
74 162 -33.64 0.17
74 163 -34.78 0.18
74 164 -37.76 0.20
74 165 -38.66 0.20
74 166 -41.31 0.22
74 167 -41.87 0.22
74 168 -44.54 0.24
74 169 -44.85 0.25
74 170 -47.11 0.27
74 171 -46.92 0.30
74 172 -49.04 0.29
74 173 -48.99 0.28
74 174 -50.34 0.29
74 175 -49.63 0.25
74 176 -50.94 0.29
74 177 -50.17 0.29
74 178 -50.66 0.29
74 179 -49.57 0.28
74 180 -49.90 0.28
74 181 -48.20 0.27
74 182 -48.38 0.27
74 183 -46.66 0.27
74 184 -46.04 0.25
74 185 -43.90 0.25
74 186 -42.68 0.24
74 187 -40.13 0.22
74 188 -38.85 0.23
74 189 -35.82 0.23
74 190 -34.17 0.21
74 191 -31.05 -0.19
74 192 -29.57 -0.18
74 193 -26.12 -0.19
74 194 -24.73 -0.14
74 195 -21.34 -0.13
74 196 -19.45 -0.12
74 197 -15.59 -0.11
74 198 -13.29 0.05
74 199 -10.12 -0.04
74 200 -7.57 0.00
74 201 -2.00 -0.05
74 202 2.25 0.04
74 203 8.55 -0.04
74 204 12.81 0.06
74 205 19.03 0.09
74 206 23.63 0.11
74 207 29.54 0.10
74 208 34.14 0.13
74 209 40.01 0.14
74 210 44.67 0.17
74 211 50.53 0.17
74 212 55.30 0.19
74 213 61.12 0.20
74 214 65.96 0.22
74 215 71.98 0.24
74 216 77.01 0.24
74 217 82.77 0.25
74 218 88.14 0.26
74 219 94.45 0.24
74 220 99.65 0.27
74 221 106.43 0.27
74 222 111.81 0.28
74 223 118.14 0.27
74 224 124.21 0.28
74 225 130.88 0.29
74 226 136.95 0.27
74 227 143.30 0.26
74 228 149.81 0.27
74 229 156.99 0.26
74 230 163.33 0.27
74 231 170.53 0.24
74 232 176.82 0.25
74 233 184.79 0.26
74 234 191.11 0.26
74 235 198.73 0.24
74 236 205.74 0.23
74 237 213.29 0.24
74 238 220.26 0.23
74 239 228.22 0.23
74 240 235.56 0.22
74 241 243.35 0.21
74 242 251.35 0.21
74 243 259.46 0.21
74 244 268.56 -0.18
74 245 275.37 0.18
74 246 284.17 -0.16
74 247 292.42 -0.15
74 248 299.76 -0.15
74 249 308.70 -0.15
74 250 316.12 -0.13
75 156 -1.31 0.06
75 157 -8.39 0.03
75 158 -10.38 0.05
75 159 -15.03 0.05
75 160 -16.84 -0.10
75 161 -20.65 0.11
75 162 -22.18 0.13
75 163 -25.84 0.15
75 164 -27.24 0.17
75 165 -30.30 0.18
75 166 -31.44 0.20
75 167 -34.37 0.21
75 168 -35.45 0.23
75 169 -37.92 0.23
75 170 -38.71 0.22
75 171 -41.26 0.28
75 172 -41.50 0.30
75 173 -43.73 0.30
75 174 -44.07 0.30
75 175 -45.55 0.32
75 176 -45.36 0.27
75 177 -46.70 0.31
75 178 -46.01 0.30
75 179 -47.14 0.28
75 180 -46.29 0.28
75 181 -46.84 0.27
75 182 -45.30 0.26
75 183 -45.79 0.25
75 184 -44.34 0.24
75 185 -44.09 0.24
75 186 -42.10 0.24
75 187 -41.53 0.23
75 188 -39.09 0.21
75 189 -38.04 0.22
75 190 -35.48 0.21
75 191 -34.03 0.20
75 192 -31.16 -0.19
75 193 -30.01 -0.17
75 194 -27.16 -0.17
75 195 -25.58 -0.15
75 196 -22.66 -0.11
75 197 -21.20 -0.11
75 198 -17.69 -0.11
75 199 -15.68 -0.07
75 200 -12.81 -0.05
75 201 -10.16 0.00
75 202 -5.00 -0.04
75 203 -0.59 0.04
75 204 5.27 0.04
75 205 9.50 0.07
75 206 15.44 0.06
75 207 19.78 0.09
75 208 25.63 0.12
75 209 30.06 0.14
75 210 35.77 0.13
75 211 40.23 0.15
75 212 45.90 0.16
75 213 50.49 0.18
75 214 56.35 0.20
75 215 60.93 0.23
75 216 66.72 0.24
75 217 71.35 0.24
75 218 77.01 0.25
75 219 82.32 0.26
75 220 88.55 0.26
75 221 93.33 0.27
75 222 99.86 0.27
75 223 104.96 0.27
75 224 111.13 0.28
75 225 117.01 0.28
75 226 123.88 0.28
75 227 129.25 0.28
75 228 136.13 0.27
75 229 142.07 0.26
75 230 148.87 0.25
75 231 155.06 0.26
75 232 162.05 0.23
75 233 168.12 0.25
75 234 175.90 0.24
75 235 182.18 0.25
75 236 189.52 0.24
75 237 196.06 0.23
75 238 203.68 0.23
75 239 210.53 0.22
75 240 218.35 0.22
75 241 225.12 0.21
75 242 232.87 0.21
75 243 240.45 0.20
75 244 248.08 0.20
75 245 257.71 -0.16
75 246 265.32 -0.15
75 247 272.89 -0.17
75 248 280.67 -0.16
75 249 287.93 -0.14
75 250 296.62 -0.13
75 251 303.84 -0.12
75 252 312.18 -0.10
76 158 -1.46 0.03
76 159 -3.46 -0.05
76 160 -8.43 0.05
76 161 -10.15 -0.09
76 162 -14.64 0.10
76 163 -16.23 0.12
76 164 -20.17 0.14
76 165 -21.66 0.15
76 166 -25.05 0.18
76 167 -26.37 0.17
76 168 -29.54 0.20
76 169 -30.58 0.20
76 170 -33.45 0.22
76 171 -34.35 0.23
76 172 -36.88 0.25
76 173 -37.74 0.26
76 174 -39.82 0.27
76 175 -40.36 0.29
76 176 -42.21 0.27
76 177 -42.17 0.26
76 178 -43.73 0.29
76 179 -43.08 0.27
76 180 -44.62 0.27
76 181 -44.02 0.26
76 182 -44.82 0.25
76 183 -43.45 0.26
76 184 -44.29 0.25
76 185 -43.01 0.24
76 186 -43.04 0.24
76 187 -41.38 0.23
76 188 -41.06 0.22
76 189 -39.07 0.21
76 190 -38.38 0.20
76 191 -36.03 0.19
76 192 -35.12 -0.16
76 193 -32.78 -0.18
76 194 -31.91 -0.15
76 195 -29.33 -0.15
76 196 -28.23 -0.13
76 197 -25.39 -0.13
76 198 -23.99 -0.12
76 199 -20.16 0.07
76 200 -18.83 0.04
76 201 -16.12 -0.03
76 202 -14.03 0.00
76 203 -8.88 -0.05
76 204 -5.05 0.04
76 205 0.90 0.04
76 206 4.75 0.05
76 207 10.36 0.05
76 208 14.71 0.09
76 209 20.40 0.08
76 210 24.65 0.10
76 211 30.31 0.13
76 212 34.65 0.17
76 213 40.09 0.16
76 214 44.46 0.18
76 215 50.16 0.18
76 216 54.63 0.20
76 217 60.52 0.20
76 218 64.89 0.24
76 219 70.45 0.25
76 220 75.44 0.25
76 221 81.56 0.21
76 222 86.07 0.27
76 223 92.35 0.27
76 224 97.46 0.29
76 225 103.70 0.28
76 226 109.11 0.28
76 227 115.99 0.27
76 228 121.10 0.28
76 229 127.48 0.27
76 230 133.45 0.27
76 231 140.06 0.27
76 232 146.12 0.26
76 233 153.42 0.27
76 234 159.45 0.25
76 235 166.54 0.25
76 236 172.58 0.24
76 237 179.83 0.22
76 238 186.54 0.24
76 239 193.67 0.22
76 240 200.35 0.22
76 241 207.82 0.21
76 242 214.69 0.21
76 243 222.30 0.19
76 244 229.40 0.19
76 245 237.13 0.18
76 246 245.60 -0.18
76 247 253.12 -0.15
76 248 260.17 -0.16
76 249 268.20 -0.14
76 250 275.34 -0.14
76 251 283.57 -0.12
76 252 290.66 -0.12
76 253 298.85 -0.11
76 254 306.02 -0.10
76 255 314.53 -0.09
76 256 321.99 -0.07
76 257 330.42 -0.06
76 258 338.19 0.00
76 259 345.97 -0.04
76 260 353.44 0.00
76 261 363.02 0.00
76 262 371.74 0.00
77 160 6.18 0.05
77 161 0.76 0.05
77 162 -0.89 0.08
77 163 -5.99 0.08
77 164 -7.73 0.11
77 165 -11.84 0.12
77 166 -13.59 0.13
77 167 -17.16 0.15
77 168 -18.89 0.16
77 169 -22.09 0.19
77 170 -23.47 0.21
77 171 -26.45 0.21
77 172 -27.52 0.22
77 173 -30.39 0.27
77 174 -31.17 0.28
77 175 -33.58 0.28
77 176 -34.60 0.27
77 177 -36.58 0.28
77 178 -36.83 0.26
77 179 -38.73 0.29
77 180 -38.73 0.29
77 181 -40.07 0.29
77 182 -39.58 0.27
77 183 -40.68 0.27
77 184 -39.58 0.27
77 185 -40.51 0.26
77 186 -39.50 0.25
77 187 -39.62 0.21
77 188 -38.51 0.21
77 189 -38.29 0.21
77 190 -36.80 0.20
77 191 -36.45 -0.16
77 192 -34.75 -0.16
77 193 -34.18 -0.15
77 194 -32.07 -0.16
77 195 -31.58 -0.14
77 196 -29.01 -0.15
77 197 -28.05 -0.13
77 198 -25.77 -0.12
77 199 -24.32 -0.11
77 200 -21.22 0.07
77 201 -20.24 0.05
77 202 -17.80 0.04
77 203 -15.92 0.00
77 204 -10.91 0.04
77 205 -7.38 0.04
77 206 -1.67 0.05
77 207 2.61 -0.06
77 208 7.40 0.05
77 209 11.61 0.07
77 210 17.02 0.10
77 211 21.25 0.10
77 212 26.65 0.12
77 213 31.05 0.14
77 214 36.46 0.15
77 215 40.56 0.16
77 216 45.94 0.17
77 217 50.41 0.17
77 218 56.11 0.19
77 219 60.27 0.22
77 220 65.68 0.22
77 221 70.35 0.22
77 222 76.09 0.23
77 223 80.84 0.24
77 224 86.60 0.27
77 225 91.50 0.25
77 226 97.75 0.29
77 227 102.95 0.29
77 228 109.55 0.30
77 229 114.50 0.28
77 230 120.93 0.27
77 231 126.49 0.28
77 232 132.91 0.26
77 233 138.88 0.26
77 234 145.48 0.25
77 235 151.48 0.25
77 236 158.65 0.25
77 237 164.66 0.25
77 238 171.65 0.24
77 239 178.03 0.24
77 240 185.31 0.22
77 241 192.25 0.24
77 242 199.35 0.19
77 243 205.83 0.18
77 244 212.88 0.18
77 245 220.31 0.18
77 246 227.74 0.17
77 247 235.31 -0.17
77 248 242.74 -0.14
77 249 249.96 -0.14
77 250 257.12 -0.14
77 251 264.57 -0.13
77 252 272.11 -0.13
77 253 279.31 -0.12
77 254 287.56 -0.12
77 255 294.41 -0.11
77 256 302.51 -0.10
77 257 309.82 -0.08
77 258 318.04 -0.06
77 259 325.39 -0.05
77 260 333.37 -0.03
77 261 340.59 0.00
77 262 350.32 0.00
77 263 358.81 0.03
77 264 367.94 0.04
78 162 8.81 -0.05
78 163 6.53 -0.07
78 164 1.52 0.08
78 165 -0.36 0.10
78 166 -4.81 0.12
78 167 -6.72 0.13
78 168 -10.70 0.15
78 169 -12.37 0.14
78 170 -15.89 0.16
78 171 -17.35 0.18
78 172 -20.61 0.22
78 173 -21.93 0.22
78 174 -25.07 0.24
78 175 -25.75 0.29
78 176 -28.82 0.25
78 177 -29.76 0.29
78 178 -32.02 0.29
78 179 -32.30 0.24
78 180 -34.61 0.29
78 181 -34.77 0.27
78 182 -36.29 0.27
78 183 -36.13 0.28
78 184 -37.59 0.26
78 185 -36.60 0.23
78 186 -38.00 0.25
78 187 -36.64 -0.17
78 188 -37.74 0.21
78 189 -36.83 0.21
78 190 -37.09 -0.17
78 191 -35.78 -0.18
78 192 -35.99 -0.17
78 193 -34.65 -0.15
78 194 -34.41 -0.16
78 195 -32.63 -0.16
78 196 -32.24 -0.13
78 197 -30.17 -0.13
78 198 -29.68 -0.12
78 199 -27.37 -0.12
78 200 -26.48 -0.11
78 201 -23.80 -0.10
78 202 -22.62 0.03
78 203 -20.39 -0.05
78 204 -18.74 0.00
78 205 -14.00 -0.03
78 206 -10.71 0.03
78 207 -4.82 0.00
78 208 -1.62 0.05
78 209 3.73 0.04
78 210 7.61 0.05
78 211 12.87 0.07
78 212 16.93 0.09
78 213 22.19 0.09
78 214 26.50 0.14
78 215 31.91 -0.11
78 216 35.92 0.16
78 217 40.99 0.14
78 218 45.26 0.18
78 219 50.72 0.23
78 220 54.73 0.23
78 221 60.05 0.25
78 222 64.47 0.25
78 223 70.35 0.27
78 224 74.48 0.26
78 225 80.14 0.28
78 226 85.25 0.29
78 227 91.16 0.29
78 228 96.00 0.29
78 229 102.32 0.28
78 230 107.34 0.29
78 231 113.34 0.27
78 232 119.01 0.28
78 233 125.03 0.27
78 234 131.15 0.25
78 235 137.50 0.25
78 236 143.44 0.24
78 237 150.49 0.24
78 238 155.89 0.23
78 239 162.73 0.23
78 240 168.95 0.22
78 241 176.11 0.23
78 242 182.34 0.22
78 243 189.82 0.21
78 244 197.14 -0.18
78 245 203.25 0.18
78 246 210.73 -0.15
78 247 217.88 -0.15
78 248 224.25 -0.15
78 249 231.26 -0.15
78 250 238.26 -0.15
78 251 245.71 -0.15
78 252 252.68 -0.14
78 253 260.08 -0.11
78 254 266.97 -0.12
78 255 274.82 -0.10
78 256 281.81 -0.09
78 257 289.81 -0.08
78 258 296.87 -0.07
78 259 305.22 -0.07
78 260 312.36 0.00
78 261 319.99 -0.04
78 262 327.09 0.00
78 263 337.03 0.00
78 264 345.27 0.00
78 265 354.33 0.00
78 266 363.18 0.04
79 164 16.93 0.07
79 165 11.33 0.06
79 166 8.93 0.08
79 167 4.36 0.09
79 168 2.21 0.10
79 169 -1.91 0.11
79 170 -3.95 0.15
79 171 -7.55 0.15
79 172 -9.33 0.13
79 173 -12.80 0.18
79 174 -14.27 0.19
79 175 -17.57 0.21
79 176 -18.66 0.23
79 177 -21.89 0.25
79 178 -23.07 0.27
79 179 -25.55 0.27
79 180 -26.30 0.25
79 181 -28.48 0.30
79 182 -29.07 0.28
79 183 -30.86 0.29
79 184 -30.95 0.28
79 185 -32.36 0.24
79 186 -31.60 -0.19
79 187 -32.95 -0.20
79 188 -32.66 -0.17
79 189 -33.71 -0.19
79 190 -32.98 -0.17
79 191 -33.92 -0.18
79 192 -32.87 -0.18
79 193 -33.37 -0.17
79 194 -32.24 -0.16
79 195 -32.11 -0.16
79 196 -30.71 -0.15
79 197 -30.60 -0.15
79 198 -28.82 -0.14
79 199 -28.51 -0.13
79 200 -26.49 -0.11
79 201 -25.95 -0.10
79 202 -23.67 0.05
79 203 -23.17 0.04
79 204 -21.07 -0.04
79 205 -19.61 0.00
79 206 -14.59 -0.03
79 207 -11.96 0.03
79 208 -6.69 0.04
79 209 -3.15 0.04
79 210 1.78 0.04
79 211 5.31 0.05
79 212 10.55 0.04
79 213 14.81 0.06
79 214 20.10 0.08
79 215 23.53 0.09
79 216 28.80 0.11
79 217 33.01 0.13
79 218 37.98 0.16
79 219 42.03 0.19
79 220 47.19 0.20
79 221 51.17 0.23
79 222 56.07 0.21
79 223 60.28 0.25
79 224 65.93 0.21
79 225 70.09 0.25
79 226 75.49 0.26
79 227 80.23 0.27
79 228 85.94 0.27
79 229 90.73 0.27
79 230 97.07 0.30
79 231 101.62 0.28
79 232 107.80 0.28
79 233 112.78 0.28
79 234 119.33 0.27
79 235 124.74 0.27
79 236 131.16 0.26
79 237 137.00 0.26
79 238 143.59 0.24
79 239 149.16 0.23
79 240 155.89 0.23
79 241 161.69 0.23
79 242 168.53 0.20
79 243 174.85 0.20
79 244 182.13 0.19
79 245 188.27 0.20
79 246 195.25 -0.15
79 247 201.60 -0.17
79 248 208.64 -0.14
79 249 215.13 -0.16
79 250 222.24 -0.14
79 251 228.38 -0.13
79 252 235.80 -0.13
79 253 242.25 -0.13
79 254 249.79 -0.12
79 255 256.46 -0.11
79 256 264.17 -0.11
79 257 271.84 0.05
79 258 279.19 0.05
79 259 285.73 -0.07
79 260 293.90 0.00
79 261 300.66 0.00
79 262 308.49 0.00
79 263 315.13 0.00
79 264 325.27 0.00
79 265 332.83 0.03
79 266 342.19 0.00
79 267 351.06 0.03
79 268 360.17 0.03
80 166 19.82 0.05
80 167 17.47 0.08
80 168 12.63 -0.08
80 169 10.12 0.10
80 170 5.72 0.12
80 171 3.55 0.11
80 172 -0.46 0.14
80 173 -2.40 0.12
80 174 -5.88 0.16
80 175 -7.65 0.14
80 176 -11.09 0.21
80 177 -12.63 0.17
80 178 -15.98 0.29
80 179 -17.31 0.30
80 180 -20.08 0.29
80 181 -20.78 0.30
80 182 -23.57 0.30
80 183 -24.30 0.31
80 184 -26.38 0.28
80 185 -26.63 0.29
80 186 -28.35 0.27
80 187 -28.00 0.26
80 188 -29.79 -0.18
80 189 -29.85 -0.18
80 190 -30.94 -0.17
80 191 -30.80 -0.17
80 192 -31.78 -0.16
80 193 -31.07 -0.16
80 194 -31.97 -0.15
80 195 -31.07 -0.13
80 196 -31.34 -0.14
80 197 -30.19 -0.13
80 198 -30.45 -0.12
80 199 -28.99 -0.12
80 200 -29.00 -0.11
80 201 -27.19 -0.10
80 202 -26.95 -0.08
80 203 -24.83 -0.06
80 204 -24.57 0.02
80 205 -22.82 0.02
80 206 -21.67 0.00
80 207 -17.26 -0.03
80 208 -14.56 0.03
80 209 -9.34 0.02
80 210 -6.46 0.03
80 211 -1.23 0.03
80 212 2.05 0.05
80 213 6.78 0.06
80 214 10.88 0.07
80 215 15.95 0.06
80 216 19.84 0.09
80 217 24.77 0.07
80 218 28.83 0.13
80 219 34.10 0.14
80 220 37.98 0.13
80 221 42.90 0.24
80 222 46.70 0.23
80 223 51.47 0.23
80 224 55.57 0.25
80 225 60.80 0.25
80 226 64.70 0.27
80 227 70.20 0.29
80 228 74.53 0.27
80 229 80.30 0.28
80 230 84.60 0.26
80 231 91.04 0.30
80 232 95.35 0.27
80 233 101.28 0.27
80 234 106.15 0.27
80 235 112.45 0.28
80 236 117.72 0.27
80 237 123.99 0.26
80 238 129.50 0.26
80 239 136.36 0.26
80 240 141.41 0.23
80 241 148.04 0.23
80 242 153.70 0.22
80 243 160.68 0.22
80 244 166.62 0.21
80 245 172.91 -0.16
80 246 179.42 -0.14
80 247 185.33 -0.13
80 248 191.63 -0.14
80 249 198.54 -0.14
80 250 204.65 -0.14
80 251 211.57 -0.13
80 252 217.95 -0.12
80 253 224.79 -0.12
80 254 231.23 -0.12
80 255 238.46 -0.11
80 256 245.04 -0.11
80 257 252.48 -0.10
80 258 259.17 -0.10
80 259 266.77 -0.08
80 260 273.70 -0.07
80 261 281.35 -0.06
80 262 288.16 0.00
80 263 295.54 -0.03
80 264 302.35 0.00
80 265 312.71 0.00
80 266 320.26 0.00
80 267 329.16 0.00
80 268 338.34 0.00
80 269 346.94 0.03
80 270 356.47 0.03
81 168 29.07 0.05
81 169 22.99 -0.07
81 170 20.50 -0.07
81 171 16.06 -0.06
81 172 13.34 -0.08
81 173 9.47 -0.08
81 174 7.27 -0.08
81 175 3.72 -0.10
81 176 0.97 0.23
81 177 -2.86 0.23
81 178 -4.55 0.23
81 179 -8.22 0.26
81 180 -9.96 0.27
81 181 -12.69 0.32
81 182 -13.62 0.31
81 183 -16.69 0.32
81 184 -17.60 0.31
81 185 -19.80 0.31
81 186 -19.79 -0.19
81 187 -22.40 0.27
81 188 -22.31 0.23
81 189 -24.34 -0.19
81 190 -24.43 -0.16
81 191 -26.06 -0.18
81 192 -25.95 -0.18
81 193 -27.16 -0.17
81 194 -26.85 -0.17
81 195 -27.68 -0.17
81 196 -27.49 -0.10
81 197 -28.03 -0.10
81 198 -27.07 -0.08
81 199 -27.82 -0.09
81 200 -26.91 -0.07
81 201 -27.17 -0.07
81 202 -26.01 -0.07
81 203 -26.04 -0.05
81 204 -24.38 -0.05
81 205 -24.23 -0.03
81 206 -22.89 -0.03
81 207 -21.80 0.00
81 208 -17.62 -0.03
81 209 -14.64 0.00
81 210 -9.94 0.00
81 211 -7.53 -0.04
81 212 -2.52 0.03
81 213 0.55 0.03
81 214 5.39 -0.04
81 215 8.93 0.04
81 216 13.69 -0.05
81 217 17.62 -0.06
81 218 22.39 -0.04
81 219 26.34 0.08
81 220 31.16 -0.06
81 221 35.24 0.10
81 222 40.32 0.24
81 223 43.99 0.24
81 224 48.53 0.26
81 225 52.38 0.23
81 226 57.52 0.25
81 227 61.23 0.26
81 228 66.20 0.26
81 229 70.58 0.27
81 230 76.11 0.26
81 231 80.42 0.27
81 232 86.17 0.26
81 233 90.46 0.26
81 234 96.48 0.27
81 235 101.26 0.26
81 236 107.32 0.25
81 237 112.30 0.25
81 238 118.49 0.26
81 239 123.77 0.25
81 240 130.34 0.24
81 241 135.49 0.24
81 242 141.56 0.25
81 243 147.38 0.22
81 244 153.22 0.21
81 245 159.98 0.18
81 246 165.94 -0.14
81 247 171.60 -0.16
81 248 178.56 0.14
81 249 183.96 -0.16
81 250 190.35 -0.15
81 251 196.53 -0.15
81 252 203.35 -0.09
81 253 209.53 -0.13
81 254 216.08 -0.13
81 255 222.54 -0.08
81 256 229.17 -0.08
81 257 235.61 -0.08
81 258 242.40 -0.08
81 259 249.08 -0.07
81 260 256.32 -0.06
81 261 262.77 -0.06
81 262 270.49 0.00
81 263 276.89 0.00
81 264 284.52 0.00
81 265 290.81 0.00
81 266 299.83 0.00
81 267 308.47 0.00
81 268 317.18 0.00
81 269 326.37 0.00
81 270 334.88 0.00
81 271 344.25 0.03
82 170 31.88 -0.04
82 171 29.00 0.05
82 172 24.28 -0.05
82 173 21.50 -0.06
82 174 17.30 0.07
82 175 14.79 0.05
82 176 10.86 0.15
82 177 8.63 -0.06
82 178 4.55 0.22
82 179 2.32 0.29
82 180 -1.25 0.25
82 181 -3.32 0.30
82 182 -6.48 0.29
82 183 -7.51 0.31
82 184 -10.88 0.29
82 185 -12.03 0.31
82 186 -14.56 0.28
82 187 -15.26 0.29
82 188 -17.55 0.28
82 189 -17.70 -0.20
82 190 -20.03 -0.19
82 191 -20.12 -0.18
82 192 -22.18 -0.19
82 193 -22.36 -0.18
82 194 -23.71 -0.16
82 195 -23.72 0.06
82 196 -25.04 0.06
82 197 -24.76 0.04
82 198 -25.86 0.05
82 199 -24.70 0.00
82 200 -25.27 0.00
82 201 -24.85 0.00
82 202 -25.37 0.00
82 203 -24.55 0.00
82 204 -25.02 0.00
82 205 -23.68 0.00
82 206 -24.17 0.00
82 207 -23.03 0.00
82 208 -22.68 0.00
82 209 -18.02 0.00
82 210 -15.97 0.00
82 211 -11.49 0.00
82 212 -8.70 0.00
82 213 -4.29 0.00
82 214 -0.96 0.00
82 215 3.42 0.00
82 216 7.16 0.00
82 217 11.55 0.00
82 218 15.60 0.00
82 219 20.34 0.00
82 220 24.32 0.00
82 221 29.01 0.00
82 222 32.05 0.06
82 223 36.58 -0.06
82 224 40.16 0.20
82 225 44.65 0.24
82 226 48.37 0.23
82 227 53.51 0.23
82 228 57.02 0.25
82 229 61.82 0.25
82 230 66.03 0.27
82 231 71.05 0.27
82 232 75.40 0.27
82 233 81.15 0.30
82 234 85.19 0.27
82 235 90.71 0.27
82 236 95.58 0.26
82 237 101.38 0.26
82 238 106.33 0.25
82 239 112.27 0.26
82 240 117.44 0.25
82 241 124.06 0.20
82 242 128.71 0.23
82 243 134.87 0.22
82 244 140.43 0.21
82 245 146.83 -0.18
82 246 152.39 -0.18
82 247 158.45 -0.16
82 248 163.91 -0.18
82 249 170.40 -0.16
82 250 175.98 -0.17
82 251 182.70 -0.15
82 252 188.45 -0.15
82 253 194.86 -0.09
82 254 201.02 -0.12
82 255 207.15 -0.05
82 256 213.47 -0.05
82 257 220.05 -0.04
82 258 226.26 0.04
82 259 232.88 -0.05
82 260 239.34 -0.05
82 261 246.19 -0.04
82 262 252.59 0.00
82 263 259.54 0.00
82 264 265.89 0.00
82 265 273.25 0.00
82 266 279.53 0.00
82 267 289.29 0.00
82 268 296.90 0.00
82 269 305.83 0.00
82 270 314.59 0.00
82 271 323.18 0.00
82 272 332.49 0.00
82 273 341.11 0.00
82 274 350.56 0.00
83 172 41.83 -0.07
83 173 36.72 -0.08
83 174 33.78 -0.10
83 175 28.85 -0.14
83 176 25.58 0.20
83 177 20.80 0.17
83 178 18.11 0.23
83 179 14.03 0.30
83 180 11.52 0.29
83 181 7.51 0.30
83 182 4.96 0.30
83 183 1.63 0.29
83 184 0.34 0.25
83 185 -3.18 0.29
83 186 -4.54 0.29
83 187 -7.34 0.30
83 188 -8.18 0.30
83 189 -10.74 0.28
83 190 -10.86 -0.20
83 191 -13.27 0.24
83 192 -13.78 -0.19
83 193 -15.69 -0.19
83 194 -16.13 -0.15
83 195 -17.93 -0.14
83 196 -18.14 -0.14
83 197 -19.54 -0.14
83 198 -19.60 -0.13
83 199 -20.49 -0.13
83 200 -20.34 -0.10
83 201 -21.11 -0.12
83 202 -20.85 -0.06
83 203 -21.50 -0.05
83 204 -20.77 -0.05
83 205 -21.35 -0.05
83 206 -20.19 -0.05
83 207 -19.93 0.00
83 208 -19.74 -0.03
83 209 -18.86 0.00
83 210 -15.43 -0.03
83 211 -12.65 0.00
83 212 -8.98 -0.03
83 213 -5.87 0.00
83 214 -1.68 0.00
83 215 0.44 -0.03
83 216 4.59 -0.05
83 217 7.85 -0.05
83 218 12.12 -0.05
83 219 15.69 -0.05
83 220 20.01 -0.05
83 221 23.93 -0.05
83 222 28.05 -0.06
83 223 31.09 0.22
83 224 35.34 0.21
83 225 38.54 0.22
83 226 42.66 0.22
83 227 46.13 0.23
83 228 50.86 0.21
83 229 54.61 0.24
83 230 59.46 0.25
83 231 63.23 0.28
83 232 68.71 0.28
83 233 72.49 0.25
83 234 77.67 0.28
83 235 81.61 0.27
83 236 87.00 0.27
83 237 91.63 0.27
83 238 97.55 0.25
83 239 102.12 0.27
83 240 107.90 0.27
83 241 112.86 0.23
83 242 119.44 0.21
83 243 123.76 0.22
83 244 129.94 0.21
83 245 135.70 -0.19
83 246 141.21 -0.18
83 247 146.74 -0.18
83 248 152.55 -0.18
83 249 158.00 -0.18
83 250 164.12 -0.18
83 251 169.69 -0.18
83 252 175.82 -0.17
83 253 181.55 -0.16
83 254 188.11 -0.11
83 255 194.01 -0.12
83 256 200.54 -0.08
83 257 206.52 -0.08
83 258 213.27 -0.05
83 259 218.87 -0.05
83 260 225.64 -0.05
83 261 231.81 -0.05
83 262 238.27 -0.05
83 263 244.41 -0.05
83 264 251.44 -0.04
83 265 258.07 0.00
83 266 265.28 0.00
83 267 271.45 0.00
83 268 280.14 0.00
83 269 288.50 0.00
83 270 297.58 0.00
83 271 305.95 0.00
83 272 314.54 0.00
83 273 323.13 -0.03
83 274 331.76 0.03
83 275 340.89 -0.04
83 276 349.77 -0.04
84 174 46.12 0.15
84 175 42.68 0.16
84 176 37.64 0.18
84 177 34.42 0.23
84 178 29.41 0.25
84 179 26.52 0.23
84 180 22.07 0.27
84 181 19.60 0.29
84 182 15.24 0.28
84 183 12.61 0.30
84 184 9.11 0.29
84 185 7.18 0.26
84 186 3.74 0.29
84 187 2.19 0.31
84 188 -0.81 0.30
84 189 -2.07 0.30
84 190 -4.65 0.29
84 191 -5.26 0.27
84 192 -7.82 0.25
84 193 -8.36 -0.21
84 194 -10.74 -0.20
84 195 -10.95 -0.15
84 196 -13.22 -0.19
84 197 -13.43 -0.18
84 198 -14.97 -0.16
84 199 -15.30 -0.11
84 200 -16.54 -0.11
84 201 -16.68 -0.10
84 202 -17.66 -0.08
84 203 -16.62 -0.10
84 204 -18.23 -0.07
84 205 -17.63 0.06
84 206 -18.34 -0.06
84 207 -17.29 0.04
84 208 -17.60 0.00
84 209 -16.87 0.00
84 210 -16.90 0.00
84 211 -12.64 0.00
84 212 -11.69 0.02
84 213 -7.34 0.03
84 214 -5.47 0.03
84 215 -1.14 -0.05
84 216 1.18 0.04
84 217 5.21 0.05
84 218 8.23 0.06
84 219 12.34 0.08
84 220 15.26 0.13
84 221 19.22 0.15
84 222 22.07 0.15
84 223 26.12 0.17
84 224 28.99 0.21
84 225 33.46 0.20
84 226 36.05 0.21
84 227 40.20 0.23
84 228 43.71 0.23
84 229 48.19 0.22
84 230 51.56 0.24
84 231 56.02 0.25
84 232 59.67 0.26
84 233 64.59 0.27
84 234 68.48 0.26
84 235 73.65 0.26
84 236 77.53 0.25
84 237 82.64 0.25
84 238 87.18 0.26
84 239 92.65 0.25
84 240 97.13 0.26
84 241 102.72 0.25
84 242 107.48 0.23
84 243 113.94 0.19
84 244 118.06 0.22
84 245 124.21 0.23
84 246 129.15 0.21
84 247 134.94 0.19
84 248 140.41 0.18
84 249 146.45 -0.15
84 250 151.84 -0.17
84 251 157.61 -0.15
84 252 163.11 -0.16
84 253 169.11 -0.16
84 254 174.86 -0.13
84 255 181.17 -0.15
84 256 186.56 -0.14
84 257 192.99 -0.11
84 258 198.79 -0.11
84 259 205.25 0.07
84 260 211.53 0.06
84 261 218.06 0.04
84 262 223.95 0.06
84 263 230.09 -0.06
84 264 236.57 0.04
84 265 243.19 -0.04
84 266 249.41 0.00
84 267 256.49 0.00
84 268 262.55 0.00
84 269 271.45 0.00
84 270 279.29 0.00
84 271 288.57 0.00
84 272 296.42 0.00
84 273 305.13 0.00
84 274 313.44 0.03
84 275 322.20 0.03
84 276 331.42 0.00
84 277 340.16 0.00
84 278 349.00 0.04
85 176 54.40 0.18
85 177 48.73 0.23
85 178 45.21 0.22
85 179 40.20 0.25
85 180 36.97 0.26
85 181 32.12 0.27
85 182 29.38 0.29
85 183 24.58 0.31
85 184 21.74 0.30
85 185 18.04 0.30
85 186 16.10 0.31
85 187 12.26 0.30
85 188 10.32 0.31
85 189 7.22 0.30
85 190 5.84 0.30
85 191 2.87 0.30
85 192 2.04 0.28
85 193 -0.62 0.27
85 194 -1.07 -0.17
85 195 -3.37 -0.17
85 196 -4.45 -0.17
85 197 -6.51 -0.17
85 198 -7.04 -0.16
85 199 -8.97 -0.16
85 200 -8.94 -0.15
85 201 -10.68 -0.15
85 202 -10.61 -0.14
85 203 -11.93 -0.15
85 204 -11.75 -0.09
85 205 -12.75 -0.09
85 206 -12.31 -0.08
85 207 -13.22 -0.06
85 208 -12.34 -0.05
85 209 -13.15 -0.05
85 210 -12.58 -0.03
85 211 -12.50 0.00
85 212 -8.99 -0.03
85 213 -7.38 0.03
85 214 -3.60 0.05
85 215 -1.67 -0.04
85 216 1.84 0.07
85 217 4.26 0.06
85 218 7.99 0.06
85 219 10.14 0.13
85 220 13.96 0.14
85 221 16.11 0.15
85 222 19.74 0.15
85 223 22.21 0.17
85 224 26.39 0.17
85 225 29.06 0.23
85 226 32.70 0.22
85 227 35.50 0.23
85 228 39.50 0.24
85 229 42.55 0.23
85 230 46.83 0.24
85 231 50.10 0.24
85 232 54.20 0.24
85 233 57.77 0.25
85 234 62.61 0.25
85 235 66.05 0.24
85 236 71.24 0.25
85 237 74.95 0.25
85 238 79.90 0.25
85 239 84.11 0.25
85 240 89.19 0.25
85 241 93.70 0.24
85 242 99.05 0.23
85 243 103.77 0.24
85 244 109.70 0.20
85 245 114.14 0.21
85 246 119.86 0.21
85 247 124.72 0.21
85 248 130.45 0.20
85 249 135.71 0.19
85 250 141.87 -0.15
85 251 146.94 -0.15
85 252 152.61 -0.15
85 253 157.99 -0.15
85 254 164.06 0.10
85 255 169.06 -0.16
85 256 175.76 0.10
85 257 180.42 -0.13
85 258 187.19 0.08
85 259 192.44 -0.13
85 260 198.94 0.06
85 261 204.64 -0.10
85 262 211.42 0.06
85 263 216.88 -0.05
85 264 223.56 -0.06
85 265 229.50 -0.05
85 266 236.32 0.00
85 267 242.29 0.00
85 268 249.22 0.00
85 269 255.17 0.00
85 270 263.80 0.00
85 271 271.60 0.00
85 272 281.06 0.00
85 273 288.41 0.00
85 274 297.31 0.00
85 275 305.32 0.03
85 276 314.15 0.00
85 277 322.56 0.03
85 278 331.39 0.00
85 279 339.63 0.10
85 280 348.13 0.10
86 178 58.95 0.21
86 179 55.01 0.23
86 180 49.71 0.25
86 181 46.19 0.26
86 182 41.10 0.27
86 183 38.24 0.28
86 184 33.23 0.28
86 185 30.36 0.29
86 186 26.27 0.29
86 187 23.93 0.27
86 188 19.97 0.31
86 189 17.92 0.30
86 190 14.44 0.29
86 191 12.88 0.29
86 192 9.87 0.30
86 193 8.67 0.27
86 194 5.73 0.25
86 195 4.68 0.23
86 196 2.36 0.20
86 197 1.65 -0.19
86 198 -0.90 -0.20
86 199 -1.56 -0.17
86 200 -3.55 -0.17
86 201 -3.99 -0.12
86 202 -5.76 -0.12
86 203 -6.24 -0.12
86 204 -7.57 -0.10
86 205 -7.72 -0.08
86 206 -8.92 -0.09
86 207 -8.54 0.07
86 208 -9.74 -0.08
86 209 -8.96 0.05
86 210 -9.98 0.04
86 211 -9.56 0.03
86 212 -9.47 0.00
86 213 -6.34 -0.03
86 214 -5.27 0.03
86 215 -1.42 0.04
86 216 -0.06 0.04
86 217 3.48 0.07
86 218 5.35 0.10
86 219 8.76 0.11
86 220 10.53 0.12
86 221 14.05 0.15
86 222 15.91 0.16
86 223 19.33 0.17
86 224 21.69 0.19
86 225 25.41 0.16
86 226 27.61 0.20
86 227 31.59 0.22
86 228 33.90 0.21
86 229 37.90 0.23
86 230 40.88 0.23
86 231 45.02 0.22
86 232 47.77 0.24
86 233 51.84 0.25
86 234 55.44 0.24
86 235 59.82 0.25
86 236 63.30 0.25
86 237 68.21 0.25
86 238 71.56 0.26
86 239 76.38 0.26
86 240 80.25 0.25
86 241 85.56 0.25
86 242 89.61 0.24
86 243 94.89 0.24
86 244 99.38 0.24
86 245 105.34 0.20
86 246 109.62 0.22
86 247 115.01 0.20
86 248 119.74 0.21
86 249 125.28 0.18
86 250 130.34 0.18
86 251 136.19 0.18
86 252 140.97 0.15
86 253 147.42 -0.13
86 254 151.97 0.13
86 255 157.69 0.12
86 256 162.94 -0.15
86 257 168.62 -0.11
86 258 174.20 -0.12
86 259 180.22 -0.12
86 260 185.73 -0.09
86 261 192.19 0.08
86 262 197.26 -0.09
86 263 204.03 0.05
86 264 209.47 -0.08
86 265 216.02 -0.07
86 266 221.64 -0.06
86 267 228.56 0.04
86 268 234.52 0.00
86 269 241.32 0.00
86 270 247.16 0.00
86 271 256.00 0.00
86 272 263.28 0.00
86 273 272.61 0.03
86 274 279.74 0.00
86 275 288.62 0.03
86 276 296.28 0.04
86 277 304.74 0.04
86 278 313.03 0.03
86 279 321.94 0.00
86 280 329.69 0.11
86 281 338.63 0.08
86 282 346.07 0.13
87 188 33.71 0.26
87 189 29.22 0.32
87 190 26.79 0.31
87 191 23.32 0.31
87 192 21.60 0.26
87 193 18.24 0.31
87 194 16.75 0.30
87 195 13.73 0.25
87 196 12.54 0.25
87 197 10.08 0.24
87 198 9.07 0.20
87 199 6.75 0.21
87 200 5.89 0.18
87 201 3.94 0.15
87 202 3.15 0.14
87 203 1.05 -0.18
87 204 0.79 -0.11
87 205 -0.88 -0.12
87 206 -1.09 0.10
87 207 -2.52 -0.10
87 208 -2.70 0.08
87 209 -3.89 0.06
87 210 -3.48 0.06
87 211 -4.59 0.04
87 212 -4.29 0.02
87 213 -4.43 0.00
87 214 -1.42 0.03
87 215 -0.41 0.04
87 216 2.88 0.04
87 217 3.78 0.04
87 218 7.32 0.07
87 219 8.76 0.12
87 220 11.77 0.14
87 221 13.07 0.15
87 222 16.25 0.15
87 223 17.93 0.18
87 224 21.02 0.17
87 225 22.99 0.19
87 226 26.40 0.19
87 227 28.48 0.22
87 228 32.02 0.21
87 229 34.50 0.21
87 230 38.05 0.22
87 231 40.61 0.23
87 232 44.70 0.24
87 233 47.14 0.24
87 234 51.24 0.25
87 235 54.47 0.27
87 236 58.64 0.26
87 237 61.85 0.26
87 238 66.63 0.26
87 239 69.81 0.26
87 240 74.57 0.26
87 241 78.43 0.26
87 242 83.05 0.25
87 243 87.19 0.25
87 244 92.24 0.25
87 245 96.76 0.24
87 246 102.24 0.21
87 247 106.23 0.23
87 248 111.99 0.23
87 249 115.99 0.22
87 250 121.74 0.18
87 251 126.54 0.19
87 252 131.94 0.17
87 253 137.05 0.18
87 254 142.61 0.16
87 255 147.82 0.15
87 256 153.47 -0.16
87 257 158.61 0.13
87 258 164.42 -0.15
87 259 169.21 -0.12
87 260 175.36 -0.12
87 261 180.57 -0.11
87 262 186.79 0.08
87 263 191.90 -0.08
87 264 198.58 0.06
87 265 203.74 -0.07
87 266 209.96 -0.07
87 267 216.14 0.04
87 268 222.44 0.00
87 269 228.15 0.00
87 270 234.68 -0.04
87 271 240.54 0.00
87 272 249.12 0.00
87 273 256.33 0.00
87 274 266.06 0.00
87 275 272.46 0.00
87 276 281.81 0.00
87 277 288.85 0.00
87 278 297.27 0.00
87 279 305.46 0.00
87 280 313.76 0.00
87 281 321.45 0.13
87 282 329.56 0.13
87 283 337.32 0.14
87 284 344.64 0.12
88 190 37.89 0.31
88 191 35.42 0.30
88 192 31.37 0.28
88 193 29.38 0.29
88 194 25.82 0.28
88 195 24.20 0.27
88 196 20.82 0.27
88 197 19.41 0.25
88 198 16.69 0.22
88 199 15.31 0.21
88 200 13.04 0.20
88 201 11.90 0.20
88 202 9.58 0.16
88 203 8.75 0.15
88 204 6.70 -0.15
88 205 5.99 -0.15
88 206 4.20 -0.12
88 207 3.71 -0.11
88 208 2.06 -0.11
88 209 2.06 -0.10
88 210 0.60 -0.09
88 211 1.20 0.07
88 212 -0.29 0.05
88 213 -0.21 0.03
88 214 -0.46 0.00
88 215 2.13 -0.03
88 216 2.70 0.03
88 217 5.87 -0.06
88 218 6.80 0.06
88 219 9.67 0.09
88 220 10.75 0.13
88 221 13.47 0.14
88 222 14.54 0.15
88 223 17.36 0.17
88 224 18.68 0.17
88 225 21.92 0.20
88 226 23.34 0.21
88 227 26.40 0.20
88 228 28.24 0.23
88 229 31.46 0.22
88 230 33.60 0.23
88 231 37.17 0.23
88 232 39.64 0.25
88 233 43.54 0.24
88 234 45.96 0.24
88 235 49.85 0.25
88 236 52.52 0.27
88 237 56.74 0.26
88 238 59.83 0.25
88 239 64.40 0.25
88 240 67.55 0.25
88 241 71.61 0.24
88 242 75.65 0.24
88 243 80.13 0.25
88 244 84.07 0.24
88 245 88.83 0.24
88 246 93.27 0.23
88 247 98.38 0.22
88 248 102.46 0.20
88 249 107.53 0.21
88 250 112.02 0.21
88 251 117.07 0.18
88 252 121.85 0.19
88 253 127.54 0.19
88 254 132.14 0.16
88 255 137.36 0.15
88 256 142.45 0.15
88 257 147.97 0.12
88 258 152.99 0.14
88 259 158.32 -0.11
88 260 163.66 -0.12
88 261 169.36 -0.11
88 262 174.39 -0.11
88 263 180.38 0.09
88 264 185.57 -0.10
88 265 192.22 0.06
88 266 197.06 -0.07
88 267 203.36 -0.07
88 268 208.94 -0.07
88 269 215.62 0.00
88 270 221.20 0.00
88 271 227.74 0.00
88 272 233.36 0.00
88 273 242.31 0.00
88 274 248.81 0.00
88 275 257.44 0.00
88 276 264.62 0.00
88 277 272.77 0.04
88 278 280.28 0.04
88 279 288.68 0.04
88 280 296.25 0.07
88 281 304.79 0.06
88 282 311.98 0.11
88 283 319.70 0.11
88 284 327.54 0.15
88 285 334.51 0.13
88 286 342.76 0.15
89 192 45.17 0.34
89 193 41.16 0.34
89 194 38.86 0.33
89 195 35.08 0.33
89 196 33.55 0.33
89 197 29.88 0.27
89 198 28.06 0.27
89 199 25.20 0.25
89 200 23.86 0.22
89 201 21.34 0.21
89 202 19.71 0.19
89 203 17.62 0.19
89 204 16.66 0.16
89 205 14.38 0.15
89 206 13.51 -0.14
89 207 11.39 -0.14
89 208 10.79 -0.13
89 209 9.10 -0.12
89 210 8.81 -0.10
89 211 7.25 -0.11
89 212 7.27 -0.08
89 213 5.97 0.05
89 214 5.83 0.03
89 215 5.27 0.00
89 216 7.77 -0.03
89 217 8.12 0.04
89 218 10.96 -0.05
89 219 11.74 0.08
89 220 14.21 0.11
89 221 14.91 0.12
89 222 17.24 0.17
89 223 17.98 0.17
89 224 20.50 0.18
89 225 21.57 0.20
89 226 24.46 0.21
89 227 25.44 0.22
89 228 28.26 0.24
89 229 29.92 0.23
89 230 33.10 0.23
89 231 35.04 0.25
89 232 38.22 0.24
89 233 40.28 0.25
89 234 44.17 0.24
89 235 46.31 0.26
89 236 49.81 0.26
89 237 52.75 0.26
89 238 56.54 0.27
89 239 59.68 0.26
89 240 63.84 0.26
89 241 66.75 0.27
89 242 70.88 0.27
89 243 74.45 0.27
89 244 78.84 0.24
89 245 82.53 0.26
89 246 87.31 0.25
89 247 91.36 0.25
89 248 96.45 0.22
89 249 100.23 0.22
89 250 105.14 0.22
89 251 109.60 0.21
89 252 114.60 0.19
89 253 119.10 0.20
89 254 124.38 0.19
89 255 129.04 0.19
89 256 134.22 0.13
89 257 138.75 0.14
89 258 143.98 0.14
89 259 148.98 0.12
89 260 154.90 -0.10
89 261 159.75 -0.09
89 262 165.26 -0.09
89 263 170.10 -0.09
89 264 176.09 0.09
89 265 180.87 -0.09
89 266 187.01 -0.08
89 267 192.18 -0.07
89 268 198.28 -0.05
89 269 203.64 -0.06
89 270 210.00 -0.04
89 271 215.66 0.00
89 272 222.07 0.00
89 273 227.57 0.00
89 274 236.40 0.00
89 275 242.68 0.00
89 276 251.16 0.00
89 277 258.14 0.00
89 278 266.40 0.00
89 279 273.84 0.00
89 280 281.96 0.00
89 281 289.44 0.10
89 282 297.18 0.09
89 283 304.33 0.13
89 284 312.10 0.12
89 285 319.51 0.15
89 286 326.70 0.14
89 287 334.69 0.18
89 288 341.62 0.17
90 194 49.97 0.31
90 195 47.28 0.30
90 196 43.42 0.29
90 197 41.38 0.28
90 198 37.45 0.27
90 199 35.66 0.27
90 200 32.52 0.26
90 201 30.94 0.23
90 202 28.13 0.22
90 203 26.72 0.21
90 204 24.23 0.19
90 205 23.21 0.17
90 206 20.64 0.17
90 207 20.22 0.13
90 208 17.43 -0.14
90 209 16.57 -0.12
90 210 14.63 -0.12
90 211 14.19 -0.12
90 212 12.37 -0.10
90 213 12.31 -0.09
90 214 10.86 0.06
90 215 10.67 0.03
90 216 10.10 0.00
90 217 12.25 -0.03
90 218 12.12 0.05
90 219 14.82 -0.06
90 220 15.18 0.09
90 221 17.47 0.12
90 222 17.81 0.15
90 223 19.85 0.17
90 224 20.32 0.18
90 225 22.75 0.20
90 226 23.31 0.19
90 227 25.88 0.21
90 228 26.75 0.24
90 229 29.49 0.21
90 230 30.65 0.25
90 231 33.51 0.24
90 232 35.08 0.25
90 233 38.02 0.25
90 234 40.23 0.27
90 235 43.70 0.25
90 236 45.76 0.27
90 237 49.20 0.27
90 238 51.85 0.25
90 239 55.54 0.27
90 240 58.16 0.26
90 241 62.52 0.27
90 242 65.13 0.25
90 243 69.32 0.26
90 244 72.36 0.26
90 245 76.76 0.25
90 246 80.41 0.24
90 247 84.71 0.24
90 248 88.67 0.24
90 249 93.49 0.22
90 250 97.31 0.22
90 251 102.17 0.21
90 252 106.23 0.21
90 253 110.99 0.19
90 254 115.54 0.17
90 255 120.68 0.20
90 256 124.87 0.18
90 257 129.84 0.17
90 258 134.49 0.16
90 259 139.79 0.15
90 260 144.62 0.14
90 261 149.82 0.11
90 262 154.83 -0.12
90 263 160.57 -0.11
90 264 165.13 -0.09
90 265 170.63 0.09
90 266 175.66 -0.10
90 267 181.63 0.07
90 268 186.62 -0.06
90 269 192.52 -0.07
90 270 197.87 -0.07
90 271 204.06 -0.04
90 272 209.47 0.00
90 273 215.63 -0.03
90 274 221.16 0.00
90 275 229.85 0.00
90 276 235.92 0.00
90 277 244.25 0.00
90 278 250.71 0.03
90 279 259.14 0.00
90 280 265.89 0.06
90 281 273.97 0.03
90 282 281.18 0.07
90 283 289.74 0.00
90 284 296.38 0.13
90 285 303.63 0.12
90 286 310.88 0.14
90 287 318.20 0.17
90 288 325.55 0.17
90 289 332.47 0.18
90 290 340.21 0.19
90 291 347.39 0.19
90 292 355.22 0.21
90 293 363.05 0.21
90 294 370.87 0.22
90 295 378.65 0.21
90 296 386.05 0.22
90 297 394.11 0.21
90 298 401.93 0.22
90 299 410.16 0.22
90 300 418.15 0.23
90 301 426.25 0.23
90 302 434.38 0.23
90 303 441.85 0.23
90 304 451.38 0.23
91 196 57.70 0.33
91 197 53.73 0.29
91 198 51.27 0.29
91 199 47.24 0.29
91 200 45.10 0.27
91 201 41.83 0.27
91 202 39.94 0.26
91 203 37.00 0.25
91 204 35.39 0.23
91 205 32.67 0.20
91 206 31.55 0.18
91 207 28.87 0.17
91 208 28.18 0.14
91 209 25.57 0.15
91 210 24.79 0.13
91 211 22.29 -0.14
91 212 21.48 -0.12
91 213 19.73 -0.09
91 214 19.48 0.08
91 215 17.78 0.04
91 216 17.27 0.04
91 217 16.53 0.00
91 218 18.38 -0.03
91 219 18.48 0.05
91 220 20.49 -0.06
91 221 20.55 0.08
91 222 22.67 0.14
91 223 22.72 0.15
91 224 24.37 0.20
91 225 24.89 0.18
91 226 26.72 0.23
91 227 27.38 0.20
91 228 29.26 0.21
91 229 29.99 0.23
91 230 32.13 0.22
91 231 33.51 0.27
91 232 35.85 0.25
91 233 37.23 0.24
91 234 40.16 0.27
91 235 42.08 0.27
91 236 45.28 0.25
91 237 47.20 0.28
91 238 50.40 0.27
91 239 52.96 0.26
91 240 56.51 0.29
91 241 58.95 0.27
91 242 63.05 0.26
91 243 65.39 0.27
91 244 69.64 0.27
91 245 72.38 0.26
91 246 76.63 0.25
91 247 79.99 0.25
91 248 84.20 0.26
91 249 87.94 0.25
91 250 92.70 0.24
91 251 95.88 0.23
91 252 100.77 0.21
91 253 104.80 0.21
91 254 109.71 0.16
91 255 113.45 0.19
91 256 118.69 0.17
91 257 123.01 0.18
91 258 127.50 0.17
91 259 131.97 0.16
91 260 137.14 0.16
91 261 141.78 0.16
91 262 147.28 0.14
91 263 151.69 -0.12
91 264 156.92 -0.09
91 265 161.43 -0.10
91 266 166.97 0.07
91 267 171.89 0.07
91 268 177.52 -0.09
91 269 182.39 0.06
91 270 188.18 -0.06
91 271 193.51 0.05
91 272 199.37 0.03
91 273 204.69 0.03
91 274 211.12 0.00
91 275 216.40 0.00
91 276 224.96 0.00
91 277 230.78 0.00
91 278 238.97 0.00
91 279 245.04 0.04
91 280 253.47 0.00
91 281 259.85 0.05
91 282 268.27 0.00
91 283 275.11 0.08
91 284 282.83 0.03
91 285 289.52 0.10
91 286 296.79 0.16
91 287 303.83 0.17
91 288 311.11 0.18
91 289 317.86 0.18
91 290 324.94 0.19
91 291 332.24 0.20
91 292 339.21 0.20
91 293 346.72 0.21
91 294 353.99 0.22
91 295 361.62 0.22
91 296 369.03 0.22
91 297 377.15 0.22
91 298 384.97 0.23
91 299 392.30 0.23
91 300 400.66 0.22
91 301 408.31 0.23
91 302 415.49 0.23
91 303 424.28 0.23
91 304 431.49 0.23
91 305 440.63 0.23
91 306 448.99 0.23
91 307 457.25 0.24
91 308 465.93 0.23
92 198 62.70 0.30
92 199 60.18 0.29
92 200 55.78 0.29
92 201 53.57 0.27
92 202 49.94 0.27
92 203 48.08 0.24
92 204 44.86 0.24
92 205 42.79 0.23
92 206 39.98 0.20
92 207 38.72 0.18
92 208 35.94 0.18
92 209 34.94 0.18
92 210 32.19 0.15
92 211 31.16 0.15
92 212 28.85 -0.11
92 213 27.86 -0.12
92 214 25.71 -0.11
92 215 25.43 0.07
92 216 23.55 0.06
92 217 23.03 0.04
92 218 22.12 0.00
92 219 23.81 -0.04
92 220 23.03 0.05
92 221 25.21 -0.06
92 222 24.94 0.10
92 223 26.34 0.18
92 224 26.42 0.15
92 225 27.57 0.21
92 226 27.91 0.20
92 227 29.23 0.24
92 228 29.70 0.22
92 229 31.56 0.24
92 230 31.92 0.24
92 231 34.30 0.26
92 232 34.87 0.26
92 233 37.01 0.27
92 234 38.31 0.27
92 235 40.80 0.26
92 236 42.52 0.27
92 237 45.21 0.25
92 238 47.45 0.28
92 239 50.43 0.26
92 240 52.65 0.27
92 241 56.09 0.27
92 242 58.55 0.26
92 243 62.33 0.27
92 244 64.76 0.27
92 245 68.70 0.27
92 246 71.37 0.26
92 247 75.53 0.26
92 248 78.54 0.26
92 249 82.60 0.25
92 250 85.74 0.25
92 251 90.65 0.23
92 252 94.13 0.23
92 253 98.40 0.22
92 254 102.30 0.20
92 255 106.91 0.21
92 256 110.88 0.20
92 257 115.40 0.19
92 258 119.67 0.17
92 259 124.32 0.16
92 260 128.72 0.16
92 261 133.62 0.17
92 262 138.18 0.12
92 263 143.01 0.13
92 264 147.71 0.13
92 265 153.07 -0.09
92 266 157.43 -0.09
92 267 162.71 0.09
92 268 167.37 -0.08
92 269 172.95 0.06
92 270 177.76 -0.07
92 271 183.58 -0.04
92 272 188.45 -0.04
92 273 194.12 0.03
92 274 199.47 0.00
92 275 205.53 0.00
92 276 210.69 0.00
92 277 219.12 0.00
92 278 224.72 0.00
92 279 232.76 0.00
92 280 239.09 0.00
92 281 246.90 0.00
92 282 253.71 0.00
92 283 261.32 0.00
92 284 267.98 0.05
92 285 275.64 0.11
92 286 282.19 0.12
92 287 289.00 0.20
92 288 295.93 0.17
92 289 303.08 0.17
92 290 309.75 0.19
92 291 316.27 0.23
92 292 323.51 0.21
92 293 330.60 0.21
92 294 337.85 0.22
92 295 345.20 0.21
92 296 352.29 0.22
92 297 359.61 0.22
92 298 367.15 0.23
92 299 374.79 0.23
92 300 382.51 0.23
92 301 390.46 0.24
92 302 397.90 0.23
92 303 405.64 0.23
92 304 413.72 0.24
92 305 421.91 0.23
92 306 429.97 0.24
92 307 438.11 0.24
92 308 446.13 0.24
92 309 454.89 0.24
92 310 462.63 0.24
93 200 70.79 0.30
93 201 66.25 0.28
93 202 63.74 0.29
93 203 59.79 0.27
93 204 57.74 0.28
93 205 54.04 0.24
93 206 52.17 0.23
93 207 49.28 0.21
93 208 47.90 0.19
93 209 44.84 0.19
93 210 43.58 0.19
93 211 40.45 0.17
93 212 39.54 0.14
93 213 36.91 -0.12
93 214 35.67 -0.13
93 215 33.44 -0.11
93 216 33.15 0.07
93 217 31.09 -0.07
93 218 30.47 -0.04
93 219 29.36 0.00
93 220 30.70 -0.04
93 221 29.87 -0.05
93 222 31.60 -0.07
93 223 31.10 0.10
93 224 32.15 0.20
93 225 32.00 0.19
93 226 32.89 0.22
93 227 32.94 0.20
93 228 33.84 0.24
93 229 34.36 0.23
93 230 35.55 0.25
93 231 35.77 0.26
93 232 37.78 0.28
93 233 38.23 0.25
93 234 40.19 0.26
93 235 41.21 0.26
93 236 43.34 0.28
93 237 44.80 0.27
93 238 47.23 0.28
93 239 49.10 0.28
93 240 52.09 0.27
93 241 54.05 0.28
93 242 57.41 0.28
93 243 59.57 0.28
93 244 63.39 0.28
93 245 65.35 0.28
93 246 69.23 0.28
93 247 72.12 0.27
93 248 75.44 0.26
93 249 78.87 0.26
93 250 82.62 0.25
93 251 85.92 0.24
93 252 90.04 0.23
93 253 93.26 0.23
93 254 97.72 0.23
93 255 101.43 0.23
93 256 105.97 0.21
93 257 109.64 0.20
93 258 114.12 0.19
93 259 117.97 0.19
93 260 122.99 0.20
93 261 127.15 0.18
93 262 132.20 0.17
93 263 136.30 0.14
93 264 141.27 -0.14
93 265 145.66 -0.11
93 266 150.54 -0.13
93 267 155.07 -0.12
93 268 160.16 -0.10
93 269 164.43 -0.11
93 270 169.96 -0.09
93 271 174.59 -0.07
93 272 180.16 -0.07
93 273 185.04 -0.07
93 274 190.89 -0.06
93 275 195.94 -0.04
93 276 201.88 -0.03
93 277 207.29 0.00
93 278 215.02 -0.03
93 279 220.85 -0.03
93 280 228.85 0.00
93 281 234.53 -0.03
93 282 242.21 0.03
93 283 248.76 0.07
93 284 256.07 0.06
93 285 262.49 0.09
93 286 270.20 0.11
93 287 276.51 0.14
93 288 283.02 0.23
93 289 289.83 0.21
93 290 296.00 0.23
93 291 303.14 0.23
93 292 309.51 0.23
93 293 316.66 0.22
93 294 323.28 0.23
93 295 330.79 0.25
93 296 337.98 0.23
93 297 344.94 0.23
93 298 352.02 0.23
93 299 359.33 0.23
93 300 366.97 0.23
93 301 374.40 0.23
93 302 382.02 0.24
93 303 389.43 0.24
93 304 397.11 0.24
93 305 404.85 0.24
93 306 412.84 0.24
93 307 420.58 0.24
93 308 428.46 0.24
93 309 436.68 0.24
93 310 444.55 0.24
93 311 453.16 0.24
93 312 461.25 0.24
93 313 469.74 0.24
93 314 477.86 0.24
93 315 486.36 0.23
93 316 494.69 0.23
93 317 503.63 0.23
93 318 512.23 0.23
93 319 520.91 0.22
93 320 529.58 0.22
94 202 75.75 0.30
94 203 72.90 0.29
94 204 69.14 0.30
94 205 66.59 0.28
94 206 62.93 0.25
94 207 60.54 0.24
94 208 57.61 0.22
94 209 55.84 0.19
94 210 52.67 0.20
94 211 51.26 0.18
94 212 48.24 0.16
94 213 46.80 0.16
94 214 44.24 -0.15
94 215 42.88 -0.13
94 216 40.35 -0.12
94 217 39.74 0.08
94 218 37.55 0.07
94 219 36.84 0.03
94 220 35.54 0.00
94 221 36.80 -0.04
94 222 35.46 0.04
94 223 37.14 -0.07
94 224 36.41 0.13
94 225 36.96 0.17
94 226 36.69 0.20
94 227 37.10 0.21
94 228 36.76 0.23
94 229 37.47 0.25
94 230 37.58 0.25
94 231 38.61 0.28
94 232 38.74 0.25
94 233 40.09 0.29
94 234 40.56 0.26
94 235 42.29 0.28
94 236 43.21 0.28
94 237 45.19 0.28
94 238 46.25 0.29
94 239 48.20 0.28
94 240 49.97 0.30
94 241 52.64 0.29
94 242 54.37 0.28
94 243 57.02 0.29
94 244 59.37 0.27
94 245 62.85 0.28
94 246 65.02 0.27
94 247 68.38 0.29
94 248 70.81 0.27
94 249 74.37 0.26
94 250 77.34 0.26
94 251 81.21 0.26
94 252 84.41 0.25
94 253 88.68 0.25
94 254 91.61 0.24
94 255 95.90 0.22
94 256 99.42 0.23
94 257 103.81 0.21
94 258 107.44 0.21
94 259 111.71 0.19
94 260 115.66 0.19
94 261 120.29 0.18
94 262 124.27 0.18
94 263 129.36 0.16
94 264 133.17 0.15
94 265 137.91 0.14
94 266 142.23 -0.13
94 267 147.27 -0.12
94 268 151.15 -0.12
94 269 156.48 -0.10
94 270 160.89 -0.09
94 271 166.33 0.07
94 272 170.67 -0.07
94 273 175.96 -0.07
94 274 180.93 0.05
94 275 186.34 0.04
94 276 191.05 0.03
94 277 197.14 0.00
94 278 202.03 0.00
94 279 210.16 0.00
94 280 215.41 0.00
94 281 223.16 0.00
94 282 229.15 0.00
94 283 236.66 0.00
94 284 242.37 0.04
94 285 250.44 0.00
94 286 256.45 0.05
94 287 263.60 0.18
94 288 269.75 0.17
94 289 275.83 0.21
94 290 282.48 0.18
94 291 288.52 0.22
94 292 295.64 0.21
94 293 301.87 0.22
94 294 309.12 0.22
94 295 315.55 0.23
94 296 322.88 0.23
94 297 329.76 0.23
94 298 336.46 0.23
94 299 343.67 0.23
94 300 350.83 0.23
94 301 358.03 0.23
94 302 365.19 0.24
94 303 372.82 0.24
94 304 380.10 0.24
94 305 387.86 0.24
94 306 395.37 0.24
94 307 403.11 0.25
94 308 410.80 0.24
94 309 418.74 0.24
94 310 426.34 0.25
94 311 434.44 0.24
94 312 442.64 0.24
94 313 450.71 0.25
94 314 459.06 0.25
94 315 467.57 0.24
94 316 475.45 0.23
94 317 483.82 0.24
94 318 492.17 0.23
94 319 500.71 0.23
94 320 509.76 0.23
94 321 517.98 0.22
94 322 526.72 0.21
95 212 60.61 0.20
95 213 57.52 0.19
95 214 55.83 -0.16
95 215 52.88 -0.15
95 216 51.75 -0.14
95 217 49.12 -0.13
95 218 48.18 0.06
95 219 45.59 0.06
95 220 44.90 0.04
95 221 43.31 0.00
95 222 44.46 -0.03
95 223 42.79 0.05
95 224 43.92 0.17
95 225 42.94 0.07
95 226 43.42 0.19
95 227 42.73 0.19
95 228 43.16 0.23
95 229 42.85 0.20
95 230 43.14 0.26
95 231 43.10 0.25
95 232 43.69 0.29
95 233 43.76 0.24
95 234 44.71 0.25
95 235 45.30 0.30
95 236 46.47 0.30
95 237 47.08 0.30
95 238 48.73 0.30
95 239 49.62 0.26
95 240 51.58 0.29
95 241 52.99 0.29
95 242 55.49 0.30
95 243 57.06 0.30
95 244 59.73 0.30
95 245 61.40 0.30
95 246 64.61 0.26
95 247 66.53 0.29
95 248 69.77 0.25
95 249 72.06 0.27
95 250 75.35 0.26
95 251 78.24 0.26
95 252 82.15 0.27
95 253 84.99 0.25
95 254 88.98 0.25
95 255 91.79 0.25
95 256 95.85 0.24
95 257 99.31 0.24
95 258 103.60 0.23
95 259 107.15 0.22
95 260 111.32 0.20
95 261 115.11 0.18
95 262 119.48 0.18
95 263 123.46 0.19
95 264 128.68 -0.15
95 265 132.54 -0.14
95 266 136.70 -0.14
95 267 140.98 -0.12
95 268 145.40 -0.12
95 269 149.45 -0.13
95 270 154.19 -0.12
95 271 158.59 -0.09
95 272 163.94 -0.09
95 273 168.28 -0.10
95 274 173.45 -0.08
95 275 178.42 0.04
95 276 183.81 0.04
95 277 188.51 0.04
95 278 194.38 0.00
95 279 199.11 0.00
95 280 207.07 0.00
95 281 212.15 0.00
95 282 219.74 0.00
95 283 225.57 0.00
95 284 232.91 0.00
95 285 238.87 0.05
95 286 246.36 0.00
95 287 252.00 0.11
95 288 258.01 0.17
95 289 264.61 0.19
95 290 270.49 0.23
95 291 277.13 0.21
95 292 282.77 0.21
95 293 289.79 0.20
95 294 296.02 0.24
95 295 302.89 0.23
95 296 309.20 0.22
95 297 316.31 0.25
95 298 322.81 0.24
95 299 329.68 0.24
95 300 336.55 0.24
95 301 343.55 0.24
95 302 350.72 0.23
95 303 357.86 0.24
95 304 365.65 0.24
95 305 372.73 0.24
95 306 380.03 0.25
95 307 387.43 0.25
95 308 394.91 0.25
95 309 402.58 0.25
95 310 410.38 0.23
95 311 418.08 0.24
95 312 425.69 0.25
95 313 433.66 0.25
95 314 441.69 0.25
95 315 450.13 0.24
95 316 458.16 0.24
95 317 466.02 0.24
95 318 474.10 0.24
95 319 482.68 0.24
95 320 491.00 0.24
95 321 499.39 0.23
95 322 508.08 0.23
95 323 516.51 0.21
95 324 524.67 0.21
96 214 65.76 0.18
96 215 64.19 -0.16
96 216 61.27 -0.15
96 217 59.16 -0.15
96 218 56.51 -0.12
96 219 55.04 -0.10
96 220 52.79 0.06
96 221 51.69 0.04
96 222 50.26 0.00
96 223 50.76 -0.07
96 224 48.91 0.05
96 225 50.25 -0.08
96 226 48.83 0.11
96 227 48.83 0.18
96 228 47.82 0.25
96 229 47.81 0.22
96 230 47.17 0.25
96 231 47.17 0.27
96 232 47.06 0.25
96 233 47.47 0.26
96 234 47.44 0.28
96 235 48.15 0.29
96 236 48.40 0.28
96 237 49.60 0.30
96 238 49.88 0.28
96 239 51.27 0.28
96 240 51.89 0.27
96 241 53.88 0.27
96 242 54.74 0.28
96 243 57.14 0.29
96 244 58.41 0.28
96 245 60.65 0.29
96 246 62.42 0.30
96 247 65.42 0.28
96 248 67.13 0.29
96 249 70.33 0.28
96 250 72.51 0.27
96 251 75.66 0.27
96 252 78.17 0.27
96 253 81.75 0.27
96 254 84.50 0.26
96 255 88.49 0.25
96 256 91.22 0.25
96 257 95.19 0.25
96 258 98.41 0.24
96 259 102.28 0.23
96 260 105.55 0.23
96 261 109.91 0.21
96 262 113.47 0.21
96 263 117.80 0.20
96 264 121.43 0.18
96 265 126.14 0.17
96 266 130.38 -0.15
96 267 134.47 -0.15
96 268 138.44 -0.13
96 269 143.10 -0.15
96 270 146.73 -0.12
96 271 151.65 -0.11
96 272 155.58 -0.12
96 273 160.62 -0.10
96 274 165.18 -0.09
96 275 169.96 -0.07
96 276 174.76 0.05
96 277 180.36 0.00
96 278 184.89 0.00
96 279 190.46 0.00
96 280 195.07 0.00
96 281 202.91 0.00
96 282 207.79 0.00
96 283 214.91 0.03
96 284 220.21 0.03
96 285 228.09 0.00
96 286 234.20 0.00
96 287 241.21 0.00
96 288 246.53 0.25
96 289 252.15 0.21
96 290 258.39 0.25
96 291 264.73 0.23
96 292 270.43 0.24
96 293 276.50 0.26
96 294 283.03 0.25
96 295 288.58 0.24
96 296 296.00 0.23
96 297 301.83 0.26
96 298 308.52 0.23
96 299 315.05 0.26
96 300 322.09 0.24
96 301 328.64 0.26
96 302 335.63 0.25
96 303 342.53 0.24
96 304 349.33 0.24
96 305 356.92 0.26
96 306 363.83 0.25
96 307 370.97 0.25
96 308 378.44 0.25
96 309 385.86 0.25
96 310 393.22 0.25
96 311 400.79 0.25
96 312 408.42 0.25
96 313 416.22 0.25
96 314 424.00 0.24
96 315 431.97 0.25
96 316 439.88 0.25
96 317 447.94 0.24
96 318 456.23 0.24
96 319 463.81 0.24
96 320 472.38 0.24
96 321 480.42 0.23
96 322 488.78 0.23
96 323 497.08 0.23
96 324 505.80 0.23
96 325 513.72 0.21
96 326 522.64 0.21
97 216 73.95 0.17
97 217 70.70 -0.15
97 218 68.77 -0.14
97 219 65.56 -0.12
97 220 64.00 -0.11
97 221 61.51 0.07
97 222 60.38 0.03
97 223 58.53 0.00
97 224 59.05 0.04
97 225 56.87 0.05
97 226 57.88 -0.07
97 227 56.26 0.11
97 228 55.74 0.27
97 229 54.90 0.25
97 230 54.46 0.29
97 231 53.63 0.29
97 232 53.48 0.26
97 233 53.16 0.27
97 234 53.25 0.28
97 235 53.15 0.27
97 236 53.92 0.28
97 237 53.62 0.27
97 238 54.33 0.28
97 239 54.65 0.28
97 240 55.86 0.28
97 241 56.39 0.30
97 242 57.95 0.27
97 243 58.91 0.26
97 244 60.64 0.26
97 245 61.85 0.30
97 246 63.90 0.28
97 247 65.38 0.29
97 248 68.08 0.29
97 249 69.68 0.28
97 250 72.43 0.28
97 251 74.58 0.28
97 252 77.53 0.28
97 253 79.90 0.27
97 254 83.30 0.27
97 255 86.20 0.28
97 256 89.72 0.26
97 257 92.18 0.25
97 258 96.03 0.25
97 259 98.91 0.24
97 260 102.93 0.23
97 261 106.02 0.23
97 262 110.20 0.22
97 263 113.52 0.21
97 264 117.56 0.20
97 265 121.51 0.17
97 266 126.00 0.18
97 267 129.56 0.16
97 268 133.99 -0.14
97 269 137.85 -0.14
97 270 142.22 -0.15
97 271 145.75 -0.13
97 272 150.53 -0.12
97 273 154.66 -0.10
97 274 159.44 -0.11
97 275 163.49 -0.08
97 276 168.61 -0.08
97 277 173.02 -0.05
97 278 178.31 -0.03
97 279 182.75 -0.03
97 280 188.28 0.00
97 281 192.74 0.00
97 282 200.42 0.00
97 283 205.12 0.00
97 284 212.40 0.00
97 285 217.88 0.00
97 286 224.75 -0.04
97 287 230.39 -0.04
97 288 237.65 0.03
97 289 243.50 -0.04
97 290 247.78 0.28
97 291 253.84 0.25
97 292 260.03 0.23
97 293 265.64 0.25
97 294 271.21 0.25
97 295 277.95 0.24
97 296 283.61 0.26
97 297 290.33 0.25
97 298 296.04 0.26
97 299 303.17 0.25
97 300 309.16 0.25
97 301 316.06 0.26
97 302 322.61 0.26
97 303 329.38 0.24
97 304 336.16 0.26
97 305 343.01 0.26
97 306 350.15 0.26
97 307 357.11 0.24
97 308 363.97 0.25
97 309 371.00 0.25
97 310 378.52 0.25
97 311 385.82 0.25
97 312 393.03 0.24
97 313 400.69 0.25
97 314 407.77 0.25
97 315 415.84 0.25
97 316 423.34 0.25
97 317 431.45 0.25
97 318 439.09 0.24
97 319 447.28 0.25
97 320 455.48 0.25
97 321 463.44 0.24
97 322 471.44 0.23
97 323 479.73 0.23
97 324 487.89 0.21
97 325 496.45 0.23
97 326 504.54 0.21
97 327 513.11 0.21
97 328 521.20 0.20
98 218 79.79 0.17
98 219 77.76 -0.15
98 220 74.35 -0.12
98 221 72.32 -0.11
98 222 69.34 0.07
98 223 67.91 0.04
98 224 66.16 0.00
98 225 66.28 0.04
98 226 63.77 0.05
98 227 64.12 0.22
98 228 62.92 0.21
98 229 61.73 0.25
98 230 60.70 0.28
98 231 60.17 0.28
98 232 59.48 0.27
98 233 58.70 0.28
98 234 58.31 0.27
98 235 58.02 0.26
98 236 57.83 0.28
98 237 58.22 0.28
98 238 57.75 0.29
98 239 58.42 0.29
98 240 58.51 0.28
98 241 59.55 0.28
98 242 59.77 0.28
98 243 60.85 0.28
98 244 61.53 0.29
98 245 63.42 0.29
98 246 64.23 0.28
98 247 66.28 0.28
98 248 67.48 0.29
98 249 69.87 0.29
98 250 71.42 0.28
98 251 73.77 0.29
98 252 75.63 0.28
98 253 78.61 0.27
98 254 80.85 0.28
98 255 83.97 0.28
98 256 86.45 0.26
98 257 90.05 0.27
98 258 92.27 0.26
98 259 95.79 0.26
98 260 98.50 0.25
98 261 102.59 0.24
98 262 105.40 0.24
98 263 109.26 0.23
98 264 112.58 0.22
98 265 116.69 0.21
98 266 120.23 0.21
98 267 124.57 0.18
98 268 128.49 -0.16
98 269 132.25 -0.14
98 270 135.77 -0.15
98 271 140.03 -0.14
98 272 143.80 -0.13
98 273 148.20 -0.13
98 274 152.15 -0.13
98 275 156.88 -0.12
98 276 160.94 -0.08
98 277 165.96 -0.10
98 278 170.18 -0.07
98 279 175.34 -0.05
98 280 180.02 0.00
98 281 185.35 0.00
98 282 189.69 0.00
98 283 196.83 -0.06
98 284 201.72 0.00
98 285 208.86 0.00
98 286 213.77 0.05
98 287 220.41 -0.08
98 288 226.13 0.04
98 289 232.86 -0.05
98 290 237.20 0.27
98 291 242.44 0.28
98 292 248.50 0.25
98 293 254.28 0.24
98 294 260.07 0.26
98 295 265.33 0.25
98 296 271.92 0.26
98 297 277.52 0.25
98 298 284.05 0.25
98 299 290.05 0.27
98 300 296.70 0.25
98 301 302.33 0.26
98 302 309.29 0.25
98 303 315.47 0.26
98 304 322.33 0.25
98 305 328.78 0.28
98 306 335.41 0.24
98 307 342.65 0.27
98 308 349.13 0.24
98 309 356.31 0.24
98 310 363.26 0.25
98 311 370.30 0.25
98 312 377.33 0.26
98 313 384.88 0.24
98 314 391.91 0.25
98 315 399.52 0.25
98 316 406.95 0.25
98 317 414.54 0.25
98 318 422.06 0.25
98 319 430.25 0.24
98 320 437.88 0.25
98 321 445.35 0.25
98 322 453.63 0.24
98 323 461.38 0.24
98 324 469.72 0.24
98 325 477.75 0.24
98 326 486.02 0.23
98 327 494.08 0.22
98 328 502.87 0.21
98 329 511.24 0.21
98 330 519.55 0.21
99 220 88.03 0.11
99 221 84.57 -0.14
99 222 81.95 -0.12
99 223 78.74 0.06
99 224 77.17 0.03
99 225 74.89 0.00
99 226 75.03 -0.09
99 227 72.40 0.04
99 228 72.35 0.23
99 229 71.09 0.24
99 230 69.97 0.21
99 231 68.70 0.23
99 232 68.02 0.28
99 233 67.28 0.22
99 234 66.39 0.26
99 235 65.52 0.29
99 236 65.52 0.30
99 237 64.60 0.25
99 238 64.33 0.29
99 239 64.13 0.28
99 240 64.67 0.30
99 241 64.43 0.28
99 242 65.51 0.31
99 243 65.17 0.29
99 244 65.81 0.29
99 245 66.59 0.27
99 246 68.04 0.28
99 247 69.00 0.26
99 248 70.57 0.27
99 249 71.38 0.27
99 250 73.61 0.27
99 251 74.64 0.27
99 252 77.10 0.26
99 253 78.54 0.26
99 254 81.50 0.27
99 255 83.45 0.25
99 256 86.78 0.25
99 257 88.59 0.25
99 258 91.67 0.24
99 259 94.05 0.25
99 260 97.62 0.25
99 261 100.11 0.25
99 262 103.82 0.25
99 263 106.53 0.23
99 264 110.61 0.23
99 265 113.64 0.23
99 266 117.61 0.22
99 267 120.95 0.20
99 268 124.91 0.17
99 269 128.37 0.17
99 270 132.52 -0.14
99 271 135.83 -0.15
99 272 139.94 -0.14
99 273 143.41 -0.13
99 274 147.92 -0.14
99 275 151.46 -0.11
99 276 155.92 -0.11
99 277 159.88 -0.10
99 278 164.67 -0.08
99 279 168.91 -0.07
99 280 174.04 -0.07
99 281 178.37 0.03
99 282 183.79 0.00
99 283 187.98 0.00
99 284 195.36 0.00
99 285 199.47 0.02
99 286 206.65 0.00
99 287 211.77 0.00
99 288 218.23 0.05
99 289 223.66 -0.08
99 290 229.06 -0.17
99 291 233.68 0.31
99 292 238.93 0.28
99 293 244.71 0.27
99 294 250.32 0.29
99 295 255.99 0.27
99 296 261.20 0.29
99 297 267.64 0.27
99 298 273.16 0.27
99 299 279.41 0.27
99 300 285.39 0.27
99 301 291.75 0.25
99 302 297.47 0.26
99 303 304.14 0.26
99 304 310.49 0.26
99 305 316.84 0.25
99 306 323.19 0.27
99 307 329.83 0.25
99 308 336.63 0.26
99 309 343.13 0.26
99 310 350.15 0.27
99 311 356.90 0.26
99 312 363.73 0.26
99 313 370.62 0.26
99 314 377.86 0.25
99 315 384.91 0.25
99 316 392.29 0.25
99 317 399.67 0.26
99 318 407.00 0.25
99 319 414.57 0.25
99 320 422.41 0.25
99 321 430.00 0.25
99 322 437.62 0.25
99 323 445.55 0.25
99 324 453.43 0.25
99 325 461.55 0.23
99 326 469.25 0.24
99 327 477.39 0.23
99 328 485.48 0.23
99 329 494.16 0.23
99 330 502.05 0.20
99 331 510.42 0.21
99 332 518.69 0.22
100 222 94.37 0.11
100 223 92.29 0.11
100 224 87.60 0.07
100 225 85.62 0.04
100 226 83.28 0.00
100 227 82.88 -0.07
100 228 80.17 0.05
100 229 79.84 0.26
100 230 78.52 0.09
100 231 76.68 0.27
100 232 75.19 0.31
100 233 73.83 0.28
100 234 73.47 0.32
100 235 72.55 0.30
100 236 71.24 0.27
100 237 70.55 0.26
100 238 69.69 0.29
100 239 69.37 0.26
100 240 69.16 0.28
100 241 69.42 0.28
100 242 68.91 0.30
100 243 69.60 0.31
100 244 69.19 0.29
100 245 70.40 0.28
100 246 70.28 0.30
100 247 71.62 0.29
100 248 71.88 0.29
100 249 73.61 0.29
100 250 74.38 0.27
100 251 76.10 0.29
100 252 77.03 0.28
100 253 79.32 0.28
100 254 80.69 0.28
100 255 83.16 0.28
100 256 85.01 0.28
100 257 87.84 0.27
100 258 89.63 0.26
100 259 92.70 0.26
100 260 94.84 0.26
100 261 98.03 0.26
100 262 100.64 0.26
100 263 104.18 0.24
100 264 106.83 0.24
100 265 110.40 0.22
100 266 113.35 0.23
100 267 117.29 0.21
100 268 120.17 0.21
100 269 124.27 0.21
100 270 127.82 0.17
100 271 131.66 -0.15
100 272 134.96 -0.15
100 273 138.90 -0.14
100 274 142.13 -0.13
100 275 146.66 -0.12
100 276 150.14 -0.14
100 277 154.35 -0.11
100 278 158.55 -0.09
100 279 163.13 -0.08
100 280 166.95 -0.08
100 281 172.00 -0.06
100 282 176.35 0.04
100 283 181.73 0.00
100 284 185.79 0.00
100 285 192.37 -0.06
100 286 196.71 0.04
100 287 203.55 0.03
100 288 208.03 0.05
100 289 214.13 -0.09
100 290 219.86 0.08
100 291 223.97 0.27
100 292 229.53 0.29
100 293 234.74 0.27
100 294 239.86 0.29
100 295 245.56 0.29
100 296 250.97 0.29
100 297 256.10 0.29
100 298 262.54 0.29
100 299 267.77 0.27
100 300 274.25 0.27
100 301 279.96 0.26
100 302 285.95 0.26
100 303 291.82 0.26
100 304 298.13 0.26
100 305 304.47 0.28
100 306 310.39 0.27
100 307 316.68 0.28
100 308 323.35 0.26
100 309 329.53 0.27
100 310 336.42 0.25
100 311 342.45 0.26
100 312 349.56 0.26
100 313 356.93 0.26
100 314 363.08 0.26
100 315 370.17 0.26
100 316 376.67 0.25
100 317 384.28 0.25
100 318 391.44 0.25
100 319 399.07 0.25
100 320 406.23 0.26
100 321 413.76 0.25
100 322 421.27 0.25
100 323 428.57 0.25
100 324 436.27 0.25
100 325 444.12 0.25
100 326 451.94 0.24
100 327 459.90 0.24
100 328 468.18 0.25
100 329 475.90 0.24
100 330 484.21 0.22
100 331 492.32 0.25
100 332 500.65 0.22
100 333 508.61 0.24
100 334 517.05 0.21
101 224 102.99 -0.11
101 225 99.18 0.07
101 226 96.47 0.00
101 227 93.14 0.00
101 228 92.28 -0.07
101 229 89.43 -0.04
101 230 89.36 -0.09
101 231 86.83 0.31
101 232 85.62 0.30
101 233 83.85 0.31
101 234 82.26 0.30
101 235 81.03 0.28
101 236 80.53 0.31
101 237 78.86 0.29
101 238 78.23 0.32
101 239 77.28 0.28
101 240 76.87 0.32
101 241 75.98 0.30
101 242 75.56 0.29
101 243 75.13 0.30
101 244 75.51 0.31
101 245 75.29 0.29
101 246 76.11 0.29
101 247 75.95 0.30
101 248 76.75 0.29
101 249 77.19 0.29
101 250 78.49 0.30
101 251 78.92 0.29
101 252 80.53 0.29
101 253 81.58 0.29
101 254 83.49 0.29
101 255 84.45 0.29
101 256 86.76 0.27
101 257 88.35 0.28
101 258 91.14 0.29
101 259 92.49 0.28
101 260 95.66 0.27
101 261 97.43 0.28
101 262 100.70 0.26
101 263 102.91 0.26
101 264 106.51 0.24
101 265 108.80 0.25
101 266 112.33 0.23
101 267 115.05 0.21
101 268 118.90 0.22
101 269 121.82 0.21
101 270 125.68 0.21
101 271 128.72 0.19
101 272 132.95 -0.15
101 273 135.82 -0.15
101 274 139.49 -0.14
101 275 142.66 -0.13
101 276 146.68 -0.14
101 277 150.17 -0.13
101 278 154.50 -0.12
101 279 158.26 -0.10
101 280 162.81 -0.08
101 281 166.76 -0.10
101 282 171.78 -0.07
101 283 175.45 0.03
101 284 181.06 0.00
101 285 185.00 0.00
101 286 191.12 -0.04
101 287 195.28 0.03
101 288 202.11 0.03
101 289 207.39 0.00
101 290 211.50 0.33
101 291 216.48 0.34
101 292 221.42 0.33
101 293 227.01 0.32
101 294 231.72 0.33
101 295 237.37 0.33
101 296 242.68 0.32
101 297 247.94 0.31
101 298 253.24 0.30
101 299 259.38 0.32
101 300 264.05 0.31
101 301 270.47 0.27
101 302 276.17 0.31
101 303 282.08 0.26
101 304 287.54 0.27
101 305 293.91 0.29
101 306 299.85 0.27
101 307 305.92 0.26
101 308 311.97 0.29
101 309 318.21 0.27
101 310 324.96 0.26
101 311 331.31 0.26
101 312 337.79 0.26
101 313 344.05 0.27
101 314 350.98 0.27
101 315 357.06 0.26
101 316 364.33 0.26
101 317 371.11 0.26
101 318 378.24 0.25
101 319 385.18 0.25
101 320 392.41 0.25
101 321 399.35 0.25
101 322 407.07 0.25
101 323 414.35 0.25
101 324 421.87 0.25
101 325 429.31 0.25
101 326 436.75 0.25
101 327 444.76 0.24
101 328 452.57 0.25
101 329 460.50 0.23
101 330 468.12 0.24
101 331 476.21 0.23
101 332 484.24 0.21
101 333 492.22 0.22
101 334 500.46 0.25
101 335 508.71 0.22
101 336 516.62 0.21
101 337 525.25 0.19
101 338 533.37 0.19
101 339 542.03 0.17
101 340 549.94 0.14
101 341 558.24 -0.13
101 342 566.50 -0.13
102 226 108.98 0.08
102 227 106.77 0.03
102 228 102.09 0.00
102 229 101.21 0.15
102 230 97.97 0.05
102 231 97.49 -0.22
102 232 94.68 0.32
102 233 93.37 0.28
102 234 91.15 0.31
102 235 89.49 0.30
102 236 88.28 0.30
102 237 86.82 0.30
102 238 85.69 0.30
102 239 84.49 0.30
102 240 83.50 0.30
102 241 82.97 0.30
102 242 81.72 0.30
102 243 81.42 0.30
102 244 80.63 0.30
102 245 80.92 0.30
102 246 80.42 0.30
102 247 80.71 0.30
102 248 80.74 0.28
102 249 81.43 0.29
102 250 81.36 0.29
102 251 82.75 0.30
102 252 82.77 0.29
102 253 84.28 0.30
102 254 84.67 0.29
102 255 86.43 0.29
102 256 87.58 0.28
102 257 89.50 0.30
102 258 90.85 0.28
102 259 93.13 0.27
102 260 94.63 0.27
102 261 97.35 0.27
102 262 99.16 0.27
102 263 101.49 0.26
102 264 104.08 0.26
102 265 107.27 0.26
102 266 109.66 0.26
102 267 112.86 0.24
102 268 115.54 0.23
102 269 119.28 0.22
102 270 122.26 0.22
102 271 125.78 0.22
102 272 128.92 0.19
102 273 132.72 0.20
102 274 135.66 -0.15
102 275 139.22 -0.15
102 276 142.05 -0.14
102 277 146.24 -0.15
102 278 149.44 -0.13
102 279 153.43 -0.12
102 280 157.31 -0.11
102 281 161.61 -0.10
102 282 165.37 -0.08
102 283 170.38 0.05
102 284 174.24 0.05
102 285 179.10 -0.05
102 286 183.34 0.00
102 287 188.99 -0.14
102 288 193.53 0.04
102 289 199.12 -0.14
102 290 204.21 0.05
102 291 208.53 0.36
102 292 213.40 0.33
102 293 217.99 0.34
102 294 223.14 0.33
102 295 227.97 0.33
102 296 233.51 0.31
102 297 238.63 0.29
102 298 243.89 0.31
102 299 248.83 0.29
102 300 254.66 0.30
102 301 259.45 0.30
102 302 265.64 0.27
102 303 271.32 0.25
102 304 276.92 0.28
102 305 282.62 0.27
102 306 288.60 0.27
102 307 294.56 0.28
102 308 300.52 0.27
102 309 306.36 0.26
102 310 312.35 0.27
102 311 318.67 0.27
102 312 324.80 0.27
102 313 331.27 0.27
102 314 337.41 0.25
102 315 344.49 0.25
102 316 350.60 0.26
102 317 357.36 0.26
102 318 363.88 0.26
102 319 371.12 0.24
102 320 377.78 0.25
102 321 384.78 0.26
102 322 391.60 0.25
102 323 399.34 0.25
102 324 406.14 0.25
102 325 413.51 0.25
102 326 421.20 0.25
102 327 428.38 0.24
102 328 436.29 0.25
102 329 443.99 0.25
102 330 451.63 0.25
102 331 459.07 0.25
102 332 467.12 0.24
102 333 474.80 0.25
102 334 483.08 0.22
102 335 490.86 0.25
102 336 499.17 0.21
102 337 507.18 0.24
102 338 515.55 0.21
102 339 523.47 0.20
102 340 531.97 0.17
102 341 540.01 0.18
102 342 548.65 -0.15
102 343 557.03 0.16
102 344 564.47 -0.14
103 236 98.96 0.28
103 237 97.05 0.35
103 238 95.89 0.31
103 239 93.87 0.29
103 240 93.02 0.32
103 241 91.51 0.28
103 242 90.80 0.32
103 243 89.80 0.29
103 244 88.96 0.28
103 245 88.20 0.28
103 246 88.10 0.31
103 247 87.45 0.27
103 248 87.38 0.28
103 249 87.22 0.27
103 250 87.50 0.27
103 251 87.53 0.27
103 252 88.52 0.27
103 253 88.40 0.28
103 254 89.70 0.28
103 255 90.12 0.27
103 256 91.69 0.28
103 257 92.33 0.27
103 258 94.29 0.27
103 259 95.34 0.27
103 260 97.64 0.27
103 261 98.48 0.26
103 262 100.94 0.26
103 263 102.58 0.27
103 264 104.96 0.26
103 265 107.12 0.26
103 266 109.84 0.24
103 267 112.05 0.24
103 268 115.37 0.24
103 269 117.81 0.25
103 270 121.40 0.23
103 271 124.04 0.22
103 272 127.51 0.23
103 273 130.47 0.20
103 274 134.39 0.20
103 275 137.14 -0.16
103 276 140.55 -0.14
103 277 143.28 -0.14
103 278 146.97 -0.13
103 279 150.09 -0.13
103 280 154.21 -0.12
103 281 157.69 -0.13
103 282 162.12 -0.08
103 283 166.18 0.06
103 284 170.50 0.05
103 285 174.29 0.04
103 286 178.84 0.03
103 287 183.19 0.00
103 288 188.27 -0.14
103 289 192.80 0.04
103 290 197.78 -0.15
103 291 203.53 0.05
103 292 207.19 0.40
103 293 211.87 0.33
103 294 216.36 0.34
103 295 221.45 0.34
103 296 226.22 0.33
103 297 231.21 0.33
103 298 236.35 0.30
103 299 241.54 0.31
103 300 245.98 0.29
103 301 251.91 0.31
103 302 256.88 0.30
103 303 262.76 0.30
103 304 268.49 0.31
103 305 273.51 0.28
103 306 279.30 0.31
103 307 285.19 0.29
103 308 290.63 0.27
103 309 296.90 0.27
103 310 302.30 0.28
103 311 308.49 0.27
103 312 314.47 0.26
103 313 320.53 0.26
103 314 326.90 0.28
103 315 332.66 0.26
103 316 339.03 0.26
103 317 345.80 0.26
103 318 351.91 0.26
103 319 358.50 0.26
103 320 365.18 0.26
103 321 371.91 0.26
103 322 379.17 0.25
103 323 385.74 0.25
103 324 393.16 0.26
103 325 399.96 0.25
103 326 407.26 0.25
103 327 414.50 0.26
103 328 421.63 0.25
103 329 429.26 0.24
103 330 436.73 0.24
103 331 444.37 0.24
103 332 452.06 0.24
103 333 460.02 0.23
103 334 467.32 0.23
103 335 475.26 0.23
103 336 483.51 0.24
103 337 491.22 0.21
103 338 499.31 0.20
103 339 507.37 0.22
103 340 515.29 0.19
103 341 523.81 0.17
103 342 532.52 0.23
103 343 540.08 -0.15
103 344 548.01 -0.14
103 345 555.70 -0.14
103 346 564.00 -0.14
103 347 572.05 -0.13
104 238 105.22 0.30
104 239 103.36 0.30
104 240 101.88 0.33
104 241 100.58 0.31
104 242 98.57 0.30
104 243 97.96 0.31
104 244 96.56 0.31
104 245 95.62 0.29
104 246 94.79 0.29
104 247 94.22 0.30
104 248 93.49 0.28
104 249 93.30 0.31
104 250 92.82 0.29
104 251 93.13 0.29
104 252 92.62 0.29
104 253 93.43 0.28
104 254 93.22 0.29
104 255 94.28 0.30
104 256 94.18 0.29
104 257 95.57 0.29
104 258 96.00 0.28
104 259 97.74 0.27
104 260 98.61 0.27
104 261 100.69 0.28
104 262 101.51 0.27
104 263 103.44 0.27
104 264 105.07 0.26
104 265 107.56 0.27
104 266 109.18 0.26
104 267 112.10 0.26
104 268 114.02 0.24
104 269 117.02 0.24
104 270 119.46 0.24
104 271 122.91 0.22
104 272 125.28 0.22
104 273 128.44 0.22
104 274 131.68 0.21
104 275 134.85 0.20
104 276 137.90 -0.15
104 277 141.10 -0.15
104 278 143.69 -0.15
104 279 147.34 -0.14
104 280 150.35 -0.13
104 281 154.21 -0.14
104 282 157.73 -0.12
104 283 161.86 -0.19
104 284 165.30 -0.09
104 285 170.17 0.06
104 286 173.78 0.06
104 287 177.95 -0.19
104 288 182.31 0.00
104 289 186.86 -0.14
104 290 191.72 0.05
104 291 196.12 -0.15
104 292 201.78 0.06
104 293 204.93 0.36
104 294 209.51 0.35
104 295 213.81 0.35
104 296 218.90 0.35
104 297 223.37 0.33
104 298 228.43 0.32
104 299 233.17 0.31
104 300 238.38 0.31
104 301 243.22 0.29
104 302 248.52 0.32
104 303 253.29 0.31
104 304 258.98 0.31
104 305 264.27 0.30
104 306 269.91 0.31
104 307 275.12 0.31
104 308 280.80 0.29
104 309 286.07 0.26
104 310 292.08 0.27
104 311 297.51 0.27
104 312 303.51 0.27
104 313 309.07 0.27
104 314 315.50 0.26
104 315 321.92 0.28
104 316 327.49 0.25
104 317 333.89 0.26
104 318 339.89 0.26
104 319 346.00 0.26
104 320 352.68 0.26
104 321 358.85 0.26
104 322 365.73 0.26
104 323 372.55 0.26
104 324 378.99 0.25
104 325 386.12 0.25
104 326 392.82 0.25
104 327 400.16 0.24
104 328 407.09 0.25
104 329 414.17 0.25
104 330 421.86 0.25
104 331 428.90 0.25
104 332 436.72 0.25
104 333 443.89 0.24
104 334 451.55 0.23
104 335 459.31 0.23
104 336 467.13 0.23
104 337 474.92 0.21
104 338 482.81 0.23
104 339 490.55 0.24
104 340 498.71 0.22
104 341 506.19 0.19
104 342 514.92 0.20
104 343 523.10 -0.15
104 344 531.25 0.17
104 345 538.62 -0.15
104 346 546.69 -0.14
104 347 554.59 -0.14
104 348 562.48 -0.14
104 349 571.00 -0.14
105 240 112.98 0.29
105 241 111.12 0.30
105 242 109.45 0.30
105 243 108.03 0.28
105 244 106.76 0.29
105 245 105.14 0.29
105 246 104.34 0.27
105 247 102.83 0.28
105 248 102.54 0.29
105 249 101.14 0.28
105 250 100.96 0.30
105 251 100.26 0.27
105 252 100.42 0.28
105 253 100.24 0.26
105 254 100.48 0.30
105 255 99.77 0.30
105 256 100.61 0.28
105 257 100.57 0.30
105 258 101.51 0.29
105 259 101.83 0.28
105 260 103.36 0.29
105 261 103.93 0.28
105 262 105.64 0.25
105 263 106.76 0.27
105 264 108.48 0.26
105 265 109.81 0.27
105 266 111.55 0.27
105 267 113.41 0.26
105 268 115.84 0.23
105 269 117.62 0.24
105 270 120.24 0.24
105 271 122.51 0.23
105 272 125.55 0.22
105 273 127.93 0.22
105 274 131.52 0.21
105 275 134.15 0.21
105 276 137.40 0.21
105 277 139.97 -0.17
105 278 143.06 -0.14
105 279 145.83 -0.15
105 280 149.26 -0.13
105 281 152.26 -0.14
105 282 155.94 -0.12
105 283 159.19 -0.18
105 284 163.17 -0.19
105 285 166.48 -0.13
105 286 170.67 -0.19
105 287 174.24 -0.18
105 288 179.41 0.00
105 289 182.46 -0.19
105 290 187.06 -0.19
105 291 191.07 -0.20
105 292 196.04 -0.15
105 293 201.57 0.07
105 294 204.02 0.38
105 295 208.75 0.39
105 296 213.15 0.38
105 297 217.80 0.38
105 298 222.52 0.36
105 299 227.09 0.36
105 300 232.23 0.31
105 301 236.63 0.33
105 302 241.56 0.31
105 303 246.62 0.34
105 304 251.46 0.31
105 305 256.56 0.32
105 306 261.59 0.30
105 307 267.41 0.31
105 308 272.61 0.31
105 309 277.95 0.30
105 310 283.41 0.27
105 311 289.09 0.25
105 312 294.65 0.27
105 313 300.37 0.25
105 314 305.96 0.26
105 315 312.02 0.24
105 316 317.89 0.28
105 317 323.67 0.25
105 318 330.09 0.26
105 319 335.83 0.26
105 320 341.84 0.26
105 321 348.26 0.26
105 322 354.35 0.25
105 323 360.81 0.25
105 324 367.74 0.25
105 325 374.03 0.24
105 326 381.03 0.26
105 327 387.49 0.26
105 328 394.87 0.24
105 329 401.52 0.25
105 330 408.68 0.25
105 331 415.83 0.25
105 332 423.00 0.24
105 333 430.36 0.24
105 334 437.87 0.24
105 335 445.30 0.23
105 336 452.94 0.24
105 337 460.48 0.23
105 338 467.85 0.20
105 339 475.38 0.21
105 340 483.65 0.24
105 341 491.14 0.20
105 342 498.86 0.19
105 343 506.94 0.18
105 344 514.83 0.19
105 345 523.46 0.17
105 346 531.28 0.14
105 347 538.94 -0.15
105 348 546.66 -0.13
105 349 554.62 -0.13
105 350 562.63 -0.17
105 351 570.66 -0.12
105 352 578.78 -0.11
105 353 587.06 -0.10
106 242 119.22 0.32
106 243 117.67 0.31
106 244 115.84 0.31
106 245 114.48 0.33
106 246 112.86 0.31
106 247 111.45 0.29
106 248 110.09 0.30
106 249 109.44 0.30
106 250 108.27 0.28
106 251 107.49 0.29
106 252 106.32 0.29
106 253 106.48 0.29
106 254 105.67 0.29
106 255 106.10 0.30
106 256 105.38 0.29
106 257 105.78 0.29
106 258 105.36 0.29
106 259 106.30 0.28
106 260 106.51 0.28
106 261 107.76 0.27
106 262 108.01 0.28
106 263 109.67 0.26
106 264 110.25 0.27
106 265 111.85 0.26
106 266 112.89 0.27
106 267 114.88 0.27
106 268 116.30 0.26
106 269 118.48 0.25
106 270 120.16 0.25
106 271 122.84 0.24
106 272 124.80 0.24
106 273 127.60 0.23
106 274 129.91 0.22
106 275 133.06 0.23
106 276 135.52 0.20
106 277 139.51 0.27
106 278 141.41 0.17
106 279 144.80 0.17
106 280 147.10 -0.14
106 281 150.75 0.12
106 282 152.95 -0.15
106 283 156.37 -0.14
106 284 159.48 -0.13
106 285 164.19 0.08
106 286 166.62 -0.13
106 287 170.56 -0.17
106 288 174.51 0.04
106 289 178.73 0.05
106 290 182.68 0.00
106 291 186.07 -0.22
106 292 191.23 0.04
106 293 195.05 -0.22
106 294 200.62 0.08
106 295 202.63 0.41
106 296 207.11 0.41
106 297 211.50 0.39
106 298 216.17 0.39
106 299 220.34 0.36
106 300 225.03 0.36
106 301 229.51 0.31
106 302 234.03 0.35
106 303 238.81 0.32
106 304 243.97 0.34
106 305 248.90 0.28
106 306 253.84 0.32
106 307 258.76 0.29
106 308 264.00 0.30
106 309 269.43 0.30
106 310 274.21 0.30
106 311 279.65 0.29
106 312 285.31 0.27
106 313 290.71 0.26
106 314 296.10 0.28
106 315 301.23 0.27
106 316 307.51 0.26
106 317 313.03 0.27
106 318 318.92 0.25
106 319 324.94 0.28
106 320 330.76 0.26
106 321 336.51 0.26
106 322 342.60 0.25
106 323 348.89 0.25
106 324 355.24 0.25
106 325 361.87 0.25
106 326 368.25 0.26
106 327 374.92 0.25
106 328 381.06 0.25
106 329 387.99 0.25
106 330 395.01 0.25
106 331 401.90 0.24
106 332 409.09 0.24
106 333 416.07 0.24
106 334 423.37 0.25
106 335 430.23 0.23
106 336 437.74 0.23
106 337 445.20 0.23
106 338 452.59 0.22
106 339 459.99 0.20
106 340 467.67 0.22
106 341 475.17 0.22
106 342 483.06 0.22
106 343 490.85 0.21
106 344 498.77 0.20
106 345 506.63 0.22
106 346 514.69 0.17
106 347 522.31 0.16
106 348 530.19 -0.14
106 349 537.99 -0.14
106 350 545.83 -0.15
106 351 553.67 -0.13
106 352 561.68 -0.13
106 353 569.68 -0.18
106 354 577.72 -0.14
106 355 586.31 0.08
107 244 127.62 0.33
107 245 125.81 0.35
107 246 124.23 0.30
107 247 121.72 0.31
107 248 121.06 0.34
107 249 119.13 0.30
107 250 118.71 0.28
107 251 116.62 0.31
107 252 115.60 0.30
107 253 114.65 0.30
107 254 114.21 0.31
107 255 113.23 0.30
107 256 113.64 0.30
107 257 112.79 0.29
107 258 113.14 0.29
107 259 112.52 0.30
107 260 113.15 0.28
107 261 113.30 0.30
107 262 114.23 0.27
107 263 114.21 0.28
107 264 115.33 0.27
107 265 115.87 0.27
107 266 117.28 0.27
107 267 118.13 0.27
107 268 119.46 0.27
107 269 121.01 0.26
107 270 122.98 0.25
107 271 124.40 0.24
107 272 126.98 0.24
107 273 128.97 0.25
107 274 131.58 0.24
107 275 133.54 0.21
107 276 136.51 0.23
107 277 139.51 0.18
107 278 142.25 0.23
107 279 144.49 0.16
107 280 147.78 0.15
107 281 149.92 0.14
107 282 153.51 0.15
107 283 155.32 -0.14
107 284 159.76 0.11
107 285 161.49 -0.16
107 286 165.12 -0.16
107 287 168.37 -0.14
107 288 171.99 -0.17
107 289 175.50 -0.18
107 290 179.05 -0.19
107 291 183.90 0.00
107 292 187.10 -0.21
107 293 192.10 0.05
107 294 195.37 -0.22
107 295 198.87 0.44
107 296 202.91 0.40
107 297 207.11 0.42
107 298 211.36 0.42
107 299 215.74 0.42
107 300 219.87 0.38
107 301 224.33 0.35
107 302 228.85 0.32
107 303 233.33 0.33
107 304 237.96 0.32
107 305 242.69 0.35
107 306 247.26 0.28
107 307 252.34 0.32
107 308 257.64 0.30
107 309 262.52 0.31
107 310 267.15 0.31
107 311 272.49 0.29
107 312 277.83 0.28
107 313 283.10 0.27
107 314 287.99 0.28
107 315 293.80 0.28
107 316 298.78 0.27
107 317 304.60 0.26
107 318 310.01 0.26
107 319 315.67 0.26
107 320 321.64 0.28
107 321 327.02 0.25
107 322 333.37 0.26
107 323 339.07 0.26
107 324 345.18 0.25
107 325 351.26 0.25
107 326 357.42 0.24
107 327 363.75 0.25
107 328 370.25 0.25
107 329 376.51 0.25
107 330 383.35 0.24
107 331 390.04 0.25
107 332 396.69 0.24
107 333 403.55 0.24
107 334 410.59 0.24
107 335 417.67 0.24
107 336 424.63 0.24
107 337 431.90 0.22
107 338 439.36 0.22
107 339 446.67 0.21
107 340 453.75 0.22
107 341 461.31 0.22
107 342 469.08 0.20
107 343 476.69 0.19
107 344 484.00 0.21
107 345 492.03 0.19
107 346 500.13 0.22
107 347 507.06 0.16
107 348 515.53 0.16
107 349 523.21 -0.15
107 350 530.84 0.16
107 351 539.14 0.16
107 352 546.13 -0.14
107 353 554.78 0.10
107 354 562.49 0.10
107 355 570.72 0.07
107 356 577.73 -0.17
107 357 586.17 -0.10
107 358 594.03 -0.16
107 359 602.43 -0.18
107 360 610.58 -0.14
108 246 134.47 0.38
108 247 132.68 0.31
108 248 130.67 0.36
108 249 128.95 0.33
108 250 127.35 0.31
108 251 126.28 0.29
108 252 124.17 0.31
108 253 123.47 0.30
108 254 121.92 0.30
108 255 121.51 0.29
108 256 120.44 0.30
108 257 120.32 0.29
108 258 119.37 0.29
108 259 119.44 0.28
108 260 118.63 0.28
108 261 118.92 0.28
108 262 118.87 0.28
108 263 119.82 0.27
108 264 119.46 0.27
108 265 120.37 0.27
108 266 120.77 0.27
108 267 121.90 0.27
108 268 122.43 0.26
108 269 123.90 0.26
108 270 124.96 0.26
108 271 126.97 0.24
108 272 128.16 0.24
108 273 130.28 0.24
108 274 131.98 0.24
108 275 134.49 0.24
108 276 136.41 0.22
108 277 139.11 0.21
108 278 141.25 0.20
108 279 144.38 0.20
108 280 146.76 0.17
108 281 149.43 0.17
108 282 151.89 0.14
108 283 155.15 0.13
108 284 157.66 0.12
108 285 160.13 -0.17
108 286 163.65 0.09
108 287 167.42 0.07
108 288 170.06 0.06
108 289 173.11 -0.19
108 290 176.13 -0.18
108 291 180.94 0.06
108 292 184.39 0.00
108 293 187.33 -0.21
108 294 192.20 0.05
108 295 195.27 -0.22
108 296 198.27 0.43
108 297 202.29 0.41
108 298 206.03 0.42
108 299 210.04 0.40
108 300 214.60 0.39
108 301 218.56 0.39
108 302 222.95 0.38
108 303 227.70 0.32
108 304 231.93 0.36
108 305 236.30 0.36
108 306 240.80 0.35
108 307 245.43 0.34
108 308 250.06 0.34
108 309 254.60 0.30
108 310 260.00 0.33
108 311 264.65 0.31
108 312 269.92 0.31
108 313 274.66 0.29
108 314 280.20 0.28
108 315 285.28 0.28
108 316 290.82 0.28
108 317 295.19 0.25
108 318 301.24 0.26
108 319 306.56 0.26
108 320 312.01 0.25
108 321 317.60 0.26
108 322 323.40 0.25
108 323 328.99 0.27
108 324 334.79 0.25
108 325 340.70 0.25
108 326 346.80 0.24
108 327 353.13 0.25
108 328 358.94 0.25
108 329 365.26 0.25
108 330 371.39 0.24
108 331 377.76 0.24
108 332 384.49 0.24
108 333 391.22 0.25
108 334 397.93 0.23
108 335 404.66 0.23
108 336 411.60 0.23
108 337 418.43 0.23
108 338 425.58 0.22
108 339 432.39 0.21
108 340 439.67 0.22
108 341 446.89 0.20
108 342 454.05 0.21
108 343 461.80 0.21
108 344 469.04 0.21
108 345 476.75 0.20
108 346 484.21 0.19
108 347 491.98 0.19
108 348 499.69 0.18
108 349 507.31 0.17
108 350 515.24 0.14
108 351 522.71 -0.14
108 352 530.24 -0.14
108 353 538.09 0.11
108 354 546.08 0.10
108 355 553.76 0.09
108 356 561.95 0.08
108 357 569.68 0.08
108 358 577.34 -0.17
108 359 585.85 0.06
108 360 593.79 -0.19
108 361 602.06 0.05
109 248 142.62 0.34
109 249 140.76 0.35
109 250 138.98 0.33
109 251 136.91 0.35
109 252 135.49 0.34
109 253 133.35 0.31
109 254 132.28 0.31
109 255 131.03 0.27
109 256 130.12 0.32
109 257 129.15 0.30
109 258 128.70 0.31
109 259 127.62 0.27
109 260 127.62 0.27
109 261 126.82 0.27
109 262 126.73 0.26
109 263 126.54 0.26
109 264 127.22 0.26
109 265 126.49 0.26
109 266 127.55 0.26
109 267 127.50 0.26
109 268 128.41 0.26
109 269 128.66 0.26
109 270 130.32 0.24
109 271 130.84 0.25
109 272 132.39 0.24
109 273 133.47 0.25
109 274 135.65 0.23
109 275 136.92 0.24
109 276 139.34 0.23
109 277 141.13 0.22
109 278 143.79 0.22
109 279 145.57 0.18
109 280 148.59 0.20
109 281 150.40 0.14
109 282 152.91 0.15
109 283 155.47 0.14
109 284 158.18 0.15
109 285 160.74 0.12
109 286 163.79 0.12
109 287 166.48 0.11
109 288 169.94 0.10
109 289 172.73 0.10
109 290 176.13 0.06
109 291 179.13 0.03
109 292 183.00 0.09
109 293 186.40 0.00
109 294 189.26 -0.23
109 295 193.84 0.05
109 296 197.96 0.12
109 297 202.02 0.06
109 298 203.38 0.41
109 299 207.09 0.44
109 300 210.89 0.42
109 301 215.10 0.41
109 302 219.22 0.42
109 303 223.10 0.40
109 304 227.51 0.36
109 305 231.68 0.38
109 306 236.25 0.33
109 307 240.57 0.37
109 308 244.98 0.34
109 309 249.60 0.35
109 310 254.54 0.30
109 311 259.13 0.32
109 312 263.66 0.30
109 313 268.79 0.30
109 314 273.59 0.28
109 315 278.59 0.30
109 316 283.44 0.28
109 317 288.85 0.28
109 318 293.62 0.26
109 319 299.10 0.26
109 320 304.16 0.26
109 321 310.11 0.26
109 322 314.99 0.25
109 323 320.67 0.25
109 324 326.19 0.25
109 325 331.65 0.26
109 326 337.66 0.24
109 327 343.40 0.25
109 328 349.27 0.24
109 329 355.33 0.24
109 330 361.75 0.24
109 331 367.72 0.24
109 332 373.97 0.24
109 333 380.44 0.24
109 334 386.79 0.23
109 335 393.41 0.24
109 336 400.18 0.23
109 337 406.96 0.22
109 338 413.52 0.23
109 339 420.61 0.22
109 340 427.21 0.22
109 341 434.39 0.22
109 342 441.47 0.20
109 343 448.80 0.21
109 344 456.04 0.21
109 345 463.33 0.21
109 346 470.86 0.20
109 347 478.39 0.21
109 348 485.80 0.18
109 349 493.28 0.15
109 350 500.74 0.16
109 351 508.38 0.14
109 352 516.07 0.14
109 353 523.80 0.14
109 354 531.22 0.13
109 355 539.72 0.10
109 356 546.92 0.11
109 357 555.05 0.08
109 358 562.44 0.11
109 359 570.30 -0.12
110 250 149.66 0.37
110 251 147.98 0.33
110 252 145.48 0.35
110 253 144.28 0.31
110 254 142.20 0.31
110 255 140.65 0.29
110 256 139.16 0.29
110 257 138.27 0.29
110 258 136.86 0.29
110 259 136.24 0.30
110 260 134.96 0.29
110 261 134.95 0.28
110 262 133.62 0.28
110 263 133.66 0.29
110 264 133.20 0.27
110 265 133.52 0.27
110 266 132.70 0.27
110 267 133.41 0.27
110 268 133.23 0.26
110 269 134.11 0.26
110 270 134.12 0.26
110 271 135.40 0.23
110 272 135.78 0.25
110 273 136.95 0.24
110 274 137.87 0.24
110 275 139.74 0.24
110 276 140.85 0.23
110 277 143.12 0.23
110 278 144.75 0.22
110 279 146.93 0.22
110 280 148.85 0.21
110 281 151.38 0.20
110 282 153.44 0.16
110 283 155.82 0.17
110 284 158.04 0.14
110 285 160.70 0.14
110 286 162.96 0.12
110 287 165.86 0.11
110 288 167.89 -0.17
110 289 171.08 -0.20
110 290 173.73 -0.19
110 291 177.00 -0.18
110 292 179.70 -0.19
110 293 184.14 0.04
110 294 187.51 0.00
110 295 189.94 -0.22
110 296 194.62 0.05
110 297 197.18 -0.20
110 298 199.81 0.43
110 299 203.55 0.40
110 300 206.88 0.43
110 301 210.83 0.40
110 302 214.56 0.42
110 303 218.75 0.42
110 304 222.75 0.40
110 305 226.87 0.39
110 306 231.03 0.39
110 307 235.49 0.38
110 308 239.39 0.36
110 309 243.94 0.36
110 310 248.43 0.34
110 311 252.96 0.33
110 312 257.38 0.32
110 313 262.03 0.31
110 314 266.99 0.32
110 315 271.56 0.31
110 316 276.72 0.29
110 317 281.46 0.27
110 318 286.52 0.26
110 319 290.92 0.26
110 320 296.77 0.27
110 321 301.27 0.27
110 322 307.00 0.25
110 323 312.25 0.25
110 324 317.61 0.25
110 325 322.97 0.25
110 326 328.63 0.25
110 327 334.10 0.24
110 328 339.89 0.24
110 329 345.45 0.24
110 330 351.29 0.24
110 331 357.50 0.24
110 332 363.38 0.24
110 333 369.37 0.24
110 334 375.82 0.23
110 335 382.04 0.23
110 336 388.35 0.23
110 337 395.00 0.23
110 338 401.66 0.23
110 339 407.94 0.22
110 340 414.84 0.22
110 341 421.58 0.22
110 342 428.68 0.23
110 343 435.62 0.20
110 344 442.69 0.21
110 345 449.55 0.20
110 346 456.68 0.19
110 347 463.84 0.19
110 348 471.43 0.19
110 349 478.82 0.20
110 350 486.33 0.16
110 351 493.70 0.17
110 352 501.24 0.15
110 353 509.04 0.18
110 354 516.42 0.14
110 355 523.65 0.12
110 356 531.19 -0.15
110 357 539.23 0.12
110 358 546.58 -0.19
110 359 554.48 0.09
110 360 562.50 0.07
111 253 155.97 0.38
111 254 154.32 0.34
111 255 152.31 0.31
111 256 150.25 0.30
111 257 149.21 0.29
111 258 147.85 0.26
111 259 146.24 0.29
111 260 145.77 0.27
111 261 144.05 0.29
111 262 143.53 0.28
111 263 142.47 0.29
111 264 142.23 0.29
111 265 141.58 0.28
111 266 141.70 0.27
111 267 140.49 0.26
111 268 140.95 0.25
111 269 140.69 0.26
111 270 141.32 0.25
111 271 141.54 0.26
111 272 142.38 0.23
111 273 142.60 0.25
111 274 143.88 0.23
111 275 144.39 0.24
111 276 145.95 0.24
111 277 146.90 0.23
111 278 148.43 0.21
111 279 150.11 0.21
111 280 151.91 0.20
111 281 153.95 0.22
111 282 156.05 0.20
111 283 158.10 0.20
111 284 160.40 0.21
111 285 162.51 0.10
111 286 164.63 0.11
111 287 167.15 0.10
111 288 169.80 0.09
111 289 172.16 0.09
111 290 175.18 0.09
111 291 177.69 0.08
111 292 180.87 0.07
111 293 183.52 0.06
111 294 187.06 0.06
111 295 190.36 0.00
111 296 192.56 -0.23
111 297 197.10 0.07
111 298 199.44 -0.22
111 299 204.56 0.07
111 300 205.09 0.41
111 301 212.22 0.08
111 302 212.52 0.42
111 303 216.00 0.42
111 304 219.75 0.42
111 305 223.60 0.42
111 306 227.73 0.41
111 307 231.75 0.40
111 308 235.85 0.40
111 309 240.08 0.37
111 310 244.27 0.38
111 311 248.34 0.38
111 312 252.93 0.27
111 313 257.43 0.34
111 314 261.63 0.29
111 315 266.68 0.29
111 316 271.28 0.30
111 317 276.23 0.30
111 318 280.67 0.29
111 319 285.56 0.28
111 320 290.21 0.26
111 321 295.31 0.27
111 322 300.40 0.25
111 323 305.49 0.26
111 324 310.83 0.26
111 325 316.04 0.27
111 326 321.12 0.27
111 327 326.75 0.27
111 328 332.18 0.27
111 329 337.47 0.23
111 330 343.37 0.23
111 331 348.96 0.24
111 332 354.84 0.24
111 333 360.63 0.23
111 334 366.40 0.23
111 335 372.58 0.23
111 336 378.48 0.23
111 337 385.12 0.22
111 338 391.28 0.22
111 339 397.74 0.22
111 340 404.19 0.23
111 341 410.66 0.21
111 342 417.20 0.21
111 343 423.93 0.21
111 344 430.76 0.20
111 345 437.63 0.21
111 346 444.95 0.19
111 347 451.78 0.20
111 348 458.82 0.21
111 349 466.15 0.20
111 350 473.84 0.18
111 351 480.76 0.20
111 352 488.12 0.19
111 353 495.81 0.18
111 354 503.05 -0.15
111 355 510.56 0.15
111 356 517.81 0.10
111 357 525.47 0.10
111 358 532.44 0.10
111 359 540.40 0.10
112 254 165.75 0.38
112 255 163.73 0.34
112 256 162.02 0.33
112 257 159.66 0.29
112 258 157.91 0.33
112 259 156.37 0.32
112 260 154.50 0.30
112 261 153.64 0.30
112 262 152.19 0.30
112 263 151.66 0.29
112 264 150.42 0.29
112 265 149.89 0.29
112 266 148.73 0.27
112 267 148.94 0.27
112 268 147.92 0.24
112 269 147.90 0.25
112 270 147.48 0.26
112 271 147.77 0.25
112 272 147.49 0.25
112 273 148.22 0.24
112 274 148.33 0.24
112 275 149.60 0.24
112 276 150.00 0.24
112 277 150.88 0.23
112 278 152.14 0.23
112 279 153.54 0.22
112 280 154.73 0.22
112 281 156.51 0.21
112 282 158.01 0.20
112 283 161.05 -0.15
112 284 161.71 0.17
112 285 163.87 0.17
112 286 165.74 0.15
112 287 167.96 -0.15
112 288 169.69 -0.13
112 289 172.22 -0.19
112 290 174.33 -0.17
112 291 177.19 -0.19
112 292 179.50 -0.18
112 293 182.43 -0.21
112 294 185.63 0.05
112 295 187.75 -0.22
112 296 192.05 0.00
112 297 193.87 -0.21
112 298 198.56 0.06
112 299 200.44 -0.20
112 300 202.88 0.46
112 301 207.70 -0.24
112 302 209.49 0.44
112 303 212.96 0.43
112 304 218.60 -0.23
112 305 222.31 -0.23
112 306 223.93 0.41
112 307 230.44 -0.24
112 308 231.68 0.40
112 309 235.97 0.32
112 310 239.54 0.38
112 311 247.03 -0.24
112 312 248.09 0.33
112 313 252.28 0.34
112 314 256.62 0.34
112 315 260.65 0.32
112 316 265.51 0.32
112 317 269.22 0.31
112 318 274.53 0.32
112 319 279.02 0.29
112 320 283.83 0.28
112 321 288.83 0.24
112 322 293.63 0.27
112 323 298.42 0.25
112 324 303.60 0.28
112 325 308.27 0.25
112 326 313.61 0.25
112 327 318.88 0.27
112 328 324.02 0.24
112 329 329.17 0.25
112 330 334.72 0.26
112 331 339.95 0.24
112 332 345.68 0.24
112 333 351.52 0.20
112 334 357.05 0.23
112 335 362.77 0.23
112 336 368.79 0.22
112 337 374.73 0.23
112 338 380.82 0.22
112 339 386.87 0.22
112 340 393.65 0.21
112 341 399.75 0.22
112 342 406.12 0.20
112 343 412.25 0.21
112 344 419.03 0.20
112 345 425.45 0.20
112 346 432.12 0.20
112 347 439.79 0.22
112 348 446.01 0.19
112 349 455.11 -0.14
112 350 460.06 0.19
112 351 467.26 0.19
112 352 474.36 0.18
112 353 481.25 0.18
112 354 488.72 0.15
112 355 496.49 0.18
112 356 503.91 0.15
112 357 510.84 -0.15
112 358 518.35 -0.14
112 359 526.20 0.17
112 360 533.64 0.10
112 361 540.75 0.08
112 362 547.98 -0.19
112 363 555.50 -0.19
112 364 563.14 -0.19
112 365 571.33 0.06
112 366 578.81 -0.22
112 367 587.03 0.05
112 368 594.97 -0.02
112 369 601.96 -0.20
112 370 611.04 -0.02
112 371 617.92 -0.22
112 372 627.89 0.04
112 373 634.72 -0.21
112 374 644.94 0.05
112 375 649.06 0.42
112 376 660.18 -0.20
112 377 667.59 -0.24
112 378 679.79 0.06
112 379 682.55 0.37
112 380 691.98 0.39
112 381 702.15 -0.25
112 382 708.90 0.39
113 256 174.85 0.30
113 257 172.39 0.34
113 258 170.99 0.31
113 259 168.28 0.29
113 260 166.67 0.29
113 261 165.10 0.29
113 262 163.63 0.30
113 263 161.75 0.28
113 264 161.29 0.28
113 265 159.60 0.28
113 266 159.10 0.29
113 267 157.82 0.27
113 268 157.13 0.26
113 269 156.56 0.27
113 270 156.28 0.25
113 271 155.63 0.25
113 272 155.69 0.25
113 273 155.28 0.24
113 274 156.46 0.25
113 275 156.08 0.24
113 276 156.74 0.24
113 277 156.54 0.22
113 278 157.62 0.23
113 279 158.31 0.23
113 280 160.18 0.21
113 281 160.86 0.21
113 282 162.54 0.20
113 283 163.78 0.19
113 284 165.92 0.20
113 285 167.05 0.17
113 286 169.21 0.16
113 287 170.65 0.15
113 288 172.74 0.14
113 289 174.79 0.13
113 290 177.38 0.12
113 291 178.95 -0.18
113 292 182.02 0.08
113 293 184.19 0.06
113 294 187.08 0.06
113 295 189.31 0.05
113 296 192.46 0.05
113 297 195.86 0.00
113 298 197.31 -0.22
113 299 201.51 0.05
113 300 205.17 0.11
113 301 208.63 0.09
113 302 208.75 0.45
113 303 212.12 0.45
113 304 215.28 0.46
113 305 218.89 0.44
113 306 222.09 0.43
113 307 225.69 0.43
113 308 229.60 0.44
113 309 233.47 0.43
113 310 237.34 0.32
113 311 241.20 0.40
113 312 245.47 0.31
113 313 249.24 0.32
113 314 253.60 0.32
113 315 257.42 0.32
113 316 261.60 0.31
113 317 265.77 0.31
113 318 270.35 0.31
113 319 274.62 0.30
113 320 279.47 0.31
113 321 284.13 0.26
113 322 288.34 0.31
113 323 293.49 0.27
113 324 297.72 0.25
113 325 303.09 0.28
113 326 307.44 0.25
113 327 312.63 0.25
113 328 317.69 0.26
113 329 322.75 0.24
113 330 327.67 0.25
113 331 333.24 0.24
113 332 338.39 0.24
113 333 344.03 0.24
113 334 349.79 0.21
113 335 355.10 0.23
113 336 360.68 0.23
113 337 366.74 0.23
113 338 372.16 0.23
113 339 378.14 0.23
113 340 384.28 0.22
113 341 390.11 0.22
113 342 396.34 0.21
113 343 402.65 0.21
113 344 408.81 0.21
113 345 415.18 0.20
113 346 421.65 0.20
113 347 428.06 0.20
113 348 434.87 0.20
113 349 441.55 0.19
113 350 450.95 -0.14
113 351 455.60 0.19
113 352 462.98 0.19
113 353 469.62 0.17
113 354 476.63 0.17
113 355 483.94 0.17
113 356 491.20 0.16
113 357 498.58 0.17
113 358 505.62 0.14
113 359 512.83 -0.21
113 360 520.27 0.13
113 361 527.61 0.10
113 362 535.26 0.08
113 363 543.18 0.07
113 364 550.32 0.07
113 365 557.75 0.07
113 366 565.53 0.04
113 367 573.35 0.04
113 368 580.64 0.04
113 369 588.88 0.05
113 370 596.43 0.06
113 371 604.55 0.03
113 372 613.26 0.05
113 373 621.16 0.03
113 374 626.54 0.41
113 375 637.58 0.04
113 376 646.32 0.06
113 377 655.04 0.06
113 378 663.00 0.04
113 379 672.12 0.07
113 380 674.94 0.40
113 381 684.06 0.40
113 382 691.69 0.41
113 383 701.09 0.38
114 274 162.71 0.24
114 275 162.81 0.24
114 276 162.66 0.23
114 277 163.31 0.23
114 278 162.93 0.21
114 279 163.87 0.23
114 280 164.23 0.22
114 281 168.13 -0.18
114 282 166.31 0.20
114 283 169.34 -0.16
114 284 169.96 -0.15
114 285 171.21 -0.16
114 286 172.22 -0.15
114 287 173.63 0.16
114 288 174.82 -0.14
114 289 176.81 -0.14
114 290 178.28 -0.14
114 291 180.32 -0.16
114 292 182.14 -0.14
114 293 184.71 -0.15
114 294 186.75 -0.17
114 295 189.33 -0.19
114 296 191.56 -0.23
114 297 195.22 0.06
114 298 198.07 0.00
114 299 199.60 -0.22
114 300 203.85 0.05
114 301 205.55 -0.24
114 302 210.40 0.09
114 303 211.73 -0.23
114 304 213.68 0.46
114 305 219.83 0.12
114 306 220.02 0.45
114 307 223.22 0.43
114 308 226.79 0.43
114 309 232.86 -0.24
114 310 233.99 0.43
114 311 237.65 0.41
114 312 241.35 0.41
114 313 245.39 0.40
114 314 249.16 0.38
114 315 253.20 0.33
114 316 257.47 0.32
114 317 261.17 0.30
114 318 265.50 0.30
114 319 269.39 0.31
114 320 274.27 0.30
114 321 278.48 0.30
114 322 283.23 0.29
114 323 287.31 0.26
114 324 292.18 0.26
114 325 296.76 0.25
114 326 301.50 0.25
114 327 305.91 0.25
114 328 311.33 0.25
114 329 316.12 0.27
114 330 320.95 0.24
114 331 325.96 0.26
114 332 331.12 0.25
114 333 336.11 0.23
114 334 341.67 0.24
114 335 347.06 0.21
114 336 352.41 0.23
114 337 357.83 0.23
114 338 363.52 0.21
114 339 369.15 0.23
114 340 375.16 0.22
114 341 380.70 0.22
114 342 386.80 0.21
114 343 392.82 0.21
114 344 398.64 0.21
114 345 404.76 0.21
114 346 411.10 0.19
114 347 417.32 0.19
114 348 423.74 0.19
115 276 171.28 0.23
115 277 171.07 0.22
115 278 171.25 0.23
115 279 171.03 0.21
115 280 172.01 0.23
115 281 171.95 0.22
115 282 172.96 0.20
115 283 175.19 -0.15
115 284 174.61 0.19
115 285 175.33 0.18
115 286 177.59 -0.15
115 287 178.27 -0.16
115 288 179.78 -0.18
115 289 180.59 -0.14
115 290 182.32 -0.14
115 291 183.62 -0.13
115 292 185.92 -0.17
115 293 187.40 -0.16
115 294 189.75 -0.19
115 295 191.48 -0.22
115 296 193.86 -0.21
115 297 195.77 -0.21
115 298 199.22 0.04
115 299 202.18 0.00
115 300 203.39 -0.22
115 301 207.51 0.04
115 302 208.80 -0.22
115 303 213.73 0.04
115 304 214.95 -0.22
115 305 216.72 0.46
115 306 219.93 0.45
115 307 224.62 -0.21
115 308 226.17 0.48
115 309 229.44 0.43
115 310 234.80 -0.22
115 311 236.40 0.42
115 312 242.41 -0.21
115 313 246.49 -0.24
115 314 247.58 0.40
115 315 251.13 0.35
115 316 255.01 0.32
115 317 258.80 0.33
115 318 262.42 0.30
115 319 266.87 0.29
115 320 270.33 0.31
115 321 275.27 0.30
115 322 279.04 0.31
115 323 283.78 0.28
115 324 288.23 0.25
115 325 292.46 0.27
115 326 296.51 0.25
115 327 301.40 0.25
115 328 305.98 0.25
115 329 310.77 0.25
115 330 315.69 0.27
115 331 320.20 0.24
115 332 325.07 0.25
115 333 330.16 0.24
115 334 335.35 0.24
115 335 340.65 0.22
115 336 345.85 0.23
115 337 351.01 0.23
115 338 356.29 0.23
115 339 361.75 0.23
115 340 367.24 0.23
115 341 373.04 0.20
115 342 378.55 0.21
115 343 384.23 0.21
115 344 390.13 0.21
115 345 396.06 0.21
115 346 401.94 0.21
115 347 408.04 0.21
115 348 414.35 0.20
115 349 420.54 0.20
115 350 426.84 0.19
115 351 433.27 0.18
115 352 441.63 -0.14
115 353 446.13 0.18
115 354 453.74 0.15
115 355 459.82 0.17
115 356 467.62 -0.14
115 357 473.69 0.17
116 278 178.38 0.21
116 279 179.01 0.23
116 280 178.41 0.23
116 281 178.80 0.22
116 282 178.79 0.21
116 283 179.55 0.20
116 284 181.19 -0.15
116 285 181.94 -0.15
116 286 182.07 -0.14
116 287 183.01 -0.14
116 288 183.53 -0.15
116 289 184.94 -0.17
116 290 185.58 -0.14
116 291 187.22 -0.15
116 292 188.23 -0.13
116 293 190.15 -0.15
116 294 191.62 -0.12
116 295 193.87 -0.17
116 296 195.65 -0.23
116 297 197.87 -0.17
116 298 199.72 -0.24
116 299 203.07 0.06
116 300 205.58 0.00
116 301 206.57 -0.22
116 302 210.79 0.05
116 303 211.85 -0.22
116 304 216.69 0.04
116 305 217.50 -0.24
116 306 222.70 0.08
116 307 225.80 0.09
116 308 225.19 0.47
116 309 230.10 -0.20
116 310 233.26 -0.23
116 311 236.79 -0.20
116 312 237.88 0.44
116 313 243.67 -0.24
116 314 244.57 0.41
116 315 248.29 0.41
116 316 252.26 0.38
116 317 255.83 0.27
116 318 259.37 0.33
116 319 263.00 0.29
116 320 267.26 0.30
116 321 271.02 0.32
116 322 275.05 0.30
116 323 279.03 0.31
116 324 283.37 0.29
116 325 287.84 0.27
116 326 291.77 0.27
116 327 296.15 0.26
116 328 300.72 0.28
116 329 305.28 0.26
116 330 310.15 0.26
116 331 314.49 0.25
116 332 319.20 0.25
116 333 324.21 0.25
116 334 328.91 0.24
116 335 333.63 0.24
116 336 339.23 0.26
116 337 344.06 0.21
116 338 349.38 0.23
116 339 354.39 0.23
116 340 359.98 0.21
116 341 365.02 0.22
116 342 370.71 0.22
116 343 376.01 0.21
116 344 382.00 0.21
116 345 387.54 0.22
116 346 393.63 0.20
116 347 399.01 0.21
116 348 408.27 -0.13
116 349 410.92 0.19
116 350 417.44 0.19
116 351 423.92 0.19
116 352 431.72 -0.15
116 353 437.53 -0.14
116 354 442.75 0.18
116 355 448.84 0.18
116 356 456.53 -0.15
116 357 462.81 -0.14
116 358 469.21 -0.14
116 359 475.77 -0.14
116 360 482.49 -0.14
116 361 489.39 -0.17
116 362 496.17 -0.20
116 363 503.30 -0.22
116 364 510.06 -0.19
116 365 517.07 -0.20
116 366 523.88 -0.21
116 367 530.89 -0.22
116 368 538.28 -0.21
116 369 546.43 0.05
116 370 552.80 -0.19
116 371 560.46 -0.23
116 372 567.64 -0.22
116 373 576.17 0.03
116 374 582.56 -0.22
116 375 590.92 -0.21
116 376 599.81 0.03
116 377 606.94 -0.20
116 378 615.70 0.03
116 379 624.91 0.04
116 380 631.86 0.02
116 381 637.74 -0.24
116 382 645.65 -0.20
116 383 653.67 -0.23
116 384 659.76 0.39
116 385 670.15 -0.24
116 386 676.01 0.39
117 280 187.92 0.24
117 281 189.61 -0.19
117 282 187.32 0.20
117 283 187.53 0.19
117 284 187.83 0.19
117 285 188.01 0.18
117 286 189.39 -0.16
117 287 189.01 0.16
117 288 190.09 -0.14
117 289 190.46 -0.14
117 290 191.64 -0.14
117 291 192.09 -0.13
117 292 193.66 -0.14
117 293 194.42 -0.13
117 294 196.36 -0.17
117 295 197.76 -0.20
117 296 199.43 -0.19
117 297 201.25 -0.22
117 298 203.22 -0.19
117 299 204.88 -0.23
117 300 206.98 -0.19
117 301 209.18 -0.23
117 302 211.28 -0.21
117 303 213.85 -0.22
117 304 216.28 -0.23
117 305 220.92 0.05
117 306 221.59 -0.23
117 307 226.82 0.07
117 308 225.63 0.50
117 309 228.59 0.49
117 310 231.15 0.51
117 311 236.53 -0.24
117 312 239.45 -0.22
117 313 240.76 0.44
117 314 246.31 -0.24
117 315 247.56 0.39
117 316 250.90 0.41
117 317 254.65 0.38
117 318 258.24 0.41
117 319 261.69 0.34
117 320 265.12 0.29
117 321 268.83 0.32
117 322 272.51 0.32
117 323 276.37 0.30
117 324 280.52 0.30
117 325 284.78 0.31
117 326 288.92 0.27
117 327 292.97 0.29
117 328 297.00 0.27
117 329 301.65 0.28
117 330 305.83 0.26
117 331 310.46 0.28
117 332 314.89 0.25
117 333 319.90 0.28
117 334 324.10 0.25
117 335 328.82 0.25
117 336 333.75 0.25
117 337 338.73 0.24
117 338 343.68 0.20
117 339 348.67 0.23
117 340 353.69 0.22
117 341 358.74 0.22
117 342 364.15 0.21
117 343 369.71 0.21
117 344 374.92 0.21
117 345 380.77 0.21
117 346 389.32 -0.15
117 347 391.52 0.20
117 348 397.49 0.20
117 349 405.61 -0.13
117 350 409.01 0.19
117 351 415.36 0.19
117 352 422.65 -0.14
117 353 428.62 -0.13
117 354 434.38 -0.14
117 355 440.56 0.18
117 356 446.78 -0.14
117 357 452.97 -0.14
117 358 459.16 -0.13
117 359 465.71 -0.14
117 360 472.07 -0.13
117 361 478.74 -0.15
117 362 485.27 -0.16
117 363 491.96 -0.20
117 364 498.71 -0.22
117 365 505.52 -0.22
117 366 512.28 -0.20
117 367 519.35 -0.19
117 368 526.31 -0.22
117 369 533.47 -0.22
117 370 541.87 0.04
117 371 547.71 -0.20
117 372 554.86 -0.22
117 373 562.09 -0.21
117 374 569.27 -0.22
117 375 578.85 0.00
117 376 585.58 -0.22
117 377 592.08 -0.20
117 378 601.13 -0.22
117 379 609.92 0.03
117 380 619.18 0.04
117 381 622.93 -0.22
117 382 631.51 -0.20
117 383 638.98 -0.23
117 384 646.23 -0.19
117 385 655.02 -0.23
117 386 662.51 -0.23
117 387 670.97 -0.24
118 282 197.06 -0.17
118 283 196.89 -0.19
118 284 194.84 0.21
118 285 195.24 0.19
118 286 195.81 -0.17
118 287 196.02 0.18
118 288 196.04 -0.15
118 289 196.50 -0.14
118 290 197.00 0.15
118 291 197.79 -0.14
118 292 198.09 -0.13
118 293 199.42 -0.14
118 294 200.36 -0.14
118 295 201.61 -0.14
118 296 202.95 -0.18
118 297 204.85 -0.17
118 298 206.22 -0.21
118 299 208.03 -0.22
118 300 209.38 -0.23
118 301 211.57 -0.19
118 302 213.43 -0.21
118 303 215.42 -0.22
118 304 219.15 0.04
118 305 220.11 -0.20
118 306 224.49 0.07
118 307 224.98 -0.23
118 308 229.99 0.09
118 309 230.40 -0.24
118 310 235.63 0.09
118 311 236.22 -0.22
118 312 239.19 -0.21
118 313 242.12 -0.24
118 314 243.05 0.60
118 315 245.58 0.64
118 316 249.54 0.45
118 317 252.14 0.61
118 318 256.47 0.40
118 319 259.84 0.40
118 320 263.28 0.34
118 321 266.62 0.30
118 322 270.22 0.31
118 323 273.76 0.33
118 324 277.85 0.27
118 325 281.48 0.31
118 326 285.21 0.29
118 327 289.61 0.28
118 328 293.50 0.29
118 329 297.41 0.26
118 330 301.93 0.28
118 331 305.94 0.25
118 332 310.29 0.25
118 333 314.96 0.27
118 334 319.37 0.25
118 335 323.78 0.26
118 336 328.45 0.24
118 337 333.06 0.26
118 338 337.88 0.25
118 339 342.89 0.20
118 340 348.07 0.24
118 341 352.31 0.23
118 342 357.79 0.22
118 343 362.76 0.23
118 344 367.91 0.21
118 345 373.38 0.21
118 346 378.62 0.21
118 347 384.24 0.22
118 348 392.20 -0.13
118 349 397.50 -0.14
118 350 403.01 -0.14
118 351 406.65 0.20
118 352 413.80 -0.14
118 353 419.61 -0.14
118 354 425.46 -0.14
118 355 431.01 -0.14
118 356 437.07 -0.14
118 357 443.02 -0.13
118 358 449.15 -0.13
118 359 455.55 -0.15
118 360 461.73 -0.12
118 361 468.04 -0.14
118 362 474.56 -0.19
118 363 481.90 0.11
118 364 487.62 -0.20
118 365 494.19 -0.20
118 366 500.76 -0.19
118 367 507.49 -0.21
118 368 514.37 -0.20
118 369 521.04 -0.20
118 370 528.20 -0.20
118 371 534.96 -0.20
118 372 542.46 -0.22
118 373 549.31 -0.21
118 374 556.62 -0.22
118 375 563.62 -0.21
118 376 571.13 -0.20
118 377 579.86 -0.22
118 378 585.96 -0.20
118 379 593.19 -0.22
118 380 603.62 0.03
118 381 608.51 -0.23
118 382 616.60 -0.23
118 383 623.65 -0.20
118 384 632.43 -0.21
118 385 639.16 -0.23
118 386 651.00 0.06
118 387 655.09 -0.21
118 388 663.85 -0.21
119 284 204.76 0.22
119 285 205.01 -0.18
119 286 205.01 -0.18
119 287 204.18 -0.17
119 288 204.40 -0.17
119 289 204.16 -0.16
119 290 204.47 -0.16
119 291 204.62 -0.17
119 292 205.25 -0.17
119 293 205.69 -0.14
119 294 206.83 -0.13
119 295 207.22 -0.13
119 296 208.76 -0.18
119 297 209.66 -0.18
119 298 211.29 -0.17
119 299 212.40 -0.18
119 300 214.23 -0.21
119 301 215.62 -0.24
119 302 218.36 0.04
119 303 219.10 -0.24
119 304 220.95 -0.21
119 305 224.75 0.04
119 306 225.10 -0.20
119 307 227.69 -0.20
119 308 229.81 -0.24
119 309 232.38 -0.21
119 310 235.15 -0.20
119 311 235.36 0.59
119 312 237.93 0.51
119 313 243.45 -0.24
119 314 245.86 -0.21
119 315 246.75 0.51
119 316 249.04 0.59
119 317 252.28 0.64
119 318 255.15 0.59
119 319 259.37 0.41
119 320 261.08 0.62
119 321 266.08 0.36
119 322 269.51 0.30
119 323 272.98 0.34
119 324 276.40 0.34
119 325 280.17 0.30
119 326 283.50 0.31
119 327 287.73 0.29
119 328 291.40 0.29
119 329 295.41 0.29
119 330 298.96 0.26
119 331 303.45 0.27
119 332 307.41 0.25
119 333 311.53 0.25
119 334 315.83 0.25
119 335 320.17 0.25
119 336 324.54 0.27
119 337 329.08 0.25
119 338 333.58 0.23
119 339 338.19 0.24
119 340 343.51 0.21
119 341 347.62 0.23
119 342 352.69 0.24
119 343 357.57 0.24
119 344 362.60 0.24
119 345 367.60 0.23
119 346 372.75 0.21
119 347 377.95 0.21
119 348 383.52 0.22
119 349 388.62 0.20
119 350 394.07 0.22
119 351 399.65 0.21
119 352 405.32 0.18
119 353 411.35 0.19
119 354 417.50 -0.14
119 355 422.96 0.18
119 356 428.85 -0.14
119 357 434.76 -0.14
119 358 440.47 -0.13
119 359 447.07 0.13
119 360 452.82 -0.18
119 361 459.68 0.12
119 362 464.81 -0.19
119 363 471.34 -0.19
119 364 477.48 -0.19
119 365 484.75 0.10
119 366 490.50 -0.19
119 367 497.09 -0.19
119 368 503.70 -0.18
119 369 510.43 -0.19
119 370 517.20 -0.19
119 371 524.05 -0.20
119 372 532.22 0.03
119 373 537.96 -0.20
119 374 545.04 -0.19
119 375 552.06 -0.19
119 376 560.83 0.03
119 377 568.40 0.03
119 378 579.67 -0.20
119 379 580.90 -0.20
119 380 588.06 -0.20
119 381 598.72 0.04
119 382 606.32 0.05
119 383 614.11 0.03
119 384 618.04 -0.20
119 385 629.87 0.03
119 386 633.39 -0.21
119 387 645.34 0.06
119 388 648.67 -0.20
119 389 655.73 0.41
119 390 665.01 -0.25
119 391 671.34 0.40
119 392 680.93 -0.25
119 393 688.98 -0.20
119 394 694.01 0.33
119 395 705.52 -0.25
119 396 709.85 0.33
119 397 718.49 0.30
119 398 729.12 -0.24
119 399 738.51 -0.26
119 400 741.92 0.29
119 401 750.75 0.27
119 402 758.23 0.29
119 403 767.05 0.29
119 404 774.78 0.29
119 405 783.39 0.29
119 406 791.68 0.26
119 407 800.82 0.29
119 408 808.54 0.28
119 409 817.65 0.27
120 286 212.72 0.22
120 287 212.47 0.20
120 288 212.43 0.18
120 289 212.62 0.16
120 290 211.80 -0.17
120 291 211.94 -0.18
120 292 212.46 0.12
120 293 212.44 -0.17
120 294 213.25 0.11
120 295 213.41 -0.14
120 296 214.03 -0.17
120 297 214.99 -0.17
120 298 215.91 -0.20
120 299 217.17 -0.18
120 300 218.14 -0.23
120 301 219.75 -0.22
120 302 220.85 -0.23
120 303 222.39 -0.22
120 304 225.60 0.00
120 305 225.85 -0.23
120 306 229.53 0.04
120 307 229.77 -0.24
120 308 234.15 0.04
120 309 233.94 -0.23
120 310 238.94 0.07
120 311 238.88 -0.23
120 312 241.28 -0.22
120 313 241.14 0.59
120 314 246.87 -0.25
120 315 249.13 -0.22
120 316 249.30 0.58
120 317 251.78 0.64
120 318 258.37 -0.23
120 319 261.34 -0.23
120 320 264.77 -0.23
120 321 267.57 -0.21
120 322 268.74 0.41
120 323 271.97 0.30
120 324 275.23 0.34
120 325 278.52 0.33
120 326 282.30 0.30
120 327 285.55 0.31
120 328 289.38 0.30
120 329 292.57 0.28
120 330 296.98 0.30
120 331 300.31 0.27
120 332 304.41 0.27
120 333 308.39 0.28
120 334 312.60 0.27
120 335 316.46 0.25
120 336 320.90 0.26
120 337 325.09 0.26
120 338 329.33 0.25
120 339 333.97 0.26
120 340 338.38 0.23
120 341 343.06 0.22
120 342 347.62 0.24
120 343 352.34 0.24
120 344 356.91 0.22
120 345 362.02 0.22
120 346 367.01 0.22
120 347 371.89 0.20
120 348 377.13 0.22
120 349 382.06 0.21
120 350 389.53 -0.15
120 351 394.59 -0.18
120 352 399.47 -0.13
120 353 403.76 0.19
120 354 410.03 -0.14
120 355 415.36 -0.14
120 356 420.77 -0.14
120 357 426.46 -0.14
120 358 432.11 -0.13
120 359 437.63 -0.14
120 360 444.60 0.12
120 361 449.65 -0.19
120 362 455.72 -0.16
120 363 462.92 0.12
120 364 468.01 -0.16
120 365 473.88 -0.18
120 366 480.40 -0.20
120 367 487.98 0.08
120 368 493.12 -0.18
120 369 499.46 -0.19
120 370 506.32 -0.20
120 371 512.74 -0.19
120 372 519.70 -0.19
120 373 528.00 0.05
120 374 533.21 -0.20
120 375 540.11 -0.20
120 376 547.00 -0.20
120 377 555.90 0.03
120 378 563.62 0.03
120 379 574.00 -0.20
120 380 575.65 -0.20
120 381 582.43 -0.22
120 382 593.14 0.03
120 383 597.38 -0.20
120 384 608.38 0.04
120 385 612.00 -0.19
120 386 623.84 0.03
120 387 627.35 -0.19
120 388 639.38 0.06
120 389 642.78 -0.24
120 390 649.68 0.40
120 391 656.50 0.37
120 392 664.86 0.34
120 393 671.85 0.38
120 394 679.86 0.33
120 395 686.91 0.33
120 396 695.68 0.30
120 397 704.81 -0.22
120 398 711.06 0.31
120 399 718.06 0.32
120 400 727.00 0.30
120 401 734.12 0.30
120 402 742.95 0.29
120 403 750.27 0.29
120 404 758.95 0.29
120 405 766.62 0.29
120 406 775.81 0.30
120 407 783.52 0.26
120 408 792.10 0.28
120 409 800.13 0.27
120 410 808.82 0.26
