# Public ULB numerical table: Z A Mcal(MeV) beta2; source precision retained
8 16 -2.62 0.00
8 17 1.12 0.00
8 18 1.03 0.00
8 19 3.42 -0.07
8 20 3.43 0.07
8 21 9.16 0.13
8 22 10.79 0.07
8 23 16.09 0.05
8 24 19.89 -0.04
8 25 29.46 -0.09
8 26 35.33 -0.06
8 27 46.68 0.07
8 28 50.47 -0.06
8 29 61.67 0.20
8 30 68.49 0.17
8 31 78.66 0.16
8 32 86.94 0.21
8 33 95.80 0.14
8 34 106.06 -0.17
9 17 4.06 0.00
9 18 2.45 0.00
9 19 -4.69 0.21
9 20 -0.62 0.17
9 21 -2.13 0.19
9 22 2.38 0.20
9 23 1.95 0.19
9 24 5.80 0.16
9 25 9.40 0.13
9 26 17.57 0.15
9 27 22.59 0.15
9 28 32.14 0.13
9 29 37.36 -0.11
9 30 47.94 0.17
9 31 53.64 0.19
9 32 63.82 0.19
9 33 71.09 0.19
9 34 81.22 0.29
9 35 89.36 0.20
9 36 97.95 0.16
9 37 107.96 -0.19
9 38 119.17 -0.13
10 18 7.28 0.00
10 19 -1.34 0.14
10 20 -9.01 0.20
10 21 -6.40 -0.19
10 22 -7.50 0.38
10 23 -4.64 0.35
10 24 -6.82 0.23
10 25 -3.21 0.14
10 26 -0.29 -0.08
10 27 6.34 0.14
10 28 10.47 0.12
10 29 18.75 0.31
10 30 21.87 -0.10
10 31 32.90 0.15
10 32 37.41 0.22
10 33 47.50 0.40
10 34 53.39 0.28
10 35 63.76 0.34
10 36 70.38 0.31
10 37 80.53 0.32
10 38 87.80 0.25
10 39 99.43 -0.27
10 40 105.93 -0.24
10 41 117.17 -0.25
10 42 123.62 0.20
11 19 12.47 -0.10
11 20 6.45 0.15
11 21 -1.96 -0.17
11 22 -4.80 0.47
11 23 -9.20 -0.24
11 24 -5.65 0.42
11 25 -9.16 -0.27
11 26 -7.11 -0.17
11 27 -5.62 -0.13
11 28 -0.59 0.21
11 29 2.72 -0.13
11 30 9.51 -0.10
11 31 13.30 0.45
11 32 20.24 0.53
11 33 24.72 0.49
11 34 32.50 0.46
11 35 37.99 0.42
11 36 46.72 0.41
11 37 53.13 0.41
11 38 62.33 0.40
11 39 69.67 0.39
11 40 79.58 0.35
11 41 87.12 0.35
11 42 97.08 -0.23
11 43 104.88 -0.21
11 44 114.47 -0.12
12 20 16.64 0.08
12 21 9.45 0.15
12 22 -0.22 0.25
12 23 -4.38 0.51
12 24 -14.16 -0.26
12 25 -11.63 0.38
12 26 -15.86 -0.31
12 27 -15.27 -0.21
12 28 -15.75 -0.20
12 29 -10.46 0.18
12 30 -9.55 0.18
12 31 -2.38 -0.09
12 32 -0.42 -0.06
12 33 5.60 0.30
12 34 9.17 0.24
12 35 17.03 0.43
12 36 21.06 0.33
12 37 29.23 0.41
12 38 34.51 0.35
12 39 43.14 0.38
12 40 49.82 0.35
12 41 58.90 0.18
12 42 65.40 -0.26
12 43 75.16 -0.25
12 44 82.38 -0.20
12 45 91.93 -0.10
12 46 98.87 -0.14
13 21 27.96 0.17
13 22 18.75 0.21
13 23 8.11 0.35
13 24 2.10 0.43
13 25 -8.23 0.36
13 26 -9.79 0.35
13 27 -17.37 -0.33
13 28 -16.76 -0.26
13 29 -17.52 -0.23
13 30 -14.49 0.21
13 31 -14.59 -0.21
13 32 -9.72 -0.13
13 33 -9.06 0.19
13 34 -2.34 0.15
13 35 -0.78 0.31
13 36 5.68 0.40
13 37 9.82 0.34
13 38 15.86 0.34
13 39 21.75 0.34
13 40 27.93 0.32
13 41 33.37 -0.33
13 42 42.33 -0.30
13 43 47.96 -0.28
13 44 56.77 -0.25
13 45 63.19 -0.22
13 46 72.08 0.12
13 47 79.96 0.13
13 48 89.07 -0.11
14 22 33.27 0.18
14 23 23.14 0.19
14 24 11.36 0.24
14 25 4.87 -0.27
14 26 -6.69 0.26
14 27 -12.51 -0.33
14 28 -20.91 -0.31
14 29 -22.50 -0.25
14 30 -24.20 -0.22
14 31 -21.93 -0.23
14 32 -23.38 0.21
14 33 -19.92 0.16
14 34 -19.43 0.09
14 35 -14.17 0.18
14 36 -13.28 0.16
14 37 -6.84 -0.21
14 38 -5.01 0.26
14 39 2.35 0.33
14 40 4.36 -0.28
14 41 12.68 0.33
14 42 15.53 -0.33
14 43 22.90 -0.30
14 44 28.47 -0.28
14 45 36.99 -0.25
14 46 43.42 -0.23
14 47 52.21 0.09
14 48 59.17 -0.16
14 49 68.42 -0.15
14 50 76.56 -0.18
15 23 46.30 -0.12
15 24 33.29 0.16
15 25 20.77 0.17
15 26 13.21 0.19
15 27 -0.27 -0.24
15 28 -7.23 -0.26
15 29 -17.05 -0.28
15 30 -21.43 -0.21
15 31 -24.94 -0.24
15 32 -23.68 -0.23
15 33 -25.81 -0.21
15 34 -24.04 -0.17
15 35 -24.60 -0.17
15 36 -20.11 -0.09
15 37 -19.78 0.25
15 38 -14.59 0.23
15 39 -13.79 0.23
15 40 -7.91 0.29
15 41 -6.26 0.27
15 42 -0.20 0.28
15 43 3.63 0.25
15 44 10.09 -0.25
15 45 14.66 -0.24
15 46 22.50 -0.22
15 47 28.21 -0.19
15 48 36.52 0.10
15 49 42.66 -0.16
15 50 53.04 -0.15
15 51 60.00 0.13
15 52 70.37 -0.20
16 24 52.49 -0.11
16 25 41.99 -0.14
16 26 27.56 -0.20
16 27 20.46 0.35
16 28 4.74 -0.21
16 29 -2.28 -0.25
16 30 -13.49 -0.27
16 31 -19.89 -0.20
16 32 -26.81 -0.20
16 33 -26.42 -0.22
16 34 -29.65 -0.17
16 35 -28.55 -0.16
16 36 -30.05 -0.09
16 37 -26.61 -0.14
16 38 -27.56 0.13
16 39 -23.07 0.19
16 40 -23.39 0.22
16 41 -18.56 -0.20
16 42 -17.18 0.31
16 43 -11.67 0.27
16 44 -9.18 -0.26
16 45 -3.31 -0.24
16 46 0.49 -0.23
16 47 7.90 -0.21
16 48 12.88 -0.21
16 49 20.91 0.13
16 50 26.42 -0.17
16 51 37.09 -0.19
16 52 42.08 -0.17
16 53 52.24 -0.14
16 54 58.92 -0.18
17 25 68.15 -0.16
17 26 56.72 0.16
17 27 40.53 0.17
17 28 30.41 0.30
17 29 15.55 -0.19
17 30 6.98 -0.21
17 31 -5.52 -0.25
17 32 -12.87 -0.21
17 33 -20.72 -0.24
17 34 -24.16 -0.21
17 35 -28.62 0.21
17 36 -28.22 0.18
17 37 -30.56 0.22
17 38 -29.00 -0.23
17 39 -29.96 0.13
17 40 -27.23 0.18
17 41 -28.05 0.20
17 42 -24.43 0.26
17 43 -24.40 0.23
17 44 -19.81 0.26
17 45 -18.36 -0.21
17 46 -13.51 -0.20
17 47 -9.94 -0.20
17 48 -3.80 -0.21
17 49 0.84 -0.19
17 50 8.44 -0.23
17 51 13.43 -0.18
17 52 21.86 -0.18
17 53 27.77 -0.21
17 54 36.90 -0.23
17 55 43.26 -0.23
17 56 53.15 -0.19
17 57 59.90 -0.20
17 58 68.14 0.21
17 59 76.72 0.24
17 60 86.32 0.23
17 61 93.62 0.26
17 62 103.11 0.30
17 63 111.29 0.27
17 64 120.49 0.27
18 27 63.14 0.18
18 28 48.88 0.19
18 29 38.88 0.22
18 30 22.37 0.21
18 31 12.62 -0.21
18 32 -1.40 0.22
18 33 -8.93 -0.16
18 34 -18.04 -0.16
18 35 -22.68 -0.22
18 36 -30.69 0.19
18 37 -31.97 0.20
18 38 -35.96 0.16
18 39 -33.27 -0.10
18 40 -35.88 0.08
18 41 -33.35 0.11
18 42 -35.82 0.15
18 43 -31.50 0.25
18 44 -32.87 -0.15
18 45 -29.10 0.24
18 46 -28.97 -0.19
18 47 -24.65 -0.19
18 48 -21.90 -0.20
18 49 -16.11 -0.20
18 50 -12.40 -0.21
18 51 -5.64 -0.11
18 52 -1.05 -0.22
18 53 6.50 -0.18
18 54 11.98 -0.17
18 55 20.40 -0.22
18 56 26.31 -0.15
18 57 35.20 -0.19
18 58 41.18 0.16
18 59 50.55 -0.13
18 60 57.18 0.18
18 61 67.05 0.18
18 62 73.69 0.18
18 63 83.86 0.25
18 64 90.69 0.21
18 65 100.37 0.21
18 66 108.34 -0.23
19 29 62.62 0.13
19 30 50.93 0.16
19 31 34.50 -0.15
19 32 23.59 0.17
19 33 9.69 -0.27
19 34 -0.47 -0.19
19 35 -10.24 -0.17
19 36 -15.57 0.20
19 37 -25.50 0.20
19 38 -27.67 -0.08
19 39 -34.61 0.17
19 40 -33.09 0.11
19 41 -36.25 -0.08
19 42 -34.90 -0.07
19 43 -37.34 -0.08
19 44 -35.56 -0.08
19 45 -37.09 -0.10
19 46 -34.35 -0.15
19 47 -35.17 -0.16
19 48 -31.79 -0.15
19 49 -29.93 -0.17
19 50 -24.95 -0.12
19 51 -21.95 -0.10
19 52 -16.29 -0.09
19 53 -12.06 -0.09
19 54 -5.46 -0.14
19 55 -0.75 -0.14
19 56 7.09 -0.09
19 57 12.11 -0.09
19 58 20.10 -0.09
19 59 25.93 -0.08
19 60 35.90 -0.10
19 61 40.82 -0.09
19 62 50.38 -0.09
19 63 68.30 -0.10
19 64 77.22 -0.11
19 65 84.03 -0.11
19 66 93.38 -0.13
19 67 100.56 -0.11
19 68 110.25 -0.13
20 31 60.85 0.21
20 32 42.54 -0.18
20 33 29.89 0.21
20 34 15.40 0.20
20 35 5.36 -0.16
20 36 -5.62 -0.19
20 37 -11.68 0.21
20 38 -22.91 0.18
20 39 -27.66 -0.16
20 40 -34.90 0.04
20 41 -35.32 -0.05
20 42 -39.82 0.04
20 43 -38.48 0.06
20 44 -42.58 0.07
20 45 -40.67 0.08
20 46 -43.13 -0.04
20 47 -41.68 0.11
20 48 -43.51 0.11
20 49 -39.91 -0.13
20 50 -39.13 -0.14
20 51 -34.27 0.07
20 52 -32.22 0.03
20 53 -26.36 0.00
20 54 -22.69 0.00
20 55 -17.14 -0.05
20 56 -12.55 0.00
20 57 -5.80 0.00
20 58 -1.32 0.00
20 59 4.51 -0.09
20 60 10.94 0.00
20 61 18.10 -0.09
20 62 24.45 0.00
20 63 32.52 0.04
20 64 37.82 0.04
20 65 47.68 0.00
20 66 52.57 0.09
20 67 62.05 0.08
20 68 68.23 0.12
20 69 77.44 0.12
20 70 84.45 0.10
21 32 71.94 0.35
21 33 56.11 0.29
21 34 47.23 0.20
21 35 34.57 -0.27
21 36 25.15 -0.19
21 37 4.07 -0.22
21 38 -2.28 -0.13
21 39 -13.67 0.19
21 40 -20.04 -0.19
21 41 -28.28 -0.05
21 42 -31.88 -0.09
21 43 -37.68 -0.07
21 44 -38.00 0.09
21 45 -41.96 -0.08
21 46 -41.45 0.09
21 47 -44.48 -0.08
21 48 -43.76 0.13
21 49 -46.03 -0.10
21 50 -43.88 0.10
21 51 -43.39 -0.08
21 52 -40.11 0.08
21 53 -38.48 -0.09
21 54 -33.98 -0.08
21 55 -31.32 -0.08
21 56 -25.23 -0.09
21 57 -22.55 -0.08
21 58 -16.18 -0.08
21 59 -12.62 -0.08
21 60 -5.59 -0.07
21 61 -1.51 -0.07
21 62 6.47 -0.08
21 63 10.54 -0.07
21 64 18.61 0.09
21 65 23.80 0.10
21 66 31.95 0.10
21 67 37.57 0.10
21 68 46.30 0.11
21 69 52.15 0.12
21 70 60.81 0.15
21 71 67.78 -0.10
21 72 76.16 -0.09
21 73 83.56 -0.10
21 74 92.54 -0.11
21 75 100.16 -0.11
21 76 109.08 0.10
21 77 117.04 0.10
21 78 126.48 0.08
21 79 134.81 0.07
21 80 143.61 0.09
22 34 65.07 0.25
22 35 52.37 0.34
22 36 35.39 0.22
22 37 24.00 0.18
22 38 10.84 0.22
22 39 1.99 0.24
22 40 -9.15 0.10
22 41 -16.03 -0.07
22 42 -24.47 0.00
22 43 -30.54 -0.06
22 44 -38.96 0.07
22 45 -39.74 0.24
22 46 -46.06 0.14
22 47 -44.69 -0.08
22 48 -49.81 0.16
22 49 -48.67 0.14
22 50 -51.42 0.08
22 51 -49.70 0.12
22 52 -49.93 -0.09
22 53 -46.47 0.09
22 54 -46.23 0.09
22 55 -41.95 0.11
22 56 -40.56 0.10
22 57 -34.51 -0.09
22 58 -33.03 0.11
22 59 -27.62 0.14
22 60 -24.45 0.14
22 61 -17.67 0.17
22 62 -14.55 0.12
22 63 -7.16 -0.11
22 64 -3.64 0.15
22 65 3.82 0.19
22 66 8.39 0.17
22 67 16.56 0.24
22 68 21.24 0.16
22 69 29.32 0.22
22 70 34.96 0.17
22 71 43.07 0.17
22 72 49.73 0.15
22 73 58.10 0.13
22 74 65.23 0.15
22 75 74.17 -0.13
22 76 81.50 -0.12
22 77 90.98 -0.12
22 78 97.93 0.12
22 79 107.50 0.09
22 80 115.08 0.08
22 81 125.19 0.07
22 82 133.18 0.09
23 36 65.61 0.43
23 37 51.16 0.20
23 38 40.13 0.24
23 39 22.57 0.25
23 40 12.47 0.20
23 41 0.32 0.15
23 42 -7.74 -0.10
23 43 -18.46 0.12
23 44 -24.03 0.08
23 45 -33.02 0.13
23 46 -36.26 0.20
23 47 -42.84 0.24
23 48 -43.83 0.30
23 49 -48.30 0.24
23 50 -48.45 0.22
23 51 -51.70 -0.14
23 52 -50.99 -0.11
23 53 -51.70 0.16
23 54 -49.49 0.17
23 55 -49.35 0.13
23 56 -45.84 0.16
23 57 -44.93 0.13
23 58 -40.04 0.13
23 59 -38.51 0.09
23 60 -33.73 0.11
23 61 -31.25 0.12
23 62 -25.64 0.29
23 63 -22.59 0.15
23 64 -16.23 -0.10
23 65 -13.35 0.29
23 66 -7.02 0.25
23 67 -2.93 0.26
23 68 4.02 0.27
23 69 8.67 0.25
23 70 15.84 0.26
23 71 21.62 0.25
23 72 29.18 0.19
23 73 35.26 0.14
23 74 43.11 0.14
23 75 49.81 0.15
23 76 58.36 0.14
23 77 65.42 -0.13
23 78 74.24 -0.14
23 79 81.69 -0.12
23 80 90.63 -0.11
23 81 98.52 0.08
23 82 107.80 0.07
23 83 115.98 0.07
23 84 125.37 0.08
24 38 57.40 -0.27
24 39 44.15 0.27
24 40 29.89 0.25
24 41 18.80 0.27
24 42 5.46 0.16
24 43 -3.45 -0.18
24 44 -15.22 0.13
24 45 -20.25 -0.07
24 46 -31.10 0.13
24 47 -34.97 0.28
24 48 -44.00 0.22
24 49 -45.28 0.29
24 50 -51.63 0.23
24 51 -51.42 0.19
24 52 -56.09 0.16
24 53 -55.20 0.16
24 54 -57.21 0.19
24 55 -55.12 0.22
24 56 -56.22 0.18
24 57 -53.49 0.19
24 58 -53.27 0.18
24 59 -49.16 0.18
24 60 -48.20 0.15
24 61 -43.71 0.13
24 62 -41.96 0.14
24 63 -37.29 0.19
24 64 -34.73 0.19
24 65 -29.19 0.24
24 66 -26.39 0.21
24 67 -20.49 0.21
24 68 -17.10 0.22
24 69 -10.51 0.23
24 70 -6.72 0.20
24 71 0.41 0.26
24 72 5.13 0.19
24 73 12.56 0.19
24 74 18.02 0.16
24 75 26.00 0.15
24 76 32.11 0.19
24 77 40.60 0.18
24 78 46.96 0.17
24 79 55.59 0.13
24 80 62.78 0.15
24 81 71.75 0.13
24 82 79.20 0.14
24 83 88.56 0.13
24 84 96.38 0.09
24 85 105.63 0.10
24 86 113.92 -0.11
25 40 56.70 0.31
25 41 42.55 0.29
25 42 30.52 0.25
25 43 16.99 0.20
25 44 6.43 -0.17
25 45 -5.08 0.10
25 46 -12.28 0.12
25 47 -22.70 0.19
25 48 -28.52 0.28
25 49 -37.68 0.26
25 50 -41.89 0.31
25 51 -48.12 0.28
25 52 -49.81 0.21
25 53 -54.42 -0.12
25 54 -55.11 -0.16
25 55 -57.18 -0.18
25 56 -55.88 0.23
25 57 -57.04 -0.15
25 58 -55.19 0.26
25 59 -55.41 0.24
25 60 -52.19 0.28
25 61 -52.27 0.25
25 62 -48.58 0.26
25 63 -47.57 0.31
25 64 -43.52 0.32
25 65 -41.93 0.32
25 66 -37.42 0.31
25 67 -34.96 0.30
25 68 -29.56 0.28
25 69 -26.78 0.28
25 70 -21.21 0.26
25 71 -17.68 0.23
25 72 -11.39 0.27
25 73 -7.19 0.23
25 74 -0.31 0.23
25 75 4.79 0.23
25 76 12.16 0.22
25 77 18.05 0.24
25 78 25.78 0.21
25 79 32.45 0.23
25 80 40.89 0.20
25 81 47.88 0.23
25 82 56.66 0.19
25 83 64.02 0.18
25 84 72.93 0.19
25 85 80.75 0.19
25 86 89.45 0.05
25 87 97.97 0.21
25 88 106.08 -0.11
26 42 51.70 0.32
26 43 38.78 0.27
26 44 24.43 -0.21
26 45 13.22 -0.18
26 46 -0.06 -0.11
26 47 -7.28 -0.09
26 48 -19.23 0.18
26 49 -24.45 0.31
26 50 -35.58 0.23
26 51 -39.86 0.29
26 52 -48.66 0.26
26 53 -50.92 0.30
26 54 -56.77 0.18
26 55 -57.41 -0.14
26 56 -60.41 -0.14
26 57 -59.85 0.25
26 58 -61.88 0.23
26 59 -60.41 0.21
26 60 -61.61 0.23
26 61 -58.72 0.21
26 62 -59.41 0.26
26 63 -56.19 0.14
26 64 -55.52 0.13
26 65 -51.70 -0.15
26 66 -50.51 0.10
26 67 -46.94 0.25
26 68 -45.17 0.17
26 69 -40.39 0.22
26 70 -38.33 0.20
26 71 -32.82 0.24
26 72 -30.24 0.19
26 73 -23.98 0.19
26 74 -20.86 0.17
26 75 -14.21 0.20
26 76 -10.01 -0.10
26 77 -3.00 -0.12
26 78 2.50 0.15
26 79 10.27 0.17
26 80 16.09 0.18
26 81 24.26 0.11
26 82 30.75 0.15
26 83 39.22 0.17
26 84 46.11 0.12
26 85 54.94 0.14
26 86 62.08 0.14
26 87 71.47 -0.17
26 88 78.77 0.15
26 89 87.81 -0.12
26 90 96.20 0.14
27 44 51.51 0.27
27 45 36.58 -0.20
27 46 25.19 -0.12
27 47 11.15 0.13
27 48 2.53 0.11
27 49 -9.71 0.21
27 50 -16.59 0.19
27 51 -27.66 0.23
27 52 -33.30 0.30
27 53 -42.15 0.27
27 54 -46.59 0.15
27 55 -53.04 0.14
27 56 -54.60 -0.17
27 57 -59.06 0.24
27 58 -58.45 0.20
27 59 -61.65 0.19
27 60 -60.05 0.22
27 61 -62.53 0.18
27 62 -60.18 0.18
27 63 -61.38 0.17
27 64 -59.52 0.22
27 65 -58.96 0.10
27 66 -55.94 -0.16
27 67 -55.61 0.09
27 68 -51.92 0.11
27 69 -51.36 0.10
27 70 -46.91 0.09
27 71 -45.95 0.11
27 72 -41.06 0.13
27 73 -39.10 0.13
27 74 -34.13 0.13
27 75 -31.28 0.12
27 76 -25.02 0.09
27 77 -22.20 0.08
27 78 -15.67 0.11
27 79 -10.30 0.11
27 80 -2.84 0.14
27 81 2.72 0.14
27 82 10.50 0.11
27 83 16.68 0.12
27 84 24.80 0.12
27 85 31.57 -0.14
27 86 39.81 0.11
27 87 46.98 0.10
27 88 55.79 0.09
27 89 63.17 0.12
27 90 72.25 -0.12
27 91 79.98 0.11
27 92 88.80 0.14
28 46 45.69 -0.22
28 47 33.34 -0.12
28 48 18.15 0.12
28 49 8.97 -0.10
28 50 -4.39 0.18
28 51 -10.70 0.16
28 52 -22.79 0.20
28 53 -28.72 0.29
28 54 -39.21 0.25
28 55 -44.45 -0.19
28 56 -52.79 0.16
28 57 -55.57 -0.14
28 58 -60.07 -0.16
28 59 -60.58 -0.20
28 60 -63.91 -0.18
28 61 -63.60 -0.20
28 62 -66.05 -0.20
28 63 -64.61 -0.17
28 64 -66.83 -0.19
28 65 -64.68 -0.20
28 66 -65.98 -0.17
28 67 -63.21 -0.16
28 68 -63.15 0.07
28 69 -59.90 -0.09
28 70 -59.63 0.06
28 71 -55.59 0.06
28 72 -55.13 0.08
28 73 -50.76 -0.11
28 74 -49.64 0.11
28 75 -44.39 0.10
28 76 -42.96 -0.09
28 77 -37.67 0.07
28 78 -34.04 0.00
28 79 -28.79 -0.09
28 80 -23.98 -0.10
28 81 -16.75 -0.12
28 82 -11.64 -0.13
28 83 -3.78 -0.14
28 84 1.66 -0.13
28 85 9.66 -0.12
28 86 15.66 -0.14
28 87 24.05 -0.11
28 88 30.40 -0.14
28 89 39.00 -0.15
28 90 45.87 -0.15
28 91 55.49 -0.12
28 92 61.96 -0.15
28 93 72.12 0.31
28 94 78.77 -0.15
29 48 45.05 -0.17
29 49 30.52 0.10
29 50 20.06 -0.10
29 51 6.35 0.21
29 52 -0.93 0.18
29 53 -13.54 0.22
29 54 -20.11 0.29
29 55 -30.77 0.27
29 56 -36.93 -0.17
29 57 -46.61 -0.16
29 58 -50.57 -0.17
29 59 -56.06 -0.17
29 60 -57.57 -0.18
29 61 -61.56 -0.19
29 62 -61.45 -0.20
29 63 -64.97 -0.21
29 64 -64.45 -0.17
29 65 -66.95 -0.20
29 66 -65.64 -0.20
29 67 -67.37 -0.19
29 68 -65.15 -0.18
29 69 -65.97 -0.12
29 70 -63.14 -0.10
29 71 -63.71 -0.13
29 72 -60.16 0.12
29 73 -59.93 0.12
29 74 -55.69 0.27
29 75 -55.43 0.16
29 76 -51.24 0.16
29 77 -49.95 0.12
29 78 -44.70 0.11
29 79 -43.27 -0.09
29 80 -36.87 -0.12
29 81 -32.92 -0.13
29 82 -26.14 -0.15
29 83 -21.44 -0.13
29 84 -14.01 -0.16
29 85 -9.07 -0.14
29 86 -1.41 -0.14
29 87 4.15 -0.15
29 88 12.14 -0.20
29 89 18.08 -0.18
29 90 26.34 -0.18
29 91 32.60 -0.20
29 92 41.62 -0.21
29 93 47.70 -0.21
29 94 56.78 0.31
29 95 63.69 0.31
29 96 72.42 0.28
29 97 79.78 0.31
29 98 88.62 0.31
29 99 96.46 0.31
29 100 105.06 0.33
29 101 113.99 0.30
29 102 122.29 0.31
29 103 131.36 0.28
29 104 139.59 0.28
30 50 39.75 -0.09
30 51 28.70 -0.09
30 52 15.04 0.17
30 53 6.53 0.17
30 54 -6.68 0.21
30 55 -14.15 0.26
30 56 -25.61 0.23
30 57 -31.74 0.18
30 58 -42.16 -0.16
30 59 -47.24 -0.16
30 60 -54.20 -0.19
30 61 -56.54 -0.21
30 62 -61.52 -0.22
30 63 -62.25 -0.22
30 64 -65.99 -0.22
30 65 -65.50 -0.19
30 66 -68.89 -0.22
30 67 -67.70 -0.21
30 68 -70.37 -0.22
30 69 -68.57 -0.19
30 70 -70.14 -0.16
30 71 -67.51 -0.15
30 72 -68.71 0.14
30 73 -65.57 -0.18
30 74 -66.36 0.18
30 75 -62.92 0.25
30 76 -62.87 0.17
30 77 -58.67 0.18
30 78 -57.94 0.15
30 79 -53.38 0.10
30 80 -51.84 -0.08
30 81 -46.49 -0.13
30 82 -42.70 -0.13
30 83 -36.26 0.17
30 84 -32.09 0.17
30 85 -25.24 -0.18
30 86 -20.65 -0.18
30 87 -13.29 -0.21
30 88 -8.32 -0.19
30 89 -0.64 -0.20
30 90 4.81 -0.21
30 91 12.83 -0.22
30 92 18.56 -0.21
30 93 26.82 -0.22
30 94 32.91 -0.22
30 95 41.34 0.27
30 96 47.97 -0.22
30 97 56.68 -0.17
30 98 63.15 0.29
30 99 71.88 0.29
30 100 79.10 0.29
30 101 87.96 0.30
30 102 95.58 0.28
30 103 104.17 0.25
30 104 112.48 0.27
30 105 121.63 0.28
30 106 129.70 0.25
31 52 40.81 0.10
31 53 27.17 0.16
31 54 18.05 0.14
31 55 4.40 0.16
31 56 -4.05 0.27
31 57 -15.83 0.23
31 58 -22.90 0.19
31 59 -33.79 -0.19
31 60 -39.68 -0.19
31 61 -47.12 -0.22
31 62 -50.50 -0.23
31 63 -56.47 -0.23
31 64 -58.02 -0.24
31 65 -62.55 -0.24
31 66 -62.81 -0.20
31 67 -66.71 -0.24
31 68 -66.49 -0.24
31 69 -69.32 -0.23
31 70 -68.31 -0.23
31 71 -70.48 -0.22
31 72 -68.63 0.26
31 73 -70.21 -0.21
31 74 -68.26 0.26
31 75 -68.91 0.23
31 76 -66.31 0.20
31 77 -66.61 0.19
31 78 -63.28 0.19
31 79 -62.69 0.18
31 80 -58.53 0.20
31 81 -57.56 -0.10
31 82 -52.95 -0.14
31 83 -49.51 -0.16
31 84 -43.81 -0.17
31 85 -39.97 0.18
31 86 -33.54 0.22
31 87 -29.43 -0.20
31 88 -22.66 -0.22
31 89 -18.13 -0.23
31 90 -10.86 -0.20
31 91 -5.91 -0.23
31 92 1.54 -0.23
31 93 6.88 -0.24
31 94 14.71 -0.24
31 95 20.38 -0.25
31 96 28.69 -0.23
31 97 34.50 -0.24
31 98 43.09 -0.24
31 99 49.30 -0.23
31 100 57.95 -0.20
31 101 64.19 0.28
31 102 72.83 0.27
31 103 79.84 0.26
31 104 89.19 0.21
31 105 96.11 0.25
31 106 104.93 0.28
31 107 112.64 0.22
31 108 121.68 0.22
32 54 36.99 0.17
32 55 27.57 0.16
32 56 13.04 0.21
32 57 4.07 0.27
32 58 -8.93 0.24
32 59 -16.20 0.19
32 60 -27.55 -0.19
32 61 -34.36 -0.20
32 62 -42.91 -0.21
32 63 -47.25 -0.23
32 64 -54.40 -0.23
32 65 -56.84 -0.26
32 66 -62.06 -0.24
32 67 -62.59 -0.27
32 68 -67.17 -0.25
32 69 -67.53 -0.24
32 70 -70.96 -0.22
32 71 -70.46 -0.19
32 72 -73.14 -0.23
32 73 -72.05 0.22
32 74 -73.94 0.20
32 75 -72.51 0.24
32 76 -73.83 0.20
32 77 -71.59 0.24
32 78 -72.55 0.21
32 79 -69.41 0.21
32 80 -69.61 0.19
32 81 -65.81 0.20
32 82 -65.34 -0.10
32 83 -60.96 -0.14
32 84 -58.12 -0.15
32 85 -52.88 0.19
32 86 -49.69 0.21
32 87 -43.71 0.22
32 88 -39.82 -0.21
32 89 -33.36 -0.24
32 90 -29.24 -0.22
32 91 -22.40 -0.20
32 92 -18.01 -0.23
32 93 -10.94 -0.25
32 94 -6.06 -0.24
32 95 1.42 -0.26
32 96 6.72 -0.24
32 97 14.61 -0.27
32 98 19.99 -0.24
32 99 28.28 -0.25
32 100 34.01 -0.24
32 101 42.32 -0.20
32 102 48.06 0.25
32 103 56.25 0.26
32 104 62.99 0.26
32 105 71.64 0.28
32 106 78.50 0.25
32 107 87.23 0.24
32 108 94.50 0.24
32 109 103.36 0.24
32 110 111.00 0.23
33 56 40.24 0.29
33 57 25.13 0.21
33 58 15.99 0.34
33 59 2.57 0.24
33 60 -5.24 0.19
33 61 -17.45 -0.20
33 62 -24.69 -0.24
33 63 -33.96 -0.23
33 64 -39.29 -0.24
33 65 -47.26 -0.24
33 66 -50.26 -0.25
33 67 -57.16 -0.25
33 68 -58.54 -0.28
33 69 -63.77 -0.22
33 70 -64.57 -0.24
33 71 -68.41 -0.23
33 72 -68.46 -0.25
33 73 -71.71 -0.23
33 74 -70.57 -0.25
33 75 -73.61 -0.21
33 76 -72.69 0.24
33 77 -74.45 0.22
33 78 -72.84 0.25
33 79 -74.26 0.21
33 80 -72.04 0.21
33 81 -72.51 0.22
33 82 -69.65 0.20
33 83 -69.38 -0.12
33 84 -65.67 -0.15
33 85 -63.17 -0.16
33 86 -58.41 0.19
33 87 -55.69 0.21
33 88 -50.32 0.22
33 89 -46.86 -0.22
33 90 -41.12 -0.23
33 91 -37.38 -0.25
33 92 -30.99 -0.25
33 93 -27.17 -0.26
33 94 -20.67 -0.26
33 95 -16.08 -0.26
33 96 -9.11 -0.27
33 97 -4.28 -0.26
33 98 2.95 -0.26
33 99 8.15 -0.26
33 100 15.84 -0.26
33 101 21.29 -0.26
33 102 29.31 -0.26
33 103 35.13 -0.26
33 104 42.84 0.23
33 105 48.80 0.26
33 106 56.94 0.26
33 107 63.58 0.25
33 108 72.02 0.24
33 109 78.88 0.24
33 110 87.43 0.24
33 111 94.75 0.22
33 112 103.56 0.21
33 113 111.24 0.22
33 114 120.15 0.20
33 115 128.35 0.21
33 116 137.23 0.21
33 117 145.25 0.22
33 118 154.09 0.22
33 119 162.51 0.22
33 120 171.55 -0.20
34 58 35.35 0.20
34 59 25.24 0.29
34 60 11.61 0.26
34 61 2.35 0.19
34 62 -10.30 -0.19
34 63 -18.11 -0.21
34 64 -27.66 -0.24
34 65 -33.70 -0.25
34 66 -42.47 -0.24
34 67 -46.79 -0.26
34 68 -54.28 -0.26
34 69 -56.97 -0.19
34 70 -62.72 -0.23
34 71 -64.08 -0.24
34 72 -68.46 -0.24
34 73 -69.00 -0.26
34 74 -72.88 -0.23
34 75 -72.35 -0.25
34 76 -75.71 -0.24
34 77 -75.34 0.24
34 78 -77.70 0.20
34 79 -76.47 0.23
34 80 -78.47 0.22
34 81 -76.50 0.21
34 82 -77.64 0.21
34 83 -74.78 0.10
34 84 -75.56 -0.10
34 85 -72.08 -0.12
34 86 -70.23 -0.16
34 87 -65.72 -0.18
34 88 -63.57 0.20
34 89 -58.42 0.23
34 90 -55.59 0.23
34 91 -50.10 -0.24
34 92 -46.85 -0.23
34 93 -40.86 -0.25
34 94 -37.40 -0.26
34 95 -31.25 -0.26
34 96 -27.24 -0.26
34 97 -20.55 -0.26
34 98 -16.24 -0.27
34 99 -9.31 -0.27
34 100 -4.47 -0.27
34 101 2.73 -0.28
34 102 7.96 -0.26
34 103 15.46 -0.26
34 104 20.95 -0.26
34 105 28.41 0.23
34 106 34.00 0.26
34 107 41.71 0.25
34 108 48.13 0.25
34 109 56.35 0.24
34 110 62.89 0.23
34 111 71.14 0.23
34 112 78.18 0.19
34 113 86.61 0.22
34 114 93.82 0.15
34 115 102.53 0.19
34 116 110.15 0.13
34 117 119.06 -0.10
34 118 126.63 0.14
34 119 135.66 0.17
34 120 143.70 0.15
34 121 152.41 -0.15
34 122 161.13 -0.14
35 60 42.06 0.30
35 61 24.31 0.23
35 62 14.45 -0.18
35 63 0.92 -0.18
35 64 -7.05 -0.18
35 65 -17.24 -0.20
35 66 -23.66 -0.20
35 67 -33.00 -0.25
35 68 -38.31 -0.20
35 69 -46.73 -0.20
35 70 -50.31 -0.28
35 71 -57.19 -0.19
35 72 -59.20 -0.27
35 73 -64.32 -0.19
35 74 -65.72 -0.18
35 75 -69.72 -0.18
35 76 -69.88 -0.28
35 77 -73.78 -0.18
35 78 -73.37 -0.14
35 79 -76.86 0.19
35 80 -75.88 0.17
35 81 -78.65 0.17
35 82 -76.99 0.19
35 83 -79.05 0.15
35 84 -77.00 0.09
35 85 -78.07 0.09
35 86 -75.18 -0.13
35 87 -73.77 -0.14
35 88 -69.67 -0.16
35 89 -67.81 0.17
35 90 -63.12 -0.18
35 91 -60.66 0.20
35 92 -55.70 -0.25
35 93 -52.88 -0.25
35 94 -47.53 -0.26
35 95 -44.55 -0.27
35 96 -38.80 -0.26
35 97 -35.19 -0.27
35 98 -28.81 -0.29
35 99 -25.00 -0.28
35 100 -18.51 -0.28
35 101 -14.09 -0.28
35 102 -7.63 -0.29
35 103 -2.57 -0.28
35 104 4.55 -0.28
35 105 9.66 -0.27
35 106 17.21 -0.28
35 107 22.56 -0.27
35 108 30.08 0.27
35 109 36.08 0.26
35 110 43.74 0.18
35 111 49.70 0.18
35 112 57.83 0.17
35 113 64.01 0.15
35 114 72.37 0.14
35 115 78.73 0.14
35 116 87.13 0.06
35 117 93.77 0.06
35 118 102.63 -0.07
35 119 110.15 0.11
35 120 118.92 0.11
35 121 127.00 0.13
35 122 135.63 -0.13
35 123 144.19 -0.14
35 124 153.12 -0.15
36 62 33.85 0.20
36 63 23.52 0.19
36 64 10.06 -0.20
36 65 0.75 -0.22
36 66 -10.15 -0.22
36 67 -17.23 -0.24
36 68 -27.14 -0.25
36 69 -33.17 -0.28
36 70 -41.97 -0.28
36 71 -46.53 -0.26
36 72 -54.51 -0.24
36 73 -57.52 -0.25
36 74 -63.32 -0.24
36 75 -65.14 -0.20
36 76 -69.72 -0.24
36 77 -70.20 -0.28
36 78 -74.66 -0.23
36 79 -74.78 -0.21
36 80 -78.43 0.18
36 81 -77.99 0.23
36 82 -81.16 0.19
36 83 -80.09 0.21
36 84 -82.29 -0.11
36 85 -80.93 0.08
36 86 -82.77 -0.09
36 87 -80.24 -0.13
36 88 -79.34 -0.13
36 89 -75.72 -0.16
36 90 -74.26 -0.18
36 91 -70.00 -0.21
36 92 -68.10 -0.20
36 93 -63.44 -0.22
36 94 -60.99 -0.22
36 95 -56.09 -0.20
36 96 -53.30 -0.25
36 97 -47.81 -0.26
36 98 -44.82 -0.27
36 99 -38.97 -0.25
36 100 -35.43 -0.25
36 101 -29.42 -0.27
36 102 -25.47 -0.26
36 103 -18.85 -0.26
36 104 -14.62 -0.26
36 105 -7.71 0.31
36 106 -3.07 -0.24
36 107 4.07 -0.21
36 108 9.01 -0.24
36 109 16.04 0.26
36 110 21.66 -0.20
36 111 29.11 0.23
36 112 34.85 0.18
36 113 42.60 0.16
36 114 48.23 0.14
36 115 56.41 0.11
36 116 62.06 0.10
36 117 70.06 0.06
36 118 76.09 -0.05
36 119 85.22 0.05
36 120 92.25 -0.09
36 121 101.01 -0.10
36 122 108.89 -0.11
36 123 117.64 -0.13
36 124 125.89 -0.15
36 125 135.24 -0.10
36 126 143.18 -0.15
37 64 36.73 -0.24
37 65 22.53 -0.23
37 66 12.83 -0.23
37 67 1.64 -0.24
37 68 -6.62 -0.25
37 69 -16.79 -0.24
37 70 -23.29 -0.25
37 71 -32.84 -0.25
37 72 -38.10 -0.27
37 73 -46.79 -0.25
37 74 -50.88 -0.24
37 75 -57.63 -0.22
37 76 -60.03 -0.20
37 77 -65.36 -0.23
37 78 -66.36 -0.22
37 79 -71.23 -0.22
37 80 -71.94 -0.21
37 81 -75.96 -0.22
37 82 -76.39 0.23
37 83 -79.78 0.15
37 84 -79.51 0.20
37 85 -82.07 0.11
37 86 -81.48 0.10
37 87 -83.60 -0.10
37 88 -81.45 -0.12
37 89 -81.09 -0.14
37 90 -77.86 -0.15
37 91 -76.98 -0.18
37 92 -73.29 -0.21
37 93 -71.69 -0.21
37 94 -67.59 -0.22
37 95 -65.67 -0.22
37 96 -60.55 -0.20
37 97 -58.73 -0.24
37 98 -53.79 -0.25
37 99 -50.61 0.43
37 100 -45.30 0.40
37 101 -42.67 -0.26
37 102 -36.81 0.43
37 103 -33.03 0.43
37 104 -27.11 0.41
37 105 -22.95 0.37
37 106 -16.73 0.41
37 107 -12.83 -0.24
37 108 -5.88 -0.21
37 109 -1.47 -0.21
37 110 5.55 -0.21
37 111 10.27 -0.18
37 112 17.54 -0.17
37 113 22.77 0.15
37 114 29.89 -0.13
37 115 35.24 0.12
37 116 42.86 0.09
37 117 48.15 0.07
37 118 55.72 0.05
37 119 61.35 0.03
37 120 70.09 0.05
37 121 77.11 -0.08
37 122 85.59 -0.10
37 123 93.38 -0.12
37 124 101.92 -0.12
37 125 109.91 -0.13
37 126 119.14 -0.13
37 127 126.76 -0.14
37 128 136.11 -0.13
38 66 32.51 -0.19
38 67 22.04 -0.20
38 68 10.28 -0.22
38 69 1.94 -0.25
38 70 -9.38 -0.25
38 71 -16.52 -0.28
38 72 -26.52 -0.28
38 73 -32.16 -0.30
38 74 -41.77 -0.24
38 75 -46.54 -0.25
38 76 -54.36 -0.24
38 77 -57.81 -0.19
38 78 -63.84 -0.22
38 79 -65.41 -0.25
38 80 -70.76 -0.22
38 81 -71.74 -0.13
38 82 -76.38 -0.17
38 83 -77.31 -0.16
38 84 -81.09 -0.15
38 85 -80.71 0.20
38 86 -84.35 -0.09
38 87 -84.18 0.09
38 88 -87.05 0.08
38 89 -85.29 -0.12
38 90 -85.32 -0.14
38 91 -82.42 -0.16
38 92 -82.10 -0.16
38 93 -78.68 -0.18
38 94 -77.58 -0.18
38 95 -73.71 -0.20
38 96 -72.20 -0.22
38 97 -67.58 -0.19
38 98 -66.03 -0.21
38 99 -61.53 -0.24
38 100 -59.26 -0.25
38 101 -54.34 -0.24
38 102 -51.62 -0.26
38 103 -46.39 0.40
38 104 -43.08 0.40
38 105 -37.48 0.41
38 106 -33.74 0.39
38 107 -27.73 0.43
38 108 -24.01 -0.22
38 109 -17.44 -0.19
38 110 -13.46 -0.20
38 111 -6.84 -0.21
38 112 -2.42 -0.18
38 113 4.49 -0.18
38 114 9.12 -0.15
38 115 16.28 -0.13
38 116 21.14 0.10
38 117 28.63 0.08
38 118 33.22 -0.07
38 119 40.60 0.04
38 120 46.22 0.00
38 121 54.62 0.05
38 122 61.17 -0.07
38 123 69.81 -0.08
38 124 77.05 -0.09
38 125 85.84 -0.11
38 126 93.54 -0.14
38 127 102.30 -0.10
38 128 110.06 -0.12
38 129 119.39 -0.14
38 130 127.25 -0.13
39 68 35.40 -0.18
39 69 23.28 -0.22
39 70 14.24 -0.26
39 71 2.28 -0.26
39 72 -5.54 -0.26
39 73 -15.97 -0.26
39 74 -22.49 -0.28
39 75 -31.52 0.16
39 76 -37.33 0.27
39 77 -45.65 0.14
39 78 -49.82 0.13
39 79 -57.88 -0.19
39 80 -60.37 -0.19
39 81 -66.26 -0.18
39 82 -67.92 0.18
39 83 -72.93 -0.18
39 84 -74.27 -0.16
39 85 -78.49 -0.17
39 86 -78.80 0.12
39 87 -82.78 0.09
39 88 -83.48 0.08
39 89 -86.73 0.08
39 90 -85.21 -0.12
39 91 -85.58 -0.14
39 92 -83.20 -0.15
39 93 -83.46 -0.16
39 94 -80.42 -0.16
39 95 -79.89 -0.18
39 96 -76.52 -0.18
39 97 -75.37 -0.19
39 98 -71.24 -0.24
39 99 -70.14 -0.19
39 100 -66.07 -0.24
39 101 -64.26 -0.24
39 102 -60.09 0.46
39 103 -57.80 0.42
39 104 -53.19 0.42
39 105 -50.25 0.41
39 106 -45.09 0.40
39 107 -41.77 0.40
39 108 -36.24 0.44
39 109 -32.37 0.38
39 110 -26.61 -0.18
39 111 -22.88 -0.23
39 112 -16.63 -0.21
39 113 -12.55 -0.16
39 114 -6.18 -0.17
39 115 -1.33 0.08
39 116 4.99 -0.16
39 117 9.44 0.06
39 118 16.44 0.06
39 119 20.68 0.05
39 120 27.53 0.04
39 121 32.40 -0.04
39 122 40.62 0.05
39 123 47.49 0.05
39 124 56.05 0.05
39 125 63.01 -0.06
39 126 71.73 -0.06
39 127 79.13 -0.06
39 128 87.75 0.07
39 129 95.27 -0.07
39 130 104.33 0.04
39 131 111.91 -0.07
39 132 121.06 -0.06
40 70 32.73 -0.22
40 71 23.25 -0.24
40 72 10.77 -0.27
40 73 2.57 -0.27
40 74 -8.38 -0.24
40 75 -15.62 -0.20
40 76 -25.96 -0.23
40 77 -30.99 0.25
40 78 -40.55 0.17
40 79 -45.78 0.14
40 80 -54.27 -0.22
40 81 -57.54 0.14
40 82 -64.21 -0.22
40 83 -66.27 -0.21
40 84 -71.99 0.15
40 85 -73.42 0.22
40 86 -78.34 -0.13
40 87 -78.94 0.11
40 88 -83.53 -0.07
40 89 -84.59 0.08
40 90 -88.53 0.07
40 91 -87.40 -0.11
40 92 -88.22 -0.09
40 93 -86.16 -0.14
40 94 -86.85 -0.16
40 95 -84.37 -0.17
40 96 -84.17 -0.19
40 97 -81.16 -0.20
40 98 -80.47 -0.21
40 99 -76.93 -0.23
40 100 -76.10 -0.23
40 101 -72.39 -0.23
40 102 -70.94 -0.24
40 103 -66.69 -0.24
40 104 -64.86 0.38
40 105 -60.56 0.40
40 106 -58.22 -0.25
40 107 -53.24 -0.25
40 108 -50.70 -0.24
40 109 -45.15 -0.24
40 110 -42.25 -0.23
40 111 -36.49 -0.23
40 112 -33.36 -0.20
40 113 -27.33 -0.20
40 114 -23.62 -0.19
40 115 -17.43 -0.19
40 116 -13.42 -0.15
40 117 -6.95 -0.14
40 118 -2.77 -0.10
40 119 3.90 0.08
40 120 7.70 -0.06
40 121 14.39 0.05
40 122 19.30 0.00
40 123 26.86 -0.06
40 124 33.46 0.05
40 125 42.01 0.05
40 126 48.64 -0.08
40 127 57.16 -0.07
40 128 64.28 -0.07
40 129 72.92 0.07
40 130 80.18 -0.11
40 131 88.67 -0.12
40 132 96.38 -0.12
40 133 105.22 0.08
40 134 113.12 -0.13
41 72 43.09 0.28
41 73 23.47 -0.24
41 74 15.18 -0.28
41 75 3.49 -0.28
41 76 -4.16 -0.28
41 77 -14.88 -0.23
41 78 -21.33 0.24
41 79 -31.41 -0.21
41 80 -37.02 0.13
41 81 -45.88 0.16
41 82 -49.59 -0.24
41 83 -57.69 0.13
41 84 -60.70 -0.14
41 85 -67.18 0.13
41 86 -68.86 0.14
41 87 -74.72 0.13
41 88 -75.96 -0.14
41 89 -80.52 -0.07
41 90 -82.28 0.07
41 91 -86.48 -0.07
41 92 -86.00 -0.11
41 93 -86.92 -0.07
41 94 -85.58 -0.11
41 95 -86.73 0.12
41 96 -84.43 -0.18
41 97 -84.67 0.13
41 98 -82.32 0.13
41 99 -81.93 -0.21
41 100 -78.58 0.29
41 101 -78.34 -0.25
41 102 -75.23 -0.24
41 103 -74.28 -0.24
41 104 -70.60 -0.26
41 105 -69.20 -0.25
41 106 -65.07 -0.25
41 107 -63.16 -0.24
41 108 -58.90 -0.24
41 109 -56.75 -0.24
41 110 -51.76 -0.24
41 111 -49.04 -0.24
41 112 -43.32 -0.24
41 113 -40.65 -0.23
41 114 -34.94 -0.21
41 115 -31.68 -0.18
41 116 -25.97 -0.18
41 117 -22.21 -0.14
41 118 -16.47 -0.09
41 119 -12.75 -0.07
41 120 -6.71 -0.07
41 121 -2.96 -0.07
41 122 3.30 0.06
41 123 7.57 -0.04
41 124 15.17 -0.06
41 125 21.55 -0.07
41 126 29.72 -0.08
41 127 36.10 -0.08
41 128 44.61 -0.09
41 129 51.28 -0.09
41 130 59.59 -0.10
41 131 66.82 -0.09
41 132 75.19 -0.11
41 133 82.62 -0.10
41 134 91.16 -0.10
41 135 98.88 -0.10
41 136 107.66 -0.12
42 74 33.49 0.24
42 75 23.88 -0.27
42 76 11.95 -0.27
42 77 3.64 -0.19
42 78 -7.68 -0.21
42 79 -15.05 -0.23
42 80 -25.38 -0.20
42 81 -31.12 0.11
42 82 -40.91 -0.21
42 83 -45.72 -0.19
42 84 -54.16 0.14
42 85 -57.80 0.07
42 86 -65.01 0.14
42 87 -67.50 0.23
42 88 -73.48 0.13
42 89 -74.96 0.11
42 90 -79.88 0.04
42 91 -82.31 0.07
42 92 -86.66 0.04
42 93 -86.59 -0.07
42 94 -88.31 0.07
42 95 -87.29 0.13
42 96 -88.79 -0.14
42 97 -87.20 -0.17
42 98 -87.90 0.19
42 99 -85.77 -0.18
42 100 -86.01 -0.19
42 101 -83.30 -0.20
42 102 -83.32 -0.22
42 103 -80.37 -0.23
42 104 -79.81 -0.23
42 105 -76.43 -0.23
42 106 -75.55 -0.23
42 107 -71.70 -0.25
42 108 -70.42 -0.23
42 109 -66.43 -0.24
42 110 -64.53 -0.24
42 111 -59.86 -0.22
42 112 -57.85 -0.23
42 113 -52.60 -0.23
42 114 -50.21 -0.22
42 115 -44.95 -0.19
42 116 -42.09 -0.20
42 117 -36.52 -0.20
42 118 -33.05 0.15
42 119 -27.38 -0.09
42 120 -24.35 0.11
42 121 -18.26 0.09
42 122 -15.08 0.06
42 123 -9.18 0.05
42 124 -5.44 -0.04
42 125 2.21 -0.06
42 126 8.29 -0.05
42 127 16.25 0.05
42 128 22.44 0.09
42 129 30.65 -0.07
42 130 37.12 0.09
42 131 45.45 0.10
42 132 52.51 -0.09
42 133 60.88 -0.08
42 134 68.14 -0.15
42 135 76.13 -0.13
42 136 83.66 -0.17
42 137 92.16 -0.16
42 138 99.85 -0.20
42 139 108.14 -0.20
42 140 116.34 -0.22
42 141 125.36 -0.20
42 142 133.21 -0.23
42 143 142.48 -0.25
42 144 150.36 -0.22
42 145 159.35 -0.21
42 146 167.98 -0.23
43 76 36.74 0.27
43 77 24.41 -0.25
43 78 15.72 -0.20
43 79 3.93 -0.25
43 80 -3.86 -0.25
43 81 -14.66 -0.23
43 82 -21.77 -0.19
43 83 -31.23 -0.21
43 84 -36.87 -0.18
43 85 -45.68 -0.17
43 86 -51.28 0.16
43 87 -58.31 0.08
43 88 -61.94 0.18
43 89 -68.73 0.15
43 90 -70.64 0.14
43 91 -76.40 0.08
43 92 -78.85 0.06
43 93 -83.52 -0.07
43 94 -83.83 0.07
43 95 -86.08 0.07
43 96 -85.42 0.16
43 97 -87.57 0.17
43 98 -86.23 0.18
43 99 -87.74 0.18
43 100 -85.92 0.19
43 101 -86.65 0.24
43 102 -84.54 0.18
43 103 -84.29 0.31
43 104 -81.86 0.32
43 105 -81.68 0.32
43 106 -78.66 -0.23
43 107 -78.06 -0.24
43 108 -74.91 0.34
43 109 -73.87 -0.24
43 110 -70.36 -0.23
43 111 -68.82 -0.23
43 112 -64.68 -0.24
43 113 -62.95 -0.22
43 114 -58.30 -0.22
43 115 -56.20 -0.20
43 116 -51.41 -0.19
43 117 -48.77 -0.18
43 118 -43.69 0.15
43 119 -41.08 0.15
43 120 -36.00 0.12
43 121 -33.00 0.12
43 122 -27.40 0.11
43 123 -24.35 0.06
43 124 -19.00 0.06
43 125 -15.28 -0.04
43 126 -8.21 0.06
43 127 -2.23 0.06
43 128 5.48 0.06
43 129 11.45 0.12
43 130 19.37 0.07
43 131 25.48 0.13
43 132 33.72 0.13
43 133 40.26 0.16
43 134 48.36 0.14
43 135 55.34 0.14
43 136 63.90 0.18
43 137 70.68 -0.13
43 138 78.87 -0.15
43 139 86.46 -0.15
43 140 95.37 -0.20
43 141 102.61 -0.22
43 142 111.40 -0.16
43 143 119.08 -0.22
43 144 127.97 -0.23
43 145 135.73 -0.22
43 146 144.85 -0.24
43 147 152.85 -0.23
43 148 162.48 -0.20
44 78 33.94 0.22
44 79 24.88 -0.18
44 80 12.57 -0.21
44 81 4.26 -0.24
44 82 -7.04 -0.21
44 83 -14.36 0.11
44 84 -24.83 0.17
44 85 -30.94 -0.11
44 86 -40.73 0.15
44 87 -45.99 0.08
44 88 -54.54 0.15
44 89 -58.69 0.22
44 90 -65.96 0.14
44 91 -68.58 0.12
44 92 -75.31 0.14
44 93 -77.74 0.07
44 94 -82.94 0.04
44 95 -83.51 -0.07
44 96 -86.27 -0.07
44 97 -85.94 0.11
44 98 -88.39 0.16
44 99 -87.34 0.18
44 100 -89.32 0.20
44 101 -87.93 0.20
44 102 -89.26 0.21
44 103 -87.14 0.19
44 104 -88.15 0.24
44 105 -85.79 0.21
44 106 -85.95 0.26
44 107 -83.34 0.26
44 108 -83.18 -0.24
44 109 -80.58 0.27
44 110 -79.72 -0.23
44 111 -76.44 -0.24
44 112 -75.42 -0.23
44 113 -71.52 -0.24
44 114 -70.19 -0.22
44 115 -65.92 -0.23
44 116 -64.30 -0.22
44 117 -59.62 0.21
44 118 -57.51 -0.19
44 119 -52.76 -0.19
44 120 -50.42 0.14
44 121 -45.69 0.11
44 122 -42.99 0.11
44 123 -37.70 0.08
44 124 -35.25 0.07
44 125 -30.20 0.05
44 126 -26.43 0.00
44 127 -19.99 -0.05
44 128 -14.26 0.05
44 129 -6.77 0.07
44 130 -1.07 0.08
44 131 6.62 0.08
44 132 12.48 0.12
44 133 20.43 0.13
44 134 26.72 0.15
44 135 34.72 0.09
44 136 41.49 0.15
44 137 49.72 0.11
44 138 56.32 0.19
44 139 64.47 0.14
44 140 71.47 0.20
44 141 80.71 -0.19
44 142 86.98 0.23
44 143 95.69 -0.22
44 144 102.88 0.25
44 145 111.81 -0.22
44 146 118.99 0.26
44 147 126.98 0.26
44 148 135.95 -0.22
44 149 144.41 0.24
44 150 152.82 -0.23
45 80 37.51 0.20
45 81 25.00 -0.18
45 82 16.27 -0.22
45 83 4.44 -0.17
45 84 -3.64 -0.17
45 85 -14.05 -0.21
45 86 -21.21 -0.16
45 87 -31.18 0.24
45 88 -37.47 0.18
45 89 -46.49 0.21
45 90 -51.58 0.21
45 91 -59.32 0.20
45 92 -62.69 0.12
45 93 -69.53 -0.11
45 94 -73.11 0.08
45 95 -78.24 0.04
45 96 -79.75 -0.09
45 97 -82.30 0.06
45 98 -82.86 0.19
45 99 -85.84 0.19
45 100 -85.30 0.20
45 101 -87.75 0.21
45 102 -86.79 0.21
45 103 -88.58 0.22
45 104 -87.14 0.24
45 105 -88.38 0.23
45 106 -86.56 0.22
45 107 -87.09 0.25
45 108 -84.81 0.27
45 109 -85.03 0.26
45 110 -82.56 0.26
45 111 -82.07 0.28
45 112 -79.34 0.28
45 113 -78.34 -0.24
45 114 -75.32 0.26
45 115 -73.89 -0.21
45 116 -70.06 -0.20
45 117 -68.73 -0.20
45 118 -64.68 -0.19
45 119 -63.00 -0.14
45 120 -58.96 0.18
45 121 -56.82 0.16
45 122 -52.40 0.12
45 123 -50.05 0.09
45 124 -45.34 0.08
45 125 -42.92 -0.05
45 126 -38.58 0.05
45 127 -35.79 -0.03
45 128 -29.13 0.04
45 129 -23.50 0.05
45 130 -16.40 0.07
45 131 -10.72 0.08
45 132 -3.41 0.09
45 133 2.50 0.11
45 134 10.10 0.13
45 135 16.24 0.16
45 136 23.90 0.16
45 137 30.32 0.18
45 138 37.90 0.20
45 139 44.38 0.19
45 140 52.14 0.21
45 141 58.88 0.22
45 142 66.97 0.24
45 143 73.85 0.27
45 144 81.99 0.21
45 145 89.17 0.26
45 146 97.84 0.27
45 147 104.92 0.28
45 148 113.31 0.27
45 149 121.08 0.27
45 150 129.75 0.27
45 151 137.53 0.27
45 152 146.62 0.26
46 82 34.62 0.19
46 83 25.44 0.15
46 84 12.98 -0.17
46 85 4.70 0.10
46 86 -6.32 -0.17
46 87 -13.54 -0.09
46 88 -24.81 0.14
46 89 -31.27 0.08
46 90 -41.08 0.16
46 91 -46.48 0.21
46 92 -55.15 0.15
46 93 -59.20 0.11
46 94 -67.00 -0.10
46 95 -70.76 0.09
46 96 -76.75 -0.04
46 97 -78.19 -0.06
46 98 -81.83 0.08
46 99 -82.36 0.11
46 100 -85.62 0.17
46 101 -85.38 0.18
46 102 -88.12 0.19
46 103 -87.14 0.20
46 104 -89.62 0.20
46 105 -88.72 0.19
46 106 -90.27 0.21
46 107 -88.83 0.21
46 108 -89.86 0.22
46 109 -87.95 0.24
46 110 -88.45 0.24
46 111 -86.28 0.24
46 112 -86.28 0.25
46 113 -83.54 -0.24
46 114 -83.42 0.24
46 115 -80.53 0.25
46 116 -79.81 0.22
46 117 -76.25 0.16
46 118 -75.45 0.22
46 119 -72.08 0.19
46 120 -70.50 0.18
46 121 -66.86 0.13
46 122 -65.13 0.14
46 123 -61.24 0.13
46 124 -59.18 0.11
46 125 -54.68 0.09
46 126 -52.83 0.06
46 127 -48.63 0.05
46 128 -45.65 0.00
46 129 -39.65 0.05
46 130 -34.53 -0.05
46 131 -27.37 0.07
46 132 -22.30 0.09
46 133 -15.12 0.09
46 134 -9.66 0.12
46 135 -2.34 0.13
46 136 3.50 0.15
46 137 11.20 0.14
46 138 17.11 0.16
46 139 24.69 0.13
46 140 31.01 0.20
46 141 38.73 0.16
46 142 45.21 0.21
46 143 53.08 0.24
46 144 59.53 0.22
46 145 67.59 0.20
46 146 74.41 0.25
46 147 82.55 0.24
46 148 89.74 0.26
46 149 97.89 0.23
46 150 105.15 0.25
46 151 113.73 0.25
46 152 121.34 0.23
46 153 129.80 0.25
46 154 137.60 0.25
47 84 38.50 0.16
47 85 25.76 -0.18
47 86 16.97 0.11
47 87 5.42 0.14
47 88 -2.81 -0.10
47 89 -13.76 0.13
47 90 -21.36 0.15
47 91 -31.27 0.14
47 92 -37.59 0.14
47 93 -46.75 0.15
47 94 -51.81 0.11
47 95 -59.84 0.11
47 96 -64.80 0.08
47 97 -70.73 0.04
47 98 -73.00 0.07
47 99 -76.76 0.08
47 100 -77.92 0.12
47 101 -81.43 0.15
47 102 -81.80 0.17
47 103 -84.74 0.19
47 104 -84.83 0.18
47 105 -87.08 0.20
47 106 -86.47 0.18
47 107 -88.57 0.22
47 108 -87.55 0.19
47 109 -88.99 0.21
47 110 -87.67 0.23
47 111 -88.60 0.22
47 112 -86.97 0.23
47 113 -87.30 0.24
47 114 -85.07 0.27
47 115 -85.27 0.23
47 116 -82.79 0.23
47 117 -82.49 0.22
47 118 -79.26 0.21
47 119 -79.03 0.21
47 120 -75.92 0.19
47 121 -74.83 0.19
47 122 -71.23 0.15
47 123 -69.82 0.11
47 124 -66.41 0.10
47 125 -64.89 0.09
47 126 -61.17 0.07
47 127 -59.38 0.06
47 128 -55.97 0.04
47 129 -53.48 0.00
47 130 -47.60 0.04
47 131 -42.55 0.06
47 132 -35.94 0.05
47 133 -30.88 0.05
47 134 -23.91 0.08
47 135 -18.36 0.08
47 136 -11.09 0.16
47 137 -5.46 0.17
47 138 1.85 0.17
47 139 7.33 0.20
47 140 14.52 0.17
47 141 20.57 0.20
47 142 27.99 0.23
47 143 34.07 0.20
47 144 41.63 0.24
47 145 47.76 0.25
47 146 55.60 0.22
47 147 61.99 0.28
47 148 70.11 0.27
47 149 76.74 0.28
47 150 84.99 0.22
47 151 91.86 0.28
47 152 100.12 0.24
47 153 107.35 0.26
47 154 115.73 0.24
47 155 123.27 0.24
47 156 131.59 0.22
48 86 35.66 -0.15
48 87 26.05 0.09
48 88 13.66 0.13
48 89 5.46 -0.09
48 90 -6.30 0.12
48 91 -14.19 0.16
48 92 -24.70 0.12
48 93 -31.18 0.11
48 94 -40.91 -0.10
48 95 -46.60 0.10
48 96 -55.56 0.12
48 97 -60.91 0.08
48 98 -67.97 -0.03
48 99 -70.62 -0.08
48 100 -75.24 0.11
48 101 -76.13 0.09
48 102 -80.25 0.11
48 103 -80.79 0.14
48 104 -84.32 0.17
48 105 -84.46 0.17
48 106 -87.21 0.18
48 107 -87.04 0.17
48 108 -89.28 0.21
48 109 -88.58 0.21
48 110 -90.48 0.22
48 111 -89.33 0.21
48 112 -90.81 0.22
48 113 -89.31 0.23
48 114 -90.14 0.23
48 115 -87.96 0.21
48 116 -88.75 0.23
48 117 -86.73 0.22
48 118 -86.39 -0.16
48 119 -83.63 0.14
48 120 -83.73 -0.13
48 121 -81.38 0.13
48 122 -80.38 -0.10
48 123 -77.93 0.11
48 124 -76.80 -0.10
48 125 -73.48 0.11
48 126 -72.66 0.06
48 127 -68.36 0.00
48 128 -67.32 0.00
48 129 -64.67 0.05
48 130 -62.53 0.00
48 131 -57.01 -0.04
48 132 -52.38 -0.05
48 133 -45.70 0.06
48 134 -41.03 0.08
48 135 -34.26 0.08
48 136 -29.32 0.10
48 137 -22.35 0.12
48 138 -17.19 0.12
48 139 -10.19 0.09
48 140 -4.46 0.14
48 141 2.71 0.16
48 142 8.34 0.17
48 143 15.86 0.14
48 144 21.58 0.20
48 145 28.82 0.22
48 146 34.93 0.22
48 147 42.69 0.17
48 148 48.76 0.23
48 149 56.29 0.21
48 150 62.78 0.25
48 151 70.46 0.24
48 152 77.25 0.25
48 153 85.41 0.24
48 154 92.45 0.25
48 155 100.53 0.23
48 156 107.84 0.24
48 157 116.07 0.23
48 158 123.33 0.22
48 159 132.05 0.22
48 160 139.12 0.21
48 161 147.64 0.20
48 162 155.19 0.19
48 163 163.84 0.19
49 88 39.70 0.09
49 89 26.89 0.16
49 90 18.34 -0.10
49 91 6.07 0.12
49 92 -2.42 0.07
49 93 -13.22 0.12
49 94 -21.07 0.09
49 95 -31.43 0.10
49 96 -38.02 0.08
49 97 -47.39 0.08
49 98 -53.26 0.07
49 99 -61.22 0.06
49 100 -63.70 0.05
49 101 -68.96 0.08
49 102 -70.53 0.08
49 103 -74.58 0.08
49 104 -75.84 0.10
49 105 -79.34 0.10
49 106 -79.61 0.14
49 107 -82.98 0.15
49 108 -83.50 0.15
49 109 -86.18 0.16
49 110 -85.84 0.15
49 111 -88.25 0.16
49 112 -87.42 0.23
49 113 -89.22 0.16
49 114 -88.29 0.23
49 115 -89.66 0.16
49 116 -87.70 0.28
49 117 -88.84 0.10
49 118 -87.33 0.10
49 119 -87.83 0.11
49 120 -86.03 0.09
49 121 -86.01 0.09
49 122 -84.12 0.09
49 123 -84.11 0.08
49 124 -81.67 0.08
49 125 -81.34 0.06
49 126 -78.86 0.07
49 127 -77.77 0.05
49 128 -74.69 0.04
49 129 -73.06 0.00
49 130 -70.98 0.05
49 131 -69.05 0.00
49 132 -62.89 0.00
49 133 -59.85 0.05
49 134 -53.56 0.06
49 135 -49.06 0.07
49 136 -42.61 0.07
49 137 -37.77 0.08
49 138 -30.92 0.06
49 139 -25.87 0.10
49 140 -19.23 0.08
49 141 -13.53 0.10
49 142 -6.42 0.11
49 143 -0.88 0.11
49 144 6.02 0.12
49 145 11.82 0.24
49 146 19.26 0.22
49 147 24.60 0.25
49 148 32.06 0.30
49 149 37.76 0.27
49 150 45.31 0.27
49 151 51.29 0.27
49 152 59.23 0.28
49 153 65.66 0.26
49 154 73.18 0.26
49 155 79.92 0.27
49 156 87.89 0.26
49 157 94.89 0.26
49 158 103.10 0.26
49 159 110.16 0.25
49 160 118.39 0.17
49 161 125.05 0.16
49 162 133.57 0.11
49 163 140.36 0.14
49 164 148.67 0.09
49 165 155.87 0.09
50 90 38.83 0.00
50 91 27.45 -0.09
50 92 16.79 0.00
50 93 5.94 0.15
50 94 -3.75 0.00
50 95 -13.37 0.08
50 96 -24.40 -0.09
50 97 -31.03 0.07
50 98 -40.06 0.00
50 99 -47.89 0.06
50 100 -55.54 0.00
50 101 -59.80 -0.07
50 102 -65.13 0.04
50 103 -67.12 -0.09
50 104 -71.43 0.04
50 105 -72.94 -0.05
50 106 -77.06 0.06
50 107 -78.46 -0.09
50 108 -81.84 0.17
50 109 -82.45 0.13
50 110 -85.39 0.16
50 111 -85.42 0.16
50 112 -88.07 0.18
50 113 -87.78 0.16
50 114 -89.93 0.15
50 115 -89.35 -0.14
50 116 -91.03 -0.13
50 117 -89.85 -0.10
50 118 -91.45 -0.10
50 119 -89.94 -0.08
50 120 -91.27 -0.10
50 121 -89.37 0.06
50 122 -90.22 -0.08
50 123 -88.28 0.07
50 124 -88.67 0.07
50 125 -86.38 -0.07
50 126 -86.27 0.03
50 127 -83.83 -0.06
50 128 -84.06 0.04
50 129 -80.64 0.00
50 130 -80.36 0.00
50 131 -77.44 0.00
50 132 -77.06 0.00
50 133 -71.15 0.00
50 134 -67.32 0.00
50 135 -61.54 0.05
50 136 -57.73 -0.06
50 137 -51.19 0.06
50 138 -46.81 -0.06
50 139 -40.43 0.05
50 140 -35.43 0.08
50 141 -29.08 0.08
50 142 -23.69 0.10
50 143 -16.87 0.10
50 144 -11.69 0.10
50 145 -5.00 0.10
50 146 0.83 0.12
50 147 7.88 0.20
50 148 13.48 0.27
50 149 20.44 0.30
50 150 25.99 0.27
50 151 33.18 0.27
50 152 39.00 0.27
50 153 46.54 0.21
50 154 52.49 0.27
50 155 59.94 0.26
50 156 66.53 0.27
50 157 74.28 0.26
50 158 80.99 0.23
50 159 88.94 0.22
50 160 95.74 0.21
50 161 103.39 -0.10
50 162 110.27 -0.12
50 163 118.29 -0.08
50 164 125.04 0.08
50 165 132.86 0.06
50 166 139.76 0.07
50 167 147.75 0.08
50 168 154.85 0.06
50 169 163.28 -0.08
50 170 169.90 0.05
50 171 178.65 0.05
50 172 185.34 0.03
50 173 194.12 0.03
50 174 201.35 0.00
50 175 209.97 -0.04
50 176 217.10 0.00
50 177 225.58 0.03
50 178 234.95 0.00
51 92 46.15 -0.10
51 93 28.62 0.11
51 94 19.60 0.10
51 95 7.62 0.12
51 96 -0.34 0.11
51 97 -12.02 0.11
51 98 -19.35 0.09
51 99 -29.84 0.09
51 100 -36.89 0.07
51 101 -46.22 -0.07
51 102 -50.20 0.08
51 103 -56.47 -0.10
51 104 -58.87 0.11
51 105 -64.28 -0.10
51 106 -66.23 0.13
51 107 -70.78 0.19
51 108 -72.23 0.18
51 109 -76.19 0.19
51 110 -77.09 0.22
51 111 -80.52 0.23
51 112 -81.11 0.21
51 113 -83.90 0.24
51 114 -84.01 0.24
51 115 -86.51 0.25
51 116 -86.45 0.24
51 117 -88.45 -0.15
51 118 -87.37 -0.15
51 119 -89.68 -0.14
51 120 -88.53 -0.15
51 121 -90.13 -0.16
51 122 -88.51 -0.13
51 123 -89.89 -0.15
51 124 -88.18 -0.12
51 125 -88.73 -0.10
51 126 -86.66 -0.09
51 127 -87.21 -0.09
51 128 -84.96 -0.09
51 129 -85.27 -0.08
51 130 -82.44 0.04
51 131 -81.33 0.00
51 132 -80.10 0.04
51 133 -78.79 0.00
51 134 -74.45 -0.05
51 135 -69.67 0.00
51 136 -65.27 0.07
51 137 -61.47 -0.07
51 138 -55.46 0.08
51 139 -51.30 0.09
51 140 -45.22 -0.10
51 141 -40.63 -0.10
51 142 -34.31 -0.11
51 143 -29.37 0.13
51 144 -23.46 0.12
51 145 -18.02 0.25
51 146 -11.66 0.24
51 147 -6.95 0.28
51 148 -0.55 0.28
51 149 4.89 0.27
51 150 11.28 0.28
51 151 16.89 0.32
51 152 23.62 0.30
51 153 29.02 0.30
51 154 36.16 0.31
51 155 41.92 0.30
51 156 48.90 0.28
51 157 55.32 0.27
51 158 62.85 0.27
51 159 69.34 0.28
51 160 77.24 0.19
51 161 83.99 -0.16
51 162 91.95 -0.15
51 163 98.17 -0.14
51 164 105.95 -0.11
51 165 112.58 -0.13
51 166 120.42 -0.10
51 167 126.84 -0.12
51 168 135.34 0.08
51 169 141.56 -0.10
51 170 149.89 -0.09
51 171 156.40 -0.08
51 172 165.13 -0.07
51 173 171.40 -0.05
51 174 180.06 0.05
51 175 186.64 -0.04
51 176 195.54 -0.04
51 177 202.49 0.00
51 178 210.51 0.04
51 179 219.59 -0.04
51 180 228.86 0.05
52 94 39.87 0.11
52 95 30.40 0.15
52 96 18.31 0.14
52 97 9.57 0.11
52 98 -1.95 0.12
52 99 -9.99 0.09
52 100 -20.86 0.10
52 101 -28.48 0.08
52 102 -38.58 0.08
52 103 -43.01 -0.10
52 104 -49.78 0.10
52 105 -52.90 0.15
52 106 -59.04 0.13
52 107 -61.34 0.15
52 108 -66.67 0.18
52 109 -67.49 0.23
52 110 -72.69 0.21
52 111 -73.83 0.24
52 112 -77.83 0.21
52 113 -78.26 0.29
52 114 -81.85 0.27
52 115 -81.84 0.32
52 116 -85.15 0.31
52 117 -85.20 0.32
52 118 -87.79 0.30
52 119 -87.39 0.29
52 120 -89.46 -0.19
52 121 -88.71 -0.16
52 122 -90.63 -0.16
52 123 -89.45 -0.16
52 124 -90.83 -0.14
52 125 -88.69 0.11
52 126 -90.37 -0.13
52 127 -88.74 0.15
52 128 -89.13 -0.09
52 129 -87.60 0.09
52 130 -87.88 0.08
52 131 -85.60 0.07
52 132 -85.78 -0.05
52 133 -83.68 0.05
52 134 -82.73 0.00
52 135 -77.38 0.00
52 136 -74.21 0.00
52 137 -69.50 0.06
52 138 -66.25 0.08
52 139 -60.46 0.08
52 140 -56.79 0.11
52 141 -51.10 0.12
52 142 -47.01 0.14
52 143 -41.18 0.17
52 144 -37.16 0.21
52 145 -31.31 0.20
52 146 -26.89 0.23
52 147 -20.89 0.24
52 148 -16.28 0.26
52 149 -10.07 0.25
52 150 -5.09 0.26
52 151 1.31 0.29
52 152 6.23 0.29
52 153 12.91 0.26
52 154 18.15 0.29
52 155 25.13 0.24
52 156 30.54 0.27
52 157 37.49 0.26
52 158 43.52 0.26
52 159 50.77 0.26
52 160 56.96 0.26
52 161 64.14 0.25
52 162 70.86 0.26
52 163 78.78 0.21
52 164 85.02 0.23
52 165 92.97 0.24
52 166 99.54 -0.15
52 167 107.44 -0.16
52 168 113.84 -0.13
52 169 121.62 0.12
52 170 128.23 0.11
52 171 135.79 0.08
52 172 142.68 0.08
52 173 150.66 0.07
52 174 157.18 0.06
52 175 165.41 0.05
52 176 171.88 0.04
52 177 180.30 -0.05
52 178 187.04 0.00
52 179 195.52 0.04
52 180 204.41 0.03
52 181 213.69 0.05
52 182 222.07 0.04
53 96 44.43 0.19
53 97 31.51 0.13
53 98 23.51 0.20
53 99 11.28 0.12
53 100 3.02 0.17
53 101 -8.23 0.12
53 102 -16.28 0.09
53 103 -26.11 0.07
53 104 -31.65 -0.11
53 105 -38.95 0.11
53 106 -42.82 0.16
53 107 -49.73 0.17
53 108 -52.70 0.20
53 109 -58.74 0.20
53 110 -60.88 0.21
53 111 -66.11 0.20
53 112 -67.58 0.23
53 113 -71.88 0.23
53 114 -73.00 0.31
53 115 -76.90 0.27
53 116 -77.72 0.28
53 117 -81.16 0.30
53 118 -81.70 0.30
53 119 -84.56 0.30
53 120 -84.61 0.30
53 121 -86.77 0.30
53 122 -86.53 0.26
53 123 -88.26 0.24
53 124 -87.20 -0.17
53 125 -88.99 -0.17
53 126 -87.90 -0.17
53 127 -89.12 0.17
53 128 -88.00 0.16
53 129 -88.72 0.14
53 130 -87.28 0.12
53 131 -87.67 0.11
53 132 -85.81 0.10
53 133 -85.88 0.06
53 134 -84.34 0.06
53 135 -84.02 0.05
53 136 -79.73 0.05
53 137 -76.76 0.06
53 138 -71.78 0.10
53 139 -68.80 0.12
53 140 -63.58 0.14
53 141 -60.41 0.15
53 142 -54.87 0.15
53 143 -51.70 0.20
53 144 -45.91 0.20
53 145 -42.58 0.21
53 146 -36.80 0.23
53 147 -33.08 0.25
53 148 -27.26 0.24
53 149 -23.12 0.25
53 150 -17.05 0.25
53 151 -12.59 0.28
53 152 -6.58 0.29
53 153 -1.72 0.29
53 154 4.67 0.28
53 155 9.53 0.29
53 156 16.52 0.24
53 157 21.43 0.29
53 158 28.29 0.25
53 159 33.63 0.27
53 160 41.06 0.25
53 161 46.64 0.26
53 162 53.77 0.24
53 163 60.03 0.26
53 164 67.36 0.25
53 165 73.93 0.25
53 166 81.65 0.24
53 167 88.19 -0.18
53 168 95.58 0.19
53 169 102.09 -0.17
53 170 109.86 -0.16
53 171 116.50 0.09
53 172 124.28 0.11
53 173 130.61 0.08
53 174 138.13 0.07
53 175 144.63 0.06
53 176 152.58 0.04
53 177 158.99 0.04
53 178 166.80 -0.04
53 179 173.36 0.00
53 180 182.12 0.04
53 181 190.77 0.04
53 182 200.03 0.04
53 183 208.49 0.06
53 184 217.78 0.06
54 98 44.23 0.18
54 99 35.06 0.22
54 100 22.63 0.16
54 101 14.33 0.20
54 102 1.62 0.15
54 103 -6.05 0.10
54 104 -16.90 -0.08
54 105 -22.70 -0.11
54 106 -30.59 0.11
54 107 -35.55 0.16
54 108 -42.88 0.17
54 109 -46.60 0.19
54 110 -53.15 0.22
54 111 -56.03 0.22
54 112 -61.36 0.22
54 113 -63.42 0.24
54 114 -68.09 0.24
54 115 -69.66 0.27
54 116 -73.84 0.25
54 117 -75.02 0.28
54 118 -78.77 0.27
54 119 -79.60 0.26
54 120 -82.82 0.29
54 121 -83.08 0.26
54 122 -85.83 0.26
54 123 -85.93 0.25
54 124 -87.98 0.24
54 125 -87.31 0.20
54 126 -89.39 0.22
54 127 -88.52 0.21
54 128 -89.99 0.20
54 129 -89.12 0.16
54 130 -90.05 0.16
54 131 -88.84 0.14
54 132 -89.52 0.12
54 133 -87.85 0.11
54 134 -88.39 -0.08
54 135 -86.80 0.07
54 136 -87.29 0.06
54 137 -82.91 -0.06
54 138 -80.37 0.07
54 139 -75.64 0.11
54 140 -73.11 0.14
54 141 -68.31 0.16
54 142 -65.69 0.18
54 143 -60.49 0.17
54 144 -57.69 0.20
54 145 -51.94 0.21
54 146 -49.08 0.22
54 147 -43.53 0.22
54 148 -40.24 0.24
54 149 -34.72 0.26
54 150 -30.88 0.26
54 151 -25.16 0.25
54 152 -20.98 0.27
54 153 -15.27 0.27
54 154 -10.70 0.27
54 155 -5.02 0.29
54 156 0.20 0.26
54 157 6.18 0.30
54 158 11.46 0.28
54 159 17.90 0.26
54 160 23.29 0.26
54 161 29.91 0.26
54 162 35.74 0.27
54 163 42.96 0.27
54 164 48.57 0.25
54 165 55.86 0.23
54 166 61.90 0.23
54 167 69.44 0.22
54 168 75.53 0.21
54 169 82.97 0.19
54 170 89.34 0.18
54 171 97.07 0.21
54 172 103.18 0.14
54 173 110.82 0.14
54 174 117.22 0.11
54 175 124.63 0.08
54 176 130.99 0.07
54 177 138.70 0.06
54 178 144.88 0.04
54 179 152.40 -0.04
54 180 159.02 0.00
54 181 167.90 0.04
54 182 176.09 0.04
54 183 185.35 0.06
54 184 193.47 0.06
54 185 202.68 0.09
54 186 211.06 0.08
55 108 -24.00 0.18
55 109 -32.20 0.20
55 110 -36.65 0.20
55 111 -43.77 0.21
55 112 -47.02 0.23
55 113 -53.08 0.24
55 114 -55.86 0.26
55 115 -60.82 0.26
55 116 -62.92 0.28
55 117 -67.46 0.29
55 118 -69.11 0.28
55 119 -73.19 0.30
55 120 -74.60 0.32
55 121 -78.07 0.33
55 122 -78.96 0.33
55 123 -81.90 0.31
55 124 -82.22 0.26
55 125 -84.71 0.28
55 126 -84.52 0.26
55 127 -86.57 0.24
55 128 -86.10 0.21
55 129 -87.81 0.21
55 130 -87.20 0.18
55 131 -88.33 0.16
55 132 -87.54 0.15
55 133 -88.39 0.13
55 134 -87.10 0.11
55 135 -87.79 0.08
55 136 -86.41 0.07
55 137 -86.89 0.06
55 138 -83.01 0.06
55 139 -80.93 0.08
55 140 -76.77 0.12
55 141 -74.73 0.15
55 142 -70.33 0.17
55 143 -68.03 0.18
55 144 -63.16 0.21
55 145 -60.83 0.22
55 146 -55.50 0.21
55 147 -53.02 0.24
55 148 -48.00 0.25
55 149 -44.86 0.26
55 150 -39.66 0.26
55 151 -36.30 0.27
55 152 -30.72 0.26
55 153 -27.05 0.29
55 154 -21.58 0.29
55 155 -17.45 0.29
55 156 -11.95 0.29
55 157 -7.16 0.30
55 158 -1.45 0.29
55 159 3.74 0.27
55 160 10.03 0.28
55 161 15.04 0.27
55 162 21.62 0.26
55 163 26.86 0.26
55 164 34.07 0.26
55 165 39.26 0.25
55 166 46.26 0.26
55 167 52.23 0.25
55 168 59.44 0.25
55 169 65.47 0.22
55 170 72.69 0.19
55 171 78.88 0.18
55 172 86.13 0.17
55 173 92.21 0.14
55 174 99.86 0.14
55 175 105.79 0.13
55 176 113.34 0.11
55 177 119.64 0.08
55 178 127.08 0.04
55 179 132.96 -0.04
55 180 140.13 -0.04
55 181 146.36 0.00
55 182 155.57 0.04
55 183 163.74 0.00
55 184 172.66 0.05
55 185 180.65 0.07
55 186 189.96 0.09
55 187 198.02 0.09
55 188 206.75 0.11
56 110 -23.80 0.21
56 111 -28.69 0.23
56 112 -36.62 0.23
56 113 -40.76 0.23
56 114 -47.25 0.27
56 115 -50.45 0.26
56 116 -56.05 0.27
56 117 -58.27 0.30
56 118 -63.37 0.28
56 119 -65.33 0.29
56 120 -69.80 0.30
56 121 -71.39 0.30
56 122 -75.24 0.31
56 123 -76.30 0.30
56 124 -79.70 0.30
56 125 -80.48 0.26
56 126 -83.14 0.27
56 127 -83.40 0.27
56 128 -85.69 0.25
56 129 -85.51 0.23
56 130 -87.45 0.22
56 131 -87.05 0.17
56 132 -88.68 0.18
56 133 -88.03 0.17
56 134 -89.08 0.15
56 135 -87.97 0.12
56 136 -89.03 0.10
56 137 -87.78 0.07
56 138 -88.97 0.06
56 139 -85.21 -0.06
56 140 -83.42 0.09
56 141 -79.53 0.12
56 142 -77.83 0.16
56 143 -73.67 0.18
56 144 -71.83 0.19
56 145 -67.40 0.19
56 146 -65.34 0.23
56 147 -60.54 0.22
56 148 -58.23 0.24
56 149 -53.30 0.24
56 150 -50.71 0.26
56 151 -45.75 0.27
56 152 -42.67 0.29
56 153 -37.51 0.31
56 154 -34.14 0.29
56 155 -28.86 0.30
56 156 -25.01 0.30
56 157 -19.70 0.28
56 158 -15.31 0.30
56 159 -9.52 0.29
56 160 -4.95 0.29
56 161 0.99 0.29
56 162 5.90 0.29
56 163 12.30 0.26
56 164 17.31 0.27
56 165 24.15 0.28
56 166 29.25 0.26
56 167 36.07 0.25
56 168 41.61 0.23
56 169 48.58 0.22
56 170 54.23 0.21
56 171 61.41 0.21
56 172 67.15 0.19
56 173 74.22 0.16
56 174 80.45 0.16
56 175 87.71 0.15
56 176 93.61 0.13
56 177 100.97 0.11
56 178 106.87 0.07
56 179 114.31 0.06
56 180 119.80 -0.04
56 181 126.88 -0.05
56 182 133.05 0.00
56 183 142.39 0.04
56 184 149.64 0.04
56 185 159.11 0.04
56 186 166.78 0.07
56 187 175.89 0.09
56 188 183.93 0.11
56 189 192.71 0.11
56 190 201.17 0.15
57 112 -17.40 0.26
57 113 -25.53 0.22
57 114 -30.25 0.23
57 115 -37.52 0.25
57 116 -41.47 0.28
57 117 -47.61 0.33
57 118 -50.77 0.32
57 119 -56.24 0.34
57 120 -58.45 0.31
57 121 -63.37 0.33
57 122 -65.27 0.34
57 123 -69.45 0.33
57 124 -70.75 0.32
57 125 -74.46 0.32
57 126 -75.51 0.30
57 127 -78.46 0.30
57 128 -78.89 0.28
57 129 -81.72 0.24
57 130 -81.79 0.23
57 131 -84.16 0.22
57 132 -84.04 0.18
57 133 -85.97 0.19
57 134 -85.39 0.16
57 135 -86.96 0.15
57 136 -86.12 0.14
57 137 -87.31 0.09
57 138 -86.50 0.06
57 139 -87.78 -0.06
57 140 -84.56 -0.06
57 141 -82.98 0.08
57 142 -79.53 0.13
57 143 -78.25 0.15
57 144 -74.34 0.17
57 145 -72.69 0.16
57 146 -68.67 0.23
57 147 -67.03 0.24
57 148 -62.82 0.26
57 149 -60.90 0.28
57 150 -56.80 0.28
57 151 -54.20 0.29
57 152 -49.49 0.30
57 153 -46.91 0.31
57 154 -42.12 0.31
57 155 -38.98 0.31
57 156 -33.89 0.32
57 157 -30.39 0.32
57 158 -24.87 0.30
57 159 -21.15 0.33
57 160 -15.44 0.32
57 161 -11.27 0.31
57 162 -5.16 0.30
57 163 -0.89 0.28
57 164 5.22 0.26
57 165 9.94 0.26
57 166 16.24 0.27
57 167 21.20 0.26
57 168 27.94 0.24
57 169 33.23 0.25
57 170 39.96 0.24
57 171 45.55 0.22
57 172 52.66 0.21
57 173 58.14 0.20
57 174 65.10 0.15
57 175 70.74 0.15
57 176 78.81 0.15
57 177 83.59 0.14
57 178 90.71 0.11
57 179 96.35 0.06
57 180 103.38 0.04
57 181 108.85 0.05
57 182 115.72 -0.05
57 183 121.62 0.00
57 184 130.98 0.04
57 185 138.00 0.04
57 186 147.36 0.05
57 187 154.82 0.07
57 188 163.94 0.09
57 189 171.84 0.08
57 190 180.55 0.10
57 191 189.02 0.15
57 192 197.84 0.16
58 114 -17.10 0.25
58 115 -22.11 0.30
58 116 -30.07 0.26
58 117 -34.60 0.28
58 118 -41.37 0.31
58 119 -45.15 0.35
58 120 -50.89 0.36
58 121 -53.53 0.40
58 122 -58.81 0.35
58 123 -61.04 0.35
58 124 -65.52 0.32
58 125 -67.19 0.33
58 126 -71.32 0.30
58 127 -72.56 0.28
58 128 -76.05 0.29
58 129 -76.88 0.28
58 130 -79.72 0.26
58 131 -80.06 0.23
58 132 -82.77 0.22
58 133 -82.75 0.17
58 134 -85.03 0.20
58 135 -85.04 0.18
58 136 -86.62 0.16
58 137 -85.92 0.15
58 138 -87.28 0.08
58 139 -86.72 0.07
58 140 -88.56 0.06
58 141 -85.44 -0.07
58 142 -84.39 0.09
58 143 -81.10 0.13
58 144 -80.22 0.16
58 145 -76.76 0.19
58 146 -75.73 0.21
58 147 -71.87 0.24
58 148 -70.59 0.24
58 149 -66.88 0.24
58 150 -65.09 0.28
58 151 -61.29 0.30
58 152 -59.10 0.30
58 153 -54.62 0.31
58 154 -52.40 0.32
58 155 -47.97 0.33
58 156 -44.97 0.32
58 157 -40.34 0.32
58 158 -37.06 0.32
58 159 -31.75 0.31
58 160 -28.39 0.32
58 161 -22.97 0.33
58 162 -18.95 0.31
58 163 -13.13 0.28
58 164 -9.07 0.30
58 165 -3.09 0.30
58 166 1.27 0.27
58 167 7.56 0.27
58 168 12.29 0.26
58 169 18.70 0.26
58 170 23.68 0.24
58 171 30.24 0.23
58 172 35.60 0.22
58 173 42.47 0.25
58 174 47.72 0.21
58 175 54.20 0.19
58 176 60.11 0.16
58 177 67.38 0.12
58 178 72.76 0.13
58 179 79.60 0.11
58 180 85.10 0.09
58 181 91.79 0.04
58 182 96.95 0.04
58 183 103.49 -0.05
58 184 109.28 0.00
58 185 118.89 -0.03
58 186 125.36 0.05
58 187 134.92 0.04
58 188 142.09 0.06
58 189 151.15 0.07
58 190 158.75 0.10
58 191 167.40 0.09
58 192 175.50 0.13
58 193 184.65 0.16
58 194 192.11 0.17
59 116 -10.73 0.33
59 117 -19.39 0.26
59 118 -24.31 0.26
59 119 -31.67 0.36
59 120 -36.19 0.37
59 121 -42.44 0.37
59 122 -45.73 0.41
59 123 -51.13 0.37
59 124 -53.86 0.36
59 125 -58.63 0.36
59 126 -60.62 0.34
59 127 -65.07 0.30
59 128 -66.58 0.27
59 129 -70.68 0.28
59 130 -71.76 0.27
59 131 -74.96 0.26
59 132 -75.57 0.25
59 133 -78.49 0.25
59 134 -78.63 0.20
59 135 -81.21 0.21
59 136 -81.53 0.20
59 137 -83.38 0.16
59 138 -83.08 0.15
59 139 -84.61 -0.07
59 140 -84.47 0.07
59 141 -86.52 -0.05
59 142 -83.87 -0.07
59 143 -83.07 0.09
59 144 -80.20 0.13
59 145 -79.53 0.15
59 146 -76.46 0.19
59 147 -75.75 0.21
59 148 -72.32 0.22
59 149 -71.23 0.22
59 150 -67.84 0.26
59 151 -66.47 0.28
59 152 -62.91 0.32
59 153 -61.27 0.33
59 154 -57.50 0.35
59 155 -55.21 0.34
59 156 -51.09 0.35
59 157 -48.45 0.34
59 158 -44.07 0.35
59 159 -41.09 0.34
59 160 -36.09 0.31
59 161 -32.89 0.35
59 162 -27.81 0.34
59 163 -24.18 0.29
59 164 -18.57 0.28
59 165 -14.93 0.29
59 166 -9.09 0.27
59 167 -4.83 0.28
59 168 0.95 0.28
59 169 5.45 0.26
59 170 11.53 0.24
59 171 16.33 0.24
59 172 22.62 0.23
59 173 27.61 0.23
59 174 34.15 0.22
59 175 39.34 0.21
59 176 45.66 0.19
59 177 51.36 0.18
59 178 58.30 0.13
59 179 63.61 0.14
59 180 70.25 0.11
59 181 75.55 0.08
59 182 81.98 0.07
59 183 87.01 -0.06
59 184 93.31 -0.05
59 185 98.98 0.00
59 186 108.56 -0.03
59 187 114.81 0.04
59 188 123.64 0.05
59 189 131.02 0.07
59 190 139.86 0.07
59 191 147.23 0.11
59 192 156.35 0.11
59 193 163.62 0.14
59 194 172.32 0.15
59 195 180.56 0.17
59 196 189.29 0.18
60 118 -10.45 0.32
60 119 -16.00 0.39
60 120 -24.14 0.37
60 121 -29.11 0.38
60 122 -36.16 0.37
60 123 -40.00 0.39
60 124 -45.77 0.38
60 125 -48.80 0.36
60 126 -53.93 0.36
60 127 -56.30 0.35
60 128 -60.99 0.34
60 129 -62.57 0.35
60 130 -66.91 0.33
60 131 -68.26 0.31
60 132 -71.80 0.29
60 133 -72.65 0.24
60 134 -75.83 0.25
60 135 -76.33 0.19
60 136 -79.34 0.22
60 137 -79.85 0.19
60 138 -81.97 0.18
60 139 -81.86 0.15
60 140 -83.77 -0.09
60 141 -83.76 0.07
60 142 -86.02 0.04
60 143 -83.63 -0.07
60 144 -83.31 0.09
60 145 -80.63 0.14
60 146 -80.42 0.17
60 147 -77.61 0.19
60 148 -77.34 0.22
60 149 -74.43 0.26
60 150 -73.79 0.25
60 151 -70.62 0.31
60 152 -69.80 0.30
60 153 -66.80 0.31
60 154 -65.23 0.33
60 155 -61.54 0.32
60 156 -59.84 0.33
60 157 -56.02 0.33
60 158 -53.69 0.35
60 159 -49.54 0.35
60 160 -46.74 0.35
60 161 -41.99 0.31
60 162 -39.25 0.34
60 163 -34.34 0.33
60 164 -30.98 0.34
60 165 -25.54 0.36
60 166 -21.93 0.31
60 167 -16.61 0.30
60 168 -12.50 0.30
60 169 -6.94 0.27
60 170 -2.65 0.26
60 171 3.17 0.25
60 172 7.75 0.25
60 173 13.69 0.25
60 174 18.59 0.23
60 175 25.30 0.23
60 176 29.93 0.21
60 177 35.97 0.19
60 178 41.52 0.19
60 179 48.39 0.15
60 180 53.16 -0.13
60 181 60.25 0.11
60 182 65.07 0.07
60 183 71.64 0.06
60 184 76.25 -0.06
60 185 82.36 -0.04
60 186 87.81 0.00
60 187 97.41 -0.03
60 188 103.21 0.04
60 189 112.23 0.03
60 190 119.13 0.05
60 191 127.92 0.10
60 192 135.12 0.09
60 193 143.82 0.12
60 194 151.24 0.13
60 195 159.89 0.13
60 196 167.32 0.16
60 197 175.99 0.16
60 198 183.43 0.21
61 120 -4.72 0.30
61 121 -13.33 0.36
61 122 -18.79 0.37
61 123 -26.36 0.37
61 124 -30.68 0.40
61 125 -37.26 0.36
61 126 -40.65 0.36
61 127 -46.19 0.36
61 128 -49.03 0.35
61 129 -54.03 0.35
61 130 -55.94 0.35
61 131 -60.72 0.33
61 132 -62.25 0.32
61 133 -65.94 0.28
61 134 -67.00 0.27
61 135 -70.62 0.25
61 136 -71.44 0.25
61 137 -74.50 0.23
61 138 -75.19 0.21
61 139 -77.44 -0.15
61 140 -77.75 0.17
61 141 -80.32 0.08
61 142 -80.59 0.07
61 143 -83.05 -0.04
61 144 -81.10 -0.07
61 145 -81.05 0.08
61 146 -78.58 0.11
61 147 -78.74 0.16
61 148 -76.32 0.18
61 149 -76.31 0.22
61 150 -73.81 0.27
61 151 -73.52 0.27
61 152 -70.81 0.29
61 153 -70.30 0.30
61 154 -67.54 0.32
61 155 -66.36 0.33
61 156 -62.97 0.35
61 157 -61.64 0.33
61 158 -58.07 0.33
61 159 -56.08 0.34
61 160 -52.22 0.33
61 161 -49.82 0.34
61 162 -45.51 0.32
61 163 -42.94 0.34
61 164 -38.25 0.34
61 165 -35.22 0.33
61 166 -29.95 0.33
61 167 -26.80 0.31
61 168 -21.56 0.31
61 169 -17.72 0.27
61 170 -12.50 0.28
61 171 -8.45 0.28
61 172 -2.87 0.26
61 173 1.52 0.25
61 174 7.32 0.25
61 175 11.95 0.25
61 176 18.36 0.23
61 177 22.99 0.23
61 178 29.01 0.21
61 179 34.52 -0.17
61 180 40.71 0.14
61 181 45.30 -0.12
61 182 51.77 -0.12
61 183 56.43 -0.12
61 184 63.21 0.05
61 185 67.69 0.05
61 186 73.57 -0.04
61 187 78.65 0.00
61 188 88.34 0.04
61 189 93.71 0.04
61 190 102.42 0.04
61 191 109.29 0.06
61 192 117.83 0.08
61 193 124.91 0.09
61 194 133.39 0.11
61 195 140.46 0.16
61 196 149.14 0.15
61 197 156.51 0.18
61 198 163.88 0.16
61 199 172.13 0.18
61 200 179.82 0.24
62 122 -4.42 0.39
62 123 -10.32 0.39
62 124 -18.34 0.40
62 125 -23.32 0.40
62 126 -30.32 0.39
62 127 -34.26 0.38
62 128 -40.22 0.36
62 129 -43.28 0.36
62 130 -48.68 0.37
62 131 -50.95 0.36
62 132 -55.85 0.34
62 133 -57.81 0.32
62 134 -61.73 0.30
62 135 -63.12 0.28
62 136 -66.97 0.26
62 137 -68.08 0.27
62 138 -71.49 0.23
62 139 -72.49 0.21
62 140 -75.26 0.19
62 141 -75.83 0.16
62 142 -78.41 0.10
62 143 -79.03 0.08
62 144 -81.88 0.05
62 145 -80.06 -0.07
62 146 -80.45 0.10
62 147 -78.22 0.14
62 148 -78.66 0.16
62 149 -76.53 0.20
62 150 -76.98 0.22
62 151 -74.78 0.27
62 152 -74.80 0.27
62 153 -72.55 0.33
62 154 -72.24 0.32
62 155 -69.86 0.33
62 156 -68.93 0.34
62 157 -66.00 0.37
62 158 -64.83 0.34
62 159 -61.63 0.35
62 160 -59.94 0.35
62 161 -56.37 0.34
62 162 -54.30 0.35
62 163 -49.95 0.35
62 164 -47.81 0.35
62 165 -43.60 0.35
62 166 -40.68 0.33
62 167 -35.58 0.32
62 168 -32.77 0.32
62 169 -27.71 0.32
62 170 -24.32 0.29
62 171 -19.16 0.29
62 172 -15.38 0.28
62 173 -9.87 0.27
62 174 -5.83 0.25
62 175 -0.29 0.25
62 176 4.12 0.25
62 177 10.29 0.27
62 178 14.80 0.21
62 179 21.01 -0.20
62 180 25.61 -0.18
62 181 31.94 0.16
62 182 36.31 -0.13
62 183 42.36 -0.14
62 184 47.59 0.10
62 185 53.49 0.06
62 186 57.89 -0.05
62 187 63.60 -0.04
62 188 68.74 0.00
62 189 76.54 -0.04
62 190 83.23 -0.04
62 191 91.91 0.06
62 192 98.52 0.07
62 193 106.88 0.09
62 194 113.68 0.10
62 195 121.87 0.12
62 196 129.00 0.14
62 197 137.46 0.15
62 198 144.23 0.19
62 199 151.68 0.21
62 200 159.48 0.23
62 201 166.98 0.26
62 202 174.43 0.28
63 124 1.21 0.39
63 125 -7.31 0.38
63 126 -12.87 0.40
63 127 -20.24 0.40
63 128 -24.82 0.37
63 129 -31.50 0.38
63 130 -35.01 0.37
63 131 -40.94 0.37
63 132 -43.36 0.37
63 133 -48.47 0.36
63 134 -50.58 0.31
63 135 -54.95 0.32
63 136 -56.58 0.29
63 137 -60.66 0.27
63 138 -62.13 0.25
63 139 -65.66 0.23
63 140 -67.12 0.21
63 141 -69.96 -0.17
63 142 -70.70 0.18
63 143 -74.02 -0.10
63 144 -75.28 -0.09
63 145 -78.12 0.04
63 146 -76.62 -0.07
63 147 -77.32 0.08
63 148 -75.17 0.13
63 149 -76.11 0.18
63 150 -74.37 0.21
63 151 -75.09 0.22
63 152 -73.25 0.29
63 153 -73.51 0.26
63 154 -71.52 0.33
63 155 -71.67 0.30
63 156 -69.59 0.31
63 157 -68.98 0.34
63 158 -66.34 0.36
63 159 -65.49 0.34
63 160 -62.52 0.35
63 161 -61.24 0.34
63 162 -58.00 0.35
63 163 -56.18 0.35
63 164 -52.16 0.36
63 165 -50.39 0.35
63 166 -46.35 0.32
63 167 -43.88 0.32
63 168 -39.08 0.37
63 169 -36.49 0.32
63 170 -31.71 0.31
63 171 -28.54 0.30
63 172 -23.64 0.32
63 173 -20.06 0.29
63 174 -14.72 0.28
63 175 -10.98 0.26
63 176 -5.63 0.25
63 177 -1.47 0.24
63 178 4.18 0.24
63 179 9.38 -0.20
63 180 14.57 -0.20
63 181 19.19 -0.18
63 182 25.48 -0.16
63 183 29.27 -0.14
63 184 35.38 -0.15
63 185 39.72 -0.12
63 186 46.35 0.06
63 187 50.26 -0.07
63 188 55.70 -0.05
63 189 60.67 0.00
63 190 68.40 -0.04
63 191 74.80 0.03
63 192 83.28 0.04
63 193 89.71 0.07
63 194 98.05 0.07
63 195 104.78 0.07
63 196 112.78 0.13
63 197 119.65 0.15
63 198 127.63 0.18
63 199 134.32 0.18
63 200 141.67 0.21
63 201 148.89 0.23
63 202 156.56 0.25
63 203 163.67 0.27
63 204 171.31 0.31
63 205 178.85 0.30
63 206 186.73 0.31
63 207 194.13 0.31
63 208 202.37 0.32
63 209 209.91 0.32
63 210 218.22 0.33
63 211 226.60 0.31
63 212 233.95 0.33
64 126 2.06 0.39
64 127 -3.91 0.40
64 128 -11.86 0.39
64 129 -16.86 0.39
64 130 -23.86 0.38
64 131 -27.95 0.38
64 132 -34.20 0.35
64 133 -37.36 0.36
64 134 -42.94 0.33
64 135 -45.55 0.31
64 136 -50.04 0.32
64 137 -52.02 0.30
64 138 -56.35 0.28
64 139 -57.37 -0.21
64 140 -61.63 -0.20
64 141 -63.25 0.21
64 142 -66.75 -0.18
64 143 -67.76 0.15
64 144 -71.04 -0.13
64 145 -72.70 -0.09
64 146 -75.82 0.06
64 147 -74.50 -0.08
64 148 -75.58 0.10
64 149 -73.88 0.13
64 150 -75.04 0.18
64 151 -73.53 0.20
64 152 -74.59 0.22
64 153 -73.10 0.27
64 154 -73.64 0.27
64 155 -71.96 0.33
64 156 -72.25 0.31
64 157 -70.56 0.33
64 158 -70.34 0.32
64 159 -67.92 0.31
64 160 -67.49 0.34
64 161 -64.83 0.35
64 162 -63.72 0.35
64 163 -60.80 0.34
64 164 -59.37 0.34
64 165 -55.68 0.35
64 166 -54.22 0.34
64 167 -50.44 0.34
64 168 -48.20 0.33
64 169 -43.62 0.32
64 170 -41.40 0.32
64 171 -36.76 0.33
64 172 -34.02 0.31
64 173 -29.32 0.30
64 174 -25.89 0.29
64 175 -20.99 0.28
64 176 -17.42 0.28
64 177 -12.32 0.27
64 178 -8.35 0.25
64 179 -2.99 0.28
64 180 2.16 -0.22
64 181 7.51 -0.20
64 182 11.38 -0.19
64 183 17.32 -0.16
64 184 21.16 -0.16
64 185 27.03 -0.15
64 186 31.29 -0.14
64 187 37.73 0.09
64 188 41.57 0.06
64 189 46.85 -0.06
64 190 51.66 0.00
64 191 59.05 -0.05
64 192 65.32 0.06
64 193 73.70 0.05
64 194 79.81 0.06
64 195 88.11 0.09
64 196 94.32 0.12
64 197 102.25 0.13
64 198 108.80 0.14
64 199 116.98 -0.14
64 200 123.02 0.20
64 201 130.58 0.21
64 202 137.35 0.25
64 203 144.85 0.26
64 204 151.65 0.29
64 205 159.18 0.28
64 206 166.26 0.30
64 207 173.93 0.30
64 208 181.38 0.30
64 209 189.27 0.31
64 210 196.72 0.31
64 211 204.50 0.32
64 212 212.55 0.32
64 213 220.65 0.34
64 214 228.72 0.32
64 215 236.78 0.34
64 216 245.21 0.32
64 217 252.93 0.34
64 218 261.90 0.31
64 219 270.60 0.33
64 220 278.94 0.31
64 221 287.76 0.34
64 222 296.19 0.32
65 128 7.92 0.40
65 129 -0.60 0.37
65 130 -6.15 0.37
65 131 -13.59 0.36
65 132 -18.21 0.36
65 133 -25.07 0.35
65 134 -28.50 0.36
65 135 -34.22 0.36
65 136 -37.22 0.33
65 137 -42.31 0.31
65 138 -44.57 0.35
65 139 -48.91 0.29
65 140 -50.74 -0.24
65 141 -55.01 -0.19
65 142 -56.71 -0.19
65 143 -60.68 -0.17
65 144 -61.82 0.13
65 145 -65.68 -0.12
65 146 -67.22 -0.10
65 147 -70.60 0.06
65 148 -69.91 -0.08
65 149 -71.21 -0.10
65 150 -70.04 -0.13
65 151 -71.57 0.17
65 152 -70.21 0.18
65 153 -71.41 0.20
65 154 -70.34 0.30
65 155 -71.22 0.31
65 156 -69.83 0.33
65 157 -70.54 0.32
65 158 -68.88 0.32
65 159 -69.22 0.32
65 160 -67.05 0.32
65 161 -67.00 0.33
65 162 -64.72 0.35
65 163 -64.00 0.34
65 164 -61.37 0.34
65 165 -60.03 0.34
65 166 -56.92 0.35
65 167 -55.29 0.34
65 168 -52.26 0.34
65 169 -49.98 0.32
65 170 -46.14 0.33
65 171 -44.10 0.32
65 172 -39.76 0.32
65 173 -37.16 0.33
65 174 -32.51 0.29
65 175 -29.49 0.29
65 176 -24.90 0.29
65 177 -21.48 0.28
65 178 -16.60 0.27
65 179 -12.80 0.26
65 180 -6.61 -0.22
65 181 -3.06 -0.22
65 182 2.30 -0.18
65 183 5.75 -0.18
65 184 11.34 -0.17
65 185 14.97 -0.16
65 186 20.63 -0.15
65 187 24.69 -0.11
65 188 30.67 -0.11
65 189 34.77 -0.07
65 190 40.02 -0.06
65 191 44.40 -0.03
65 192 51.94 -0.05
65 193 58.01 -0.07
65 194 65.95 -0.07
65 195 71.98 -0.09
65 196 79.77 -0.10
65 197 86.40 -0.09
65 198 93.94 -0.12
65 199 100.29 0.18
65 200 107.97 -0.14
65 201 113.72 0.20
65 202 121.14 0.20
65 203 127.45 0.24
65 204 135.16 0.23
65 205 141.43 0.26
65 206 149.06 0.29
65 207 155.68 0.30
65 208 163.37 0.30
65 209 170.48 0.30
65 210 178.30 0.31
65 211 185.56 0.32
65 212 193.62 0.31
65 213 200.92 0.31
65 214 209.35 0.32
65 215 216.65 0.31
65 216 224.92 0.32
65 217 232.67 0.31
65 218 241.36 0.34
65 219 248.80 0.31
65 220 257.37 0.33
65 221 265.73 0.32
65 222 274.57 0.32
65 223 282.68 0.31
65 224 291.26 0.32
66 130 8.91 0.37
66 131 2.96 0.38
66 132 -4.89 0.37
66 133 -9.95 0.36
66 134 -17.20 0.34
66 135 -21.43 0.36
66 136 -27.85 0.33
66 137 -31.10 0.33
66 138 -36.43 0.32
66 139 -38.95 0.32
66 140 -43.84 0.30
66 141 -45.73 -0.22
66 142 -50.42 -0.20
66 143 -52.49 -0.20
66 144 -56.63 -0.17
66 145 -57.92 -0.19
66 146 -62.01 -0.14
66 147 -64.07 -0.09
66 148 -67.66 0.05
66 149 -66.99 -0.07
66 150 -68.77 0.10
66 151 -67.70 -0.14
66 152 -69.48 0.17
66 153 -68.49 0.20
66 154 -70.16 0.22
66 155 -69.18 0.28
66 156 -70.34 0.26
66 157 -69.28 0.33
66 158 -70.18 0.30
66 159 -68.90 0.32
66 160 -69.33 0.32
66 161 -67.53 0.30
66 162 -67.83 0.34
66 163 -65.81 0.34
66 164 -65.35 0.33
66 165 -63.12 0.34
66 166 -62.13 0.34
66 167 -59.04 0.34
66 168 -58.16 0.33
66 169 -54.99 0.34
66 170 -53.54 0.33
66 171 -49.33 0.34
66 172 -47.91 0.32
66 173 -43.90 0.32
66 174 -41.60 0.32
66 175 -37.28 0.31
66 176 -34.60 0.29
66 177 -30.18 0.29
66 178 -26.98 0.28
66 179 -22.32 0.27
66 180 -18.78 0.26
66 181 -12.61 -0.22
66 182 -9.42 -0.21
66 183 -4.44 -0.20
66 184 -0.76 -0.19
66 185 4.46 -0.21
66 186 7.91 -0.16
66 187 13.45 -0.16
66 188 17.32 -0.14
66 189 23.22 0.08
66 190 26.96 0.06
66 191 31.91 -0.04
66 192 35.74 0.03
66 193 43.29 -0.04
66 194 49.08 0.04
66 195 57.21 -0.07
66 196 62.89 0.08
66 197 70.60 0.10
66 198 76.53 0.12
66 199 83.95 0.13
66 200 90.08 0.17
66 201 97.38 0.16
66 202 103.24 0.20
66 203 110.54 0.20
66 204 116.52 0.24
66 205 124.00 0.24
66 206 130.17 0.26
66 207 137.43 0.27
66 208 144.19 0.29
66 209 151.54 0.30
66 210 158.52 0.30
66 211 166.18 0.30
66 212 173.11 0.30
66 213 180.84 0.31
66 214 188.07 0.31
66 215 196.22 0.34
66 216 203.39 0.31
66 217 211.63 0.31
66 218 218.88 0.31
66 219 227.25 0.33
66 220 235.02 0.31
66 221 243.27 0.33
66 222 251.22 0.33
66 223 259.02 0.32
66 224 267.86 0.32
66 225 275.37 0.32
66 226 284.87 0.29
67 132 15.06 0.38
67 133 6.63 0.36
67 134 1.07 0.35
67 135 -6.61 0.35
67 136 -11.29 0.36
67 137 -18.27 0.35
67 138 -21.93 0.32
67 139 -27.69 0.33
67 140 -30.77 0.35
67 141 -35.87 0.29
67 142 -38.17 -0.23
67 143 -42.90 -0.21
67 144 -45.19 -0.22
67 145 -49.72 -0.21
67 146 -51.68 -0.19
67 147 -55.55 -0.11
67 148 -57.67 0.08
67 149 -61.31 -0.04
67 150 -61.55 -0.08
67 151 -63.63 0.11
67 152 -63.04 0.12
67 153 -65.01 0.18
67 154 -64.38 0.19
67 155 -66.29 0.22
67 156 -65.56 0.23
67 157 -67.08 0.24
67 158 -66.23 0.32
67 159 -67.36 0.29
67 160 -66.43 0.31
67 161 -67.06 0.32
67 162 -65.55 0.30
67 163 -66.08 0.31
67 164 -64.36 0.33
67 165 -64.44 0.33
67 166 -62.30 0.34
67 167 -61.64 0.33
67 168 -59.02 0.31
67 169 -58.51 0.33
67 170 -55.46 0.34
67 171 -54.10 0.33
67 172 -50.93 0.30
67 173 -49.41 0.32
67 174 -45.89 0.32
67 175 -43.77 0.31
67 176 -39.78 0.31
67 177 -37.38 0.29
67 178 -33.22 0.29
67 179 -30.01 0.29
67 180 -25.69 0.27
67 181 -22.39 0.28
67 182 -16.21 -0.21
67 183 -13.70 -0.20
67 184 -8.78 -0.20
67 185 -5.52 -0.19
67 186 -0.26 -0.21
67 187 3.02 -0.17
67 188 8.30 -0.15
67 189 11.91 -0.13
67 190 17.49 -0.12
67 191 21.27 -0.07
67 192 26.05 -0.05
67 193 30.23 0.00
67 194 37.25 0.04
67 195 42.85 -0.04
67 196 50.40 0.06
67 197 56.09 -0.07
67 198 63.29 0.09
67 199 69.02 0.11
67 200 76.15 0.12
67 201 82.11 0.13
67 202 89.30 0.14
67 203 95.17 0.19
67 204 102.40 0.25
67 205 107.92 0.25
67 206 115.21 0.24
67 207 121.08 0.26
67 208 128.04 0.27
67 209 134.61 0.28
67 210 141.84 0.28
67 211 148.59 0.29
67 212 156.49 0.29
67 213 163.20 0.28
67 214 170.78 0.31
67 215 177.49 0.29
67 216 185.45 0.32
67 217 192.32 0.31
67 218 200.32 0.31
67 219 207.56 0.31
67 220 215.91 0.31
67 221 223.11 0.31
67 222 231.94 0.30
67 223 238.93 0.31
67 224 246.84 0.32
67 225 255.33 0.30
67 226 262.85 0.31
67 227 271.91 0.29
67 228 280.41 0.31
68 134 16.35 0.37
68 135 10.14 0.36
68 136 2.22 0.37
68 137 -2.76 0.36
68 138 -10.12 0.34
68 139 -14.23 0.32
68 140 -20.50 0.32
68 141 -23.81 0.35
68 142 -29.29 0.29
68 143 -32.12 -0.24
68 144 -37.33 -0.20
68 145 -40.01 -0.20
68 146 -44.73 -0.18
68 147 -46.74 -0.20
68 148 -51.25 -0.16
68 149 -53.67 -0.09
68 150 -57.70 -0.04
68 151 -57.83 -0.07
68 152 -60.21 0.08
68 153 -59.87 -0.13
68 154 -62.21 0.16
68 155 -61.69 0.18
68 156 -63.85 0.21
68 157 -63.32 0.21
68 158 -65.15 0.25
68 159 -64.65 0.25
68 160 -65.97 0.27
68 161 -65.26 0.30
68 162 -66.24 0.30
68 163 -65.01 0.30
68 164 -65.75 0.32
68 165 -64.30 0.33
68 166 -64.64 0.32
68 167 -62.97 0.33
68 168 -62.79 0.32
68 169 -60.28 0.31
68 170 -59.88 0.33
68 171 -57.35 0.34
68 172 -56.35 0.33
68 173 -53.27 0.32
68 174 -52.08 0.32
68 175 -48.73 0.32
68 176 -47.01 0.31
68 177 -43.33 0.30
68 178 -41.06 0.29
68 179 -37.08 0.30
68 180 -34.42 0.29
68 181 -30.06 0.27
68 182 -27.05 0.28
68 183 -21.53 -0.21
68 184 -18.66 -0.20
68 185 -14.21 -0.19
68 186 -11.24 -0.20
68 187 -6.25 -0.21
68 188 -3.10 -0.17
68 189 1.87 -0.16
68 190 5.29 -0.14
68 191 11.03 0.10
68 192 14.16 -0.08
68 193 18.81 -0.06
68 194 22.06 0.03
68 195 29.41 -0.05
68 196 34.75 0.06
68 197 42.26 -0.03
68 198 47.66 0.08
68 199 54.94 0.09
68 200 60.43 0.13
68 201 67.55 0.13
68 202 73.11 0.16
68 203 80.13 0.16
68 204 85.58 0.20
68 205 92.73 0.22
68 206 98.15 0.22
68 207 105.24 0.25
68 208 110.94 0.25
68 209 118.00 0.27
68 210 124.32 0.26
68 211 131.00 0.27
68 212 137.76 0.28
68 213 145.56 0.29
68 214 151.65 0.30
68 215 159.18 0.30
68 216 165.88 0.30
68 217 173.66 0.30
68 218 180.39 0.31
68 219 188.33 0.32
68 220 195.26 0.31
68 221 202.98 0.30
68 222 210.29 0.31
68 223 218.28 0.30
68 224 225.88 0.30
68 225 233.63 0.33
68 226 241.64 0.29
68 227 249.59 0.32
68 228 257.90 0.28
68 229 266.26 0.31
68 230 274.55 0.29
69 136 22.60 0.36
69 137 14.18 0.34
69 138 8.64 0.36
69 139 0.99 0.35
69 140 -3.61 0.32
69 141 -10.33 0.31
69 142 -14.09 0.30
69 143 -20.11 0.28
69 144 -23.15 -0.22
69 145 -28.64 -0.22
69 146 -31.32 -0.21
69 147 -36.54 -0.19
69 148 -38.87 -0.18
69 149 -44.01 -0.14
69 150 -45.55 0.08
69 151 -50.69 -0.04
69 152 -51.31 -0.07
69 153 -53.91 -0.08
69 154 -54.13 -0.13
69 155 -57.00 0.14
69 156 -56.76 0.17
69 157 -58.93 0.20
69 158 -58.89 0.21
69 159 -60.92 0.24
69 160 -60.51 0.23
69 161 -61.98 0.23
69 162 -61.56 0.28
69 163 -62.77 0.27
69 164 -61.77 0.37
69 165 -62.87 0.35
69 166 -61.77 0.36
69 167 -62.44 0.35
69 168 -61.15 0.34
69 169 -61.05 0.35
69 170 -59.11 0.34
69 171 -59.04 0.35
69 172 -56.89 0.33
69 173 -56.11 0.33
69 174 -53.23 0.33
69 175 -52.31 0.32
69 176 -49.31 0.32
69 177 -47.55 0.32
69 178 -44.29 0.30
69 179 -42.17 0.29
69 180 -38.45 0.29
69 181 -36.22 0.28
69 182 -32.02 0.27
69 183 -29.28 0.28
69 184 -23.82 -0.22
69 185 -21.39 -0.20
69 186 -17.10 -0.20
69 187 -14.32 -0.20
69 188 -9.57 -0.21
69 189 -6.85 -0.17
69 190 -2.28 -0.15
69 191 1.06 -0.12
69 192 6.37 0.08
69 193 9.36 0.07
69 194 13.73 -0.05
69 195 17.15 0.05
69 196 24.00 0.05
69 197 29.06 0.05
69 198 36.40 0.07
69 199 41.84 -0.07
69 200 48.59 0.08
69 201 53.79 0.12
69 202 60.88 0.14
69 203 66.18 0.14
69 204 72.99 0.15
69 205 78.28 0.21
69 206 85.44 0.22
69 207 90.49 0.22
69 208 97.29 0.23
69 209 102.92 0.25
69 210 109.70 0.26
69 211 115.71 0.26
69 212 122.49 0.27
69 213 128.91 0.28
69 214 136.57 0.28
69 215 142.63 0.29
69 216 150.03 0.30
69 217 156.29 0.29
69 218 163.67 0.29
69 219 170.37 0.30
69 220 178.05 0.31
69 221 184.65 0.32
69 222 192.46 0.31
69 223 199.81 0.32
69 224 206.68 0.32
69 225 214.46 0.30
69 226 222.97 0.30
69 227 230.23 0.27
69 228 238.47 0.32
69 229 246.06 0.30
69 230 254.22 0.31
69 231 262.60 0.29
69 232 271.00 0.31
70 138 24.15 0.35
70 139 18.30 0.36
70 140 10.25 0.35
70 141 5.51 0.32
70 142 -1.92 0.31
70 143 -5.92 0.29
70 144 -12.31 -0.21
70 145 -16.18 -0.21
70 146 -22.11 -0.20
70 147 -25.43 -0.19
70 148 -30.81 -0.17
70 149 -33.51 -0.18
70 150 -38.78 -0.14
70 151 -41.71 -0.09
70 152 -46.33 0.04
70 153 -46.98 -0.08
70 154 -49.94 -0.08
70 155 -50.27 -0.12
70 156 -53.25 0.15
70 157 -53.16 0.17
70 158 -55.78 0.19
70 159 -55.87 0.20
70 160 -58.04 0.23
70 161 -57.91 0.24
70 162 -59.80 0.26
70 163 -59.59 0.28
70 164 -61.16 0.27
70 165 -60.45 0.29
70 166 -61.72 0.30
70 167 -60.80 0.31
70 168 -61.54 0.32
70 169 -60.48 0.32
70 170 -60.73 0.32
70 171 -58.94 0.29
70 172 -59.26 0.31
70 173 -57.37 0.31
70 174 -56.79 0.31
70 175 -54.33 0.30
70 176 -53.70 0.32
70 177 -50.95 0.32
70 178 -49.74 0.29
70 179 -46.70 0.29
70 180 -44.89 0.29
70 181 -41.55 0.28
70 182 -39.35 0.28
70 183 -35.51 0.26
70 184 -33.12 0.26
70 185 -28.15 -0.21
70 186 -25.70 -0.22
70 187 -22.01 -0.20
70 188 -19.32 -0.20
70 189 -14.71 -0.20
70 190 -12.20 -0.17
70 191 -7.70 -0.16
70 192 -4.75 -0.12
70 193 0.70 0.07
70 194 3.22 0.06
70 195 7.41 -0.04
70 196 10.44 -0.03
70 197 17.24 -0.05
70 198 22.13 0.04
70 199 29.34 0.07
70 200 34.15 0.05
70 201 41.25 0.09
70 202 46.31 0.12
70 203 52.98 0.12
70 204 58.17 0.15
70 205 64.80 0.15
70 206 69.98 0.19
70 207 76.99 0.20
70 208 81.76 0.23
70 209 88.78 0.23
70 210 93.90 0.24
70 211 100.70 0.26
70 212 106.24 0.25
70 213 113.00 0.27
70 214 119.05 0.27
70 215 126.43 0.27
70 216 132.24 0.28
70 217 139.43 0.29
70 218 145.59 0.28
70 219 152.97 0.29
70 220 159.24 0.29
70 221 167.00 0.29
70 222 173.31 0.30
70 223 180.43 0.29
70 224 187.81 0.29
70 225 194.54 0.28
70 226 202.40 0.29
70 227 210.63 0.29
70 228 217.62 0.29
70 229 225.74 0.28
70 230 233.27 0.27
70 231 241.17 0.28
70 232 248.88 0.28
70 233 257.57 0.25
70 234 265.22 0.26
71 148 -16.20 -0.18
71 149 -21.96 -0.18
71 150 -25.01 -0.18
71 151 -30.74 -0.12
71 152 -34.25 -0.08
71 153 -39.10 -0.06
71 154 -39.97 -0.07
71 155 -43.16 -0.08
71 156 -43.61 -0.10
71 157 -47.15 0.15
71 158 -47.36 0.16
71 159 -50.24 0.19
71 160 -50.50 0.19
71 161 -52.91 0.22
71 162 -52.90 0.24
71 163 -55.07 0.24
71 164 -55.07 0.27
71 165 -56.91 0.28
71 166 -56.55 0.28
71 167 -58.00 0.29
71 168 -57.25 0.30
71 169 -58.32 0.31
71 170 -57.52 0.31
71 171 -58.01 0.31
71 172 -56.55 0.28
71 173 -56.92 0.31
71 174 -55.37 0.30
71 175 -55.10 0.30
71 176 -53.06 0.29
71 177 -52.59 0.29
71 178 -50.12 0.31
71 179 -49.23 0.29
71 180 -46.49 0.28
71 181 -45.08 0.28
71 182 -41.97 0.28
71 183 -40.17 0.28
71 184 -36.44 0.26
71 185 -34.44 0.25
71 186 -29.38 -0.22
71 187 -27.39 -0.20
71 188 -23.76 -0.19
71 189 -21.61 -0.19
71 190 -17.32 -0.20
71 191 -15.08 -0.16
71 192 -10.80 -0.15
71 193 -8.29 -0.11
71 194 -3.54 -0.10
71 195 -0.78 0.06
71 196 3.17 -0.05
71 197 5.94 0.04
71 198 12.61 0.04
71 199 17.30 0.05
71 200 24.16 0.06
71 201 28.90 0.07
71 202 35.69 0.08
71 203 40.66 0.10
71 204 47.12 0.11
71 205 52.10 0.16
71 206 58.64 0.15
71 207 63.56 0.18
71 208 69.98 0.18
71 209 75.07 0.20
71 210 81.59 0.21
71 211 86.94 0.23
71 212 93.28 0.26
71 213 99.09 0.25
71 214 105.65 0.26
71 215 111.37 0.27
71 216 118.38 0.27
71 217 124.15 0.29
71 218 131.45 0.28
71 219 137.02 0.28
71 220 143.75 0.28
71 221 150.41 0.30
71 222 158.03 0.29
71 223 164.03 0.29
71 224 171.36 0.29
71 225 177.99 0.29
71 226 184.82 0.29
71 227 192.50 0.29
71 228 200.29 0.29
71 229 207.08 0.29
71 230 215.44 0.31
71 231 222.44 0.28
71 232 230.08 0.28
71 233 237.66 0.28
71 234 246.00 0.28
71 235 253.85 0.28
71 236 262.05 0.29
71 237 270.14 0.25
71 238 278.80 0.28
71 239 286.86 0.21
71 240 295.89 0.26
71 241 304.47 -0.19
71 242 313.08 -0.19
72 150 -15.19 -0.19
72 151 -18.52 -0.18
72 152 -24.35 -0.14
72 153 -27.70 -0.08
72 154 -33.66 0.07
72 155 -34.36 -0.08
72 156 -38.03 -0.08
72 157 -38.80 -0.12
72 158 -42.42 0.13
72 159 -43.04 0.12
72 160 -45.79 0.18
72 161 -46.28 0.18
72 162 -48.92 0.21
72 163 -49.34 0.22
72 164 -51.78 0.24
72 165 -51.94 0.24
72 166 -54.00 0.26
72 167 -53.83 0.28
72 168 -55.57 0.27
72 169 -55.04 0.30
72 170 -56.51 0.29
72 171 -55.83 0.29
72 172 -56.67 0.30
72 173 -55.43 0.28
72 174 -56.17 0.31
72 175 -54.81 0.31
72 176 -54.95 0.30
72 177 -53.11 0.29
72 178 -52.93 0.29
72 179 -50.72 0.31
72 180 -50.21 0.29
72 181 -47.75 0.28
72 182 -46.61 0.28
72 183 -43.63 0.27
72 184 -42.15 0.27
72 185 -38.68 0.26
72 186 -35.50 -0.20
72 187 -32.41 -0.22
72 188 -30.78 -0.21
72 189 -27.15 -0.18
72 190 -25.31 -0.18
72 191 -21.34 -0.16
72 192 -19.48 -0.15
72 193 -15.37 -0.14
72 194 -12.98 -0.13
72 195 -8.62 -0.12
72 196 -5.72 0.05
72 197 -2.13 -0.05
72 198 1.00 0.00
72 199 6.95 -0.04
72 200 11.37 0.05
72 201 18.25 -0.06
72 202 22.63 0.07
72 203 29.32 0.09
72 204 33.93 0.11
72 205 40.34 0.11
72 206 45.16 0.15
72 207 51.38 0.16
72 208 56.25 0.20
72 209 62.71 0.18
72 210 67.37 0.22
72 211 73.50 0.22
72 212 78.71 0.23
72 213 85.17 0.26
72 214 90.30 0.25
72 215 96.64 0.26
72 216 102.47 0.25
72 217 109.29 0.25
72 218 114.81 0.27
72 219 121.76 0.28
72 220 127.52 0.28
72 221 134.34 0.28
72 222 140.45 0.28
72 223 147.20 0.28
72 224 153.74 0.29
72 225 160.34 0.29
72 226 167.37 0.28
72 227 174.72 0.28
72 228 181.37 0.28
72 229 189.07 0.28
72 230 195.74 0.27
72 231 203.70 0.27
72 232 210.49 0.28
72 233 218.40 0.26
72 234 225.43 0.26
72 235 233.66 0.24
72 236 241.09 0.25
72 237 249.59 0.24
72 238 257.34 0.23
72 239 265.14 0.26
72 240 273.38 0.23
72 241 281.70 0.22
72 242 290.74 -0.20
72 243 299.17 -0.18
72 244 306.99 -0.17
73 152 -9.12 -0.18
73 153 -15.55 -0.13
73 154 -19.46 -0.09
73 155 -25.20 0.06
73 156 -26.37 0.07
73 157 -30.42 -0.07
73 158 -31.38 -0.10
73 159 -34.86 0.12
73 160 -35.64 0.17
73 161 -39.18 0.18
73 162 -39.92 0.20
73 163 -42.75 0.21
73 164 -43.40 0.22
73 165 -46.02 0.22
73 166 -46.42 0.25
73 167 -48.77 0.25
73 168 -48.84 0.26
73 169 -50.88 0.27
73 170 -50.52 0.30
73 171 -52.21 0.29
73 172 -51.67 0.30
73 173 -52.94 0.29
73 174 -51.94 0.26
73 175 -52.83 0.29
73 176 -51.75 0.29
73 177 -52.05 0.29
73 178 -50.67 0.30
73 179 -50.80 0.29
73 180 -48.61 0.30
73 181 -48.72 0.28
73 182 -46.37 0.28
73 183 -45.59 0.28
73 184 -43.04 0.26
73 185 -41.69 0.25
73 186 -38.51 0.24
73 187 -37.09 0.24
73 188 -32.79 -0.19
73 189 -31.43 -0.18
73 190 -28.08 -0.18
73 191 -26.57 -0.18
73 192 -23.02 -0.15
73 193 -21.23 -0.14
73 194 -17.74 -0.14
73 195 -15.40 -0.12
73 196 -11.39 -0.11
73 197 -8.79 0.04
73 198 -5.46 -0.04
73 199 -2.54 0.00
73 200 3.97 0.00
73 201 8.09 0.00
73 202 14.09 -0.05
73 203 18.32 -0.08
73 204 24.90 0.08
73 205 29.55 0.11
73 206 35.60 0.11
73 207 40.25 0.16
73 208 46.56 0.13
73 209 50.85 0.18
73 210 56.96 0.21
73 211 61.57 0.20
73 212 67.80 0.21
73 213 72.68 0.24
73 214 78.81 0.24
73 215 83.87 0.25
73 216 89.93 0.25
73 217 95.60 0.26
73 218 102.16 0.24
73 219 107.58 0.29
73 220 114.13 0.29
73 221 119.98 0.29
73 222 126.23 0.29
73 223 132.38 0.29
73 224 139.12 0.31
73 225 145.32 0.29
73 226 151.87 0.29
73 227 158.68 0.29
73 228 165.74 0.27
73 229 172.18 0.27
73 230 179.53 0.27
73 231 186.08 0.27
73 232 194.00 0.26
73 233 200.43 0.26
73 234 208.22 0.26
73 235 215.21 0.26
73 236 223.02 0.25
73 237 230.28 0.25
73 238 238.23 0.24
73 239 245.73 0.24
73 240 253.94 0.24
73 241 261.92 0.23
73 242 270.24 0.23
73 243 279.34 -0.20
73 244 287.28 -0.17
73 245 295.14 -0.16
73 246 303.15 -0.16
73 247 311.33 -0.16
73 248 319.95 -0.14
73 249 327.58 -0.13
73 250 336.62 -0.12
74 154 -8.54 0.09
74 155 -12.48 -0.08
74 156 -19.09 0.06
74 157 -20.16 -0.07
74 158 -24.87 0.09
74 159 -25.57 -0.10
74 160 -29.65 0.12
74 161 -30.54 0.14
74 162 -33.99 0.17
74 163 -34.95 0.18
74 164 -37.97 0.19
74 165 -38.73 0.21
74 166 -41.55 0.23
74 167 -42.07 0.22
74 168 -44.67 0.25
74 169 -45.04 0.25
74 170 -47.34 0.27
74 171 -47.28 0.30
74 172 -49.16 0.29
74 173 -48.97 0.29
74 174 -50.54 0.29
74 175 -49.67 0.25
74 176 -50.92 0.29
74 177 -50.04 0.29
74 178 -50.84 0.29
74 179 -49.47 0.28
74 180 -49.92 0.28
74 181 -48.05 0.27
74 182 -48.30 0.27
74 183 -46.53 0.27
74 184 -45.90 0.25
74 185 -43.65 0.25
74 186 -42.69 0.24
74 187 -39.86 0.22
74 188 -38.55 0.23
74 189 -35.67 0.22
74 190 -33.92 -0.18
74 191 -30.66 -0.19
74 192 -29.45 -0.17
74 193 -26.00 -0.14
74 194 -24.65 -0.14
74 195 -21.14 -0.14
74 196 -19.37 -0.12
74 197 -15.40 -0.11
74 198 -13.13 0.06
74 199 -9.90 -0.04
74 200 -7.76 0.03
74 201 -1.63 -0.05
74 202 2.35 0.04
74 203 8.73 -0.05
74 204 12.85 0.07
74 205 19.11 0.08
74 206 23.39 0.09
74 207 29.47 0.10
74 208 33.88 0.14
74 209 39.93 0.14
74 210 44.32 0.17
74 211 50.46 0.17
74 212 54.92 0.19
74 213 60.77 0.19
74 214 65.57 0.22
74 215 71.70 0.24
74 216 76.41 0.25
74 217 82.43 0.26
74 218 87.64 0.26
74 219 94.18 0.24
74 220 99.33 0.27
74 221 105.83 0.27
74 222 111.12 0.28
74 223 117.99 0.27
74 224 123.50 0.28
74 225 129.97 0.29
74 226 136.03 0.27
74 227 143.00 0.26
74 228 148.97 0.27
74 229 156.04 0.26
74 230 162.21 0.28
74 231 169.52 0.25
74 232 175.92 0.25
74 233 183.57 0.26
74 234 189.87 0.26
74 235 197.49 0.24
74 236 204.33 0.23
74 237 211.91 0.24
74 238 218.87 0.24
74 239 226.56 0.23
74 240 233.86 0.22
74 241 241.98 0.21
74 242 249.65 0.21
74 243 257.65 0.22
74 244 266.77 -0.18
74 245 273.36 0.18
74 246 282.00 -0.17
74 247 290.11 -0.15
74 248 297.89 -0.16
74 249 306.32 -0.14
74 250 313.82 -0.13
75 156 -2.65 0.06
75 157 -9.71 0.05
75 158 -11.33 0.06
75 159 -16.09 0.08
75 160 -17.11 0.11
75 161 -21.39 0.11
75 162 -22.68 0.13
75 163 -26.28 0.15
75 164 -27.40 0.16
75 165 -30.68 0.17
75 166 -31.63 0.20
75 167 -34.60 0.22
75 168 -35.29 0.23
75 169 -38.15 0.25
75 170 -38.87 0.29
75 171 -41.42 0.28
75 172 -41.81 0.30
75 173 -43.98 0.30
75 174 -44.13 0.30
75 175 -45.58 0.32
75 176 -45.14 0.27
75 177 -46.76 0.31
75 178 -45.75 0.30
75 179 -47.23 0.28
75 180 -46.04 0.28
75 181 -46.90 0.27
75 182 -45.10 0.26
75 183 -45.77 0.25
75 184 -44.17 0.24
75 185 -44.02 0.24
75 186 -41.92 0.24
75 187 -41.36 0.23
75 188 -38.76 0.21
75 189 -37.92 0.22
75 190 -35.25 0.21
75 191 -33.87 0.20
75 192 -30.99 -0.18
75 193 -30.03 -0.16
75 194 -26.92 -0.18
75 195 -25.67 -0.15
75 196 -22.52 -0.11
75 197 -21.10 -0.11
75 198 -17.40 -0.11
75 199 -15.36 0.04
75 200 -12.44 -0.05
75 201 -10.46 -0.03
75 202 -4.55 -0.04
75 203 -0.45 0.05
75 204 5.57 0.04
75 205 9.55 0.07
75 206 15.68 0.07
75 207 19.86 0.08
75 208 25.62 0.10
75 209 29.83 0.12
75 210 35.65 0.13
75 211 40.13 0.16
75 212 46.00 0.15
75 213 50.25 0.18
75 214 55.99 0.19
75 215 60.58 0.23
75 216 66.25 0.24
75 217 71.00 0.24
75 218 76.71 0.25
75 219 81.82 0.25
75 220 88.20 0.26
75 221 93.23 0.27
75 222 99.31 0.27
75 223 104.67 0.27
75 224 110.66 0.28
75 225 116.50 0.28
75 226 123.48 0.28
75 227 128.92 0.28
75 228 135.43 0.27
75 229 141.39 0.26
75 230 148.19 0.26
75 231 154.19 0.26
75 232 161.27 0.24
75 233 167.39 0.26
75 234 174.92 0.24
75 235 181.04 0.25
75 236 188.56 0.24
75 237 195.04 0.23
75 238 202.56 0.23
75 239 209.54 0.22
75 240 217.22 0.22
75 241 223.91 0.21
75 242 231.78 0.21
75 243 239.18 0.21
75 244 246.98 0.20
75 245 255.86 -0.16
75 246 263.61 -0.16
75 247 270.70 -0.17
75 248 279.13 -0.16
75 249 286.32 -0.14
75 250 294.77 -0.13
75 251 301.91 -0.12
75 252 310.43 -0.11
76 158 -2.73 0.05
76 159 -4.47 -0.06
76 160 -9.67 0.08
76 161 -10.89 -0.09
76 162 -15.55 0.11
76 163 -16.80 0.12
76 164 -20.66 0.14
76 165 -22.02 0.15
76 166 -25.51 0.16
76 167 -26.70 0.17
76 168 -29.79 0.20
76 169 -30.79 0.20
76 170 -33.62 0.21
76 171 -34.53 0.24
76 172 -37.25 0.24
76 173 -37.49 0.30
76 174 -40.06 0.27
76 175 -40.44 0.29
76 176 -42.28 0.27
76 177 -42.17 0.26
76 178 -43.85 0.29
76 179 -43.46 0.28
76 180 -44.61 0.27
76 181 -43.96 0.27
76 182 -44.80 0.26
76 183 -43.46 0.26
76 184 -44.25 0.25
76 185 -43.08 0.24
76 186 -43.04 0.24
76 187 -41.30 0.23
76 188 -40.96 0.21
76 189 -38.91 0.21
76 190 -38.17 0.20
76 191 -35.74 0.19
76 192 -35.14 -0.17
76 193 -32.59 -0.18
76 194 -31.85 -0.16
76 195 -28.82 -0.13
76 196 -28.06 -0.13
76 197 -25.06 -0.13
76 198 -23.78 -0.12
76 199 -19.82 0.07
76 200 -18.57 0.06
76 201 -15.85 -0.03
76 202 -13.58 0.00
76 203 -8.45 -0.04
76 204 -4.80 -0.04
76 205 1.18 0.04
76 206 4.88 0.05
76 207 10.55 0.06
76 208 14.64 0.09
76 209 20.40 0.09
76 210 24.57 0.12
76 211 30.09 0.14
76 212 34.32 0.16
76 213 40.10 0.15
76 214 44.31 0.18
76 215 49.99 0.18
76 216 54.45 0.19
76 217 60.21 0.19
76 218 64.55 0.24
76 219 70.28 0.25
76 220 75.06 0.25
76 221 81.14 0.21
76 222 85.91 0.28
76 223 92.14 0.27
76 224 97.18 0.29
76 225 103.46 0.28
76 226 108.68 0.28
76 227 115.37 0.27
76 228 120.53 0.28
76 229 127.08 0.27
76 230 132.93 0.27
76 231 139.53 0.27
76 232 145.44 0.26
76 233 152.42 0.27
76 234 158.40 0.25
76 235 165.81 0.25
76 236 171.60 0.24
76 237 179.03 0.22
76 238 185.42 0.24
76 239 192.53 0.22
76 240 199.16 0.22
76 241 206.88 0.21
76 242 213.56 0.21
76 243 221.28 0.19
76 244 228.17 0.19
76 245 236.09 0.18
76 246 244.07 -0.18
76 247 251.73 -0.15
76 248 258.73 -0.16
76 249 266.48 -0.14
76 250 273.81 -0.14
76 251 281.76 -0.12
76 252 289.18 -0.12
76 253 297.35 -0.12
76 254 304.59 -0.10
76 255 313.04 -0.09
76 256 320.40 -0.07
76 257 328.68 -0.06
76 258 336.48 0.00
76 259 344.33 -0.04
76 260 351.74 0.00
76 261 361.35 0.00
76 262 369.87 0.00
77 160 4.80 0.05
77 161 -0.49 0.08
77 162 -1.84 0.09
77 163 -6.95 0.10
77 164 -8.46 0.10
77 165 -12.74 0.11
77 166 -14.27 0.14
77 167 -17.93 0.15
77 168 -19.19 0.16
77 169 -22.54 0.18
77 170 -23.68 0.21
77 171 -26.81 0.21
77 172 -27.76 0.21
77 173 -30.66 0.27
77 174 -31.36 0.28
77 175 -34.15 0.28
77 176 -34.59 0.27
77 177 -36.86 0.28
77 178 -36.83 0.26
77 179 -38.79 0.29
77 180 -38.75 0.29
77 181 -40.06 0.29
77 182 -39.45 0.27
77 183 -40.75 0.27
77 184 -39.59 0.27
77 185 -40.55 0.27
77 186 -39.45 0.25
77 187 -39.68 0.21
77 188 -38.33 0.21
77 189 -38.30 0.20
77 190 -36.59 0.19
77 191 -36.33 -0.16
77 192 -34.54 -0.15
77 193 -34.05 -0.15
77 194 -31.76 -0.17
77 195 -31.24 -0.16
77 196 -28.78 -0.16
77 197 -27.98 -0.14
77 198 -25.56 -0.12
77 199 -24.38 -0.11
77 200 -21.00 0.06
77 201 -19.90 0.05
77 202 -17.41 0.04
77 203 -15.44 0.00
77 204 -10.37 0.04
77 205 -6.97 -0.04
77 206 -1.38 0.05
77 207 2.16 -0.05
77 208 7.71 0.05
77 209 11.79 0.07
77 210 17.29 0.10
77 211 21.32 0.11
77 212 26.71 0.12
77 213 30.83 0.13
77 214 36.39 0.14
77 215 40.40 0.15
77 216 45.85 0.17
77 217 50.18 0.18
77 218 55.96 0.19
77 219 60.05 0.22
77 220 65.53 0.22
77 221 70.17 0.22
77 222 75.99 0.23
77 223 80.79 0.24
77 224 86.60 0.27
77 225 91.62 0.25
77 226 97.52 0.29
77 227 102.57 0.29
77 228 109.05 0.30
77 229 114.24 0.28
77 230 120.45 0.27
77 231 126.05 0.28
77 232 132.69 0.26
77 233 138.16 0.26
77 234 144.80 0.25
77 235 150.86 0.25
77 236 158.09 0.25
77 237 163.78 0.26
77 238 170.84 0.24
77 239 177.34 0.24
77 240 184.48 0.23
77 241 190.91 0.24
77 242 198.49 0.19
77 243 204.95 0.19
77 244 212.22 0.18
77 245 219.22 0.18
77 246 226.57 0.17
77 247 233.92 -0.17
77 248 241.44 -0.15
77 249 248.53 -0.15
77 250 255.85 -0.14
77 251 263.26 -0.13
77 252 270.68 -0.13
77 253 277.87 -0.13
77 254 286.30 -0.11
77 255 293.10 -0.11
77 256 301.24 -0.10
77 257 308.56 -0.07
77 258 316.70 -0.06
77 259 323.81 -0.05
77 260 331.86 -0.04
77 261 339.16 0.00
77 262 348.93 0.00
77 263 356.84 0.03
77 264 365.98 0.04
78 162 7.65 -0.06
78 163 5.59 -0.08
78 164 0.50 0.09
78 165 -1.20 0.10
78 166 -5.66 0.10
78 167 -7.34 0.13
78 168 -11.23 0.15
78 169 -12.76 0.14
78 170 -16.32 0.17
78 171 -17.64 0.18
78 172 -20.88 0.18
78 173 -22.14 0.22
78 174 -25.37 0.24
78 175 -26.13 0.29
78 176 -29.13 0.25
78 177 -29.86 0.29
78 178 -32.22 0.29
78 179 -32.48 0.24
78 180 -34.77 0.29
78 181 -34.83 0.27
78 182 -36.57 0.27
78 183 -36.16 0.28
78 184 -37.59 0.26
78 185 -36.62 0.23
78 186 -38.05 0.25
78 187 -36.55 -0.17
78 188 -37.72 0.21
78 189 -36.70 0.21
78 190 -37.14 -0.17
78 191 -35.78 -0.18
78 192 -36.02 -0.16
78 193 -34.54 -0.15
78 194 -34.37 -0.15
78 195 -32.25 -0.16
78 196 -32.14 -0.14
78 197 -29.71 -0.13
78 198 -29.55 -0.12
78 199 -27.09 -0.11
78 200 -26.29 -0.11
78 201 -23.42 -0.10
78 202 -22.26 -0.06
78 203 -20.06 -0.04
78 204 -18.22 0.00
78 205 -13.45 -0.04
78 206 -10.34 0.03
78 207 -4.42 0.00
78 208 -1.46 0.04
78 209 3.85 0.05
78 210 7.67 0.07
78 211 13.12 0.09
78 212 17.00 0.09
78 213 22.28 0.10
78 214 26.32 0.12
78 215 32.02 -0.11
78 216 35.82 0.16
78 217 41.03 0.15
78 218 45.18 0.18
78 219 50.69 0.23
78 220 54.62 0.23
78 221 59.85 0.25
78 222 64.41 0.25
78 223 70.30 0.27
78 224 74.46 0.26
78 225 80.29 0.28
78 226 84.97 0.28
78 227 90.99 0.29
78 228 95.79 0.29
78 229 102.30 0.28
78 230 106.94 0.29
78 231 113.18 0.27
78 232 118.51 0.28
78 233 125.16 0.27
78 234 130.47 0.25
78 235 136.98 0.25
78 236 142.68 0.25
78 237 149.87 0.24
78 238 155.44 0.24
78 239 162.31 0.23
78 240 168.40 0.22
78 241 175.34 0.23
78 242 181.46 0.22
78 243 189.06 0.21
78 244 196.27 -0.18
78 245 202.56 0.18
78 246 209.52 -0.15
78 247 216.60 -0.15
78 248 223.14 -0.15
78 249 230.34 -0.14
78 250 237.00 -0.15
78 251 244.57 -0.14
78 252 251.36 -0.14
78 253 259.46 -0.12
78 254 265.98 -0.12
78 255 273.69 -0.10
78 256 280.53 -0.09
78 257 288.52 -0.07
78 258 295.78 -0.07
78 259 303.92 -0.06
78 260 311.13 0.00
78 261 318.87 -0.04
78 262 325.88 0.00
78 263 335.86 0.00
78 264 343.81 0.00
78 265 352.75 0.00
78 266 361.44 0.04
79 164 15.95 0.07
79 165 10.16 0.09
79 166 8.05 0.08
79 167 3.41 0.10
79 168 1.50 0.11
79 169 -2.73 0.13
79 170 -4.45 0.14
79 171 -8.21 0.14
79 172 -9.73 0.13
79 173 -13.34 0.18
79 174 -14.63 0.19
79 175 -17.96 0.21
79 176 -19.03 0.22
79 177 -22.20 0.25
79 178 -23.26 0.27
79 179 -25.82 0.27
79 180 -26.38 0.26
79 181 -28.67 0.30
79 182 -28.97 0.28
79 183 -30.95 0.29
79 184 -30.77 0.28
79 185 -32.43 0.24
79 186 -31.48 -0.20
79 187 -33.00 -0.20
79 188 -32.43 -0.18
79 189 -33.71 -0.19
79 190 -32.93 -0.17
79 191 -33.88 -0.18
79 192 -32.89 -0.18
79 193 -33.21 -0.17
79 194 -31.81 -0.17
79 195 -32.19 -0.16
79 196 -30.60 -0.15
79 197 -30.39 -0.15
79 198 -28.51 -0.15
79 199 -28.20 -0.13
79 200 -26.18 -0.11
79 201 -25.42 -0.09
79 202 -23.15 0.06
79 203 -22.54 0.04
79 204 -20.55 -0.04
79 205 -19.06 0.00
79 206 -14.41 -0.03
79 207 -11.53 0.03
79 208 -5.90 0.00
79 209 -3.12 0.04
79 210 2.22 0.03
79 211 5.59 0.06
79 212 10.82 0.06
79 213 14.76 0.06
79 214 20.09 0.07
79 215 23.51 0.10
79 216 28.92 0.12
79 217 32.64 0.12
79 218 38.01 0.16
79 219 41.89 0.18
79 220 46.96 0.21
79 221 50.98 0.23
79 222 56.20 0.21
79 223 60.20 0.24
79 224 65.99 0.21
79 225 69.92 0.26
79 226 75.34 0.27
79 227 80.05 0.27
79 228 86.00 0.27
79 229 90.67 0.27
79 230 96.85 0.31
79 231 101.47 0.28
79 232 107.51 0.28
79 233 112.83 0.28
79 234 118.93 0.27
79 235 124.36 0.27
79 236 130.74 0.26
79 237 136.42 0.26
79 238 143.09 0.24
79 239 148.69 0.23
79 240 155.32 0.23
79 241 161.14 0.23
79 242 167.90 0.20
79 243 174.17 0.21
79 244 181.24 0.19
79 245 187.55 0.20
79 246 194.35 -0.15
79 247 200.82 -0.17
79 248 207.86 -0.14
79 249 214.10 -0.16
79 250 221.21 -0.14
79 251 227.71 -0.13
79 252 234.85 -0.13
79 253 241.41 -0.13
79 254 248.95 -0.13
79 255 255.57 -0.11
79 256 263.27 -0.11
79 257 271.04 0.05
79 258 277.91 0.05
79 259 284.85 -0.07
79 260 293.00 0.00
79 261 299.69 0.00
79 262 307.62 0.00
79 263 314.19 0.00
79 264 324.30 0.00
79 265 331.62 0.03
79 266 340.85 0.00
79 267 349.45 0.03
79 268 358.40 0.03
80 166 18.64 0.07
80 167 16.52 0.07
80 168 11.62 -0.07
80 169 9.38 0.10
80 170 4.84 0.12
80 171 2.95 0.11
80 172 -0.97 0.11
80 173 -2.60 0.17
80 174 -6.33 0.13
80 175 -7.53 0.14
80 176 -11.49 0.26
80 177 -12.66 0.25
80 178 -16.31 0.28
80 179 -17.50 0.30
80 180 -20.34 0.30
80 181 -20.84 0.30
80 182 -23.74 0.30
80 183 -24.27 0.31
80 184 -26.37 0.30
80 185 -26.56 0.29
80 186 -28.50 0.28
80 187 -27.95 0.26
80 188 -29.76 -0.19
80 189 -29.58 -0.18
80 190 -30.98 -0.17
80 191 -30.59 -0.17
80 192 -31.76 -0.15
80 193 -30.92 -0.16
80 194 -31.80 -0.15
80 195 -30.64 -0.14
80 196 -31.19 -0.14
80 197 -30.00 -0.13
80 198 -30.26 -0.12
80 199 -28.51 -0.09
80 200 -28.75 -0.11
80 201 -26.85 -0.09
80 202 -26.59 -0.08
80 203 -24.25 -0.08
80 204 -23.65 0.00
80 205 -21.93 0.00
80 206 -21.11 0.00
80 207 -16.02 0.00
80 208 -14.09 0.04
80 209 -8.65 0.00
80 210 -6.01 0.03
80 211 -0.78 0.03
80 212 2.45 -0.04
80 213 7.37 0.06
80 214 11.06 0.08
80 215 16.17 0.06
80 216 19.85 0.09
80 217 24.98 0.07
80 218 28.74 0.10
80 219 34.09 0.13
80 220 37.83 0.13
80 221 42.84 0.23
80 222 46.57 0.22
80 223 51.35 0.23
80 224 55.48 0.25
80 225 60.84 0.25
80 226 64.77 0.27
80 227 70.07 0.28
80 228 74.58 0.27
80 229 80.23 0.28
80 230 84.71 0.26
80 231 90.64 0.30
80 232 95.22 0.27
80 233 101.20 0.27
80 234 106.15 0.27
80 235 112.37 0.28
80 236 117.45 0.27
80 237 123.64 0.26
80 238 129.00 0.26
80 239 135.71 0.26
80 240 141.04 0.23
80 241 147.64 0.23
80 242 153.44 0.23
80 243 160.06 0.22
80 244 166.15 0.21
80 245 172.28 -0.16
80 246 178.61 -0.14
80 247 184.63 -0.13
80 248 191.11 -0.14
80 249 197.75 -0.13
80 250 203.86 -0.14
80 251 211.21 -0.13
80 252 217.28 -0.12
80 253 224.27 -0.12
80 254 230.70 -0.12
80 255 237.85 -0.11
80 256 244.50 -0.11
80 257 251.85 -0.10
80 258 258.53 -0.10
80 259 266.14 -0.08
80 260 272.90 -0.07
80 261 280.61 -0.05
80 262 287.38 0.00
80 263 294.80 -0.03
80 264 301.61 0.00
80 265 311.88 0.00
80 266 319.14 0.00
80 267 328.02 0.00
80 268 336.96 0.00
80 269 345.39 0.04
80 270 354.44 0.05
81 168 27.75 0.07
81 169 22.12 -0.07
81 170 19.71 -0.08
81 171 15.01 -0.08
81 172 12.67 -0.10
81 173 8.55 -0.10
81 174 6.56 -0.08
81 175 2.94 -0.10
81 176 1.07 -0.10
81 177 -3.50 0.25
81 178 -4.39 -0.12
81 179 -8.66 0.25
81 180 -10.35 0.27
81 181 -13.00 0.33
81 182 -13.75 0.31
81 183 -16.89 0.32
81 184 -17.76 0.31
81 185 -20.15 0.31
81 186 -19.76 -0.20
81 187 -22.39 0.30
81 188 -22.06 -0.18
81 189 -24.45 -0.19
81 190 -24.46 -0.16
81 191 -26.13 -0.18
81 192 -26.07 -0.18
81 193 -27.16 -0.18
81 194 -26.74 -0.17
81 195 -27.67 -0.17
81 196 -27.16 -0.06
81 197 -27.98 -0.09
81 198 -27.07 -0.06
81 199 -27.65 -0.09
81 200 -26.59 -0.06
81 201 -27.00 -0.07
81 202 -25.63 -0.07
81 203 -25.64 -0.05
81 204 -23.80 0.03
81 205 -23.77 -0.04
81 206 -21.83 0.00
81 207 -21.21 0.00
81 208 -16.35 0.00
81 209 -14.69 0.03
81 210 -9.45 0.00
81 211 -7.06 -0.04
81 212 -2.08 0.03
81 213 0.83 0.05
81 214 5.75 -0.05
81 215 9.12 0.06
81 216 14.00 -0.06
81 217 17.78 -0.06
81 218 22.54 -0.05
81 219 26.41 0.07
81 220 31.19 -0.06
81 221 35.20 0.09
81 222 40.37 0.23
81 223 43.93 0.23
81 224 48.60 0.25
81 225 52.47 0.23
81 226 57.62 0.25
81 227 61.25 0.26
81 228 66.32 0.26
81 229 70.58 0.27
81 230 76.21 0.26
81 231 80.36 0.27
81 232 86.25 0.27
81 233 90.59 0.27
81 234 96.34 0.27
81 235 101.29 0.26
81 236 107.13 0.25
81 237 112.22 0.25
81 238 118.28 0.26
81 239 123.44 0.25
81 240 130.03 0.24
81 241 136.07 0.24
81 242 142.68 0.25
81 243 148.06 0.22
81 244 154.45 0.22
81 245 160.35 0.18
81 246 166.39 -0.14
81 247 172.06 -0.16
81 248 179.34 0.13
81 249 184.28 -0.16
81 250 190.93 -0.15
81 251 196.84 -0.15
81 252 203.41 -0.09
81 253 209.60 -0.13
81 254 216.69 -0.13
81 255 222.67 -0.08
81 256 229.81 -0.08
81 257 235.70 -0.08
81 258 242.80 -0.08
81 259 249.03 -0.07
81 260 256.30 -0.06
81 261 262.63 -0.06
81 262 270.19 0.00
81 263 276.56 0.00
81 264 283.98 0.00
81 265 290.31 0.00
81 266 300.68 0.00
81 267 307.87 0.00
81 268 316.79 0.00
81 269 325.67 0.00
81 270 334.37 0.00
81 271 343.06 0.03
82 170 30.89 -0.06
82 171 28.29 0.09
82 172 23.30 -0.08
82 173 20.85 -0.09
82 174 16.30 0.09
82 175 14.08 0.08
82 176 10.06 0.15
82 177 8.26 -0.08
82 178 3.88 0.26
82 179 2.18 0.23
82 180 -1.85 0.28
82 181 -3.72 0.30
82 182 -6.87 0.30
82 183 -7.77 0.31
82 184 -11.21 0.31
82 185 -12.12 0.30
82 186 -14.79 0.28
82 187 -15.38 0.29
82 188 -17.69 0.29
82 189 -17.85 -0.20
82 190 -20.04 -0.19
82 191 -20.13 -0.18
82 192 -22.21 -0.19
82 193 -22.29 -0.18
82 194 -23.74 -0.16
82 195 -23.41 0.05
82 196 -24.98 0.06
82 197 -24.74 0.04
82 198 -25.76 0.05
82 199 -25.28 -0.04
82 200 -26.04 0.05
82 201 -25.22 -0.04
82 202 -25.88 0.03
82 203 -24.68 0.04
82 204 -24.74 0.00
82 205 -23.30 0.00
82 206 -23.74 0.00
82 207 -22.49 0.00
82 208 -22.06 0.00
82 209 -17.41 0.00
82 210 -15.47 0.00
82 211 -10.95 0.00
82 212 -8.28 0.00
82 213 -3.82 0.00
82 214 -0.63 0.00
82 215 3.83 0.00
82 216 6.79 -0.04
82 217 11.89 0.00
82 218 14.97 0.05
82 219 19.73 -0.03
82 220 23.43 0.06
82 221 27.88 0.04
82 222 32.00 0.06
82 223 36.95 0.20
82 224 40.30 0.20
82 225 44.76 0.23
82 226 48.55 0.23
82 227 53.58 0.24
82 228 57.05 0.25
82 229 61.97 0.25
82 230 65.98 0.27
82 231 71.29 0.27
82 232 75.46 0.27
82 233 81.18 0.30
82 234 85.31 0.27
82 235 90.91 0.27
82 236 95.46 0.28
82 237 101.32 0.26
82 238 106.21 0.25
82 239 111.98 0.26
82 240 117.21 0.25
82 241 123.34 0.20
82 242 128.42 0.23
82 243 134.81 0.22
82 244 139.99 0.21
82 245 146.44 -0.18
82 246 151.86 -0.18
82 247 157.86 -0.16
82 248 164.17 0.17
82 249 169.96 -0.16
82 250 175.53 -0.17
82 251 182.02 -0.15
82 252 187.94 -0.15
82 253 194.58 -0.10
82 254 200.47 -0.12
82 255 206.94 -0.05
82 256 213.20 -0.05
82 257 219.65 -0.04
82 258 225.81 0.04
82 259 233.15 0.00
82 260 238.76 -0.05
82 261 245.76 -0.04
82 262 252.20 0.00
82 263 259.21 0.00
82 264 265.51 0.00
82 265 272.97 0.00
82 266 279.20 0.00
82 267 289.62 0.00
82 268 296.16 0.00
82 269 305.18 0.00
82 270 313.54 0.00
82 271 322.15 0.00
82 272 331.23 0.00
82 273 339.81 0.00
82 274 348.33 0.03
83 172 40.58 -0.09
83 173 35.50 -0.10
83 174 32.92 -0.13
83 175 27.88 -0.12
83 176 24.38 0.18
83 177 19.90 0.18
83 178 17.57 0.23
83 179 13.13 0.29
83 180 10.74 0.29
83 181 6.99 0.29
83 182 4.82 0.30
83 183 1.21 0.29
83 184 0.07 0.26
83 185 -3.62 0.29
83 186 -4.73 0.29
83 187 -7.51 0.30
83 188 -8.26 0.30
83 189 -10.54 0.28
83 190 -10.90 -0.20
83 191 -13.16 -0.19
83 192 -13.61 -0.19
83 193 -15.73 -0.21
83 194 -15.91 -0.15
83 195 -17.85 -0.14
83 196 -17.86 -0.14
83 197 -19.46 -0.13
83 198 -19.30 -0.14
83 199 -20.40 -0.13
83 200 -19.93 -0.05
83 201 -20.95 -0.12
83 202 -20.47 -0.05
83 203 -21.12 -0.04
83 204 -20.40 -0.05
83 205 -20.94 -0.05
83 206 -19.71 -0.05
83 207 -20.20 -0.04
83 208 -18.51 0.00
83 209 -18.27 0.00
83 210 -13.81 0.00
83 211 -12.16 0.00
83 212 -7.85 0.00
83 213 -5.46 0.00
83 214 -1.22 0.00
83 215 0.90 -0.03
83 216 5.94 0.00
83 217 8.28 -0.05
83 218 12.62 -0.06
83 219 16.02 -0.05
83 220 20.30 -0.05
83 221 23.98 -0.05
83 222 28.30 -0.06
83 223 30.96 0.21
83 224 35.39 0.20
83 225 38.67 0.22
83 226 42.90 0.22
83 227 46.52 0.23
83 228 51.35 0.22
83 229 54.65 0.24
83 230 59.56 0.25
83 231 63.47 0.28
83 232 68.60 0.28
83 233 72.62 0.25
83 234 77.92 0.27
83 235 81.91 0.28
83 236 87.30 0.27
83 237 91.92 0.27
83 238 97.45 0.25
83 239 102.27 0.27
83 240 107.91 0.26
83 241 112.75 0.23
83 242 118.84 0.21
83 243 123.85 0.23
83 244 129.81 0.21
83 245 135.40 -0.20
83 246 140.95 -0.19
83 247 146.38 -0.19
83 248 152.36 -0.19
83 249 157.65 -0.18
83 250 163.90 -0.18
83 251 169.27 -0.18
83 252 175.51 -0.17
83 253 181.41 -0.16
83 254 187.82 -0.11
83 255 193.66 -0.12
83 256 200.36 -0.09
83 257 206.14 -0.09
83 258 212.81 -0.05
83 259 218.74 -0.05
83 260 225.48 -0.05
83 261 231.26 -0.05
83 262 238.21 -0.05
83 263 244.12 -0.05
83 264 251.22 -0.04
83 265 257.37 -0.03
83 266 265.11 0.00
83 267 271.24 0.00
83 268 281.74 0.00
83 269 287.90 0.00
83 270 297.07 0.00
83 271 304.98 0.00
83 272 313.67 0.00
83 273 321.92 -0.03
83 274 330.57 0.03
83 275 339.41 -0.03
83 276 348.18 -0.04
84 174 45.09 0.13
84 175 41.83 0.16
84 176 36.57 0.17
84 177 33.49 0.23
84 178 28.53 0.24
84 179 25.68 0.23
84 180 21.16 0.27
84 181 18.68 0.29
84 182 14.47 0.28
84 183 12.14 0.30
84 184 8.46 0.29
84 185 6.79 0.26
84 186 3.20 0.29
84 187 1.85 0.31
84 188 -1.15 0.31
84 189 -2.24 0.30
84 190 -4.98 0.29
84 191 -5.29 0.27
84 192 -7.91 0.26
84 193 -8.48 -0.21
84 194 -10.87 -0.20
84 195 -11.09 -0.15
84 196 -13.21 -0.19
84 197 -13.49 -0.18
84 198 -15.11 -0.17
84 199 -14.79 -0.10
84 200 -16.65 -0.11
84 201 -16.22 0.06
84 202 -17.62 -0.08
84 203 -17.10 -0.06
84 204 -18.18 -0.06
84 205 -17.28 0.04
84 206 -18.12 -0.06
84 207 -16.97 0.04
84 208 -17.26 0.00
84 209 -16.43 0.00
84 210 -16.37 0.00
84 211 -12.11 0.00
84 212 -11.34 0.03
84 213 -6.59 0.00
84 214 -4.44 0.00
84 215 -0.39 0.00
84 216 2.28 0.00
84 217 6.02 0.03
84 218 8.57 0.07
84 219 12.76 0.09
84 220 15.52 0.12
84 221 19.55 0.12
84 222 22.37 0.17
84 223 26.45 0.16
84 224 29.17 0.20
84 225 33.46 0.19
84 226 36.38 0.21
84 227 40.52 0.22
84 228 43.88 0.23
84 229 48.66 0.22
84 230 51.64 0.24
84 231 56.30 0.25
84 232 59.75 0.25
84 233 64.96 0.27
84 234 68.63 0.26
84 235 74.04 0.27
84 236 77.61 0.25
84 237 83.04 0.25
84 238 87.36 0.26
84 239 92.79 0.25
84 240 97.21 0.26
84 241 102.77 0.25
84 242 107.50 0.24
84 243 113.61 0.19
84 244 118.18 0.22
84 245 123.98 0.22
84 246 128.98 0.21
84 247 134.91 0.20
84 248 140.32 0.18
84 249 146.25 -0.15
84 250 151.37 -0.17
84 251 157.27 -0.15
84 252 162.66 -0.16
84 253 168.85 -0.16
84 254 174.46 -0.13
84 255 180.79 -0.14
84 256 186.17 -0.14
84 257 192.64 -0.11
84 258 198.38 -0.10
84 259 205.14 0.07
84 260 211.01 0.06
84 261 217.50 0.03
84 262 223.40 0.05
84 263 230.10 -0.06
84 264 236.13 0.03
84 265 243.05 -0.04
84 266 249.22 0.00
84 267 256.38 0.00
84 268 262.41 0.00
84 269 272.98 0.00
84 270 278.78 0.00
84 271 288.11 0.00
84 272 295.59 0.00
84 273 304.39 0.00
84 274 312.35 0.03
84 275 321.20 0.03
84 276 329.88 0.00
84 277 338.59 0.00
84 278 346.82 0.04
85 176 53.39 0.18
85 177 47.62 0.23
85 178 44.10 0.23
85 179 39.02 0.25
85 180 35.99 0.26
85 181 31.38 0.28
85 182 28.23 0.29
85 183 23.84 0.31
85 184 21.12 0.30
85 185 17.20 0.30
85 186 15.64 0.31
85 187 11.66 0.30
85 188 10.03 0.31
85 189 6.73 0.31
85 190 5.41 0.30
85 191 2.53 0.30
85 192 1.86 0.28
85 193 -0.95 0.27
85 194 -1.02 -0.17
85 195 -3.61 -0.17
85 196 -4.34 -0.17
85 197 -6.79 -0.17
85 198 -7.23 -0.16
85 199 -9.11 -0.16
85 200 -9.03 -0.15
85 201 -10.74 -0.16
85 202 -10.70 -0.15
85 203 -11.91 -0.10
85 204 -11.53 -0.08
85 205 -12.70 -0.09
85 206 -12.09 -0.08
85 207 -13.06 -0.06
85 208 -12.01 -0.06
85 209 -12.80 -0.04
85 210 -11.88 0.00
85 211 -12.01 0.00
85 212 -7.95 0.00
85 213 -6.82 0.00
85 214 -2.91 0.00
85 215 -1.36 -0.04
85 216 2.44 0.04
85 217 4.57 0.06
85 218 8.34 0.07
85 219 10.58 0.12
85 220 14.44 0.14
85 221 16.49 0.15
85 222 20.16 0.15
85 223 22.68 0.17
85 224 26.64 0.17
85 225 29.00 0.22
85 226 33.05 0.23
85 227 35.74 0.24
85 228 39.72 0.24
85 229 42.80 0.23
85 230 47.24 0.24
85 231 50.04 0.24
85 232 54.60 0.24
85 233 58.00 0.25
85 234 62.98 0.25
85 235 66.26 0.24
85 236 71.52 0.25
85 237 75.07 0.25
85 238 79.94 0.25
85 239 84.03 0.25
85 240 89.47 0.25
85 241 93.97 0.24
85 242 99.39 0.23
85 243 103.88 0.24
85 244 109.41 0.21
85 245 114.02 0.21
85 246 119.83 0.21
85 247 124.64 0.21
85 248 130.23 0.20
85 249 135.54 0.19
85 250 141.61 -0.15
85 251 146.80 -0.15
85 252 152.44 -0.15
85 253 157.59 -0.15
85 254 164.00 0.10
85 255 168.90 -0.15
85 256 175.60 0.09
85 257 180.19 -0.13
85 258 187.10 0.08
85 259 192.23 -0.13
85 260 199.09 0.07
85 261 204.52 -0.10
85 262 211.25 0.05
85 263 216.85 -0.05
85 264 223.41 -0.06
85 265 229.36 -0.05
85 266 236.26 0.00
85 267 242.19 0.00
85 268 249.21 0.00
85 269 255.13 0.00
85 270 269.94 0.00
85 272 280.66 0.00
85 273 287.63 0.00
85 274 296.66 0.00
85 275 304.33 0.03
85 276 313.02 0.00
85 277 321.17 0.03
85 278 329.91 0.00
85 279 338.21 0.11
85 280 346.54 0.10
86 178 58.01 0.21
86 179 54.10 0.23
86 180 48.54 0.25
86 181 45.34 0.26
86 182 40.19 0.27
86 183 37.11 0.28
86 184 32.53 0.28
86 185 29.83 0.29
86 186 25.44 0.29
86 187 23.38 0.27
86 188 19.32 0.31
86 189 17.48 0.30
86 190 13.97 0.29
86 191 12.31 0.29
86 192 9.24 0.30
86 193 8.40 0.27
86 194 5.44 0.24
86 195 4.60 0.23
86 196 2.09 0.20
86 197 1.51 -0.19
86 198 -1.00 -0.20
86 199 -1.70 -0.17
86 200 -3.75 -0.17
86 201 -4.14 -0.18
86 202 -5.93 -0.12
86 203 -5.71 -0.08
86 204 -7.60 -0.11
86 205 -7.53 -0.08
86 206 -8.89 -0.09
86 207 -8.36 0.07
86 208 -9.57 -0.07
86 209 -8.71 0.05
86 210 -9.71 0.03
86 211 -8.71 0.00
86 212 -9.03 0.00
86 213 -5.86 -0.03
86 214 -4.92 0.04
86 215 -0.93 0.03
86 216 0.26 0.05
86 217 3.93 0.08
86 218 5.69 0.07
86 219 9.15 0.11
86 220 10.83 0.13
86 221 14.48 0.15
86 222 16.21 0.15
86 223 19.70 0.17
86 224 21.91 0.18
86 225 25.64 0.16
86 226 27.96 0.20
86 227 31.68 0.21
86 228 34.17 0.21
86 229 38.16 0.23
86 230 40.75 0.23
86 231 45.33 0.22
86 232 48.02 0.24
86 233 52.28 0.25
86 234 55.49 0.24
86 235 59.92 0.25
86 236 63.55 0.25
86 237 68.37 0.25
86 238 71.93 0.26
86 239 76.56 0.26
86 240 80.79 0.25
86 241 85.93 0.25
86 242 89.90 0.25
86 243 95.16 0.24
86 244 99.46 0.24
86 245 104.99 0.20
86 246 109.48 0.22
86 247 115.11 0.20
86 248 119.82 0.21
86 249 125.11 0.18
86 250 130.41 0.18
86 251 135.87 0.18
86 252 141.03 0.15
86 253 146.95 -0.13
86 254 151.93 0.13
86 255 157.69 0.12
86 256 162.95 -0.15
86 257 168.59 -0.12
86 258 174.19 -0.12
86 259 180.10 -0.11
86 260 185.81 -0.09
86 261 192.04 0.08
86 262 197.34 -0.09
86 263 203.94 0.05
86 264 209.29 -0.07
86 265 215.88 -0.07
86 266 221.76 -0.06
86 267 228.50 0.03
86 268 234.49 0.00
86 269 241.38 0.00
86 270 247.19 0.00
86 271 261.70 0.00
86 272 262.94 0.00
86 273 272.25 0.03
86 274 279.06 0.00
86 275 287.81 0.04
86 276 295.15 0.03
86 277 303.75 0.04
86 278 311.69 0.04
86 279 320.56 0.00
86 280 328.15 0.10
86 281 336.68 0.07
86 282 344.41 0.13
87 188 32.92 0.26
87 189 28.52 0.32
87 190 26.22 0.31
87 191 22.60 0.31
87 192 21.19 0.26
87 193 17.69 0.31
87 194 16.33 0.30
87 195 13.29 0.25
87 196 12.14 0.25
87 197 9.68 0.24
87 198 8.73 0.20
87 199 6.46 0.20
87 200 5.83 0.18
87 201 3.69 0.15
87 202 3.05 0.13
87 203 0.74 -0.17
87 204 1.12 -0.12
87 205 -1.00 -0.12
87 206 -0.87 0.08
87 207 -2.55 -0.09
87 208 -2.37 0.08
87 209 -3.74 0.05
87 210 -3.23 0.05
87 211 -4.10 0.04
87 212 -3.53 0.00
87 213 -4.03 0.00
87 214 -0.36 0.00
87 215 -0.03 0.04
87 216 3.33 0.04
87 217 4.19 0.06
87 218 7.66 0.05
87 219 9.02 0.12
87 220 12.15 0.14
87 221 13.46 0.14
87 222 16.74 0.15
87 223 18.19 0.17
87 224 21.26 0.18
87 225 23.44 0.19
87 226 26.77 0.19
87 227 28.68 0.22
87 228 32.18 0.21
87 229 34.57 0.21
87 230 38.17 0.22
87 231 40.82 0.23
87 232 45.10 0.24
87 233 47.56 0.24
87 234 51.62 0.25
87 235 54.61 0.27
87 236 58.98 0.26
87 237 62.01 0.26
87 238 66.82 0.26
87 239 70.21 0.26
87 240 74.77 0.26
87 241 78.62 0.26
87 242 83.56 0.25
87 243 87.41 0.25
87 244 92.72 0.26
87 245 96.50 0.24
87 246 102.13 0.21
87 247 106.63 0.23
87 248 111.85 0.23
87 249 116.35 0.22
87 250 121.84 0.18
87 251 126.57 0.19
87 252 132.07 0.17
87 253 137.10 0.18
87 254 142.63 0.15
87 255 147.72 0.15
87 256 153.21 -0.16
87 257 158.59 0.13
87 258 164.09 -0.15
87 259 169.37 -0.12
87 260 175.27 -0.11
87 261 180.52 -0.11
87 262 186.90 0.08
87 263 191.88 -0.08
87 264 198.38 0.05
87 265 203.79 -0.07
87 266 210.10 -0.07
87 267 216.01 0.04
87 268 222.34 0.03
87 269 228.19 0.00
87 270 234.72 -0.03
87 271 240.65 0.00
87 272 254.91 0.00
87 273 256.08 0.00
87 274 265.76 0.00
87 275 271.89 0.00
87 276 280.37 0.00
87 277 287.94 0.00
87 278 296.31 0.00
87 279 304.22 0.00
87 280 312.47 0.00
87 281 319.85 0.12
87 282 327.81 0.12
87 283 335.70 0.14
87 284 342.77 0.12
88 190 36.99 0.31
88 191 34.68 0.30
88 192 30.77 0.28
88 193 28.75 0.29
88 194 25.18 0.28
88 195 23.79 0.28
88 196 20.43 0.27
88 197 19.09 0.25
88 198 16.20 0.22
88 199 15.15 0.21
88 200 12.57 0.20
88 201 11.66 0.19
88 202 9.41 0.16
88 203 8.53 0.15
88 204 6.46 -0.14
88 205 6.20 -0.18
88 206 4.06 -0.13
88 207 3.72 -0.10
88 208 2.01 -0.10
88 209 2.19 -0.10
88 210 0.66 -0.09
88 211 1.18 0.07
88 212 -0.15 0.04
88 213 0.60 0.00
88 214 -0.10 0.00
88 215 2.61 -0.03
88 216 2.97 0.04
88 217 6.30 -0.06
88 218 7.10 0.06
88 219 10.18 0.09
88 220 11.04 0.12
88 221 13.87 0.15
88 222 14.79 0.15
88 223 17.74 0.17
88 224 19.07 0.18
88 225 21.94 0.19
88 226 23.55 0.20
88 227 26.90 0.20
88 228 28.59 0.23
88 229 31.86 0.22
88 230 33.90 0.23
88 231 37.43 0.23
88 232 39.79 0.25
88 233 43.80 0.24
88 234 46.11 0.24
88 235 50.15 0.25
88 236 53.03 0.27
88 237 57.20 0.26
88 238 60.17 0.25
88 239 64.85 0.25
88 240 67.71 0.25
88 241 72.01 0.24
88 242 75.92 0.24
88 243 80.65 0.25
88 244 84.44 0.24
88 245 89.33 0.24
88 246 93.43 0.23
88 247 98.39 0.22
88 248 102.69 0.20
88 249 107.85 0.21
88 250 112.27 0.21
88 251 117.29 0.18
88 252 121.99 0.19
88 253 127.31 0.19
88 254 132.12 0.16
88 255 137.46 0.15
88 256 142.44 0.15
88 257 147.84 0.12
88 258 153.04 0.13
88 259 158.57 -0.12
88 260 163.63 -0.12
88 261 169.44 -0.11
88 262 174.51 -0.11
88 263 180.70 0.09
88 264 185.44 -0.10
88 265 191.97 0.06
88 266 197.35 -0.07
88 267 203.40 -0.07
88 268 209.02 -0.07
88 269 215.75 0.00
88 270 221.30 0.00
88 271 227.94 0.00
88 272 233.53 0.00
88 273 242.39 0.00
88 274 248.63 0.00
88 275 257.17 0.00
88 276 264.09 0.00
88 277 272.05 0.04
88 278 279.44 0.04
88 279 287.78 0.03
88 280 295.15 0.07
88 281 303.46 0.06
88 282 310.74 0.11
88 283 318.64 0.11
88 284 326.14 0.15
88 285 333.20 0.14
88 286 341.44 0.15
89 192 44.50 0.34
89 193 40.17 0.34
89 194 38.27 0.33
89 195 34.38 0.33
89 196 32.65 0.33
89 197 29.13 0.27
89 198 27.72 0.27
89 199 24.71 0.25
89 200 23.45 0.22
89 201 20.82 0.21
89 202 19.62 0.19
89 203 17.30 0.19
89 204 16.32 0.16
89 205 14.04 0.15
89 206 13.65 -0.18
89 207 11.19 -0.14
89 208 10.70 -0.13
89 209 8.93 -0.12
89 210 8.77 -0.10
89 211 7.17 -0.10
89 212 7.46 0.06
89 213 6.05 0.05
89 214 6.47 0.00
89 215 5.58 0.00
89 216 8.85 0.00
89 217 8.42 0.04
89 218 11.33 -0.06
89 219 11.95 0.06
89 220 14.60 0.10
89 221 15.17 0.13
89 222 17.57 0.17
89 223 18.41 0.18
89 224 21.11 0.19
89 225 21.77 0.20
89 226 24.47 0.21
89 227 25.80 0.22
89 228 28.56 0.24
89 229 30.30 0.23
89 230 33.38 0.23
89 231 35.25 0.25
89 232 38.42 0.24
89 233 40.62 0.25
89 234 44.57 0.24
89 235 46.61 0.25
89 236 50.45 0.26
89 237 52.99 0.26
89 238 56.99 0.27
89 239 59.87 0.26
89 240 64.23 0.26
89 241 66.95 0.27
89 242 71.45 0.27
89 243 74.95 0.27
89 244 79.23 0.24
89 245 82.91 0.26
89 246 87.65 0.25
89 247 91.42 0.25
89 248 96.36 0.22
89 249 100.53 0.23
89 250 105.43 0.22
89 251 109.66 0.21
89 252 114.89 0.19
89 253 119.40 0.20
89 254 124.48 0.19
89 255 129.19 0.19
89 256 134.37 0.13
89 257 138.67 0.14
89 258 144.20 0.14
89 259 149.20 0.12
89 260 154.87 -0.10
89 261 159.79 -0.09
89 262 165.42 -0.09
89 263 170.13 -0.09
89 264 176.18 0.09
89 265 180.98 -0.10
89 266 187.21 -0.07
89 267 192.29 -0.06
89 268 198.59 -0.05
89 269 203.88 -0.06
89 270 210.19 -0.04
89 271 215.83 0.00
89 272 222.34 0.00
89 273 227.82 0.00
89 274 236.56 0.00
89 275 242.57 0.00
89 276 250.98 0.00
89 277 257.57 0.03
89 278 265.90 0.00
89 279 273.10 0.00
89 280 281.16 0.00
89 281 288.00 0.08
89 282 295.91 0.08
89 283 303.48 0.13
89 284 311.10 0.12
89 285 318.43 0.15
89 286 325.27 0.14
89 287 333.40 0.18
89 288 340.62 0.17
90 194 49.09 0.31
90 195 46.68 0.30
90 196 42.54 0.29
90 197 40.80 0.28
90 198 36.85 0.28
90 199 35.00 0.27
90 200 32.06 0.26
90 201 30.50 0.23
90 202 27.67 0.21
90 203 26.22 0.20
90 204 23.70 0.19
90 205 22.77 0.17
90 206 20.37 0.17
90 207 19.68 0.13
90 208 17.28 0.13
90 209 16.52 -0.11
90 210 14.52 -0.11
90 211 14.22 -0.12
90 212 12.38 -0.10
90 213 12.56 0.07
90 214 10.99 0.05
90 215 10.87 0.03
90 216 10.37 0.00
90 217 12.60 -0.03
90 218 12.41 0.05
90 219 15.18 -0.06
90 220 15.43 0.07
90 221 17.76 0.13
90 222 18.05 0.14
90 223 20.15 0.18
90 224 20.74 0.17
90 225 23.07 0.23
90 226 23.67 0.19
90 227 25.95 0.22
90 228 27.16 0.21
90 229 29.84 0.21
90 230 31.01 0.25
90 231 33.80 0.25
90 232 35.56 0.25
90 233 38.39 0.25
90 234 40.39 0.26
90 235 43.80 0.25
90 236 46.06 0.27
90 237 49.52 0.27
90 238 52.15 0.25
90 239 56.00 0.27
90 240 58.67 0.26
90 241 62.85 0.27
90 242 65.35 0.25
90 243 69.75 0.26
90 244 72.81 0.26
90 245 77.23 0.25
90 246 80.63 0.24
90 247 85.16 0.25
90 248 88.97 0.24
90 249 93.62 0.22
90 250 97.36 0.22
90 251 102.50 0.21
90 252 106.39 0.21
90 253 111.33 0.19
90 254 115.62 0.18
90 255 120.62 0.19
90 256 125.02 0.17
90 257 130.13 0.16
90 258 134.58 0.16
90 259 139.88 0.14
90 260 144.70 0.13
90 261 149.98 0.11
90 262 155.08 -0.12
90 263 160.49 -0.10
90 264 165.26 -0.09
90 265 170.85 0.09
90 266 175.74 -0.10
90 267 181.78 0.07
90 268 186.59 -0.06
90 269 192.63 -0.07
90 270 198.03 -0.06
90 271 204.15 -0.03
90 272 209.69 0.00
90 273 215.86 -0.03
90 274 221.46 0.00
90 275 230.06 0.00
90 276 235.86 0.00
90 277 244.13 0.00
90 278 250.21 0.03
90 279 258.70 0.00
90 280 265.22 0.06
90 281 273.25 0.04
90 282 280.33 0.07
90 283 288.65 0.11
90 284 295.29 0.12
90 285 302.81 0.12
90 286 309.88 0.14
90 287 317.18 0.17
90 288 324.58 0.17
90 289 331.76 0.18
90 290 339.23 0.19
90 291 346.30 0.19
90 292 354.15 0.21
90 293 361.98 0.21
90 294 369.49 0.21
90 295 376.97 0.21
90 296 384.80 0.22
90 297 392.60 0.21
90 298 400.63 0.22
90 299 408.53 0.22
90 300 416.36 0.23
90 301 424.46 0.23
90 302 432.60 0.23
90 303 440.77 0.23
90 304 449.56 0.23
91 196 56.88 0.33
91 197 52.58 0.30
91 198 50.76 0.29
91 199 46.60 0.29
91 200 44.46 0.27
91 201 41.16 0.27
91 202 39.44 0.26
91 203 36.45 0.25
91 204 34.88 0.23
91 205 32.22 0.20
91 206 31.12 0.17
91 207 28.49 0.17
91 208 27.75 0.14
91 209 25.25 0.15
91 210 24.57 0.14
91 211 22.06 -0.14
91 212 21.62 -0.12
91 213 19.61 -0.09
91 214 19.57 0.08
91 215 17.79 0.04
91 216 18.03 0.00
91 217 16.75 0.00
91 218 18.79 -0.03
91 219 18.17 0.04
91 220 20.77 -0.06
91 221 20.79 0.09
91 222 22.99 0.09
91 223 22.89 0.15
91 224 24.79 0.18
91 225 25.02 0.18
91 226 27.06 0.18
91 227 27.48 0.20
91 228 29.61 0.21
91 229 30.59 0.25
91 230 32.76 0.22
91 231 33.80 0.26
91 232 36.24 0.25
91 233 37.74 0.26
91 234 40.45 0.26
91 235 42.26 0.26
91 236 45.44 0.27
91 237 47.39 0.26
91 238 50.89 0.27
91 239 53.18 0.26
91 240 56.94 0.29
91 241 59.33 0.27
91 242 63.46 0.26
91 243 65.93 0.27
91 244 69.98 0.26
91 245 73.04 0.27
91 246 77.05 0.25
91 247 80.36 0.25
91 248 84.81 0.26
91 249 88.11 0.25
91 250 92.66 0.24
91 251 96.53 0.23
91 252 101.29 0.21
91 253 104.97 0.21
91 254 109.83 0.17
91 255 113.80 0.19
91 256 118.55 0.17
91 257 122.82 0.18
91 258 127.82 0.18
91 259 132.25 0.16
91 260 137.40 0.16
91 261 141.97 0.16
91 262 147.40 0.14
91 263 151.76 -0.11
91 264 157.07 -0.09
91 265 161.62 -0.10
91 266 167.31 0.07
91 267 171.99 0.07
91 268 177.84 -0.10
91 269 182.67 0.06
91 270 188.44 -0.06
91 271 193.75 0.05
91 272 199.58 0.03
91 273 204.86 0.03
91 274 211.49 0.00
91 275 216.76 0.00
91 276 225.24 0.00
91 277 230.77 0.00
91 278 238.92 0.00
91 279 244.72 0.03
91 280 253.10 0.00
91 281 259.43 0.06
91 282 267.65 0.00
91 283 273.90 0.07
91 284 282.11 0.03
91 285 288.77 0.10
91 286 296.34 0.17
91 287 302.83 0.17
91 288 310.07 0.18
91 289 316.87 0.18
91 290 324.12 0.19
91 291 331.23 0.20
91 292 338.63 0.20
91 293 345.92 0.21
91 294 353.41 0.22
91 295 360.73 0.22
91 296 368.46 0.22
91 297 375.83 0.23
91 298 383.56 0.23
91 299 391.12 0.23
91 300 399.27 0.23
91 301 406.94 0.23
91 302 413.87 0.23
91 303 422.82 0.23
91 304 429.93 0.24
91 305 438.96 0.24
91 306 447.36 0.23
91 307 455.71 0.24
91 308 464.35 0.24
92 198 61.61 0.30
92 199 59.28 0.29
92 200 54.92 0.29
92 201 52.94 0.27
92 202 49.26 0.27
92 203 47.32 0.24
92 204 44.21 0.24
92 205 42.46 0.22
92 206 39.55 0.20
92 207 38.12 0.18
92 208 35.44 0.18
92 209 34.70 0.18
92 210 31.85 0.15
92 211 31.01 0.15
92 212 28.49 -0.12
92 213 27.69 -0.13
92 214 25.50 -0.11
92 215 25.41 0.08
92 216 23.55 0.07
92 217 23.16 0.03
92 218 22.32 0.00
92 219 24.11 -0.04
92 220 23.22 0.05
92 221 25.54 -0.07
92 222 25.12 0.09
92 223 26.57 0.18
92 224 26.64 0.16
92 225 28.05 0.22
92 226 28.15 0.18
92 227 29.51 0.23
92 228 30.00 0.22
92 229 31.63 0.23
92 230 32.28 0.24
92 231 34.23 0.27
92 232 35.12 0.26
92 233 37.32 0.27
92 234 38.62 0.26
92 235 41.10 0.26
92 236 42.77 0.26
92 237 45.68 0.27
92 238 47.60 0.28
92 239 50.62 0.26
92 240 53.13 0.27
92 241 56.52 0.27
92 242 58.68 0.26
92 243 62.85 0.27
92 244 65.21 0.27
92 245 68.96 0.26
92 246 71.82 0.26
92 247 75.77 0.26
92 248 78.85 0.26
92 249 83.20 0.25
92 250 86.20 0.25
92 251 90.58 0.23
92 252 94.21 0.23
92 253 98.77 0.22
92 254 102.34 0.20
92 255 107.11 0.21
92 256 110.91 0.20
92 257 115.64 0.19
92 258 119.77 0.17
92 259 124.63 0.16
92 260 128.72 0.16
92 261 134.01 0.16
92 262 138.19 0.12
92 263 143.33 0.13
92 264 147.75 0.13
92 265 153.30 -0.09
92 266 157.47 -0.09
92 267 163.05 0.09
92 268 167.54 -0.09
92 269 173.32 0.06
92 270 177.92 -0.07
92 271 183.76 -0.04
92 272 188.60 -0.04
92 273 194.52 0.03
92 274 199.78 0.00
92 275 205.94 0.00
92 276 211.10 0.00
92 277 219.44 0.00
92 278 224.76 0.00
92 279 232.75 0.00
92 280 238.81 0.00
92 281 246.57 0.00
92 282 253.16 0.00
92 283 260.75 0.00
92 284 267.13 0.05
92 285 275.16 0.12
92 286 281.37 0.11
92 287 288.58 0.20
92 288 295.23 0.17
92 289 302.49 0.17
92 290 309.02 0.19
92 291 315.99 0.22
92 292 323.00 0.21
92 293 329.87 0.21
92 294 337.06 0.22
92 295 344.55 0.21
92 296 351.59 0.22
92 297 358.85 0.23
92 298 366.60 0.23
92 299 373.75 0.23
92 300 381.27 0.23
92 301 389.16 0.24
92 302 396.75 0.23
92 303 404.47 0.24
92 304 412.31 0.24
92 305 420.42 0.24
92 306 428.57 0.24
92 307 436.67 0.24
92 308 444.50 0.24
92 309 453.32 0.24
92 310 461.19 0.25
93 200 69.86 0.29
93 201 65.21 0.28
93 202 62.96 0.29
93 203 58.87 0.27
93 204 56.99 0.28
93 205 53.37 0.24
93 206 51.44 0.23
93 207 48.54 0.21
93 208 47.27 0.19
93 209 44.24 0.19
93 210 43.16 0.18
93 211 40.09 0.18
93 212 39.29 0.14
93 213 36.56 -0.12
93 214 35.52 -0.13
93 215 33.20 -0.11
93 216 33.02 0.08
93 217 30.98 -0.07
93 218 30.52 -0.04
93 219 29.04 -0.04
93 220 30.91 -0.05
93 221 29.96 -0.05
93 222 31.73 -0.07
93 223 31.12 0.07
93 224 32.50 0.17
93 225 32.11 0.17
93 226 33.02 0.21
93 227 32.94 0.20
93 228 34.13 0.25
93 229 34.43 0.24
93 230 35.80 0.25
93 231 36.12 0.26
93 232 37.76 0.28
93 233 38.64 0.25
93 234 40.51 0.26
93 235 41.49 0.27
93 236 43.69 0.27
93 237 45.24 0.26
93 238 47.63 0.26
93 239 49.74 0.28
93 240 52.48 0.27
93 241 54.65 0.27
93 242 57.78 0.27
93 243 59.97 0.29
93 244 63.84 0.29
93 245 65.98 0.28
93 246 69.62 0.28
93 247 72.06 0.27
93 248 76.21 0.26
93 249 79.23 0.26
93 250 83.20 0.26
93 251 86.53 0.24
93 252 90.31 0.23
93 253 93.70 0.23
93 254 98.00 0.23
93 255 101.62 0.23
93 256 106.28 0.21
93 257 109.79 0.20
93 258 114.51 0.19
93 259 118.36 0.19
93 260 123.22 0.19
93 261 127.30 0.17
93 262 132.31 0.17
93 263 136.47 0.14
93 264 141.60 -0.14
93 265 145.82 -0.11
93 266 150.88 -0.13
93 267 155.01 -0.12
93 268 160.39 -0.09
93 269 164.78 -0.11
93 270 170.29 -0.09
93 271 174.94 -0.07
93 272 180.67 -0.08
93 273 185.40 -0.07
93 274 191.31 -0.05
93 275 196.39 -0.05
93 276 202.36 -0.03
93 277 207.84 0.00
93 278 215.37 -0.03
93 279 220.88 -0.03
93 280 228.99 0.00
93 281 234.50 -0.03
93 282 242.04 0.03
93 283 248.35 0.08
93 284 255.84 0.08
93 285 261.90 0.08
93 286 269.66 0.12
93 287 275.79 0.12
93 288 282.93 0.23
93 289 289.28 0.21
93 290 295.68 0.23
93 291 302.63 0.23
93 292 309.02 0.24
93 293 316.35 0.22
93 294 322.96 0.23
93 295 330.12 0.25
93 296 337.16 0.23
93 297 344.08 0.23
93 298 351.38 0.23
93 299 358.68 0.23
93 300 366.20 0.23
93 301 373.27 0.24
93 302 380.82 0.24
93 303 388.33 0.24
93 304 396.22 0.24
93 305 403.90 0.24
93 306 411.79 0.24
93 307 419.39 0.24
93 308 427.54 0.24
93 309 435.46 0.24
93 310 443.59 0.24
93 311 451.57 0.24
93 312 459.93 0.25
93 313 468.18 0.24
93 314 476.35 0.24
93 315 485.07 0.24
93 316 493.13 0.24
93 317 501.67 0.23
93 318 510.21 0.23
93 319 518.98 0.22
93 320 527.50 0.22
94 202 74.38 0.30
94 203 72.23 0.29
94 204 68.05 0.30
94 205 65.87 0.28
94 206 62.06 0.25
94 207 60.17 0.24
94 208 56.95 0.22
94 209 55.11 0.19
94 210 51.94 0.20
94 211 50.89 0.18
94 212 47.68 0.17
94 213 46.51 0.16
94 214 43.81 -0.15
94 215 42.57 -0.13
94 216 40.09 -0.12
94 217 39.48 0.09
94 218 37.43 0.08
94 219 36.78 0.05
94 220 34.95 0.04
94 221 36.91 -0.05
94 222 35.45 0.06
94 223 37.25 -0.08
94 224 36.28 0.12
94 225 37.03 0.18
94 226 36.58 0.20
94 227 37.02 0.21
94 228 37.02 0.21
94 229 37.68 0.25
94 230 37.65 0.24
94 231 38.45 0.27
94 232 38.94 0.25
94 233 40.28 0.28
94 234 40.75 0.26
94 235 42.47 0.29
94 236 43.30 0.28
94 237 45.38 0.27
94 238 46.45 0.27
94 239 48.77 0.27
94 240 50.34 0.27
94 241 52.82 0.29
94 242 54.81 0.28
94 243 57.86 0.28
94 244 59.72 0.27
94 245 63.18 0.28
94 246 65.09 0.27
94 247 68.78 0.29
94 248 71.15 0.27
94 249 74.83 0.26
94 250 77.94 0.26
94 251 81.70 0.26
94 252 84.64 0.25
94 253 88.65 0.25
94 254 91.82 0.24
94 255 96.25 0.22
94 256 99.43 0.23
94 257 104.29 0.21
94 258 107.74 0.21
94 259 112.18 0.18
94 260 115.93 0.19
94 261 120.64 0.18
94 262 124.58 0.18
94 263 129.49 0.16
94 264 133.36 0.15
94 265 138.40 0.14
94 266 142.56 -0.13
94 267 147.44 -0.12
94 268 151.52 -0.11
94 269 156.82 -0.09
94 270 161.07 -0.08
94 271 166.58 0.06
94 272 170.88 -0.07
94 273 176.36 -0.07
94 274 181.08 0.05
94 275 186.67 0.04
94 276 191.55 0.03
94 277 197.72 0.00
94 278 202.62 0.00
94 279 210.66 0.00
94 280 215.65 0.00
94 281 223.35 0.00
94 282 229.07 0.00
94 283 236.54 0.00
94 284 242.02 0.04
94 285 250.09 0.00
94 286 256.03 0.04
94 287 263.35 0.18
94 288 269.33 0.17
94 289 275.58 0.22
94 290 282.28 0.18
94 291 288.50 0.22
94 292 295.33 0.21
94 293 301.62 0.23
94 294 308.48 0.23
94 295 314.95 0.23
94 296 322.28 0.23
94 297 329.03 0.23
94 298 336.04 0.23
94 299 343.05 0.23
94 300 350.25 0.23
94 301 357.53 0.23
94 302 364.55 0.24
94 303 372.09 0.24
94 304 379.11 0.24
94 305 386.79 0.25
94 306 394.34 0.24
94 307 402.36 0.25
94 308 409.65 0.24
94 309 417.78 0.25
94 310 425.31 0.25
94 311 433.52 0.24
94 312 441.49 0.24
94 313 449.55 0.25
94 314 457.66 0.25
94 315 465.85 0.25
94 316 474.18 0.23
94 317 482.40 0.24
94 318 490.63 0.23
94 319 499.34 0.24
94 320 507.77 0.23
94 321 516.31 0.22
94 322 524.89 0.22
95 212 60.19 0.20
95 213 56.89 0.19
95 214 55.38 -0.16
95 215 52.46 -0.14
95 216 51.14 -0.14
95 217 48.31 -0.13
95 218 47.98 0.06
95 219 45.29 0.06
95 220 44.50 0.06
95 221 42.63 0.06
95 222 44.55 -0.04
95 223 42.36 0.06
95 224 43.95 0.17
95 225 42.88 0.07
95 226 43.33 0.18
95 227 42.75 0.19
95 228 43.15 0.23
95 229 42.81 0.20
95 230 43.29 0.25
95 231 43.14 0.25
95 232 44.04 0.25
95 233 44.08 0.27
95 234 45.02 0.28
95 235 45.38 0.30
95 236 46.81 0.31
95 237 47.23 0.30
95 238 49.16 0.29
95 239 50.09 0.30
95 240 52.08 0.29
95 241 53.31 0.29
95 242 55.58 0.30
95 243 57.31 0.28
95 244 60.21 0.29
95 245 61.78 0.29
95 246 65.24 0.27
95 247 67.14 0.29
95 248 70.15 0.25
95 249 72.48 0.27
95 250 76.11 0.26
95 251 78.44 0.26
95 252 82.66 0.27
95 253 85.30 0.26
95 254 89.18 0.25
95 255 92.09 0.25
95 256 96.25 0.24
95 257 99.58 0.24
95 258 103.91 0.23
95 259 107.28 0.22
95 260 111.82 0.20
95 261 115.19 0.19
95 262 119.90 0.18
95 263 123.74 0.19
95 264 129.09 -0.15
95 265 132.78 -0.14
95 266 137.08 -0.14
95 267 141.01 -0.12
95 268 145.73 -0.12
95 269 149.74 -0.13
95 270 154.81 -0.12
95 271 158.91 -0.09
95 272 164.29 -0.09
95 273 168.64 -0.10
95 274 174.10 -0.08
95 275 178.78 0.04
95 276 184.17 0.04
95 277 189.03 0.03
95 278 195.06 0.00
95 279 199.80 0.00
95 280 207.69 0.00
95 281 212.50 0.00
95 282 220.04 0.00
95 283 225.60 0.00
95 284 232.91 0.00
95 285 238.79 0.05
95 286 246.14 0.00
95 287 251.61 0.11
95 288 258.09 0.17
95 289 264.33 0.19
95 290 270.48 0.23
95 291 276.93 0.21
95 292 282.69 0.21
95 293 289.61 0.20
95 294 295.84 0.25
95 295 302.64 0.23
95 296 309.34 0.23
95 297 315.94 0.25
95 298 322.50 0.24
95 299 329.46 0.24
95 300 336.37 0.24
95 301 343.30 0.24
95 302 350.40 0.24
95 303 357.27 0.24
95 304 364.64 0.25
95 305 371.73 0.25
95 306 379.20 0.25
95 307 386.48 0.25
95 308 394.11 0.25
95 309 401.58 0.25
95 310 409.49 0.23
95 311 417.03 0.24
95 312 424.91 0.25
95 313 432.77 0.25
95 314 440.76 0.25
95 315 448.83 0.24
95 316 456.74 0.24
95 317 464.81 0.24
95 318 472.76 0.24
95 319 481.35 0.24
95 320 489.34 0.24
95 321 497.76 0.23
95 322 506.34 0.23
95 323 514.76 0.21
95 324 522.76 0.21
96 214 65.01 0.18
96 215 63.64 -0.16
96 216 60.72 -0.15
96 217 58.84 -0.14
96 218 56.05 -0.12
96 219 54.84 -0.11
96 220 52.40 0.08
96 221 51.52 0.06
96 222 49.39 0.04
96 223 50.85 -0.09
96 224 48.68 0.06
96 225 50.28 -0.08
96 226 48.74 0.10
96 227 48.77 0.18
96 228 47.84 0.25
96 229 47.77 0.22
96 230 47.02 0.26
96 231 47.27 0.27
96 232 46.81 0.27
96 233 47.49 0.28
96 234 47.28 0.26
96 235 48.26 0.29
96 236 48.53 0.28
96 237 49.46 0.29
96 238 50.09 0.28
96 239 51.60 0.28
96 240 52.17 0.28
96 241 53.82 0.28
96 242 55.14 0.28
96 243 57.34 0.29
96 244 58.53 0.28
96 245 61.17 0.29
96 246 62.74 0.27
96 247 65.91 0.27
96 248 67.40 0.28
96 249 70.50 0.28
96 250 73.07 0.27
96 251 76.15 0.27
96 252 78.75 0.27
96 253 82.21 0.27
96 254 84.78 0.26
96 255 88.58 0.25
96 256 91.49 0.26
96 257 95.59 0.25
96 258 98.57 0.24
96 259 102.76 0.24
96 260 106.02 0.23
96 261 110.40 0.21
96 262 113.81 0.21
96 263 117.99 0.20
96 264 121.83 0.18
96 265 126.60 0.17
96 266 130.58 -0.15
96 267 134.97 -0.15
96 268 138.64 -0.13
96 269 143.29 -0.14
96 270 147.05 -0.12
96 271 152.15 -0.11
96 272 156.07 -0.12
96 273 161.16 -0.10
96 274 165.32 -0.09
96 275 170.72 -0.07
96 276 175.26 0.05
96 277 180.75 0.05
96 278 185.49 0.00
96 279 191.18 0.00
96 280 195.81 0.00
96 281 203.56 0.00
96 282 208.19 0.00
96 283 215.17 0.03
96 284 220.38 0.03
96 285 228.14 0.00
96 286 234.04 0.00
96 287 241.04 0.00
96 288 246.41 0.25
96 289 252.22 0.21
96 290 258.46 0.25
96 291 263.97 0.23
96 292 270.31 0.24
96 293 276.32 0.25
96 294 282.87 0.25
96 295 288.61 0.24
96 296 295.52 0.23
96 297 301.52 0.26
96 298 308.52 0.24
96 299 315.08 0.26
96 300 321.80 0.24
96 301 328.36 0.26
96 302 335.15 0.25
96 303 342.22 0.24
96 304 349.21 0.25
96 305 356.47 0.26
96 306 363.34 0.25
96 307 370.77 0.26
96 308 377.78 0.25
96 309 385.21 0.25
96 310 392.61 0.25
96 311 400.19 0.25
96 312 407.80 0.26
96 313 415.34 0.25
96 314 423.14 0.25
96 315 431.12 0.25
96 316 438.91 0.25
96 317 447.01 0.24
96 318 454.79 0.25
96 319 462.59 0.24
96 320 471.10 0.24
96 321 479.17 0.23
96 322 487.56 0.23
96 323 495.67 0.23
96 324 504.30 0.24
96 325 512.08 0.21
96 326 521.01 0.21
97 216 73.37 0.17
97 217 69.97 -0.15
97 218 67.99 -0.14
97 219 65.07 -0.11
97 220 63.70 -0.11
97 221 61.30 0.06
97 222 60.04 0.05
97 223 58.43 0.00
97 224 58.99 0.05
97 225 56.74 0.05
97 226 57.80 -0.07
97 227 56.20 0.11
97 228 55.63 0.27
97 229 54.61 0.25
97 230 54.53 0.29
97 231 53.54 0.29
97 232 53.33 0.25
97 233 53.04 0.27
97 234 53.11 0.28
97 235 53.12 0.28
97 236 53.53 0.28
97 237 53.50 0.28
97 238 54.28 0.28
97 239 54.81 0.28
97 240 55.98 0.27
97 241 56.37 0.30
97 242 58.09 0.27
97 243 58.98 0.29
97 244 60.80 0.27
97 245 61.93 0.28
97 246 64.32 0.29
97 247 65.75 0.28
97 248 68.57 0.29
97 249 70.01 0.28
97 250 72.96 0.28
97 251 74.94 0.28
97 252 78.08 0.28
97 253 80.44 0.27
97 254 83.80 0.27
97 255 86.14 0.28
97 256 89.92 0.26
97 257 92.76 0.25
97 258 96.55 0.26
97 259 99.43 0.24
97 260 103.39 0.23
97 261 106.39 0.23
97 262 110.56 0.22
97 263 113.73 0.21
97 264 118.00 0.20
97 265 121.78 0.18
97 266 126.25 0.18
97 267 129.66 0.16
97 268 134.43 -0.14
97 269 138.12 -0.14
97 270 142.74 -0.15
97 271 146.30 -0.13
97 272 150.95 -0.12
97 273 154.98 -0.10
97 274 159.92 -0.11
97 275 163.98 -0.08
97 276 169.15 -0.08
97 277 173.48 -0.05
97 278 178.89 -0.03
97 279 183.33 -0.03
97 280 189.06 0.00
97 281 193.55 0.00
97 282 201.14 0.00
97 283 205.60 0.00
97 284 212.84 0.00
97 285 218.04 0.00
97 286 224.83 -0.04
97 287 230.45 -0.04
97 288 237.45 0.03
97 289 243.20 -0.05
97 290 247.98 0.28
97 291 253.83 0.25
97 292 259.76 0.23
97 293 265.74 0.25
97 294 271.38 0.25
97 295 277.81 0.24
97 296 283.74 0.26
97 297 290.42 0.25
97 298 296.21 0.26
97 299 303.10 0.25
97 300 308.92 0.25
97 301 315.97 0.26
97 302 322.36 0.26
97 303 328.99 0.24
97 304 335.80 0.26
97 305 342.69 0.26
97 306 349.83 0.26
97 307 356.38 0.25
97 308 363.54 0.25
97 309 370.65 0.25
97 310 377.75 0.25
97 311 385.28 0.25
97 312 392.72 0.24
97 313 399.75 0.25
97 314 407.42 0.26
97 315 415.17 0.25
97 316 422.67 0.26
97 317 430.52 0.25
97 318 438.51 0.24
97 319 446.31 0.25
97 320 454.22 0.25
97 321 462.35 0.24
97 322 470.43 0.24
97 323 478.43 0.23
97 324 486.68 0.22
97 325 495.10 0.24
97 326 503.10 0.22
97 327 511.68 0.22
97 328 519.71 0.20
98 218 79.14 0.17
98 219 77.14 -0.14
98 220 73.75 -0.12
98 221 71.94 -0.11
98 222 68.90 0.08
98 223 67.59 0.06
98 224 64.95 0.04
98 225 66.12 0.04
98 226 63.42 0.07
98 227 64.03 0.22
98 228 62.46 0.21
98 229 61.80 0.25
98 230 60.36 0.28
98 231 60.13 0.27
98 232 58.91 0.28
98 233 58.68 0.28
98 234 58.22 0.26
98 235 58.16 0.27
98 236 57.67 0.28
98 237 58.01 0.28
98 238 57.86 0.30
98 239 58.65 0.30
98 240 58.59 0.29
98 241 60.02 0.28
98 242 59.97 0.29
98 243 61.20 0.28
98 244 61.94 0.29
98 245 63.70 0.29
98 246 64.43 0.28
98 247 66.69 0.29
98 248 67.81 0.27
98 249 70.47 0.29
98 250 71.64 0.29
98 251 74.16 0.29
98 252 76.23 0.28
98 253 78.96 0.27
98 254 81.29 0.28
98 255 84.46 0.28
98 256 86.84 0.26
98 257 90.20 0.27
98 258 92.65 0.26
98 259 96.32 0.26
98 260 99.13 0.25
98 261 103.16 0.24
98 262 105.96 0.24
98 263 109.76 0.23
98 264 113.10 0.22
98 265 117.19 0.21
98 266 120.64 0.21
98 267 124.89 0.18
98 268 128.75 -0.16
98 269 132.74 -0.14
98 270 136.23 -0.15
98 271 140.55 -0.14
98 272 144.12 -0.13
98 273 148.69 -0.13
98 274 152.37 -0.13
98 275 157.44 -0.12
98 276 161.38 -0.08
98 277 166.26 -0.09
98 278 170.60 -0.07
98 279 176.18 -0.05
98 280 180.73 0.00
98 281 186.18 0.00
98 282 190.55 0.00
98 283 197.32 -0.06
98 284 201.72 0.03
98 285 209.36 0.00
98 286 213.76 0.05
98 287 220.71 -0.09
98 288 226.08 0.04
98 289 232.65 -0.05
98 290 237.02 0.27
98 291 242.73 0.28
98 292 248.59 0.25
98 293 254.03 0.23
98 294 260.12 0.26
98 295 265.64 0.25
98 296 272.08 0.26
98 297 277.68 0.25
98 298 283.95 0.25
98 299 289.88 0.26
98 300 296.53 0.25
98 301 302.56 0.26
98 302 309.23 0.25
98 303 315.38 0.26
98 304 322.15 0.25
98 305 328.76 0.28
98 306 335.30 0.25
98 307 342.02 0.27
98 308 349.06 0.25
98 309 355.91 0.25
98 310 362.89 0.25
98 311 369.86 0.25
98 312 376.71 0.26
98 313 384.28 0.24
98 314 391.61 0.26
98 315 399.05 0.25
98 316 406.41 0.25
98 317 413.98 0.25
98 318 421.69 0.25
98 319 429.60 0.24
98 320 437.19 0.25
98 321 444.83 0.25
98 322 452.76 0.24
98 323 460.09 0.24
98 324 468.60 0.24
98 325 476.66 0.24
98 326 484.95 0.23
98 327 492.96 0.23
98 328 501.46 0.22
98 329 509.79 0.21
98 330 518.07 0.22
99 220 87.47 0.11
99 221 84.15 -0.14
99 222 81.82 -0.12
99 223 78.22 0.06
99 224 76.76 0.04
99 225 74.63 0.00
99 226 74.51 -0.09
99 227 73.16 0.00
99 228 72.25 0.23
99 229 70.68 0.24
99 230 69.69 0.21
99 231 68.33 0.23
99 232 67.75 0.28
99 233 66.55 0.23
99 234 66.53 0.27
99 235 65.47 0.29
99 236 65.24 0.30
99 237 64.35 0.25
99 238 64.45 0.29
99 239 64.31 0.28
99 240 64.48 0.29
99 241 64.43 0.30
99 242 65.13 0.31
99 243 65.42 0.28
99 244 66.68 0.30
99 245 66.66 0.29
99 246 68.44 0.29
99 247 69.01 0.29
99 248 70.84 0.28
99 249 71.64 0.27
99 250 74.28 0.29
99 251 75.27 0.28
99 252 77.84 0.29
99 253 79.15 0.26
99 254 82.10 0.27
99 255 83.89 0.25
99 256 86.70 0.25
99 257 89.07 0.25
99 258 92.24 0.24
99 259 94.42 0.25
99 260 97.90 0.25
99 261 100.39 0.25
99 262 104.32 0.25
99 263 107.12 0.24
99 264 111.06 0.23
99 265 114.01 0.23
99 266 117.98 0.22
99 267 121.17 0.20
99 268 125.44 0.18
99 269 128.76 0.17
99 270 132.95 -0.14
99 271 136.38 -0.15
99 272 140.30 -0.14
99 273 143.84 -0.13
99 274 148.36 -0.13
99 275 151.80 -0.11
99 276 156.60 -0.11
99 277 160.50 -0.10
99 278 165.47 -0.08
99 279 169.55 -0.07
99 280 174.64 -0.07
99 281 179.34 0.00
99 282 184.66 0.00
99 283 188.90 0.00
99 284 196.17 0.00
99 285 200.27 0.00
99 286 207.22 0.00
99 287 212.06 0.00
99 288 218.66 0.06
99 289 223.59 -0.07
99 290 229.56 -0.17
99 291 233.94 0.30
99 292 239.31 0.28
99 293 244.59 0.28
99 294 250.49 0.28
99 295 256.08 0.27
99 296 261.20 0.29
99 297 267.65 0.27
99 298 273.35 0.27
99 299 279.72 0.27
99 300 285.26 0.26
99 301 291.83 0.25
99 302 297.66 0.26
99 303 304.26 0.26
99 304 310.24 0.26
99 305 316.88 0.25
99 306 323.07 0.27
99 307 329.66 0.25
99 308 336.41 0.26
99 309 343.00 0.26
99 310 349.95 0.27
99 311 356.56 0.26
99 312 363.50 0.26
99 313 370.64 0.26
99 314 377.50 0.25
99 315 384.53 0.26
99 316 392.10 0.26
99 317 399.21 0.26
99 318 406.60 0.25
99 319 414.06 0.25
99 320 422.09 0.25
99 321 429.39 0.25
99 322 437.12 0.26
99 323 444.63 0.25
99 324 452.60 0.25
99 325 460.66 0.23
99 326 468.46 0.24
99 327 476.39 0.24
99 328 484.52 0.24
99 329 492.76 0.23
99 330 500.95 0.21
99 331 509.22 0.22
99 332 517.56 0.24
100 222 93.66 0.12
100 223 91.69 0.11
100 224 86.95 0.07
100 225 85.14 0.04
100 226 82.98 0.00
100 227 82.56 -0.08
100 228 79.76 0.06
100 229 79.40 0.26
100 230 78.24 0.10
100 231 76.28 0.28
100 232 74.94 0.31
100 233 74.29 0.28
100 234 72.70 0.32
100 235 71.90 0.30
100 236 71.15 0.27
100 237 70.66 0.26
100 238 69.66 0.29
100 239 69.78 0.26
100 240 68.97 0.28
100 241 69.31 0.28
100 242 69.09 0.30
100 243 69.59 0.31
100 244 69.46 0.29
100 245 70.08 0.29
100 246 70.38 0.30
100 247 71.87 0.29
100 248 72.21 0.30
100 249 73.73 0.29
100 250 74.40 0.30
100 251 76.68 0.30
100 252 77.39 0.28
100 253 79.72 0.29
100 254 80.92 0.28
100 255 83.57 0.28
100 256 85.21 0.28
100 257 87.94 0.27
100 258 89.92 0.26
100 259 92.99 0.26
100 260 95.28 0.26
100 261 98.62 0.26
100 262 101.04 0.26
100 263 104.52 0.24
100 264 107.25 0.25
100 265 110.92 0.23
100 266 113.82 0.23
100 267 117.72 0.21
100 268 120.89 0.22
100 269 124.66 0.21
100 270 128.23 0.17
100 271 132.23 -0.15
100 272 135.33 -0.15
100 273 139.46 -0.14
100 274 142.73 -0.13
100 275 147.00 -0.12
100 276 150.49 -0.13
100 277 154.99 -0.11
100 278 158.93 -0.09
100 279 163.60 -0.08
100 280 167.71 -0.08
100 281 172.71 -0.07
100 282 177.01 0.03
100 283 182.09 -0.06
100 284 186.76 0.00
100 285 192.79 -0.07
100 286 197.20 0.03
100 287 204.07 0.04
100 288 208.47 0.05
100 289 214.34 -0.09
100 290 220.15 0.08
100 291 224.28 0.27
100 292 229.55 0.30
100 293 235.03 0.26
100 294 240.33 0.29
100 295 245.60 0.28
100 296 251.43 0.29
100 297 256.53 0.29
100 298 262.81 0.30
100 299 268.32 0.27
100 300 274.32 0.27
100 301 280.32 0.26
100 302 286.50 0.26
100 303 291.95 0.26
100 304 298.37 0.26
100 305 304.09 0.28
100 306 310.61 0.27
100 307 316.92 0.28
100 308 323.33 0.26
100 309 329.40 0.27
100 310 336.34 0.25
100 311 343.00 0.27
100 312 349.39 0.26
100 313 356.58 0.26
100 314 363.03 0.26
100 315 370.02 0.26
100 316 377.00 0.26
100 317 384.35 0.25
100 318 391.11 0.25
100 319 398.79 0.26
100 320 406.00 0.26
100 321 413.67 0.25
100 322 420.85 0.25
100 323 428.37 0.25
100 324 436.06 0.25
100 325 443.54 0.25
100 326 451.36 0.25
100 327 459.12 0.24
100 328 467.22 0.25
100 329 475.01 0.24
100 330 483.07 0.23
100 331 491.32 0.26
100 332 499.44 0.22
100 333 507.53 0.25
100 334 515.95 0.22
101 224 102.34 -0.11
101 225 97.50 0.07
101 226 95.90 0.00
101 227 92.70 0.00
101 228 91.69 -0.07
101 229 88.98 -0.05
101 230 89.03 -0.09
101 231 86.31 0.31
101 232 85.20 0.29
101 233 83.32 0.32
101 234 81.93 0.30
101 235 80.66 0.29
101 236 79.72 0.30
101 237 78.48 0.29
101 238 77.89 0.32
101 239 76.83 0.29
101 240 76.82 0.32
101 241 75.87 0.30
101 242 75.76 0.28
101 243 75.28 0.30
101 244 75.62 0.31
101 245 75.25 0.29
101 246 75.93 0.29
101 247 75.97 0.30
101 248 77.23 0.29
101 249 77.36 0.29
101 250 78.75 0.30
101 251 78.92 0.29
101 252 80.99 0.29
101 253 81.66 0.29
101 254 83.79 0.29
101 255 84.86 0.28
101 256 87.23 0.27
101 257 88.58 0.28
101 258 91.19 0.28
101 259 92.91 0.28
101 260 95.64 0.27
101 261 98.01 0.28
101 262 101.02 0.26
101 263 103.26 0.26
101 264 106.94 0.24
101 265 109.21 0.25
101 266 112.88 0.23
101 267 115.42 0.21
101 268 119.33 0.22
101 269 122.40 0.21
101 270 126.06 0.21
101 271 129.27 0.19
101 272 133.36 -0.15
101 273 136.30 -0.15
101 274 140.08 -0.14
101 275 143.24 -0.13
101 276 147.26 -0.13
101 277 150.63 -0.13
101 278 155.11 -0.12
101 279 158.77 -0.10
101 280 163.45 -0.08
101 281 167.27 -0.10
101 282 172.29 -0.07
101 283 176.29 0.03
101 284 181.97 0.00
101 285 185.99 0.00
101 286 191.85 -0.04
101 287 196.66 0.00
101 288 202.68 0.03
101 289 207.78 0.00
101 290 211.90 0.33
101 291 216.87 0.34
101 292 222.00 0.33
101 293 227.25 0.33
101 294 232.37 0.33
101 295 237.52 0.33
101 296 242.95 0.32
101 297 248.46 0.31
101 298 253.42 0.30
101 299 259.42 0.32
101 300 264.59 0.32
101 301 270.72 0.27
101 302 276.20 0.30
101 303 282.48 0.27
101 304 288.23 0.28
101 305 294.37 0.30
101 306 300.01 0.27
101 307 306.36 0.27
101 308 312.18 0.29
101 309 318.32 0.27
101 310 325.08 0.26
101 311 331.23 0.26
101 312 337.81 0.26
101 313 344.34 0.27
101 314 351.11 0.27
101 315 357.47 0.26
101 316 364.43 0.26
101 317 371.21 0.26
101 318 378.33 0.26
101 319 385.15 0.26
101 320 392.39 0.26
101 321 399.57 0.25
101 322 407.00 0.26
101 323 414.08 0.26
101 324 421.57 0.26
101 325 428.95 0.25
101 326 436.38 0.25
101 327 444.34 0.24
101 328 451.98 0.25
101 329 459.91 0.24
101 330 467.48 0.24
101 331 475.47 0.24
101 332 483.48 0.22
101 333 491.60 0.23
101 334 499.55 0.25
101 335 507.68 0.23
101 336 515.94 0.22
101 337 524.19 0.19
101 338 532.05 0.20
101 339 540.80 0.18
101 340 548.90 0.15
101 341 557.11 -0.13
101 342 564.96 -0.13
102 226 108.39 0.07
102 227 105.10 0.03
102 228 100.85 0.03
102 229 100.60 0.14
102 230 97.50 0.06
102 231 97.06 -0.21
102 232 94.18 0.32
102 233 92.62 0.27
102 234 90.91 0.31
102 235 89.47 0.29
102 236 87.84 0.31
102 237 86.60 0.30
102 238 85.27 0.31
102 239 84.52 0.30
102 240 83.31 0.30
102 241 82.91 0.30
102 242 81.72 0.30
102 243 81.12 0.30
102 244 80.59 0.30
102 245 80.85 0.30
102 246 80.45 0.29
102 247 80.90 0.30
102 248 80.74 0.28
102 249 81.78 0.29
102 250 81.39 0.29
102 251 82.74 0.30
102 252 82.98 0.29
102 253 84.48 0.28
102 254 84.91 0.29
102 255 86.84 0.29
102 256 87.73 0.28
102 257 89.87 0.30
102 258 91.19 0.28
102 259 93.46 0.28
102 260 95.11 0.27
102 261 97.53 0.27
102 262 99.43 0.27
102 263 102.21 0.26
102 264 104.46 0.26
102 265 108.04 0.26
102 266 110.15 0.26
102 267 113.38 0.24
102 268 116.06 0.23
102 269 119.60 0.22
102 270 122.58 0.22
102 271 126.42 0.22
102 272 129.39 0.19
102 273 133.33 0.20
102 274 136.07 -0.15
102 275 139.86 -0.15
102 276 142.67 -0.15
102 277 146.78 -0.15
102 278 149.95 -0.14
102 279 154.26 -0.12
102 280 157.79 -0.11
102 281 162.31 -0.10
102 282 166.13 -0.09
102 283 171.17 0.05
102 284 175.07 0.05
102 285 179.88 -0.05
102 286 184.40 0.00
102 287 189.30 -0.14
102 288 194.08 0.04
102 289 199.50 -0.14
102 290 204.52 0.06
102 291 209.06 0.36
102 292 213.99 0.33
102 293 218.56 0.34
102 294 223.58 0.33
102 295 228.62 0.33
102 296 233.69 0.31
102 297 238.81 0.29
102 298 244.22 0.31
102 299 249.13 0.29
102 300 254.96 0.30
102 301 260.09 0.30
102 302 265.92 0.28
102 303 271.41 0.25
102 304 277.47 0.28
102 305 282.93 0.27
102 306 288.82 0.27
102 307 294.84 0.28
102 308 300.73 0.27
102 309 306.57 0.27
102 310 312.84 0.27
102 311 318.90 0.27
102 312 324.79 0.28
102 313 331.56 0.27
102 314 337.77 0.26
102 315 344.39 0.26
102 316 350.75 0.26
102 317 357.43 0.26
102 318 363.82 0.26
102 319 371.00 0.25
102 320 377.82 0.25
102 321 384.90 0.26
102 322 391.87 0.26
102 323 399.34 0.25
102 324 405.99 0.25
102 325 413.41 0.25
102 326 420.81 0.25
102 327 428.01 0.25
102 328 435.69 0.25
102 329 443.25 0.25
102 330 451.18 0.25
102 331 458.49 0.25
102 332 466.67 0.24
102 333 474.44 0.26
102 334 482.38 0.23
102 335 490.30 0.26
102 336 498.52 0.22
102 337 506.46 0.24
102 338 514.77 0.21
102 339 522.49 0.21
102 340 531.06 0.18
102 341 538.88 0.19
102 342 547.54 -0.16
102 343 555.67 0.16
102 344 563.55 -0.15
103 236 98.44 0.28
103 237 96.76 0.35
103 238 95.06 0.30
103 239 93.49 0.29
103 240 92.64 0.32
103 241 91.33 0.28
103 242 90.49 0.32
103 243 89.42 0.29
103 244 89.12 0.28
103 245 88.15 0.28
103 246 88.14 0.31
103 247 87.15 0.28
103 248 87.37 0.28
103 249 86.92 0.28
103 250 87.87 0.27
103 251 87.69 0.27
103 252 88.45 0.27
103 253 88.46 0.28
103 254 89.97 0.28
103 255 90.22 0.27
103 256 91.92 0.28
103 257 92.44 0.28
103 258 94.50 0.27
103 259 95.26 0.27
103 260 97.54 0.27
103 261 98.88 0.26
103 262 101.18 0.26
103 263 102.80 0.27
103 264 105.60 0.26
103 265 107.54 0.26
103 266 110.47 0.24
103 267 112.58 0.24
103 268 115.90 0.24
103 269 118.38 0.25
103 270 121.91 0.23
103 271 124.61 0.22
103 272 128.11 0.23
103 273 130.88 0.20
103 274 134.79 0.21
103 275 137.39 -0.16
103 276 141.09 -0.14
103 277 143.90 -0.15
103 278 147.67 -0.13
103 279 150.81 -0.14
103 280 154.84 -0.12
103 281 158.27 -0.13
103 282 162.81 -0.08
103 283 166.90 0.06
103 284 171.27 0.05
103 285 175.04 0.04
103 286 179.79 0.04
103 287 184.24 0.00
103 288 189.01 -0.14
103 289 193.68 0.04
103 290 198.44 -0.15
103 291 203.83 0.05
103 292 207.58 0.40
103 293 212.11 0.33
103 294 217.03 0.34
103 295 221.71 0.34
103 296 226.60 0.33
103 297 231.74 0.33
103 298 236.69 0.31
103 299 241.86 0.31
103 300 246.74 0.29
103 301 251.96 0.31
103 302 257.42 0.30
103 303 263.24 0.30
103 304 268.68 0.30
103 305 274.11 0.28
103 306 279.70 0.32
103 307 285.87 0.29
103 308 290.92 0.27
103 309 296.83 0.27
103 310 302.46 0.28
103 311 308.79 0.27
103 312 314.72 0.26
103 313 320.60 0.27
103 314 327.29 0.28
103 315 333.30 0.26
103 316 339.65 0.27
103 317 345.93 0.26
103 318 352.28 0.26
103 319 358.92 0.26
103 320 365.59 0.26
103 321 372.29 0.26
103 322 379.36 0.25
103 323 385.96 0.26
103 324 393.32 0.26
103 325 400.10 0.26
103 326 407.33 0.25
103 327 414.46 0.26
103 328 421.66 0.25
103 329 429.02 0.25
103 330 436.41 0.25
103 331 444.17 0.24
103 332 451.50 0.25
103 333 459.33 0.23
103 334 467.06 0.23
103 335 474.96 0.24
103 336 482.81 0.25
103 337 490.61 0.21
103 338 498.58 0.21
103 339 506.74 0.22
103 340 514.50 0.20
103 341 523.00 0.18
103 342 530.81 0.23
103 343 539.41 -0.15
103 344 547.43 -0.15
103 345 555.66 -0.15
103 346 563.15 -0.14
103 347 571.39 -0.13
104 238 104.57 0.30
104 239 102.88 0.30
104 240 101.28 0.33
104 241 100.16 0.31
104 242 98.48 0.30
104 243 97.69 0.31
104 244 96.18 0.31
104 245 95.43 0.29
104 246 94.41 0.29
104 247 94.07 0.30
104 248 93.20 0.28
104 249 93.36 0.31
104 250 92.64 0.30
104 251 93.18 0.29
104 252 92.77 0.29
104 253 93.64 0.28
104 254 93.33 0.29
104 255 94.72 0.30
104 256 94.53 0.29
104 257 95.73 0.29
104 258 96.20 0.28
104 259 98.06 0.27
104 260 98.82 0.27
104 261 100.80 0.28
104 262 101.79 0.27
104 263 104.01 0.27
104 264 105.45 0.26
104 265 107.90 0.27
104 266 109.69 0.26
104 267 112.69 0.26
104 268 114.50 0.25
104 269 117.49 0.24
104 270 119.85 0.24
104 271 123.24 0.22
104 272 125.55 0.22
104 273 129.12 0.22
104 274 132.01 0.21
104 275 135.42 0.21
104 276 138.41 -0.14
104 277 141.73 -0.15
104 278 144.42 -0.15
104 279 148.06 -0.14
104 280 150.90 -0.14
104 281 154.91 -0.15
104 282 158.36 -0.12
104 283 162.51 -0.19
104 284 166.03 -0.09
104 285 170.92 0.07
104 286 174.53 0.05
104 287 178.69 -0.18
104 288 183.42 0.00
104 289 187.65 -0.14
104 290 192.24 0.05
104 291 196.74 -0.15
104 292 202.18 0.06
104 293 205.46 0.36
104 294 209.88 0.35
104 295 214.51 0.35
104 296 219.23 0.35
104 297 223.98 0.33
104 298 228.77 0.32
104 299 233.66 0.31
104 300 238.70 0.31
104 301 243.41 0.29
104 302 248.91 0.32
104 303 253.69 0.31
104 304 259.56 0.31
104 305 264.63 0.29
104 306 270.19 0.31
104 307 275.41 0.31
104 308 281.18 0.29
104 309 286.74 0.26
104 310 292.52 0.27
104 311 298.01 0.27
104 312 304.27 0.27
104 313 309.51 0.27
104 314 315.71 0.26
104 315 322.14 0.29
104 316 327.75 0.26
104 317 334.02 0.26
104 318 339.94 0.26
104 319 346.46 0.26
104 320 352.89 0.26
104 321 359.52 0.26
104 322 365.86 0.26
104 323 372.92 0.26
104 324 379.39 0.26
104 325 386.56 0.26
104 326 393.12 0.26
104 327 400.29 0.25
104 328 407.15 0.25
104 329 414.41 0.25
104 330 421.66 0.25
104 331 429.10 0.25
104 332 436.37 0.25
104 333 443.78 0.25
104 334 451.40 0.24
104 335 459.10 0.23
104 336 466.69 0.23
104 337 474.61 0.22
104 338 482.37 0.23
104 339 490.15 0.24
104 340 498.09 0.22
104 341 505.62 0.19
104 342 514.02 0.20
104 343 522.53 -0.15
104 344 530.30 0.17
104 345 538.32 -0.15
104 346 545.89 -0.14
104 347 554.00 -0.14
104 348 561.86 -0.14
104 349 570.16 -0.14
105 240 112.23 0.28
105 241 110.26 0.30
105 242 109.14 0.30
105 243 107.35 0.29
105 244 106.36 0.29
105 245 104.51 0.30
105 246 103.94 0.27
105 247 102.54 0.28
105 248 102.48 0.29
105 249 100.89 0.28
105 250 100.97 0.30
105 251 99.98 0.27
105 252 100.32 0.28
105 253 99.71 0.26
105 254 100.46 0.30
105 255 99.77 0.30
105 256 100.99 0.29
105 257 100.78 0.29
105 258 101.98 0.29
105 259 102.07 0.28
105 260 103.55 0.28
105 261 104.23 0.28
105 262 105.91 0.25
105 263 106.91 0.27
105 264 108.70 0.26
105 265 109.93 0.27
105 266 112.55 0.27
105 267 113.83 0.26
105 268 116.45 0.23
105 269 117.93 0.24
105 270 120.91 0.24
105 271 122.85 0.23
105 272 126.03 0.22
105 273 128.47 0.22
105 274 131.98 0.21
105 275 134.60 0.21
105 276 138.06 0.21
105 277 140.71 -0.16
105 278 143.81 -0.15
105 279 146.59 -0.15
105 280 149.93 -0.13
105 281 152.69 -0.14
105 282 156.57 -0.12
105 283 159.78 -0.18
105 284 163.57 -0.19
105 285 167.27 -0.13
105 286 171.25 -0.19
105 287 174.93 -0.19
105 288 180.41 0.00
105 289 182.97 -0.19
105 290 187.74 -0.20
105 291 191.73 -0.20
105 292 196.57 -0.15
105 293 202.05 0.07
105 294 204.58 0.38
105 295 209.21 0.39
105 296 213.63 0.38
105 297 218.23 0.38
105 298 222.83 0.36
105 299 227.58 0.36
105 300 232.61 0.31
105 301 237.09 0.33
105 302 241.68 0.31
105 303 247.22 0.34
105 304 252.01 0.31
105 305 257.47 0.32
105 306 262.38 0.29
105 307 268.10 0.31
105 308 272.84 0.31
105 309 278.73 0.30
105 310 284.05 0.26
105 311 289.85 0.25
105 312 295.06 0.27
105 313 300.86 0.25
105 314 306.27 0.26
105 315 312.48 0.24
105 316 318.42 0.28
105 317 324.13 0.26
105 318 330.26 0.26
105 319 336.10 0.26
105 320 342.22 0.26
105 321 348.70 0.26
105 322 355.04 0.25
105 323 361.36 0.25
105 324 367.97 0.25
105 325 374.33 0.25
105 326 381.43 0.26
105 327 387.88 0.26
105 328 395.05 0.24
105 329 401.58 0.25
105 330 408.89 0.26
105 331 416.08 0.25
105 332 423.19 0.24
105 333 430.44 0.24
105 334 437.78 0.24
105 335 445.12 0.23
105 336 452.75 0.24
105 337 460.33 0.23
105 338 467.79 0.20
105 339 475.18 0.21
105 340 483.28 0.24
105 341 490.68 0.21
105 342 498.44 0.20
105 343 506.54 0.19
105 344 514.63 0.20
105 345 522.73 0.17
105 346 530.48 0.15
105 347 538.41 -0.15
105 348 546.12 -0.13
105 349 553.98 -0.13
105 350 562.09 -0.18
105 351 569.84 -0.12
105 352 578.12 -0.12
105 353 586.01 -0.10
106 242 118.80 0.32
106 243 117.14 0.31
106 244 115.28 0.32
106 245 114.10 0.33
106 246 112.33 0.32
106 247 111.23 0.29
106 248 109.70 0.30
106 249 109.06 0.29
106 250 107.87 0.28
106 251 107.27 0.29
106 252 106.51 0.29
106 253 106.34 0.29
106 254 105.63 0.29
106 255 106.26 0.30
106 256 105.25 0.29
106 257 106.19 0.29
106 258 105.76 0.29
106 259 106.82 0.28
106 260 106.66 0.28
106 261 108.10 0.27
106 262 108.48 0.28
106 263 109.78 0.26
106 264 110.37 0.27
106 265 112.09 0.26
106 266 113.14 0.27
106 267 115.39 0.27
106 268 116.62 0.26
106 269 119.10 0.25
106 270 120.59 0.25
106 271 123.38 0.24
106 272 125.18 0.24
106 273 128.23 0.23
106 274 130.42 0.22
106 275 133.51 0.23
106 276 136.14 0.21
106 277 139.68 0.26
106 278 142.08 0.18
106 279 145.34 0.17
106 280 147.40 -0.14
106 281 151.32 0.12
106 282 153.45 -0.15
106 283 157.06 -0.14
106 284 160.25 -0.13
106 285 165.00 0.08
106 286 167.33 -0.14
106 287 171.23 -0.17
106 288 175.35 0.05
106 289 179.82 0.06
106 290 183.77 0.00
106 291 187.08 -0.22
106 292 191.98 0.06
106 293 195.52 -0.22
106 294 201.03 0.07
106 295 203.36 0.40
106 296 207.68 0.41
106 297 212.01 0.39
106 298 216.34 0.39
106 299 220.93 0.36
106 300 225.32 0.36
106 301 230.01 0.31
106 302 234.87 0.35
106 303 239.22 0.32
106 304 244.42 0.34
106 305 249.15 0.28
106 306 254.41 0.33
106 307 259.10 0.29
106 308 264.76 0.30
106 309 269.31 0.30
106 310 275.09 0.30
106 311 280.21 0.30
106 312 286.02 0.28
106 313 291.05 0.26
106 314 296.81 0.29
106 315 301.89 0.27
106 316 307.96 0.27
106 317 313.71 0.27
106 318 319.37 0.26
106 319 325.28 0.28
106 320 331.08 0.26
106 321 337.10 0.26
106 322 343.21 0.26
106 323 349.57 0.25
106 324 355.72 0.26
106 325 362.31 0.26
106 326 368.57 0.26
106 327 375.34 0.25
106 328 381.76 0.25
106 329 388.56 0.25
106 330 395.32 0.25
106 331 402.25 0.25
106 332 409.18 0.25
106 333 416.18 0.25
106 334 423.45 0.25
106 335 430.62 0.23
106 336 437.94 0.23
106 337 445.19 0.23
106 338 452.51 0.23
106 339 460.05 0.20
106 340 467.55 0.22
106 341 475.16 0.22
106 342 482.93 0.22
106 343 490.49 0.21
106 344 498.44 0.20
106 345 506.21 0.22
106 346 514.27 0.17
106 347 521.88 0.17
106 348 530.07 -0.15
106 349 537.74 -0.15
106 350 545.61 -0.15
106 351 553.52 -0.14
106 352 561.13 -0.14
106 353 569.06 -0.18
106 354 577.20 -0.14
106 355 585.44 0.09
107 244 127.08 0.32
107 245 124.81 0.35
107 246 123.44 0.30
107 247 121.62 0.32
107 248 120.42 0.34
107 249 118.63 0.30
107 250 117.86 0.28
107 251 116.10 0.31
107 252 115.54 0.30
107 253 114.25 0.30
107 254 114.28 0.31
107 255 113.34 0.30
107 256 113.28 0.30
107 257 112.83 0.30
107 258 113.42 0.29
107 259 112.59 0.30
107 260 113.61 0.28
107 261 113.34 0.29
107 262 114.31 0.27
107 263 114.18 0.28
107 264 115.61 0.27
107 265 115.97 0.27
107 266 117.48 0.27
107 267 118.22 0.27
107 268 120.31 0.27
107 269 121.21 0.26
107 270 123.67 0.25
107 271 124.88 0.25
107 272 127.39 0.24
107 273 129.12 0.25
107 274 132.03 0.24
107 275 133.90 0.21
107 276 137.12 0.23
107 277 139.43 0.18
107 278 142.64 0.23
107 279 145.08 0.16
107 280 148.23 0.15
107 281 150.60 0.15
107 282 154.02 0.15
107 283 155.75 -0.14
107 284 160.25 0.11
107 285 162.20 -0.16
107 286 165.86 -0.16
107 287 169.02 -0.14
107 288 172.76 -0.17
107 289 176.15 -0.18
107 290 180.10 -0.19
107 291 184.50 0.05
107 292 187.82 -0.21
107 293 192.99 0.05
107 294 196.08 -0.22
107 295 199.22 0.44
107 296 203.48 0.41
107 297 207.59 0.42
107 298 211.91 0.42
107 299 216.24 0.42
107 300 220.66 0.39
107 301 224.86 0.34
107 302 229.57 0.32
107 303 233.96 0.33
107 304 238.38 0.32
107 305 243.47 0.35
107 306 248.07 0.28
107 307 253.02 0.32
107 308 257.80 0.29
107 309 262.97 0.32
107 310 267.95 0.31
107 311 273.37 0.30
107 312 277.91 0.28
107 313 283.60 0.28
107 314 288.74 0.28
107 315 294.58 0.29
107 316 299.49 0.27
107 317 305.33 0.26
107 318 310.66 0.26
107 319 316.46 0.26
107 320 321.95 0.28
107 321 327.87 0.25
107 322 333.78 0.26
107 323 339.71 0.26
107 324 345.68 0.26
107 325 351.67 0.25
107 326 358.10 0.24
107 327 364.21 0.25
107 328 371.01 0.25
107 329 377.19 0.25
107 330 383.86 0.25
107 331 390.46 0.25
107 332 397.29 0.25
107 333 404.11 0.24
107 334 411.05 0.25
107 335 418.05 0.24
107 336 425.03 0.24
107 337 432.05 0.23
107 338 439.36 0.23
107 339 446.58 0.22
107 340 454.04 0.22
107 341 461.45 0.22
107 342 469.02 0.20
107 343 476.54 0.20
107 344 484.02 0.21
107 345 491.69 0.19
107 346 499.46 0.23
107 347 507.24 0.17
107 348 515.18 0.16
107 349 522.97 -0.15
107 350 530.48 0.17
107 351 538.64 0.16
107 352 545.86 -0.15
107 353 554.22 0.11
107 354 562.11 0.10
107 355 570.03 0.07
107 356 577.43 -0.17
107 357 585.51 -0.11
107 358 593.42 -0.17
107 359 601.79 -0.18
107 360 609.92 -0.15
108 246 133.90 0.37
108 247 132.18 0.32
108 248 130.18 0.36
108 249 128.62 0.33
108 250 126.49 0.31
108 251 125.71 0.29
108 252 124.00 0.31
108 253 123.06 0.31
108 254 121.83 0.30
108 255 121.46 0.29
108 256 120.31 0.30
108 257 120.26 0.29
108 258 119.09 0.29
108 259 119.71 0.28
108 260 118.76 0.28
108 261 119.53 0.28
108 262 118.97 0.28
108 263 119.68 0.27
108 264 119.52 0.27
108 265 120.78 0.27
108 266 120.95 0.27
108 267 122.30 0.27
108 268 122.90 0.26
108 269 124.63 0.26
108 270 125.28 0.26
108 271 127.39 0.24
108 272 128.40 0.24
108 273 130.81 0.25
108 274 132.43 0.24
108 275 135.19 0.24
108 276 136.88 0.23
108 277 139.61 0.21
108 278 141.97 0.21
108 279 144.80 0.20
108 280 147.19 0.17
108 281 150.12 0.17
108 282 152.61 0.15
108 283 155.44 0.13
108 284 158.22 0.12
108 285 160.89 -0.17
108 286 164.23 0.09
108 287 168.08 0.07
108 288 170.77 0.07
108 289 173.84 -0.19
108 290 176.69 -0.18
108 291 181.74 0.06
108 292 185.02 0.04
108 293 188.02 -0.21
108 294 193.01 0.06
108 295 195.94 -0.22
108 296 198.60 0.42
108 297 202.63 0.41
108 298 206.51 0.42
108 299 210.71 0.41
108 300 214.95 0.40
108 301 219.42 0.39
108 302 223.57 0.38
108 303 228.08 0.33
108 304 232.34 0.36
108 305 236.79 0.36
108 306 241.57 0.35
108 307 246.24 0.34
108 308 250.85 0.35
108 309 255.64 0.30
108 310 260.65 0.33
108 311 265.16 0.31
108 312 270.59 0.32
108 313 275.43 0.29
108 314 280.93 0.28
108 315 285.64 0.29
108 316 291.28 0.29
108 317 296.08 0.25
108 318 301.98 0.26
108 319 307.34 0.26
108 320 312.69 0.26
108 321 318.42 0.26
108 322 323.63 0.25
108 323 329.59 0.28
108 324 335.28 0.25
108 325 341.38 0.25
108 326 347.56 0.24
108 327 353.63 0.25
108 328 359.32 0.25
108 329 366.20 0.25
108 330 372.08 0.24
108 331 378.52 0.24
108 332 385.17 0.24
108 333 391.76 0.25
108 334 398.31 0.23
108 335 405.16 0.24
108 336 412.04 0.23
108 337 419.01 0.24
108 338 425.83 0.22
108 339 432.91 0.22
108 340 440.14 0.23
108 341 447.38 0.20
108 342 454.49 0.22
108 343 461.69 0.22
108 344 469.24 0.21
108 345 476.51 0.20
108 346 484.29 0.19
108 347 491.92 0.19
108 348 499.63 0.19
108 349 507.13 0.18
108 350 515.12 0.14
108 351 522.79 -0.14
108 352 530.39 -0.14
108 353 537.95 0.12
108 354 545.96 0.11
108 355 553.60 0.09
108 356 561.46 0.08
108 357 569.30 0.08
108 358 577.00 -0.18
108 359 585.36 0.07
108 360 593.12 -0.19
108 361 601.36 0.06
109 248 142.11 0.34
109 249 139.93 0.36
109 250 138.25 0.33
109 251 136.41 0.35
109 252 135.15 0.34
109 253 133.16 0.31
109 254 132.41 0.31
109 255 130.77 0.27
109 256 130.12 0.32
109 257 128.97 0.30
109 258 128.68 0.31
109 259 127.61 0.27
109 260 127.94 0.27
109 261 126.42 0.27
109 262 127.37 0.26
109 263 126.28 0.26
109 264 127.04 0.25
109 265 126.57 0.26
109 266 127.72 0.26
109 267 127.70 0.26
109 268 128.69 0.26
109 269 129.03 0.26
109 270 130.67 0.24
109 271 131.15 0.25
109 272 133.02 0.24
109 273 133.77 0.25
109 274 135.91 0.23
109 275 137.38 0.24
109 276 139.80 0.23
109 277 141.43 0.22
109 278 144.12 0.22
109 279 146.01 0.19
109 280 148.97 0.20
109 281 150.66 0.14
109 282 153.65 0.15
109 283 155.87 0.13
109 284 158.69 0.15
109 285 161.11 0.12
109 286 164.52 0.12
109 287 167.22 0.11
109 288 170.68 0.10
109 289 173.36 0.10
109 290 176.94 0.06
109 291 179.94 0.03
109 292 183.76 0.09
109 293 187.50 0.00
109 294 189.93 -0.23
109 295 194.58 0.05
109 296 198.66 0.12
109 297 202.62 0.07
109 298 204.07 0.41
109 299 207.42 0.44
109 300 211.54 0.42
109 301 215.52 0.41
109 302 219.73 0.42
109 303 223.92 0.40
109 304 228.22 0.37
109 305 232.41 0.38
109 306 237.19 0.34
109 307 241.13 0.37
109 308 245.95 0.34
109 309 250.45 0.35
109 310 254.78 0.29
109 311 259.75 0.32
109 312 264.42 0.30
109 313 269.37 0.30
109 314 274.40 0.28
109 315 279.37 0.31
109 316 284.27 0.28
109 317 289.58 0.29
109 318 294.50 0.26
109 319 299.96 0.26
109 320 305.09 0.26
109 321 310.43 0.27
109 322 315.93 0.25
109 323 321.53 0.25
109 324 327.08 0.25
109 325 332.51 0.26
109 326 338.57 0.24
109 327 344.38 0.25
109 328 350.25 0.24
109 329 356.31 0.25
109 330 362.67 0.25
109 331 368.49 0.25
109 332 374.85 0.24
109 333 381.11 0.24
109 334 387.51 0.24
109 335 394.25 0.24
109 336 400.88 0.23
109 337 407.49 0.22
109 338 414.34 0.24
109 339 420.97 0.23
109 340 427.82 0.22
109 341 434.92 0.22
109 342 442.01 0.20
109 343 449.14 0.21
109 344 456.35 0.21
109 345 463.72 0.21
109 346 471.11 0.20
109 347 478.51 0.21
109 348 486.00 0.17
109 349 493.74 0.16
109 350 500.89 0.16
109 351 508.55 0.14
109 352 516.20 0.15
109 353 523.86 0.15
109 354 531.44 0.14
109 355 539.30 0.11
109 356 546.95 0.11
109 357 554.72 0.09
109 358 562.16 0.12
109 359 570.06 -0.13
110 250 149.04 0.36
110 251 147.55 0.36
110 252 145.32 0.35
110 253 143.85 0.32
110 254 141.80 0.31
110 255 140.64 0.29
110 256 139.07 0.29
110 257 138.05 0.29
110 258 136.65 0.29
110 259 136.22 0.30
110 260 134.41 0.29
110 261 134.92 0.28
110 262 133.67 0.29
110 263 134.00 0.29
110 264 133.11 0.27
110 265 133.27 0.27
110 266 132.90 0.26
110 267 133.55 0.26
110 268 133.43 0.26
110 269 134.11 0.25
110 270 134.32 0.26
110 271 135.75 0.23
110 272 136.06 0.25
110 273 137.72 0.24
110 274 138.24 0.24
110 275 140.17 0.24
110 276 141.31 0.23
110 277 143.69 0.23
110 278 145.09 0.22
110 279 147.47 0.22
110 280 149.37 0.21
110 281 152.00 0.21
110 282 153.93 0.17
110 283 156.46 0.16
110 284 158.44 0.14
110 285 161.40 0.13
110 286 163.69 0.12
110 287 166.66 0.11
110 288 169.16 0.09
110 289 172.65 0.10
110 290 175.09 0.07
110 291 178.50 0.06
110 292 180.35 -0.20
110 293 185.09 0.05
110 294 188.08 0.04
110 295 190.56 -0.21
110 296 195.51 0.05
110 297 197.79 -0.20
110 298 203.07 0.05
110 299 204.11 0.43
110 300 207.38 0.43
110 301 211.42 0.40
110 302 215.11 0.42
110 303 219.19 0.42
110 304 223.36 0.41
110 305 227.51 0.40
110 306 231.64 0.41
110 307 235.72 0.40
110 308 240.04 0.37
110 309 244.24 0.37
110 310 248.99 0.35
110 311 253.73 0.33
110 312 258.21 0.33
110 313 262.69 0.30
110 314 267.70 0.33
110 315 272.49 0.35
110 316 277.36 0.29
110 317 282.02 0.27
110 318 287.32 0.29
110 319 292.07 0.25
110 320 297.35 0.26
110 321 302.41 0.27
110 322 307.87 0.25
110 323 312.90 0.26
110 324 318.35 0.26
110 325 323.81 0.26
110 326 329.35 0.26
110 327 334.62 0.24
110 328 340.74 0.24
110 329 346.25 0.24
110 330 352.35 0.24
110 331 358.31 0.24
110 332 364.08 0.24
110 333 370.15 0.23
110 334 376.72 0.24
110 335 382.89 0.23
110 336 389.13 0.24
110 337 395.62 0.23
110 338 402.28 0.23
110 339 408.80 0.23
110 340 415.38 0.22
110 341 422.10 0.21
110 342 429.04 0.22
110 343 436.08 0.20
110 344 442.99 0.21
110 345 450.04 0.20
110 346 457.15 0.20
110 347 464.39 0.20
110 348 471.73 0.19
110 349 478.92 0.20
110 350 486.56 0.17
110 351 493.80 0.18
110 352 501.50 0.16
110 353 509.04 0.14
110 354 516.55 -0.15
110 355 523.84 0.13
110 356 531.60 0.12
110 357 539.01 0.12
110 358 547.01 0.10
110 359 554.21 0.10
110 360 562.38 0.07
