# Public ULB numerical table: Z A Mcal(MeV) beta2; source precision retained
8 16 -4.40 0.00
8 17 -0.12 0.00
8 18 1.07 0.00
8 19 5.18 0.00
8 20 3.90 0.08
8 21 9.14 0.16
8 22 9.83 0.18
8 23 14.50 0.16
8 24 18.75 -0.07
8 25 29.39 -0.11
8 26 36.00 -0.10
8 27 46.13 -0.08
8 28 49.45 -0.03
8 29 62.38 0.12
8 30 71.22 0.15
8 31 81.03 0.21
8 32 89.17 0.22
8 33 98.90 0.25
8 34 107.66 -0.22
9 17 2.78 0.00
9 18 1.08 0.00
9 19 0.58 0.00
9 20 -0.84 -0.19
9 21 -2.16 0.22
9 22 2.33 0.23
9 23 1.79 0.19
9 24 5.45 0.17
9 25 9.42 0.14
9 26 17.44 0.16
9 27 23.04 0.14
9 28 32.30 0.12
9 29 37.67 -0.08
9 30 47.56 0.15
9 31 54.48 0.22
9 32 65.22 0.33
9 33 72.78 0.33
9 34 82.38 0.35
9 35 91.11 0.34
9 36 100.68 0.31
9 37 110.41 -0.32
9 38 121.39 -0.30
10 18 6.93 0.00
10 19 3.55 0.00
10 20 -6.92 0.28
10 21 -5.32 0.52
10 22 -7.48 -0.24
10 23 -4.70 0.38
10 24 -5.91 0.26
10 25 -3.13 0.17
10 26 0.21 -0.10
10 27 6.36 0.17
10 28 11.33 0.13
10 29 18.80 -0.09
10 30 21.82 -0.04
10 31 32.89 0.12
10 32 38.07 0.23
10 33 47.43 0.39
10 34 53.86 0.32
10 35 63.85 0.34
10 36 70.97 0.29
10 37 81.69 0.28
10 38 88.81 0.24
10 39 99.59 -0.32
10 40 106.94 -0.28
10 41 117.55 -0.28
10 42 124.64 0.16
11 19 12.12 -0.11
11 20 6.30 0.26
11 21 -1.39 0.53
11 22 -6.32 0.48
11 23 -9.43 0.56
11 24 -8.17 0.44
11 25 -9.15 -0.28
11 26 -7.23 -0.20
11 27 -5.42 -0.18
11 28 -0.72 0.22
11 29 3.01 -0.16
11 30 9.00 -0.11
11 31 13.25 0.41
11 32 20.14 0.39
11 33 24.81 0.50
11 34 32.52 0.40
11 35 38.01 0.43
11 36 46.59 0.43
11 37 53.09 0.42
11 38 62.42 0.36
11 39 70.24 0.46
11 40 80.17 0.39
11 41 87.77 0.37
11 42 97.54 -0.25
11 43 105.68 -0.23
11 44 114.82 -0.08
12 20 16.53 0.09
12 21 8.35 0.18
12 22 0.22 -0.25
12 23 -5.49 0.57
12 24 -12.92 -0.29
12 25 -13.28 0.39
12 26 -16.18 -0.33
12 27 -15.37 -0.24
12 28 -15.02 -0.19
12 29 -10.58 0.21
12 30 -8.94 0.24
12 31 -2.95 -0.11
12 32 -0.89 0.08
12 33 5.90 0.33
12 34 9.39 0.27
12 35 17.03 0.37
12 36 21.11 0.31
12 37 29.07 0.40
12 38 34.36 0.33
12 39 42.99 0.36
12 40 49.80 0.35
12 41 59.56 0.27
12 42 65.64 -0.30
12 43 75.42 -0.27
12 44 83.10 -0.25
12 45 91.94 -0.08
12 46 98.95 -0.08
13 21 26.70 0.16
13 22 17.18 0.24
13 23 7.64 0.39
13 24 0.21 0.45
13 25 -8.63 0.38
13 26 -13.52 0.35
13 27 -18.54 -0.35
13 28 -17.81 -0.30
13 29 -17.74 -0.22
13 30 -15.64 -0.21
13 31 -14.58 -0.21
13 32 -10.92 -0.17
13 33 -8.77 0.14
13 34 -3.23 0.32
13 35 -0.78 0.31
13 36 5.41 0.33
13 37 8.58 0.35
13 38 15.49 0.35
13 39 19.79 0.35
13 40 27.86 0.33
13 41 33.10 -0.35
13 42 41.14 -0.31
13 43 47.58 -0.29
13 44 56.82 -0.26
13 45 63.99 -0.24
13 46 72.76 0.11
13 47 80.81 0.10
13 48 89.43 -0.10
14 22 32.23 0.08
14 23 21.24 0.19
14 24 11.03 0.25
14 25 4.15 -0.30
14 26 -6.64 -0.33
14 27 -13.83 -0.35
14 28 -22.14 -0.34
14 29 -23.24 -0.28
14 30 -24.08 -0.26
14 31 -22.55 -0.27
14 32 -22.66 0.21
14 33 -19.29 -0.14
14 34 -19.90 0.14
14 35 -14.23 0.27
14 36 -12.97 0.18
14 37 -6.72 -0.18
14 38 -4.73 0.27
14 39 2.27 0.34
14 40 4.32 -0.30
14 41 11.10 -0.32
14 42 15.16 -0.35
14 43 22.65 -0.31
14 44 28.55 -0.29
14 45 37.00 -0.26
14 46 43.90 -0.24
14 47 52.48 0.07
14 48 59.91 -0.06
14 49 69.59 -0.09
14 50 77.40 -0.15
15 23 42.17 -0.10
15 24 29.66 0.17
15 25 18.74 0.21
15 26 10.80 -0.23
15 27 -1.05 -0.26
15 28 -8.30 -0.28
15 29 -18.24 -0.30
15 30 -22.72 -0.21
15 31 -25.09 -0.14
15 32 -24.85 -0.23
15 33 -25.66 -0.21
15 34 -23.97 -0.15
15 35 -24.72 -0.12
15 36 -20.48 -0.08
15 37 -19.76 0.25
15 38 -14.92 -0.17
15 39 -13.83 0.25
15 40 -8.15 0.30
15 41 -6.20 0.28
15 42 -0.18 0.29
15 43 3.65 0.26
15 44 9.77 -0.26
15 45 14.59 -0.24
15 46 22.35 -0.23
15 47 28.62 -0.20
15 48 36.58 0.07
15 49 43.69 -0.05
15 50 54.23 -0.08
15 51 60.93 0.11
15 52 71.43 -0.12
16 24 49.55 -0.09
16 25 38.74 -0.12
16 26 25.93 -0.17
16 27 17.59 -0.18
16 28 4.10 -0.22
16 29 -3.24 -0.25
16 30 -14.17 -0.27
16 31 -20.58 -0.20
16 32 -26.10 -0.19
16 33 -26.31 0.25
16 34 -28.57 0.18
16 35 -27.87 -0.14
16 36 -29.48 0.12
16 37 -26.52 -0.09
16 38 -27.22 0.18
16 39 -22.91 0.22
16 40 -23.20 0.24
16 41 -18.54 0.30
16 42 -17.38 -0.22
16 43 -12.20 0.26
16 44 -9.25 -0.28
16 45 -3.73 -0.25
16 46 0.28 -0.23
16 47 7.52 -0.23
16 48 12.92 -0.21
16 49 20.71 0.10
16 50 26.56 -0.16
16 51 35.48 -0.21
16 52 42.55 -0.15
16 53 52.75 -0.14
16 54 59.35 -0.13
17 25 65.64 -0.11
17 26 55.68 0.15
17 27 38.16 0.19
17 28 27.69 0.24
17 29 14.16 0.26
17 30 4.93 -0.22
17 31 -6.79 -0.28
17 32 -13.34 -0.18
17 33 -21.14 -0.25
17 34 -24.66 -0.19
17 35 -28.54 -0.18
17 36 -28.52 -0.10
17 37 -30.05 0.18
17 38 -29.07 0.09
17 39 -29.91 0.19
17 40 -27.39 0.21
17 41 -28.35 0.22
17 42 -24.91 0.27
17 43 -24.46 0.24
17 44 -20.32 0.25
17 45 -18.52 -0.22
17 46 -13.71 -0.21
17 47 -10.17 -0.20
17 48 -4.06 -0.20
17 49 0.90 -0.19
17 50 8.42 -0.24
17 51 13.75 -0.17
17 52 21.51 -0.19
17 53 28.20 -0.16
17 54 37.23 -0.23
17 55 44.17 -0.10
17 56 55.10 0.00
17 57 60.84 -0.07
17 58 69.90 -0.05
17 59 77.27 0.22
17 60 87.18 0.23
17 61 94.45 0.28
17 62 103.92 0.29
17 63 112.38 0.29
17 64 121.23 0.27
18 27 61.59 0.12
18 28 47.85 0.14
18 29 37.06 0.28
18 30 21.38 0.20
18 31 11.19 -0.21
18 32 -1.35 0.21
18 33 -9.39 -0.20
18 34 -17.56 -0.19
18 35 -22.91 -0.18
18 36 -29.48 0.19
18 37 -30.87 0.17
18 38 -35.05 0.14
18 39 -33.34 -0.09
18 40 -35.11 0.09
18 41 -32.96 0.15
18 42 -35.19 0.16
18 43 -32.15 -0.16
18 44 -32.79 -0.16
18 45 -29.45 -0.20
18 46 -28.90 0.18
18 47 -24.87 -0.20
18 48 -21.96 -0.19
18 49 -16.40 -0.20
18 50 -12.33 -0.18
18 51 -5.79 -0.11
18 52 -0.98 -0.16
18 53 6.42 -0.19
18 54 12.06 -0.14
18 55 20.66 -0.14
18 56 26.55 -0.10
18 57 36.93 0.00
18 58 41.52 0.07
18 59 52.39 -0.05
18 60 57.39 0.11
18 61 67.81 0.10
18 62 73.99 0.17
18 63 84.69 0.18
18 64 91.16 0.22
18 65 100.96 0.20
18 66 109.38 -0.23
19 29 61.78 0.05
19 30 48.74 0.11
19 31 33.36 -0.11
19 32 21.47 0.15
19 33 7.50 0.21
19 34 -1.28 -0.16
19 35 -10.48 -0.16
19 36 -16.48 -0.10
19 37 -24.76 0.18
19 38 -29.34 -0.09
19 39 -33.76 0.05
19 40 -34.21 0.08
19 41 -36.45 -0.08
19 42 -35.30 -0.08
19 43 -37.46 -0.09
19 44 -35.93 -0.09
19 45 -37.30 -0.10
19 46 -35.13 -0.12
19 47 -35.31 0.14
19 48 -32.05 -0.12
19 49 -29.89 -0.12
19 50 -25.21 -0.12
19 51 -22.12 -0.10
19 52 -16.48 -0.09
19 53 -12.15 -0.10
19 54 -5.17 -0.11
19 55 -0.67 -0.10
19 56 7.17 -0.10
19 57 12.25 -0.07
19 58 20.37 -0.06
19 59 26.70 -0.07
19 60 36.95 -0.07
19 61 41.16 -0.07
19 62 51.16 -0.07
19 63 56.93 -0.08
19 64 66.52 -0.08
19 65 75.66 0.00
19 66 82.92 -0.14
19 67 90.44 -0.11
19 68 98.89 -0.13
20 31 58.45 0.25
20 32 41.14 -0.09
20 33 28.97 0.24
20 34 13.92 0.18
20 35 4.93 -0.06
20 36 -5.95 -0.17
20 37 -11.99 0.19
20 38 -22.23 0.16
20 39 -27.44 0.06
20 40 -33.81 0.00
20 41 -36.13 -0.04
20 42 -39.12 0.03
20 43 -38.67 0.08
20 44 -41.79 0.05
20 45 -40.48 0.07
20 46 -43.62 0.12
20 47 -41.73 0.09
20 48 -43.34 0.12
20 49 -39.81 -0.12
20 50 -38.92 -0.10
20 51 -34.42 0.05
20 52 -32.58 0.10
20 53 -27.22 -0.06
20 54 -23.97 -0.09
20 55 -17.22 -0.15
20 56 -13.77 -0.11
20 57 -6.50 0.04
20 58 -3.17 0.08
20 59 5.95 0.00
20 60 10.76 0.00
20 61 19.32 0.00
20 62 24.45 0.00
20 63 32.66 0.04
20 64 38.22 0.04
20 65 48.15 0.00
20 66 53.52 0.05
20 67 63.16 0.06
20 68 69.55 0.07
20 69 79.15 0.09
20 70 86.27 0.07
21 32 71.89 0.00
21 33 54.88 0.13
21 34 48.81 0.15
21 35 34.87 -0.09
21 36 14.90 -0.11
21 37 3.98 -0.11
21 38 -3.98 0.10
21 39 -14.11 0.11
21 40 -21.10 -0.11
21 41 -29.62 -0.04
21 42 -33.51 -0.07
21 43 -37.68 -0.07
21 44 -38.52 0.08
21 45 -41.84 -0.08
21 46 -41.96 0.11
21 47 -44.61 -0.08
21 48 -44.52 0.11
21 49 -46.03 -0.09
21 50 -44.29 0.10
21 51 -43.43 -0.08
21 52 -40.18 0.09
21 53 -38.39 -0.08
21 54 -34.02 -0.08
21 55 -31.21 -0.08
21 56 -25.63 -0.09
21 57 -22.47 -0.09
21 58 -16.08 -0.08
21 59 -12.65 -0.07
21 60 -6.05 -0.07
21 61 -1.63 -0.06
21 62 5.87 -0.06
21 63 10.61 -0.07
21 64 18.67 0.07
21 65 24.05 0.08
21 66 32.60 0.07
21 67 38.34 0.09
21 68 46.83 0.08
21 69 53.20 0.12
21 70 62.04 0.16
21 71 69.02 -0.08
21 72 77.53 -0.10
21 73 85.22 -0.11
21 74 94.09 -0.10
21 75 101.94 -0.13
21 76 111.02 0.08
21 77 119.03 0.09
21 78 128.56 0.07
21 79 136.88 0.06
21 80 146.06 0.05
22 34 62.97 0.40
22 35 49.67 0.37
22 36 33.62 0.23
22 37 22.13 0.23
22 38 9.99 0.20
22 39 1.35 0.20
22 40 -9.42 0.11
22 41 -17.16 -0.08
22 42 -25.27 0.00
22 43 -31.25 -0.06
22 44 -38.22 0.12
22 45 -39.18 0.26
22 46 -45.01 0.18
22 47 -44.84 0.27
22 48 -49.07 0.19
22 49 -48.62 0.15
22 50 -51.53 0.16
22 51 -49.65 0.20
22 52 -49.47 -0.10
22 53 -46.63 0.15
22 54 -45.96 0.12
22 55 -41.70 0.15
22 56 -39.99 0.11
22 57 -34.66 -0.09
22 58 -32.62 0.10
22 59 -27.29 0.11
22 60 -24.24 0.10
22 61 -17.63 0.15
22 62 -14.63 0.10
22 63 -7.01 -0.08
22 64 -3.33 0.07
22 65 4.13 0.15
22 66 8.21 0.14
22 67 16.50 0.25
22 68 21.23 0.17
22 69 29.20 0.23
22 70 35.25 0.17
22 71 43.89 0.18
22 72 50.61 0.13
22 73 59.07 0.13
22 74 66.31 0.15
22 75 75.37 -0.12
22 76 82.88 -0.12
22 77 92.09 -0.13
22 78 99.50 0.09
22 79 108.97 0.08
22 80 116.93 0.05
22 81 127.42 0.00
22 82 136.12 0.00
23 36 62.42 0.45
23 37 48.41 0.43
23 38 34.37 0.27
23 39 21.16 0.28
23 40 10.90 0.22
23 41 -0.16 0.16
23 42 -9.04 -0.09
23 43 -18.39 0.04
23 44 -25.14 0.08
23 45 -32.46 0.16
23 46 -36.89 0.29
23 47 -42.47 0.28
23 48 -44.45 0.28
23 49 -48.14 0.24
23 50 -48.92 0.20
23 51 -51.48 -0.13
23 52 -51.26 -0.14
23 53 -51.45 0.17
23 54 -49.48 0.16
23 55 -49.07 0.14
23 56 -45.84 0.18
23 57 -44.50 0.13
23 58 -40.33 -0.13
23 59 -38.32 0.09
23 60 -33.73 0.11
23 61 -31.19 0.11
23 62 -25.63 0.25
23 63 -22.66 0.15
23 64 -16.43 -0.08
23 65 -13.36 0.27
23 66 -7.14 0.25
23 67 -3.06 0.25
23 68 4.10 0.27
23 69 8.77 0.24
23 70 15.92 0.26
23 71 21.97 0.25
23 72 29.74 0.20
23 73 36.17 0.24
23 74 43.97 0.14
23 75 50.72 0.17
23 76 59.56 0.14
23 77 66.59 -0.13
23 78 75.37 -0.15
23 79 82.94 -0.13
23 80 92.03 -0.10
23 81 99.84 0.06
23 82 109.16 0.05
23 83 117.54 0.06
23 84 127.20 0.06
24 38 55.29 -0.33
24 39 42.04 0.27
24 40 28.07 0.29
24 41 17.11 0.23
24 42 4.64 0.18
24 43 -3.97 -0.11
24 44 -14.82 0.05
24 45 -21.20 -0.08
24 46 -30.62 0.17
24 47 -35.47 0.29
24 48 -43.18 0.26
24 49 -46.02 0.30
24 50 -50.97 0.26
24 51 -52.07 0.20
24 52 -55.62 0.20
24 53 -55.38 0.18
24 54 -56.69 -0.17
24 55 -55.03 0.24
24 56 -55.67 0.19
24 57 -53.02 0.22
24 58 -52.64 0.19
24 59 -48.80 0.19
24 60 -47.86 0.15
24 61 -43.60 0.14
24 62 -41.91 0.14
24 63 -37.44 0.20
24 64 -34.85 0.19
24 65 -29.43 0.27
24 66 -26.68 0.21
24 67 -20.77 0.22
24 68 -17.38 0.21
24 69 -10.56 0.27
24 70 -6.95 0.21
24 71 0.32 0.23
24 72 5.00 0.21
24 73 12.85 0.21
24 74 18.50 0.22
24 75 26.67 0.19
24 76 32.65 0.19
24 77 41.40 0.19
24 78 47.97 0.16
24 79 56.73 0.12
24 80 63.91 0.11
24 81 72.71 0.10
24 82 80.58 0.07
24 83 89.93 0.08
24 84 97.92 0.06
24 85 107.08 0.09
24 86 115.68 -0.06
25 40 55.08 0.33
25 41 40.22 0.33
25 42 28.36 0.28
25 43 16.18 0.27
25 44 5.04 -0.12
25 45 -5.53 0.05
25 46 -13.59 0.09
25 47 -22.76 0.22
25 48 -29.71 0.30
25 49 -38.09 0.29
25 50 -43.16 0.31
25 51 -48.64 0.29
25 52 -50.67 0.23
25 53 -54.56 -0.16
25 54 -55.39 -0.16
25 55 -56.93 0.25
25 56 -56.41 0.26
25 57 -57.16 0.26
25 58 -55.35 0.24
25 59 -55.47 0.25
25 60 -52.66 0.24
25 61 -52.21 0.25
25 62 -48.63 0.26
25 63 -47.60 0.33
25 64 -43.53 0.34
25 65 -41.90 0.32
25 66 -37.59 0.31
25 67 -34.98 0.30
25 68 -29.68 0.28
25 69 -26.82 0.28
25 70 -21.24 0.27
25 71 -17.74 0.23
25 72 -11.41 0.23
25 73 -7.02 0.24
25 74 -0.27 0.23
25 75 5.23 0.23
25 76 12.84 0.23
25 77 18.79 0.23
25 78 26.95 0.22
25 79 33.33 0.22
25 80 41.76 0.21
25 81 48.95 0.22
25 82 57.61 0.19
25 83 65.37 0.19
25 84 74.20 0.18
25 85 82.30 0.20
25 86 90.90 0.07
25 87 99.83 0.21
25 88 108.01 -0.09
26 42 48.85 0.34
26 43 36.08 0.27
26 44 22.57 -0.21
26 45 11.50 -0.12
26 46 -0.61 -0.04
26 47 -8.49 -0.10
26 48 -19.19 0.22
26 49 -25.18 0.28
26 50 -35.44 0.26
26 51 -40.99 0.30
26 52 -48.24 0.24
26 53 -50.89 0.33
26 54 -56.44 0.20
26 55 -57.90 -0.16
26 56 -60.11 -0.17
26 57 -59.60 0.25
26 58 -61.40 0.22
26 59 -60.01 0.22
26 60 -61.03 0.22
26 61 -58.67 0.22
26 62 -58.91 0.27
26 63 -56.03 0.15
26 64 -55.40 0.13
26 65 -51.68 -0.14
26 66 -50.67 0.09
26 67 -47.11 0.25
26 68 -45.39 0.18
26 69 -40.60 0.22
26 70 -38.60 0.21
26 71 -33.02 0.22
26 72 -30.53 0.19
26 73 -24.05 0.22
26 74 -20.85 0.18
26 75 -14.48 0.19
26 76 -8.00 0.00
26 77 -2.10 -0.10
26 78 2.93 0.17
26 79 10.87 0.17
26 80 16.68 0.19
26 81 25.16 0.20
26 82 31.53 0.19
26 83 40.00 0.18
26 84 47.25 0.19
26 85 55.70 0.15
26 86 63.18 0.12
26 87 72.58 -0.13
26 88 79.94 0.12
26 89 89.42 -0.10
26 90 97.65 0.09
27 44 48.67 0.29
27 45 34.07 -0.22
27 46 22.61 -0.12
27 47 9.22 0.08
27 48 -0.08 0.12
27 49 -10.61 0.18
27 50 -17.78 0.22
27 51 -27.80 0.32
27 52 -34.83 0.32
27 53 -43.35 0.22
27 54 -47.76 0.14
27 55 -54.01 -0.20
27 56 -56.20 -0.18
27 57 -58.78 -0.20
27 58 -59.08 0.21
27 59 -61.43 0.20
27 60 -60.75 0.20
27 61 -62.32 0.20
27 62 -60.50 -0.19
27 63 -61.61 -0.20
27 64 -59.29 -0.20
27 65 -59.48 -0.17
27 66 -56.52 -0.16
27 67 -55.89 0.08
27 68 -52.42 0.11
27 69 -51.59 0.10
27 70 -47.24 0.09
27 71 -46.05 0.12
27 72 -41.35 0.14
27 73 -39.28 0.13
27 74 -33.91 0.13
27 75 -31.09 0.12
27 76 -25.32 0.10
27 77 -19.70 0.00
27 78 -14.34 0.08
27 79 -9.62 0.11
27 80 -2.01 0.15
27 81 3.45 0.15
27 82 11.37 0.16
27 83 17.55 0.15
27 84 25.63 0.15
27 85 32.36 -0.14
27 86 40.92 0.13
27 87 48.17 0.13
27 88 56.81 0.09
27 89 64.36 0.10
27 90 74.64 -0.12
27 91 81.33 0.10
27 92 91.23 0.14
28 46 42.53 -0.23
28 47 30.85 -0.07
28 48 16.52 0.04
28 49 6.75 -0.10
28 50 -4.89 0.17
28 51 -11.84 -0.14
28 52 -23.39 0.21
28 53 -29.87 -0.17
28 54 -39.29 0.26
28 55 -45.64 -0.20
28 56 -53.21 -0.21
28 57 -56.45 -0.18
28 58 -60.05 -0.19
28 59 -60.77 -0.20
28 60 -63.60 -0.21
28 61 -63.28 -0.22
28 62 -65.53 -0.22
28 63 -64.52 -0.19
28 64 -66.42 -0.19
28 65 -64.63 -0.21
28 66 -65.68 -0.18
28 67 -63.39 -0.16
28 68 -63.48 -0.14
28 69 -60.41 -0.14
28 70 -59.62 0.06
28 71 -55.60 0.05
28 72 -55.13 0.08
28 73 -50.56 -0.08
28 74 -49.73 0.13
28 75 -44.85 -0.11
28 76 -42.46 -0.07
28 77 -37.19 0.08
28 78 -34.37 -0.07
28 79 -27.82 -0.08
28 80 -23.09 -0.10
28 81 -15.95 -0.12
28 82 -10.83 -0.13
28 83 -3.08 -0.14
28 84 2.50 -0.14
28 85 10.84 -0.19
28 86 16.56 -0.16
28 87 25.19 -0.17
28 88 31.41 -0.18
28 89 40.64 -0.22
28 90 46.92 -0.16
28 91 55.84 -0.12
28 92 63.16 -0.14
28 93 73.68 0.39
28 94 80.11 -0.11
29 48 41.74 -0.14
29 49 27.86 0.06
29 50 17.09 -0.10
29 51 5.43 0.16
29 52 -2.96 -0.15
29 53 -14.77 0.22
29 54 -21.91 0.31
29 55 -32.15 0.20
29 56 -39.16 -0.18
29 57 -47.72 -0.19
29 58 -52.12 -0.17
29 59 -56.67 -0.19
29 60 -58.26 -0.19
29 61 -61.77 -0.21
29 62 -62.08 -0.21
29 63 -64.96 -0.22
29 64 -64.54 -0.19
29 65 -66.92 -0.20
29 66 -65.53 -0.21
29 67 -67.38 -0.18
29 68 -65.65 -0.19
29 69 -66.01 -0.12
29 70 -63.59 -0.11
29 71 -63.91 -0.13
29 72 -60.22 0.12
29 73 -60.15 0.13
29 74 -56.50 0.16
29 75 -55.61 0.16
29 76 -51.18 0.17
29 77 -49.76 0.13
29 78 -45.05 0.11
29 79 -42.47 -0.08
29 80 -36.69 -0.11
29 81 -32.50 -0.13
29 82 -25.78 -0.14
29 83 -20.99 -0.15
29 84 -13.41 -0.18
29 85 -8.27 -0.19
29 86 -0.45 -0.20
29 87 4.63 -0.18
29 88 13.37 -0.24
29 89 18.89 -0.21
29 90 27.42 -0.22
29 91 33.63 -0.21
29 92 42.59 -0.23
29 93 48.99 -0.22
29 94 58.17 0.35
29 95 65.33 0.35
29 96 73.89 0.22
29 97 81.35 0.33
29 98 90.25 0.31
29 99 98.21 0.33
29 100 106.96 0.33
29 101 115.30 0.31
29 102 123.99 0.21
29 103 132.91 0.27
29 104 141.16 0.29
30 50 37.08 -0.05
30 51 26.04 -0.08
30 52 13.68 0.13
30 53 5.77 0.25
30 54 -7.31 0.23
30 55 -15.50 0.27
30 56 -25.86 0.24
30 57 -32.79 0.19
30 58 -42.75 -0.20
30 59 -48.14 -0.18
30 60 -53.96 -0.21
30 61 -56.37 -0.22
30 62 -60.81 -0.23
30 63 -61.62 -0.23
30 64 -65.06 -0.24
30 65 -65.09 -0.20
30 66 -68.22 -0.22
30 67 -67.25 -0.22
30 68 -69.86 -0.22
30 69 -68.34 -0.17
30 70 -69.78 -0.16
30 71 -67.61 -0.13
30 72 -68.56 0.14
30 73 -66.07 -0.16
30 74 -66.52 0.18
30 75 -63.04 0.25
30 76 -63.10 0.18
30 77 -58.83 0.18
30 78 -58.06 0.16
30 79 -53.65 0.19
30 80 -51.59 -0.08
30 81 -46.35 -0.13
30 82 -42.63 -0.14
30 83 -36.29 -0.17
30 84 -32.08 0.19
30 85 -25.12 -0.19
30 86 -20.52 -0.19
30 87 -13.08 -0.20
30 88 -8.14 -0.21
30 89 -0.59 -0.22
30 90 4.92 -0.22
30 91 13.02 -0.24
30 92 18.90 -0.23
30 93 27.24 -0.22
30 94 33.53 -0.25
30 95 42.19 0.31
30 96 48.74 -0.25
30 97 57.72 -0.20
30 98 64.05 0.29
30 99 72.74 0.28
30 100 80.03 0.25
30 101 90.36 0.25
30 102 96.74 0.28
30 103 106.11 0.25
30 104 113.94 0.22
30 105 123.20 0.26
30 106 131.47 0.22
31 52 38.16 0.06
31 53 25.65 0.10
31 54 17.81 0.00
31 55 3.19 0.25
31 56 -5.88 0.28
31 57 -16.46 0.26
31 58 -24.14 0.21
31 59 -34.34 -0.21
31 60 -40.55 -0.20
31 61 -47.11 -0.23
31 62 -50.74 -0.23
31 63 -56.14 -0.23
31 64 -57.88 -0.25
31 65 -62.02 -0.25
31 66 -62.74 -0.21
31 67 -66.21 -0.23
31 68 -66.19 -0.24
31 69 -68.89 -0.23
31 70 -68.11 -0.24
31 71 -70.10 -0.22
31 72 -68.60 0.26
31 73 -69.90 -0.21
31 74 -68.28 0.27
31 75 -68.91 0.23
31 76 -66.50 0.21
31 77 -66.81 0.19
31 78 -63.51 0.20
31 79 -62.84 0.20
31 80 -59.15 0.20
31 81 -57.51 -0.13
31 82 -52.92 -0.15
31 83 -49.54 -0.17
31 84 -43.86 -0.18
31 85 -40.06 0.20
31 86 -33.64 0.22
31 87 -29.37 -0.21
31 88 -22.39 -0.22
31 89 -18.00 -0.23
31 90 -10.54 -0.24
31 91 -5.73 -0.24
31 92 1.76 -0.24
31 93 7.20 -0.24
31 94 15.23 -0.26
31 95 20.87 -0.24
31 96 29.47 -0.25
31 97 35.32 -0.26
31 98 44.09 -0.26
31 99 50.15 -0.23
31 100 59.43 -0.19
31 101 65.14 0.28
31 102 73.87 0.27
31 103 81.18 0.25
31 104 90.71 0.24
31 105 97.57 0.24
31 106 106.62 0.27
31 107 114.78 0.22
31 108 123.99 0.23
32 54 35.05 0.12
32 55 25.47 0.18
32 56 11.57 0.22
32 57 2.33 0.28
32 58 -9.16 0.25
32 59 -16.81 0.31
32 60 -28.10 -0.22
32 61 -35.06 -0.21
32 62 -42.52 -0.22
32 63 -47.03 -0.24
32 64 -53.42 -0.24
32 65 -56.03 -0.26
32 66 -60.98 -0.26
32 67 -62.27 -0.22
32 68 -66.43 -0.24
32 69 -66.95 -0.24
32 70 -70.19 -0.25
32 71 -69.92 -0.26
32 72 -72.50 -0.23
32 73 -71.62 0.23
32 74 -73.51 0.20
32 75 -72.32 0.27
32 76 -73.78 0.20
32 77 -71.52 0.24
32 78 -72.64 0.20
32 79 -69.51 0.20
32 80 -69.71 0.20
32 81 -66.39 0.20
32 82 -65.48 -0.11
32 83 -61.18 -0.15
32 84 -58.26 -0.16
32 85 -53.04 0.19
32 86 -49.83 0.21
32 87 -43.86 0.23
32 88 -39.90 -0.22
32 89 -33.59 -0.23
32 90 -29.44 -0.23
32 91 -22.33 -0.23
32 92 -18.04 -0.24
32 93 -10.93 -0.24
32 94 -6.05 -0.25
32 95 1.57 -0.26
32 96 7.14 -0.28
32 97 15.16 -0.27
32 98 20.63 -0.27
32 99 28.81 -0.25
32 100 34.52 -0.24
32 101 42.81 -0.20
32 102 48.80 0.28
32 103 56.80 0.26
32 104 63.74 0.25
32 105 73.01 0.23
32 106 79.48 0.23
32 107 89.64 0.17
32 108 95.89 0.22
32 109 104.91 0.22
32 110 112.75 0.20
33 56 37.79 0.25
33 57 23.41 0.23
33 58 14.17 0.34
33 59 1.68 0.26
33 60 -6.73 0.31
33 61 -18.02 -0.23
33 62 -25.53 -0.21
33 63 -33.78 -0.24
33 64 -39.27 -0.25
33 65 -46.63 -0.26
33 66 -50.65 -0.27
33 67 -56.20 -0.27
33 68 -58.24 -0.27
33 69 -62.82 -0.26
33 70 -63.75 -0.26
33 71 -67.59 -0.24
33 72 -68.11 -0.26
33 73 -71.02 -0.23
33 74 -70.61 -0.26
33 75 -73.05 -0.25
33 76 -72.37 0.25
33 77 -74.19 0.21
33 78 -72.71 0.24
33 79 -74.26 0.20
33 80 -72.13 0.20
33 81 -72.56 0.20
33 82 -69.78 0.20
33 83 -69.48 -0.11
33 84 -65.83 -0.15
33 85 -63.24 -0.18
33 86 -58.59 -0.18
33 87 -55.75 0.22
33 88 -50.26 0.23
33 89 -46.91 -0.23
33 90 -41.16 -0.24
33 91 -37.39 -0.25
33 92 -31.16 -0.22
33 93 -27.10 -0.26
33 94 -20.57 -0.26
33 95 -15.94 -0.27
33 96 -8.47 -0.28
33 97 -3.98 -0.27
33 98 3.68 -0.27
33 99 8.78 -0.26
33 100 16.65 -0.27
33 101 22.10 -0.26
33 102 30.07 -0.25
33 103 36.06 -0.25
33 104 44.08 0.27
33 105 49.89 0.26
33 106 59.12 0.20
33 107 64.88 0.25
33 108 73.45 0.23
33 109 80.54 0.22
33 110 89.22 0.23
33 111 96.77 0.21
33 112 106.23 0.21
33 113 113.43 0.21
33 114 122.50 0.20
33 115 130.78 0.22
33 116 139.26 0.22
33 117 148.16 0.22
33 118 156.84 0.22
33 119 165.70 0.22
33 120 174.21 -0.20
34 58 33.66 0.19
34 59 23.23 0.30
34 60 10.36 0.29
34 61 1.48 0.34
34 62 -10.75 -0.24
34 63 -18.82 -0.23
34 64 -27.57 -0.25
34 65 -33.74 -0.26
34 66 -41.80 -0.26
34 67 -46.67 -0.27
34 68 -53.19 -0.28
34 69 -56.05 -0.29
34 70 -61.40 -0.25
34 71 -63.21 -0.26
34 72 -67.46 -0.23
34 73 -68.34 -0.27
34 74 -71.96 -0.25
34 75 -71.90 0.22
34 76 -74.97 -0.23
34 77 -74.84 0.24
34 78 -77.22 0.20
34 79 -76.07 0.24
34 80 -78.36 0.20
34 81 -76.42 0.20
34 82 -77.61 0.22
34 83 -75.50 0.10
34 84 -75.87 -0.10
34 85 -72.53 -0.15
34 86 -70.48 -0.17
34 87 -66.05 -0.18
34 88 -63.80 0.21
34 89 -58.64 -0.22
34 90 -55.78 0.23
34 91 -50.33 -0.25
34 92 -47.10 -0.24
34 93 -41.05 -0.25
34 94 -37.61 -0.26
34 95 -31.48 -0.26
34 96 -27.37 -0.27
34 97 -20.37 -0.28
34 98 -16.07 -0.28
34 99 -9.17 -0.27
34 100 -4.30 -0.27
34 101 3.21 -0.27
34 102 8.20 -0.25
34 103 15.96 -0.26
34 104 21.36 -0.25
34 105 29.52 0.26
34 106 34.75 0.26
34 107 42.55 0.27
34 108 48.98 0.24
34 109 57.23 0.22
34 110 63.86 0.21
34 111 72.42 0.24
34 112 79.34 0.16
34 113 88.81 0.21
34 114 95.40 0.14
34 115 103.93 0.18
34 116 111.97 0.18
34 117 121.27 -0.12
34 118 128.84 0.15
34 119 138.08 0.19
34 120 146.26 0.19
34 121 154.90 -0.17
34 122 163.91 -0.17
35 60 35.69 0.25
35 61 22.62 0.25
35 62 12.65 -0.20
35 63 0.42 -0.20
35 64 -8.05 -0.24
35 65 -17.03 -0.26
35 66 -24.01 -0.26
35 67 -32.95 -0.26
35 68 -38.67 -0.28
35 69 -46.04 -0.28
35 70 -50.14 -0.29
35 71 -55.92 -0.27
35 72 -58.47 -0.26
35 73 -63.27 -0.19
35 74 -64.81 -0.19
35 75 -68.80 -0.25
35 76 -69.45 -0.26
35 77 -72.94 -0.17
35 78 -73.42 0.21
35 79 -76.28 0.19
35 80 -75.67 0.17
35 81 -78.50 0.18
35 82 -77.14 0.18
35 83 -78.82 0.15
35 84 -77.47 0.09
35 85 -78.17 0.09
35 86 -75.42 -0.14
35 87 -73.79 -0.15
35 88 -69.83 -0.16
35 89 -68.01 0.18
35 90 -63.24 -0.19
35 91 -60.94 -0.19
35 92 -55.94 -0.25
35 93 -53.11 -0.26
35 94 -47.59 -0.26
35 95 -44.64 -0.27
35 96 -38.99 -0.27
35 97 -35.29 -0.27
35 98 -28.87 -0.29
35 99 -24.57 -0.30
35 100 -18.17 -0.29
35 101 -13.60 -0.29
35 102 -6.64 -0.29
35 103 -1.93 -0.29
35 104 4.80 -0.29
35 105 10.61 -0.29
35 106 17.90 -0.28
35 107 23.31 -0.27
35 108 30.73 0.27
35 109 36.70 0.18
35 110 44.44 0.19
35 111 50.59 0.14
35 112 59.05 0.15
35 113 65.07 0.13
35 114 74.11 0.13
35 115 80.48 0.10
35 116 88.74 0.14
35 117 96.23 0.12
35 118 105.02 0.12
35 119 112.94 0.11
35 120 121.45 0.14
35 121 129.64 0.15
35 122 138.09 -0.18
35 123 147.31 -0.14
35 124 156.53 -0.17
36 62 32.42 0.31
36 63 21.88 0.20
36 64 8.68 -0.22
36 65 -0.51 -0.21
36 66 -10.44 -0.22
36 67 -17.55 -0.25
36 68 -26.91 -0.25
36 69 -33.23 -0.28
36 70 -41.30 -0.29
36 71 -45.89 -0.28
36 72 -52.87 -0.24
36 73 -56.16 -0.25
36 74 -61.84 -0.22
36 75 -63.96 -0.19
36 76 -68.55 -0.23
36 77 -69.55 -0.26
36 78 -73.66 -0.23
36 79 -74.12 -0.15
36 80 -77.63 0.19
36 81 -77.79 -0.18
36 82 -80.74 0.18
36 83 -80.36 -0.14
36 84 -82.50 -0.13
36 85 -81.45 0.09
36 86 -83.00 -0.09
36 87 -80.47 -0.13
36 88 -79.35 -0.15
36 89 -75.81 -0.17
36 90 -74.42 -0.17
36 91 -70.23 -0.21
36 92 -68.27 -0.21
36 93 -63.68 -0.23
36 94 -61.34 -0.20
36 95 -56.29 -0.21
36 96 -53.56 -0.25
36 97 -48.15 -0.26
36 98 -45.03 -0.27
36 99 -39.41 -0.25
36 100 -35.55 -0.25
36 101 -29.52 -0.27
36 102 -25.59 -0.25
36 103 -18.80 -0.26
36 104 -14.64 -0.25
36 105 -7.51 0.36
36 106 -3.01 -0.23
36 107 4.07 -0.21
36 108 9.18 -0.23
36 109 16.42 0.23
36 110 21.97 -0.20
36 111 29.37 0.17
36 112 35.30 0.13
36 113 43.25 0.15
36 114 48.95 0.13
36 115 57.55 0.11
36 116 63.43 0.08
36 117 72.03 0.07
36 118 78.47 -0.08
36 119 87.78 -0.09
36 120 94.75 -0.08
36 121 103.56 -0.09
36 122 111.61 -0.10
36 123 120.19 -0.16
36 124 128.56 -0.14
36 125 138.22 -0.14
36 126 146.18 -0.16
37 64 34.38 -0.22
37 65 21.04 -0.21
37 66 11.31 -0.22
37 67 0.81 -0.23
37 68 -6.88 -0.22
37 69 -16.83 -0.25
37 70 -23.65 -0.27
37 71 -32.50 -0.27
37 72 -37.87 -0.27
37 73 -45.71 -0.25
37 74 -49.90 -0.25
37 75 -56.20 -0.24
37 76 -58.98 -0.24
37 77 -64.30 -0.23
37 78 -65.84 -0.23
37 79 -70.41 -0.23
37 80 -71.38 0.21
37 81 -75.19 -0.18
37 82 -75.92 -0.17
37 83 -79.47 0.15
37 84 -79.49 -0.14
37 85 -81.99 -0.14
37 86 -82.07 0.09
37 87 -83.56 -0.10
37 88 -81.75 -0.13
37 89 -81.01 -0.15
37 90 -77.92 -0.17
37 91 -77.03 -0.17
37 92 -73.33 -0.21
37 93 -71.90 -0.20
37 94 -68.12 -0.22
37 95 -65.90 -0.21
37 96 -61.20 -0.21
37 97 -58.96 -0.25
37 98 -54.12 -0.25
37 99 -51.33 -0.25
37 100 -46.25 -0.25
37 101 -42.91 -0.26
37 102 -37.16 -0.26
37 103 -33.59 -0.25
37 104 -27.05 0.43
37 105 -22.45 0.41
37 106 -16.13 0.43
37 107 -12.79 -0.22
37 108 -5.95 -0.20
37 109 -1.18 -0.20
37 110 5.80 -0.23
37 111 10.68 -0.18
37 112 18.27 -0.13
37 113 23.39 0.11
37 114 30.74 -0.11
37 115 36.20 0.09
37 116 44.29 0.08
37 117 49.54 0.08
37 118 57.76 0.07
37 119 63.87 -0.06
37 120 73.25 0.08
37 121 79.84 -0.10
37 122 88.47 -0.10
37 123 96.16 -0.11
37 124 105.01 -0.12
37 125 112.95 -0.13
37 126 122.36 -0.13
37 127 130.15 -0.14
37 128 139.35 -0.14
38 66 30.95 -0.13
38 67 20.23 -0.20
38 68 9.12 -0.22
38 69 0.86 -0.26
38 70 -9.51 -0.27
38 71 -16.86 -0.28
38 72 -26.15 -0.29
38 73 -32.11 -0.28
38 74 -40.71 -0.24
38 75 -45.65 -0.24
38 76 -52.92 -0.22
38 77 -56.44 -0.19
38 78 -62.36 -0.23
38 79 -64.45 -0.25
38 80 -69.63 -0.22
38 81 -71.10 -0.15
38 82 -75.58 0.17
38 83 -76.67 -0.17
38 84 -80.56 0.16
38 85 -81.26 -0.13
38 86 -84.40 -0.13
38 87 -84.67 0.09
38 88 -87.08 -0.09
38 89 -85.34 -0.12
38 90 -85.07 -0.14
38 91 -82.30 -0.15
38 92 -81.97 -0.17
38 93 -78.63 -0.20
38 94 -77.59 -0.19
38 95 -73.84 -0.21
38 96 -72.37 -0.20
38 97 -68.22 -0.20
38 98 -66.39 -0.21
38 99 -61.86 -0.24
38 100 -59.58 -0.22
38 101 -54.78 -0.24
38 102 -52.01 -0.25
38 103 -46.38 -0.25
38 104 -43.56 -0.25
38 105 -37.66 -0.24
38 106 -34.22 -0.25
38 107 -27.95 -0.25
38 108 -24.35 -0.21
38 109 -17.78 -0.19
38 110 -13.61 -0.19
38 111 -6.71 -0.17
38 112 -2.25 -0.21
38 113 4.96 -0.09
38 114 9.60 -0.09
38 115 16.50 -0.11
38 116 21.96 0.04
38 117 29.74 0.04
38 118 34.21 0.05
38 119 42.25 0.05
38 120 47.55 -0.04
38 121 57.21 0.07
38 122 63.32 -0.06
38 123 72.01 -0.09
38 124 79.42 -0.09
38 125 88.27 -0.08
38 126 95.97 -0.10
38 127 104.79 -0.11
38 128 112.89 -0.11
38 129 121.94 -0.11
38 130 130.12 -0.12
39 68 33.08 -0.20
39 69 22.00 -0.20
39 70 12.67 -0.25
39 71 1.49 -0.27
39 72 -6.46 -0.27
39 73 -16.16 -0.28
39 74 -22.55 -0.30
39 75 -30.20 0.14
39 76 -37.44 -0.27
39 77 -45.46 -0.19
39 78 -49.93 0.50
39 79 -56.52 -0.25
39 80 -59.44 -0.19
39 81 -65.08 -0.19
39 82 -67.18 -0.19
39 83 -72.05 0.11
39 84 -73.77 -0.16
39 85 -78.04 0.11
39 86 -79.19 -0.13
39 87 -82.70 -0.13
39 88 -83.91 0.08
39 89 -86.88 0.08
39 90 -85.34 -0.12
39 91 -85.38 -0.16
39 92 -83.09 -0.15
39 93 -83.23 -0.17
39 94 -80.35 -0.17
39 95 -79.82 -0.18
39 96 -76.48 -0.19
39 97 -75.53 -0.19
39 98 -71.88 -0.19
39 99 -70.38 -0.19
39 100 -66.27 -0.24
39 101 -64.48 -0.20
39 102 -60.00 -0.24
39 103 -57.73 -0.25
39 104 -52.78 0.41
39 105 -50.06 -0.26
39 106 -44.70 -0.27
39 107 -41.72 -0.25
39 108 -35.88 -0.24
39 109 -32.55 -0.24
39 110 -26.42 -0.18
39 111 -22.71 -0.18
39 112 -16.05 -0.20
39 113 -12.37 -0.17
39 114 -5.28 -0.19
39 115 -0.97 0.08
39 116 5.54 -0.11
39 117 10.45 0.04
39 118 17.39 0.07
39 119 21.78 0.06
39 120 29.36 0.05
39 121 34.48 -0.04
39 122 43.20 0.07
39 123 49.86 0.08
39 124 58.42 0.05
39 125 65.72 -0.05
39 126 74.36 -0.07
39 127 81.80 -0.06
39 128 90.73 0.04
39 129 98.19 -0.07
39 130 107.23 0.04
39 131 115.03 -0.06
39 132 124.19 -0.04
40 70 30.93 -0.22
40 71 21.66 -0.23
40 72 9.93 -0.26
40 73 1.70 -0.27
40 74 -8.67 -0.28
40 75 -15.29 -0.31
40 76 -25.52 -0.24
40 77 -29.82 0.10
40 78 -40.42 -0.23
40 79 -45.55 -0.25
40 80 -53.04 -0.24
40 81 -56.60 -0.25
40 82 -62.91 -0.24
40 83 -65.53 0.19
40 84 -70.86 0.16
40 85 -72.99 -0.17
40 86 -77.87 0.16
40 87 -79.59 -0.12
40 88 -83.66 -0.11
40 89 -84.83 0.09
40 90 -88.62 0.08
40 91 -87.46 -0.11
40 92 -87.90 -0.13
40 93 -85.90 -0.14
40 94 -86.45 -0.16
40 95 -84.15 -0.19
40 96 -83.90 -0.20
40 97 -81.14 -0.20
40 98 -80.49 -0.22
40 99 -77.19 -0.20
40 100 -76.24 -0.23
40 101 -72.57 -0.24
40 102 -71.23 -0.23
40 103 -67.19 -0.24
40 104 -65.31 -0.24
40 105 -60.68 -0.22
40 106 -58.50 -0.24
40 107 -53.63 -0.26
40 108 -50.95 -0.24
40 109 -45.45 -0.24
40 110 -42.63 -0.24
40 111 -36.76 -0.20
40 112 -33.61 -0.23
40 113 -27.45 -0.20
40 114 -23.71 -0.19
40 115 -17.25 -0.15
40 116 -13.11 -0.08
40 117 -7.04 -0.10
40 118 -2.64 -0.05
40 119 4.11 0.07
40 120 8.20 0.05
40 121 15.36 0.05
40 122 20.70 0.00
40 123 28.55 -0.05
40 124 35.05 0.05
40 125 43.49 0.05
40 126 50.28 -0.06
40 127 59.10 -0.05
40 128 66.33 -0.05
40 129 74.99 0.04
40 130 82.24 -0.08
40 131 91.09 -0.05
40 132 99.15 -0.04
40 133 107.97 0.03
40 134 116.03 -0.04
41 72 34.31 0.27
41 73 22.44 -0.26
41 74 13.68 -0.26
41 75 2.51 -0.29
41 76 -4.84 -0.30
41 77 -15.16 -0.25
41 78 -21.00 0.21
41 79 -30.94 -0.28
41 80 -35.95 0.08
41 81 -45.29 -0.23
41 82 -49.73 -0.23
41 83 -56.68 -0.23
41 84 -60.08 0.19
41 85 -66.52 0.13
41 86 -68.66 0.14
41 87 -74.05 0.15
41 88 -76.47 -0.10
41 89 -80.60 -0.07
41 90 -82.83 0.09
41 91 -86.74 -0.08
41 92 -86.30 -0.10
41 93 -87.01 -0.10
41 94 -85.44 -0.11
41 95 -86.38 0.13
41 96 -84.28 -0.19
41 97 -84.55 0.14
41 98 -82.18 0.13
41 99 -82.00 0.26
41 100 -79.09 -0.23
41 101 -78.67 -0.24
41 102 -75.49 -0.25
41 103 -74.49 -0.25
41 104 -70.81 -0.25
41 105 -69.45 -0.25
41 106 -65.36 -0.24
41 107 -63.59 -0.25
41 108 -59.16 -0.25
41 109 -56.79 -0.24
41 110 -51.84 -0.24
41 111 -49.28 -0.24
41 112 -43.91 -0.23
41 113 -40.85 -0.22
41 114 -35.28 -0.20
41 115 -31.68 -0.17
41 116 -25.36 -0.08
41 117 -21.81 -0.07
41 118 -15.88 -0.07
41 119 -12.25 -0.06
41 120 -6.05 -0.06
41 121 -2.19 -0.06
41 122 4.58 0.06
41 123 8.90 -0.04
41 124 16.64 -0.07
41 125 23.02 -0.06
41 126 31.49 -0.06
41 127 37.89 -0.07
41 128 46.17 -0.07
41 129 53.13 -0.08
41 130 61.33 -0.10
41 131 68.65 -0.10
41 132 77.40 -0.09
41 133 84.74 -0.10
41 134 93.15 -0.11
41 135 101.42 -0.19
41 136 110.00 -0.19
42 74 31.82 0.28
42 75 22.30 -0.26
42 76 10.93 -0.27
42 77 3.27 -0.31
42 78 -7.98 -0.20
42 79 -15.22 -0.19
42 80 -25.09 -0.20
42 81 -30.60 0.06
42 82 -40.27 -0.22
42 83 -45.23 -0.11
42 84 -53.05 -0.23
42 85 -57.28 0.18
42 86 -63.93 0.15
42 87 -66.82 0.21
42 88 -72.97 0.14
42 89 -75.48 -0.11
42 90 -80.28 0.11
42 91 -82.87 0.06
42 92 -86.85 0.04
42 93 -86.79 -0.08
42 94 -88.22 -0.12
42 95 -86.95 -0.13
42 96 -88.38 0.17
42 97 -86.87 -0.17
42 98 -87.57 0.21
42 99 -85.69 -0.22
42 100 -85.92 -0.20
42 101 -83.45 -0.19
42 102 -83.41 -0.22
42 103 -80.54 -0.23
42 104 -79.98 -0.24
42 105 -76.53 -0.24
42 106 -75.73 -0.23
42 107 -71.86 -0.23
42 108 -70.62 -0.24
42 109 -66.51 -0.25
42 110 -64.69 -0.24
42 111 -59.95 -0.21
42 112 -57.92 -0.23
42 113 -52.89 -0.23
42 114 -50.28 -0.19
42 115 -45.14 -0.20
42 116 -42.13 -0.19
42 117 -36.35 -0.20
42 118 -32.89 0.07
42 119 -27.47 -0.10
42 120 -24.32 0.11
42 121 -18.11 0.08
42 122 -14.66 0.06
42 123 -8.48 0.05
42 124 -4.40 -0.03
42 125 3.40 -0.06
42 126 9.44 0.06
42 127 17.41 0.06
42 128 23.70 0.11
42 129 32.06 -0.06
42 130 38.84 0.07
42 131 47.20 0.05
42 132 54.31 -0.06
42 133 62.33 -0.09
42 134 69.55 -0.16
42 135 77.97 -0.11
42 136 85.32 -0.16
42 137 93.62 -0.17
42 138 101.64 -0.20
42 139 111.28 -0.18
42 140 118.32 -0.21
42 141 127.36 -0.20
42 142 135.36 -0.23
42 143 145.06 -0.23
42 144 152.93 -0.22
42 145 162.11 -0.21
42 146 170.74 -0.22
43 76 34.93 0.31
43 77 23.04 -0.28
43 78 14.57 -0.30
43 79 3.32 -0.21
43 80 -4.30 -0.15
43 81 -14.21 -0.13
43 82 -21.98 -0.20
43 83 -30.95 -0.22
43 84 -36.69 -0.21
43 85 -45.54 0.18
43 86 -50.76 0.18
43 87 -57.62 0.07
43 88 -61.67 0.22
43 89 -68.25 0.15
43 90 -70.81 -0.11
43 91 -76.31 0.09
43 92 -79.62 0.06
43 93 -83.78 -0.07
43 94 -84.49 -0.12
43 95 -86.15 -0.11
43 96 -85.53 0.15
43 97 -87.22 0.18
43 98 -86.03 0.18
43 99 -87.40 0.20
43 100 -85.64 0.16
43 101 -86.39 0.21
43 102 -84.52 0.19
43 103 -84.50 0.22
43 104 -82.22 0.22
43 105 -81.73 0.25
43 106 -78.90 0.24
43 107 -78.28 -0.24
43 108 -75.39 0.33
43 109 -73.98 -0.24
43 110 -70.35 -0.24
43 111 -68.87 -0.23
43 112 -64.66 -0.22
43 113 -62.83 -0.22
43 114 -58.48 0.20
43 115 -56.08 -0.19
43 116 -51.48 0.17
43 117 -48.67 -0.17
43 118 -44.15 0.14
43 119 -41.32 0.14
43 120 -35.97 0.12
43 121 -32.48 0.06
43 122 -26.77 0.05
43 123 -23.81 0.06
43 124 -18.02 0.06
43 125 -14.07 -0.03
43 126 -6.93 0.04
43 127 -1.07 0.06
43 128 6.70 0.08
43 129 12.68 0.11
43 130 20.81 0.07
43 131 27.37 0.07
43 132 35.45 0.06
43 133 41.51 0.16
43 134 49.76 0.14
43 135 56.60 0.18
43 136 65.25 0.17
43 137 72.43 -0.14
43 138 80.42 -0.15
43 139 88.21 -0.15
43 140 98.61 -0.20
43 141 104.50 -0.21
43 142 113.43 -0.22
43 143 121.26 -0.23
43 144 130.47 -0.23
43 145 138.12 -0.23
43 146 146.70 -0.23
43 147 155.47 -0.23
43 148 165.13 -0.22
44 78 32.88 0.30
44 79 23.94 -0.31
44 80 11.92 -0.16
44 81 3.63 -0.17
44 82 -7.32 -0.21
44 83 -14.64 0.08
44 84 -24.11 0.05
44 85 -31.11 -0.10
44 86 -40.15 0.09
44 87 -46.05 0.19
44 88 -54.00 0.13
44 89 -58.09 0.16
44 90 -65.56 0.14
44 91 -68.50 0.13
44 92 -74.97 0.11
44 93 -78.43 0.07
44 94 -83.22 0.04
44 95 -83.89 -0.07
44 96 -86.11 -0.12
44 97 -85.83 0.14
44 98 -87.96 0.18
44 99 -87.13 0.19
44 100 -88.86 0.20
44 101 -87.47 0.21
44 102 -88.79 0.23
44 103 -87.15 0.21
44 104 -87.89 0.24
44 105 -85.83 0.22
44 106 -85.91 0.25
44 107 -83.44 0.27
44 108 -83.26 -0.24
44 109 -80.36 0.27
44 110 -79.80 -0.24
44 111 -76.54 -0.24
44 112 -75.46 -0.23
44 113 -71.53 -0.22
44 114 -70.24 -0.22
44 115 -66.04 0.20
44 116 -64.25 -0.22
44 117 -60.04 0.19
44 118 -57.66 -0.18
44 119 -52.83 -0.19
44 120 -50.74 0.13
44 121 -45.88 0.11
44 122 -42.96 0.07
44 123 -37.73 0.08
44 124 -35.14 0.07
44 125 -29.43 0.05
44 126 -26.16 0.03
44 127 -18.82 0.04
44 128 -13.43 0.06
44 129 -5.67 0.07
44 130 -0.14 0.08
44 131 7.67 0.08
44 132 13.65 0.10
44 133 21.49 0.14
44 134 27.64 0.15
44 135 35.69 0.14
44 136 42.39 0.20
44 137 50.94 0.12
44 138 57.51 0.22
44 139 65.52 0.15
44 140 72.95 0.23
44 141 81.44 -0.19
44 142 88.75 0.24
44 143 97.48 -0.19
44 144 104.99 0.28
44 145 113.56 -0.22
44 146 121.44 0.30
44 147 131.20 0.31
44 148 138.43 -0.22
44 149 146.75 0.23
44 150 155.22 -0.22
45 80 35.96 0.19
45 81 23.68 -0.18
45 82 14.96 -0.18
45 83 4.04 -0.15
45 84 -3.69 -0.06
45 85 -13.80 -0.04
45 86 -21.36 -0.08
45 87 -30.67 0.07
45 88 -37.09 0.07
45 89 -45.98 0.16
45 90 -51.34 0.18
45 91 -58.95 0.15
45 92 -62.99 0.13
45 93 -69.44 -0.07
45 94 -73.92 0.09
45 95 -78.68 0.04
45 96 -80.14 -0.07
45 97 -82.46 -0.10
45 98 -82.81 0.13
45 99 -85.45 0.19
45 100 -85.06 0.21
45 101 -87.27 0.22
45 102 -86.32 0.22
45 103 -88.10 0.23
45 104 -86.73 0.26
45 105 -87.95 0.24
45 106 -86.23 0.22
45 107 -86.90 0.26
45 108 -84.96 0.24
45 109 -84.95 0.26
45 110 -82.52 0.27
45 111 -82.07 0.27
45 112 -79.10 -0.24
45 113 -78.50 0.26
45 114 -75.31 0.26
45 115 -74.09 0.25
45 116 -70.50 0.21
45 117 -68.85 0.22
45 118 -65.16 0.22
45 119 -63.17 -0.14
45 120 -59.16 0.18
45 121 -56.79 0.14
45 122 -52.45 0.12
45 123 -50.08 0.09
45 124 -45.33 0.08
45 125 -42.76 0.05
45 126 -38.17 0.06
45 127 -35.03 -0.04
45 128 -28.12 0.04
45 129 -22.61 0.05
45 130 -15.36 0.08
45 131 -9.78 0.10
45 132 -2.39 0.09
45 133 3.40 0.14
45 134 10.93 0.15
45 135 17.02 0.17
45 136 25.07 0.18
45 137 31.09 0.19
45 138 38.95 0.17
45 139 45.75 0.19
45 140 53.62 0.22
45 141 60.41 0.25
45 142 68.61 0.26
45 143 75.69 0.29
45 144 83.80 0.21
45 145 91.32 0.29
45 146 100.15 0.30
45 147 107.87 0.33
45 148 116.19 0.28
45 149 124.39 0.34
45 150 133.31 0.32
45 151 140.50 0.29
45 152 149.22 0.29
46 82 33.14 0.18
46 83 24.07 0.14
46 84 12.51 -0.12
46 85 3.93 0.07
46 86 -6.61 -0.06
46 87 -14.31 -0.09
46 88 -24.21 0.05
46 89 -31.35 0.07
46 90 -40.68 0.10
46 91 -46.52 0.16
46 92 -55.12 0.15
46 93 -59.46 0.12
46 94 -66.79 -0.06
46 95 -71.63 0.09
46 96 -77.23 -0.04
46 97 -78.71 -0.06
46 98 -81.61 0.09
46 99 -82.25 0.13
46 100 -85.19 0.18
46 101 -85.18 0.18
46 102 -87.68 0.20
46 103 -87.29 0.20
46 104 -89.29 0.22
46 105 -88.38 0.20
46 106 -89.83 0.23
46 107 -88.53 0.22
46 108 -89.58 0.23
46 109 -87.76 0.26
46 110 -88.43 0.24
46 111 -86.41 0.24
46 112 -86.32 0.24
46 113 -83.62 -0.24
46 114 -83.49 0.23
46 115 -80.67 0.25
46 116 -79.81 0.21
46 117 -76.58 0.16
46 118 -75.56 0.21
46 119 -72.29 0.18
46 120 -70.69 0.16
46 121 -66.69 0.13
46 122 -65.37 0.13
46 123 -61.35 0.12
46 124 -59.41 0.10
46 125 -54.76 0.08
46 126 -52.85 0.05
46 127 -48.37 0.05
46 128 -45.66 -0.04
46 129 -38.73 0.04
46 130 -33.82 0.07
46 131 -26.64 0.08
46 132 -21.58 0.10
46 133 -14.38 0.10
46 134 -8.72 0.09
46 135 -1.37 0.11
46 136 4.36 0.14
46 137 12.09 0.09
46 138 17.86 0.15
46 139 25.88 0.18
46 140 31.90 0.19
46 141 39.89 0.19
46 142 46.39 0.21
46 143 54.53 0.27
46 144 61.44 0.30
46 145 69.68 0.26
46 146 76.23 0.28
46 147 84.09 0.23
46 148 92.00 0.31
46 149 100.51 0.28
46 150 107.68 0.29
46 151 115.72 0.25
46 152 123.72 0.25
46 153 132.23 0.23
46 154 140.34 0.24
47 84 37.04 0.10
47 85 24.65 -0.13
47 86 15.80 0.06
47 87 4.79 0.06
47 88 -3.67 -0.08
47 89 -13.81 0.06
47 90 -21.80 0.08
47 91 -31.35 0.09
47 92 -38.05 0.09
47 93 -46.95 0.15
47 94 -52.58 0.15
47 95 -60.22 0.11
47 96 -65.69 0.09
47 97 -71.42 0.04
47 98 -73.85 0.07
47 99 -76.84 0.09
47 100 -78.02 0.13
47 101 -81.30 -0.11
47 102 -81.72 0.19
47 103 -84.53 0.21
47 104 -84.66 0.20
47 105 -86.92 0.22
47 106 -86.36 0.19
47 107 -88.29 0.22
47 108 -87.52 0.21
47 109 -88.76 0.21
47 110 -87.56 0.24
47 111 -88.53 0.22
47 112 -87.02 0.24
47 113 -87.38 0.23
47 114 -84.97 0.26
47 115 -85.36 0.23
47 116 -82.92 0.24
47 117 -82.55 0.21
47 118 -79.46 -0.16
47 119 -78.93 0.19
47 120 -75.86 0.17
47 121 -74.50 0.16
47 122 -71.36 -0.10
47 123 -69.94 0.10
47 124 -66.31 0.09
47 125 -64.98 0.08
47 126 -61.12 0.06
47 127 -59.32 0.05
47 128 -55.59 0.05
47 129 -52.82 0.03
47 130 -46.78 0.06
47 131 -41.73 0.06
47 132 -35.00 0.07
47 133 -30.07 0.05
47 134 -23.02 0.08
47 135 -17.50 0.13
47 136 -10.37 0.14
47 137 -4.39 0.16
47 138 2.69 0.18
47 139 8.51 0.17
47 140 15.75 0.18
47 141 21.85 0.18
47 142 29.66 0.22
47 143 35.67 0.19
47 144 43.46 0.17
47 145 49.52 0.26
47 146 57.15 0.21
47 147 63.87 0.26
47 148 72.31 0.29
47 149 79.31 0.33
47 150 87.30 0.28
47 151 94.61 0.32
47 152 102.62 0.29
47 153 110.01 0.25
47 154 118.85 0.24
47 155 125.87 0.24
47 156 134.42 0.21
48 86 34.25 -0.09
48 87 24.64 0.05
48 88 13.02 0.05
48 89 4.51 -0.08
48 90 -6.40 0.04
48 91 -14.62 0.06
48 92 -24.74 0.07
48 93 -31.73 0.08
48 94 -41.28 -0.07
48 95 -47.33 0.11
48 96 -55.91 0.10
48 97 -62.00 0.08
48 98 -68.72 -0.03
48 99 -71.05 -0.06
48 100 -74.88 0.09
48 101 -76.15 0.11
48 102 -79.81 0.13
48 103 -80.52 0.16
48 104 -83.84 0.17
48 105 -84.17 0.13
48 106 -86.81 0.19
48 107 -86.73 0.18
48 108 -88.92 0.20
48 109 -88.45 0.20
48 110 -90.14 0.21
48 111 -89.32 0.20
48 112 -90.57 0.22
48 113 -89.39 0.23
48 114 -90.18 0.23
48 115 -88.28 0.20
48 116 -88.83 0.23
48 117 -86.90 0.21
48 118 -86.75 -0.15
48 119 -84.62 0.16
48 120 -84.17 -0.11
48 121 -81.77 0.13
48 122 -80.79 -0.09
48 123 -78.27 0.11
48 124 -77.22 -0.09
48 125 -73.99 0.11
48 126 -72.89 0.06
48 127 -69.18 0.06
48 128 -67.21 0.00
48 129 -64.41 0.05
48 130 -61.91 0.00
48 131 -56.33 -0.04
48 132 -50.98 0.00
48 133 -45.02 0.06
48 134 -40.38 0.08
48 135 -33.64 0.08
48 136 -28.68 0.10
48 137 -21.73 0.12
48 138 -16.53 0.12
48 139 -9.20 0.12
48 140 -3.81 0.15
48 141 3.30 0.16
48 142 9.16 0.19
48 143 16.45 0.14
48 144 22.50 0.21
48 145 30.43 0.27
48 146 36.63 0.30
48 147 44.06 0.25
48 148 50.68 0.32
48 149 58.29 0.28
48 150 64.56 0.28
48 151 72.82 0.27
48 152 79.72 0.31
48 153 87.41 0.27
48 154 94.82 0.28
48 155 102.58 0.23
48 156 110.19 0.25
48 157 118.48 0.24
48 158 125.92 0.20
48 159 134.91 0.19
48 160 142.15 0.18
48 161 150.70 0.16
48 162 158.67 0.16
48 163 167.93 0.14
49 88 36.82 0.05
49 89 24.92 0.06
49 90 15.78 -0.07
49 91 4.36 0.06
49 92 -4.28 0.07
49 93 -14.78 0.06
49 94 -22.55 0.06
49 95 -32.42 0.06
49 96 -39.45 0.08
49 97 -48.66 0.07
49 98 -55.46 0.08
49 99 -62.53 0.05
49 100 -65.45 0.08
49 101 -69.58 0.08
49 102 -71.32 0.09
49 103 -75.09 0.09
49 104 -76.12 0.11
49 105 -79.52 0.11
49 106 -80.39 0.12
49 107 -83.32 0.16
49 108 -83.52 0.15
49 109 -86.20 0.17
49 110 -86.01 0.18
49 111 -88.06 0.17
49 112 -87.71 0.17
49 113 -89.39 0.17
49 114 -88.75 0.19
49 115 -89.68 0.17
49 116 -88.81 0.18
49 117 -89.18 -0.19
49 118 -87.58 0.10
49 119 -88.02 0.10
49 120 -86.42 0.08
49 121 -86.41 0.08
49 122 -84.61 0.09
49 123 -84.32 0.07
49 124 -82.03 0.08
49 125 -81.40 0.06
49 126 -78.50 0.07
49 127 -77.82 0.04
49 128 -74.61 0.04
49 129 -72.64 0.00
49 130 -70.89 0.05
49 131 -68.09 0.00
49 132 -63.20 0.05
49 133 -57.71 0.00
49 134 -52.70 0.07
49 135 -48.23 0.07
49 136 -41.70 0.07
49 137 -36.78 0.08
49 138 -30.08 0.06
49 139 -24.90 0.10
49 140 -18.08 0.09
49 141 -12.55 0.12
49 142 -5.54 0.13
49 143 0.29 0.14
49 144 7.18 0.13
49 145 13.62 0.29
49 146 20.64 0.30
49 147 26.43 0.30
49 148 33.70 0.30
49 149 39.71 0.30
49 150 47.52 0.32
49 151 53.53 0.31
49 152 62.49 0.32
49 153 67.89 0.32
49 154 75.48 0.29
49 155 82.23 0.27
49 156 90.20 0.26
49 157 97.50 0.28
49 158 105.57 0.25
49 159 112.94 0.26
49 160 121.15 0.09
49 161 128.66 0.20
49 162 137.26 0.06
49 163 144.13 0.08
49 164 152.29 0.07
49 165 159.92 0.07
50 90 35.71 0.00
50 91 25.62 -0.04
50 92 14.35 0.00
50 93 5.44 0.00
50 94 -5.51 0.00
50 95 -13.88 0.00
50 96 -25.03 -0.04
50 97 -31.70 0.00
50 98 -41.16 0.00
50 99 -49.47 0.05
50 100 -57.61 0.02
50 101 -60.81 -0.05
50 102 -65.38 0.04
50 103 -67.32 -0.09
50 104 -71.92 0.06
50 105 -73.38 -0.08
50 106 -77.25 -0.09
50 107 -78.46 -0.09
50 108 -81.59 -0.11
50 109 -82.22 0.13
50 110 -85.08 -0.12
50 111 -85.22 0.12
50 112 -87.78 -0.12
50 113 -87.52 0.14
50 114 -89.70 -0.12
50 115 -89.32 -0.13
50 116 -91.02 -0.12
50 117 -90.18 -0.11
50 118 -91.66 -0.11
50 119 -90.43 -0.08
50 120 -91.42 -0.09
50 121 -89.68 0.06
50 122 -90.48 -0.08
50 123 -88.56 0.06
50 124 -88.93 0.06
50 125 -86.67 -0.06
50 126 -86.52 0.03
50 127 -83.80 -0.05
50 128 -84.05 0.03
50 129 -80.81 0.03
50 130 -80.00 0.00
50 131 -77.91 0.05
50 132 -76.20 0.00
50 133 -71.04 -0.03
50 134 -66.34 0.00
50 135 -60.62 0.04
50 136 -56.73 -0.04
50 137 -50.26 0.04
50 138 -45.81 -0.05
50 139 -39.07 0.08
50 140 -34.50 0.07
50 141 -27.57 0.07
50 142 -22.85 0.09
50 143 -15.61 0.17
50 144 -10.07 0.21
50 145 -4.02 0.12
50 146 2.41 0.28
50 147 9.81 0.29
50 148 14.75 0.29
50 149 22.14 0.29
50 150 27.52 0.30
50 151 34.81 0.29
50 152 40.77 0.31
50 153 48.43 0.29
50 154 54.49 0.31
50 155 61.86 0.28
50 156 68.61 0.29
50 157 76.26 0.28
50 158 82.98 0.26
50 159 90.91 0.24
50 160 97.87 0.21
50 161 105.70 -0.09
50 162 112.90 -0.11
50 163 121.25 -0.10
50 164 128.21 0.06
50 165 136.05 0.07
50 166 143.35 0.05
50 167 151.75 0.06
50 168 160.04 0.00
50 169 168.12 -0.04
50 170 175.47 0.00
50 171 184.14 0.00
50 172 191.16 0.00
50 173 200.28 0.00
50 174 207.28 0.00
50 175 217.37 0.00
50 176 224.28 0.00
50 177 233.28 0.00
50 178 242.28 0.00
51 92 44.74 -0.07
51 93 26.70 0.08
51 94 17.61 0.06
51 95 6.16 0.08
51 96 -2.50 0.07
51 97 -13.02 0.06
51 98 -21.19 0.08
51 99 -31.14 0.09
51 100 -36.71 0.00
51 101 -47.27 -0.05
51 102 -51.36 0.07
51 103 -56.68 -0.08
51 104 -59.28 0.11
51 105 -64.40 -0.11
51 106 -66.34 -0.12
51 107 -70.71 -0.13
51 108 -72.28 -0.12
51 109 -75.86 -0.14
51 110 -76.89 -0.12
51 111 -80.23 -0.15
51 112 -80.74 -0.15
51 113 -83.71 -0.15
51 114 -83.91 -0.15
51 115 -86.35 -0.15
51 116 -86.43 0.26
51 117 -88.42 -0.18
51 118 -87.92 -0.12
51 119 -89.69 -0.14
51 120 -89.05 -0.14
51 121 -90.29 -0.15
51 122 -89.27 -0.12
51 123 -90.15 -0.14
51 124 -88.34 -0.12
51 125 -89.00 -0.09
51 126 -86.77 -0.08
51 127 -87.34 -0.08
51 128 -85.02 -0.08
51 129 -85.16 -0.07
51 130 -82.42 0.04
51 131 -82.46 -0.05
51 132 -79.98 0.06
51 133 -79.05 -0.05
51 134 -73.83 -0.05
51 135 -70.13 0.07
51 136 -64.47 0.08
51 137 -60.63 -0.07
51 138 -54.75 0.09
51 139 -50.55 0.10
51 140 -44.54 -0.09
51 141 -39.76 -0.10
51 142 -33.02 -0.11
51 143 -28.44 0.15
51 144 -21.94 0.22
51 145 -17.18 0.26
51 146 -10.98 0.26
51 147 -5.86 0.28
51 148 0.54 0.27
51 149 5.89 0.26
51 150 13.22 0.32
51 151 18.64 0.33
51 152 25.85 0.33
51 153 31.24 0.33
51 154 38.50 0.31
51 155 44.19 0.31
51 156 51.37 0.30
51 157 57.89 0.31
51 158 65.58 0.28
51 159 71.65 0.27
51 160 79.64 0.28
51 161 86.31 -0.16
51 162 94.19 -0.14
51 163 100.85 -0.13
51 164 109.02 -0.11
51 165 115.83 -0.12
51 166 124.09 -0.11
51 167 130.93 -0.09
51 168 139.05 0.06
51 169 146.04 -0.06
51 170 154.42 -0.06
51 171 161.30 -0.05
51 172 170.06 -0.04
51 173 177.68 0.00
51 174 186.55 0.00
51 175 193.23 0.00
51 176 203.08 0.00
51 177 209.57 0.00
51 178 218.57 0.00
51 179 226.75 -0.04
51 180 236.47 0.05
52 94 38.65 0.07
52 95 29.42 0.08
52 96 17.16 0.10
52 97 8.89 0.09
52 98 -2.92 0.10
52 99 -10.65 0.08
52 100 -21.53 0.10
52 101 -29.48 0.08
52 102 -38.56 0.04
52 103 -43.38 -0.08
52 104 -49.01 0.11
52 105 -52.47 -0.14
52 106 -58.16 0.17
52 107 -60.52 0.16
52 108 -65.66 0.19
52 109 -67.74 0.22
52 110 -71.92 0.22
52 111 -73.40 0.19
52 112 -77.20 0.21
52 113 -78.22 0.22
52 114 -81.54 0.22
52 115 -82.02 0.26
52 116 -84.98 0.25
52 117 -85.26 0.27
52 118 -87.58 0.25
52 119 -87.49 0.30
52 120 -89.40 0.25
52 121 -88.58 -0.16
52 122 -90.55 -0.16
52 123 -89.62 -0.16
52 124 -90.88 -0.13
52 125 -89.45 0.10
52 126 -90.56 -0.12
52 127 -88.87 0.15
52 128 -89.31 -0.08
52 129 -87.71 0.09
52 130 -87.98 0.08
52 131 -85.31 0.07
52 132 -84.66 0.00
52 133 -83.63 0.05
52 134 -82.30 0.00
52 135 -78.10 -0.05
52 136 -74.76 0.06
52 137 -69.25 0.09
52 138 -65.88 0.08
52 139 -60.29 0.09
52 140 -56.63 0.12
52 141 -51.05 0.13
52 142 -46.99 0.17
52 143 -40.95 0.18
52 144 -36.85 0.21
52 145 -30.46 0.21
52 146 -26.33 0.24
52 147 -20.18 0.24
52 148 -15.47 0.27
52 149 -9.29 0.27
52 150 -4.11 0.29
52 151 2.42 0.32
52 152 7.40 0.29
52 153 14.30 0.30
52 154 19.65 0.30
52 155 26.94 0.30
52 156 32.28 0.30
52 157 39.23 0.28
52 158 45.38 0.29
52 159 52.84 0.27
52 160 58.96 0.28
52 161 66.16 0.26
52 162 72.77 0.25
52 163 80.62 0.28
52 164 87.19 0.20
52 165 95.55 0.15
52 166 102.13 -0.14
52 167 110.32 -0.12
52 168 116.86 -0.12
52 169 124.33 0.12
52 170 131.47 0.07
52 171 139.27 0.07
52 172 146.42 0.07
52 173 154.85 0.06
52 174 162.47 0.00
52 175 171.12 0.00
52 176 177.51 0.00
52 177 187.12 0.00
52 178 193.28 0.00
52 179 202.42 0.00
52 180 211.26 0.00
52 181 221.03 0.00
52 182 229.44 0.00
53 96 43.13 0.10
53 97 30.64 0.14
53 98 21.97 0.18
53 99 9.94 0.13
53 100 2.16 0.17
53 101 -9.03 0.13
53 102 -17.39 0.08
53 103 -26.57 0.07
53 104 -32.22 -0.10
53 105 -38.70 0.12
53 106 -42.74 0.19
53 107 -49.25 0.20
53 108 -52.48 0.22
53 109 -57.87 0.21
53 110 -60.47 0.22
53 111 -65.05 0.21
53 112 -67.11 0.24
53 113 -71.21 0.23
53 114 -72.91 0.31
53 115 -76.48 0.27
53 116 -77.45 0.29
53 117 -80.90 0.31
53 118 -81.43 0.31
53 119 -84.21 0.31
53 120 -84.54 0.30
53 121 -86.63 0.30
53 122 -86.54 0.26
53 123 -88.22 0.24
53 124 -87.49 -0.17
53 125 -89.07 -0.16
53 126 -88.10 -0.17
53 127 -89.27 0.16
53 128 -88.15 0.16
53 129 -88.75 0.13
53 130 -87.24 0.12
53 131 -87.67 0.11
53 132 -85.73 0.12
53 133 -85.80 0.06
53 134 -84.47 0.06
53 135 -83.80 -0.06
53 136 -79.45 -0.06
53 137 -76.39 0.07
53 138 -71.53 0.11
53 139 -68.57 0.13
53 140 -63.47 0.15
53 141 -60.26 0.16
53 142 -54.97 0.16
53 143 -51.49 0.20
53 144 -45.44 0.20
53 145 -42.09 0.24
53 146 -36.53 0.22
53 147 -32.38 0.25
53 148 -26.63 0.24
53 149 -22.23 0.26
53 150 -15.90 0.29
53 151 -11.69 0.30
53 152 -5.35 0.31
53 153 -0.67 0.29
53 154 6.02 0.29
53 155 10.84 0.29
53 156 18.09 0.27
53 157 23.19 0.27
53 158 30.03 0.31
53 159 35.52 0.28
53 160 42.84 0.25
53 161 48.64 0.27
53 162 55.95 0.27
53 163 62.06 0.26
53 164 69.92 0.25
53 165 76.17 0.25
53 166 83.90 0.24
53 167 91.02 -0.17
53 168 98.33 0.17
53 169 105.38 -0.14
53 170 113.33 -0.14
53 171 119.99 0.08
53 172 127.47 0.08
53 173 134.38 0.07
53 174 142.09 0.05
53 175 148.93 0.05
53 176 158.32 0.00
53 177 164.40 0.00
53 178 173.73 0.00
53 179 179.57 0.00
53 180 189.15 0.00
53 181 197.24 0.04
53 182 206.49 0.07
53 183 214.75 0.08
53 184 223.69 0.11
54 98 42.67 0.18
54 99 33.43 0.19
54 100 21.42 0.16
54 101 12.75 0.18
54 102 1.17 0.14
54 103 -7.17 0.09
54 104 -17.52 -0.07
54 105 -23.26 -0.09
54 106 -30.33 0.13
54 107 -35.16 0.20
54 108 -42.40 0.20
54 109 -46.11 0.23
54 110 -52.15 0.23
54 111 -55.18 0.23
54 112 -60.39 0.23
54 113 -62.71 0.26
54 114 -67.27 0.25
54 115 -68.83 0.28
54 116 -73.25 0.26
54 117 -74.61 0.29
54 118 -78.36 0.28
54 119 -79.29 0.26
54 120 -82.34 0.29
54 121 -82.49 0.26
54 122 -85.52 0.26
54 123 -85.82 0.26
54 124 -87.84 0.23
54 125 -87.46 0.25
54 126 -89.30 0.22
54 127 -88.48 0.21
54 128 -90.02 0.19
54 129 -89.25 0.16
54 130 -90.19 0.15
54 131 -89.02 0.14
54 132 -89.71 0.12
54 133 -87.76 0.11
54 134 -88.73 0.09
54 135 -87.03 0.07
54 136 -87.23 0.04
54 137 -82.78 -0.06
54 138 -80.21 0.08
54 139 -75.59 0.12
54 140 -73.12 0.15
54 141 -68.41 0.16
54 142 -65.80 0.18
54 143 -60.79 0.17
54 144 -57.69 0.21
54 145 -51.92 0.22
54 146 -49.09 0.23
54 147 -43.49 0.23
54 148 -40.00 0.25
54 149 -34.41 0.25
54 150 -30.54 0.26
54 151 -24.29 0.29
54 152 -20.35 0.30
54 153 -14.31 0.32
54 154 -9.92 0.30
54 155 -3.30 0.31
54 156 1.61 0.33
54 157 7.55 0.35
54 158 12.86 0.31
54 159 19.44 0.31
54 160 24.81 0.29
54 161 31.41 0.27
54 162 37.22 0.27
54 163 44.61 0.27
54 164 50.38 0.27
54 165 57.89 0.23
54 166 63.70 0.24
54 167 71.31 0.22
54 168 77.69 0.19
54 169 84.93 0.17
54 170 91.98 0.15
54 171 99.23 0.13
54 172 106.08 0.11
54 173 113.46 0.10
54 174 120.36 0.10
54 175 128.05 0.08
54 176 134.55 0.06
54 177 143.04 0.06
54 178 149.28 0.03
54 179 159.08 0.00
54 180 164.64 0.00
54 181 174.67 0.00
54 182 182.01 0.05
54 183 191.27 0.05
54 184 199.23 0.07
54 185 208.31 0.09
54 186 217.17 0.09
55 108 -24.25 0.21
55 109 -31.93 0.23
55 110 -36.38 0.24
55 111 -42.85 0.26
55 112 -46.58 0.24
55 113 -52.18 0.25
55 114 -55.13 0.27
55 115 -60.08 0.27
55 116 -62.42 0.32
55 117 -66.90 0.29
55 118 -68.57 0.28
55 119 -72.67 0.31
55 120 -74.21 0.33
55 121 -77.55 0.34
55 122 -78.65 0.33
55 123 -81.30 0.30
55 124 -81.93 0.26
55 125 -84.23 0.28
55 126 -84.47 0.25
55 127 -86.34 0.24
55 128 -85.82 0.23
55 129 -87.42 0.21
55 130 -87.13 0.18
55 131 -88.14 0.15
55 132 -87.63 0.15
55 133 -88.47 0.12
55 134 -86.94 0.11
55 135 -87.94 0.08
55 136 -86.71 0.07
55 137 -86.90 0.05
55 138 -82.93 0.05
55 139 -80.83 0.08
55 140 -76.78 0.13
55 141 -74.69 0.15
55 142 -70.39 0.18
55 143 -68.06 0.19
55 144 -63.24 0.22
55 145 -60.87 0.22
55 146 -55.52 0.21
55 147 -52.89 0.26
55 148 -47.61 0.27
55 149 -44.57 0.28
55 150 -39.34 0.28
55 151 -35.84 0.27
55 152 -30.30 0.27
55 153 -26.44 0.29
55 154 -20.71 0.33
55 155 -16.36 0.31
55 156 -10.88 0.33
55 157 -6.08 0.32
55 158 -0.38 0.32
55 159 4.95 0.31
55 160 11.24 0.30
55 161 16.45 0.30
55 162 23.22 0.29
55 163 28.65 0.29
55 164 35.68 0.27
55 165 41.08 0.27
55 166 48.12 0.24
55 167 53.95 0.24
55 168 61.54 0.26
55 169 67.58 0.20
55 170 74.73 0.19
55 171 81.31 0.17
55 172 89.26 0.13
55 173 95.36 0.13
55 174 102.58 0.11
55 175 109.15 0.10
55 176 116.92 0.10
55 177 123.54 0.05
55 178 132.38 0.00
55 179 137.30 0.04
55 180 146.66 0.00
55 181 152.00 0.00
55 182 162.36 0.00
55 183 169.38 0.05
55 184 178.44 0.06
55 185 186.29 0.07
55 186 195.47 0.06
55 187 203.69 0.11
55 188 212.39 0.11
56 110 -23.69 0.24
56 111 -28.71 0.25
56 112 -35.77 0.27
56 113 -40.10 0.24
56 114 -46.12 0.28
56 115 -49.58 0.27
56 116 -54.99 0.28
56 117 -57.74 0.32
56 118 -62.56 0.29
56 119 -64.67 0.30
56 120 -69.17 0.30
56 121 -70.83 0.31
56 122 -74.76 0.31
56 123 -76.09 0.30
56 124 -79.19 0.29
56 125 -80.14 0.27
56 126 -82.84 0.27
56 127 -82.81 0.26
56 128 -85.47 0.24
56 129 -85.32 0.23
56 130 -87.42 0.22
56 131 -86.97 0.17
56 132 -88.62 0.17
56 133 -87.51 0.17
56 134 -89.31 0.14
56 135 -87.92 0.12
56 136 -89.27 0.10
56 137 -88.26 0.07
56 138 -88.91 0.04
56 139 -85.31 -0.07
56 140 -83.47 0.10
56 141 -79.65 0.13
56 142 -77.92 0.18
56 143 -73.96 0.19
56 144 -72.16 0.20
56 145 -67.68 0.20
56 146 -65.36 0.25
56 147 -60.37 0.22
56 148 -58.47 0.25
56 149 -53.65 0.24
56 150 -50.76 0.27
56 151 -45.91 0.27
56 152 -42.58 0.30
56 153 -37.32 0.28
56 154 -33.87 0.30
56 155 -28.55 0.31
56 156 -24.47 0.32
56 157 -19.15 0.32
56 158 -14.65 0.32
56 159 -8.33 0.34
56 160 -4.04 0.31
56 161 1.90 0.29
56 162 6.84 0.30
56 163 12.90 0.29
56 164 18.41 0.28
56 165 24.91 0.27
56 166 30.37 0.26
56 167 36.66 0.23
56 168 42.95 0.25
56 169 50.04 0.25
56 170 56.01 0.20
56 171 62.94 0.19
56 172 69.20 0.18
56 173 77.09 0.14
56 174 82.68 0.15
56 175 89.98 0.14
56 176 96.38 0.10
56 177 103.89 0.09
56 178 110.33 0.05
56 179 117.84 0.06
56 180 123.75 -0.04
56 181 133.03 0.00
56 182 138.20 0.00
56 183 148.79 0.00
56 184 154.71 0.03
56 185 164.51 0.05
56 186 172.01 0.07
56 187 180.98 0.10
56 188 189.08 0.10
56 189 197.83 0.12
56 190 206.40 0.14
57 112 -17.54 0.26
57 113 -25.06 0.30
57 114 -29.72 0.30
57 115 -36.54 0.33
57 116 -40.65 0.29
57 117 -46.69 0.34
57 118 -50.03 0.36
57 119 -55.49 0.39
57 120 -57.97 0.39
57 121 -62.73 0.34
57 122 -64.81 0.36
57 123 -68.82 0.33
57 124 -70.47 0.32
57 125 -73.90 0.32
57 126 -75.04 0.30
57 127 -77.94 0.30
57 128 -78.70 0.28
57 129 -81.49 0.24
57 130 -81.64 0.23
57 131 -84.05 0.21
57 132 -83.98 0.18
57 133 -85.84 0.18
57 134 -85.48 0.16
57 135 -87.07 0.15
57 136 -86.28 0.14
57 137 -87.36 0.08
57 138 -86.67 0.06
57 139 -87.83 -0.04
57 140 -84.60 -0.07
57 141 -82.89 0.09
57 142 -79.61 0.14
57 143 -78.29 0.16
57 144 -74.40 0.20
57 145 -72.83 0.19
57 146 -68.98 0.18
57 147 -67.20 0.25
57 148 -63.05 0.27
57 149 -61.02 0.28
57 150 -56.71 0.30
57 151 -54.20 0.29
57 152 -49.57 0.29
57 153 -46.80 0.32
57 154 -41.91 0.31
57 155 -38.63 0.32
57 156 -33.70 0.33
57 157 -29.99 0.33
57 158 -24.30 0.34
57 159 -20.33 0.36
57 160 -14.76 0.35
57 161 -10.27 0.34
57 162 -4.80 0.36
57 163 0.19 0.29
57 164 5.93 0.27
57 165 10.98 0.27
57 166 17.67 0.28
57 167 22.52 0.26
57 168 29.11 0.27
57 169 34.53 0.25
57 170 41.34 0.25
57 171 47.12 0.21
57 172 54.36 0.20
57 173 60.09 0.19
57 174 67.74 0.15
57 175 73.41 0.14
57 176 80.94 0.13
57 177 86.52 0.12
57 178 93.57 0.10
57 179 99.75 0.05
57 180 107.08 -0.08
57 181 112.91 0.06
57 182 121.74 0.00
57 183 126.74 0.00
57 184 137.48 0.00
57 185 142.84 0.06
57 186 152.60 0.08
57 187 159.85 0.07
57 188 168.91 0.09
57 189 176.79 0.11
57 190 185.18 0.11
57 191 193.88 0.14
57 192 202.61 0.16
58 114 -16.92 0.29
58 115 -21.90 0.34
58 116 -29.26 0.35
58 117 -33.92 0.29
58 118 -40.45 0.37
58 119 -44.38 0.37
58 120 -50.11 0.37
58 121 -53.16 0.41
58 122 -58.22 0.36
58 123 -60.55 0.36
58 124 -64.89 0.36
58 125 -66.96 0.34
58 126 -70.73 0.33
58 127 -72.14 0.29
58 128 -75.58 0.29
58 129 -76.70 0.29
58 130 -79.48 0.25
58 131 -79.73 0.22
58 132 -82.53 0.22
58 133 -82.62 0.17
58 134 -84.98 0.20
58 135 -85.09 0.18
58 136 -86.68 0.16
58 137 -86.20 0.15
58 138 -87.60 0.08
58 139 -87.27 0.07
58 140 -88.78 0.05
58 141 -85.72 -0.07
58 142 -84.49 0.09
58 143 -81.45 0.15
58 144 -80.49 0.17
58 145 -77.00 0.21
58 146 -75.97 0.23
58 147 -72.34 0.24
58 148 -70.91 0.25
58 149 -67.20 0.24
58 150 -65.34 0.28
58 151 -61.42 0.30
58 152 -59.22 0.30
58 153 -54.89 0.28
58 154 -52.46 0.32
58 155 -47.76 0.34
58 156 -44.97 0.33
58 157 -40.18 0.32
58 158 -36.78 0.34
58 159 -31.29 0.34
58 160 -27.93 0.33
58 161 -22.42 0.34
58 162 -18.52 0.32
58 163 -13.08 0.31
58 164 -8.53 0.29
58 165 -2.82 0.29
58 166 2.09 0.28
58 167 8.22 0.27
58 168 13.05 0.26
58 169 19.51 0.24
58 170 24.63 0.26
58 171 31.13 0.23
58 172 36.71 0.24
58 173 43.74 0.19
58 174 49.18 0.19
58 175 55.68 0.19
58 176 61.95 0.15
58 177 69.61 0.12
58 178 74.74 0.12
58 179 81.77 0.09
58 180 87.79 0.06
58 181 95.30 0.06
58 182 100.48 0.04
58 183 109.12 0.00
58 184 113.96 0.00
58 185 124.81 0.00
58 186 129.67 0.04
58 187 139.09 0.06
58 188 146.59 0.05
58 189 155.38 0.09
58 190 163.02 0.11
58 191 171.63 0.11
58 192 179.60 0.14
58 193 188.31 0.15
58 194 196.20 0.17
59 116 -10.65 0.34
59 117 -19.02 0.28
59 118 -23.91 0.30
59 119 -31.07 0.43
59 120 -35.61 0.38
59 121 -41.73 0.42
59 122 -45.48 0.43
59 123 -50.56 0.42
59 124 -53.39 0.42
59 125 -58.05 0.37
59 126 -60.30 0.34
59 127 -64.38 0.34
59 128 -66.20 0.28
59 129 -70.16 0.29
59 130 -71.62 0.28
59 131 -74.52 0.26
59 132 -75.52 0.26
59 133 -78.19 0.25
59 134 -78.63 0.21
59 135 -80.98 0.20
59 136 -81.51 0.20
59 137 -83.17 0.16
59 138 -83.22 0.15
59 139 -84.80 -0.07
59 140 -85.08 0.07
59 141 -86.58 -0.03
59 142 -84.02 -0.07
59 143 -83.14 0.10
59 144 -80.42 0.15
59 145 -79.79 0.17
59 146 -76.64 0.20
59 147 -75.79 0.22
59 148 -72.56 0.24
59 149 -71.55 0.24
59 150 -68.26 0.24
59 151 -66.69 0.28
59 152 -63.11 0.32
59 153 -61.26 0.32
59 154 -57.32 0.29
59 155 -55.11 0.34
59 156 -50.88 0.35
59 157 -48.34 0.35
59 158 -43.90 0.36
59 159 -40.80 0.35
59 160 -35.54 0.32
59 161 -32.51 0.36
59 162 -27.30 0.35
59 163 -23.62 0.33
59 164 -18.34 0.36
59 165 -14.15 0.30
59 166 -8.59 0.31
59 167 -4.10 0.31
59 168 2.10 0.28
59 169 6.40 0.26
59 170 12.49 0.27
59 171 17.29 0.24
59 172 23.47 0.24
59 173 28.85 0.22
59 174 35.75 0.21
59 175 40.84 0.20
59 176 47.34 0.18
59 177 53.21 0.17
59 178 60.81 0.12
59 179 65.89 0.12
59 180 72.56 0.10
59 181 78.41 0.06
59 182 85.61 -0.09
59 183 90.53 -0.05
59 184 98.95 0.00
59 185 103.58 0.00
59 186 114.48 0.00
59 187 119.04 0.04
59 188 128.02 0.07
59 189 135.25 0.07
59 190 144.16 0.07
59 191 151.61 0.10
59 192 160.55 0.08
59 193 168.09 0.13
59 194 176.36 0.13
59 195 184.32 0.17
59 196 193.62 0.21
60 118 -10.46 0.39
60 119 -15.97 0.44
60 120 -23.93 0.42
60 121 -28.85 0.40
60 122 -35.42 0.42
60 123 -39.45 0.42
60 124 -45.08 0.39
60 125 -48.19 0.39
60 126 -53.32 0.38
60 127 -55.97 0.36
60 128 -60.29 0.37
60 129 -62.12 0.30
60 130 -66.29 0.33
60 131 -67.91 0.31
60 132 -71.26 0.29
60 133 -72.23 0.24
60 134 -75.58 0.24
60 135 -76.40 0.21
60 136 -79.16 0.21
60 137 -79.85 0.19
60 138 -82.02 0.17
60 139 -82.06 0.14
60 140 -84.20 0.11
60 141 -84.81 -0.10
60 142 -86.50 0.04
60 143 -84.09 -0.08
60 144 -83.60 0.11
60 145 -81.05 0.15
60 146 -80.78 0.18
60 147 -78.05 0.21
60 148 -77.71 0.23
60 149 -74.78 0.27
60 150 -74.09 0.26
60 151 -71.08 0.29
60 152 -70.05 0.29
60 153 -66.92 0.32
60 154 -65.33 0.33
60 155 -61.61 0.29
60 156 -59.84 0.33
60 157 -55.92 0.34
60 158 -53.63 0.35
60 159 -49.51 0.35
60 160 -46.69 0.35
60 161 -41.75 0.33
60 162 -38.81 0.36
60 163 -34.03 0.35
60 164 -30.65 0.34
60 165 -25.18 0.36
60 166 -21.53 0.31
60 167 -16.25 0.29
60 168 -12.06 0.30
60 169 -6.05 0.27
60 170 -1.89 0.28
60 171 3.93 0.26
60 172 8.59 0.26
60 173 14.48 0.24
60 174 19.62 0.23
60 175 26.37 0.23
60 176 31.27 0.19
60 177 37.47 0.19
60 178 43.38 0.16
60 179 50.58 0.12
60 180 55.43 -0.12
60 181 62.61 0.07
60 182 67.91 0.04
60 183 74.28 0.04
60 184 79.29 -0.05
60 185 87.45 0.00
60 186 91.93 0.00
60 187 102.86 0.00
60 188 106.82 0.05
60 189 115.91 0.08
60 190 122.98 0.06
60 191 131.75 0.07
60 192 138.82 0.10
60 193 147.35 0.12
60 194 154.99 0.12
60 195 163.06 0.15
60 196 170.98 0.18
60 197 178.00 0.19
60 198 186.90 0.22
61 120 -5.10 0.45
61 121 -13.43 0.39
61 122 -18.80 0.38
61 123 -25.91 0.39
61 124 -30.30 0.43
61 125 -36.44 0.37
61 126 -40.13 0.37
61 127 -45.51 0.36
61 128 -48.63 0.36
61 129 -53.57 0.36
61 130 -55.53 0.36
61 131 -60.16 0.33
61 132 -62.14 0.33
61 133 -65.67 0.28
61 134 -66.70 0.27
61 135 -70.14 0.24
61 136 -71.13 0.26
61 137 -74.23 0.22
61 138 -75.16 0.22
61 139 -77.42 -0.15
61 140 -77.87 0.17
61 141 -80.51 0.08
61 142 -81.59 -0.09
61 143 -83.53 -0.04
61 144 -81.54 -0.08
61 145 -81.22 0.10
61 146 -78.77 0.16
61 147 -79.04 0.17
61 148 -76.75 0.21
61 149 -76.51 0.23
61 150 -74.21 0.27
61 151 -73.69 0.28
61 152 -71.16 0.29
61 153 -70.47 0.29
61 154 -67.67 0.31
61 155 -66.45 0.34
61 156 -62.97 0.32
61 157 -61.62 0.34
61 158 -57.95 0.34
61 159 -56.02 0.34
61 160 -52.14 0.35
61 161 -49.66 0.35
61 162 -45.03 0.31
61 163 -42.51 0.34
61 164 -37.85 0.36
61 165 -34.59 0.36
61 166 -29.36 0.35
61 167 -26.18 0.34
61 168 -21.21 0.31
61 169 -17.36 0.29
61 170 -11.41 0.32
61 171 -7.70 0.28
61 172 -2.14 0.27
61 173 2.37 0.26
61 174 8.18 0.27
61 175 13.08 0.26
61 176 19.44 0.23
61 177 24.30 0.23
61 178 30.48 0.20
61 179 36.25 -0.15
61 180 43.11 0.15
61 181 47.47 -0.12
61 182 54.09 -0.11
61 183 59.05 -0.08
61 184 65.65 0.05
61 185 70.52 0.05
61 186 78.28 0.00
61 187 82.56 0.00
61 188 93.60 0.00
61 189 97.47 0.04
61 190 106.04 0.06
61 191 112.98 0.06
61 192 121.44 0.10
61 193 128.66 0.09
61 194 136.70 0.14
61 195 144.07 0.14
61 196 152.46 0.14
61 197 159.95 0.19
61 198 167.07 0.23
61 199 175.53 0.27
61 200 183.81 0.29
62 122 -4.50 0.42
62 123 -10.42 0.40
62 124 -18.11 0.41
62 125 -22.80 0.40
62 126 -29.58 0.41
62 127 -33.58 0.39
62 128 -39.39 0.39
62 129 -42.65 0.38
62 130 -47.92 0.37
62 131 -50.44 0.37
62 132 -55.19 0.35
62 133 -57.31 0.33
62 134 -61.24 0.32
62 135 -62.80 0.28
62 136 -66.53 0.25
62 137 -67.84 0.25
62 138 -71.31 0.22
62 139 -72.43 0.22
62 140 -75.27 0.18
62 141 -75.88 0.17
62 142 -78.72 0.11
62 143 -80.01 -0.09
62 144 -82.33 0.05
62 145 -80.55 -0.09
62 146 -80.57 0.10
62 147 -78.66 0.15
62 148 -78.99 0.17
62 149 -76.89 0.22
62 150 -77.31 0.23
62 151 -75.18 0.27
62 152 -75.15 0.28
62 153 -72.83 0.34
62 154 -72.48 0.32
62 155 -70.07 0.32
62 156 -69.15 0.33
62 157 -66.02 0.37
62 158 -65.00 0.35
62 159 -61.62 0.35
62 160 -59.95 0.34
62 161 -56.45 0.35
62 162 -54.20 0.34
62 163 -50.15 0.32
62 164 -47.68 0.35
62 165 -43.27 0.35
62 166 -40.43 0.34
62 167 -35.66 0.35
62 168 -32.54 0.33
62 169 -27.74 0.32
62 170 -23.99 0.31
62 171 -18.57 0.32
62 172 -14.89 0.29
62 173 -9.40 0.28
62 174 -5.17 0.28
62 175 0.34 0.27
62 176 4.94 0.26
62 177 11.11 0.22
62 178 15.80 0.21
62 179 22.80 -0.20
62 180 26.92 -0.17
62 181 33.06 0.15
62 182 37.87 -0.13
62 183 44.39 -0.10
62 184 49.52 0.07
62 185 56.20 0.04
62 186 60.22 -0.07
62 187 67.99 0.00
62 188 72.08 0.00
62 189 80.83 0.00
62 190 86.36 -0.05
62 191 95.05 0.07
62 192 101.63 0.05
62 193 109.97 0.07
62 194 116.93 0.08
62 195 124.91 0.13
62 196 131.96 0.15
62 197 140.57 0.10
62 198 147.26 0.20
62 199 154.37 0.22
62 200 162.44 0.25
62 201 170.26 0.28
62 202 177.96 0.29
63 124 0.71 0.40
63 125 -7.30 0.42
63 126 -11.92 0.36
63 127 -19.62 0.38
63 128 -24.39 0.40
63 129 -30.67 0.39
63 130 -34.80 0.39
63 131 -40.14 0.38
63 132 -43.15 0.38
63 133 -47.46 0.37
63 134 -50.16 0.32
63 135 -54.58 0.32
63 136 -56.16 0.29
63 137 -60.20 0.26
63 138 -61.85 0.25
63 139 -65.29 0.23
63 140 -66.99 0.21
63 141 -69.99 -0.17
63 142 -70.78 0.17
63 143 -74.27 -0.10
63 144 -75.92 -0.10
63 145 -78.56 0.05
63 146 -77.10 -0.08
63 147 -77.46 0.10
63 148 -75.47 0.16
63 149 -76.25 0.19
63 150 -74.61 0.22
63 151 -75.35 0.23
63 152 -73.33 0.29
63 153 -73.78 0.27
63 154 -71.91 0.34
63 155 -71.92 0.31
63 156 -69.79 0.31
63 157 -69.11 0.32
63 158 -66.47 0.33
63 159 -65.62 0.33
63 160 -62.57 0.32
63 161 -61.24 0.33
63 162 -57.99 0.33
63 163 -56.18 0.34
63 164 -52.36 0.32
63 165 -50.11 0.35
63 166 -46.21 0.33
63 167 -43.52 0.33
63 168 -38.77 0.37
63 169 -36.28 0.32
63 170 -31.30 0.33
63 171 -28.21 0.32
63 172 -23.34 0.32
63 173 -19.57 0.31
63 174 -14.27 0.29
63 175 -10.34 0.28
63 176 -5.06 0.27
63 177 -0.73 0.24
63 178 5.16 0.24
63 179 10.37 -0.19
63 180 16.22 -0.19
63 181 20.50 -0.19
63 182 26.71 -0.15
63 183 30.89 -0.13
63 184 36.98 -0.12
63 185 41.89 -0.08
63 186 47.94 0.06
63 187 52.45 -0.06
63 188 59.87 0.00
63 189 63.78 0.00
63 190 72.33 0.00
63 191 77.64 0.03
63 192 86.07 0.06
63 193 92.46 0.06
63 194 100.67 0.07
63 195 107.53 0.08
63 196 115.39 0.14
63 197 122.11 0.16
63 198 130.24 0.21
63 199 136.73 0.21
63 200 144.20 0.22
63 201 151.51 0.24
63 202 158.95 0.25
63 203 166.67 0.28
63 204 174.80 0.29
63 205 181.93 0.28
63 206 190.24 0.33
63 207 197.79 0.32
63 208 206.25 0.32
63 209 213.88 0.34
63 210 222.10 0.36
63 211 230.47 0.34
63 212 238.71 0.35
64 126 2.04 0.41
64 127 -3.62 0.41
64 128 -11.57 0.39
64 129 -16.51 0.40
64 130 -23.38 0.39
64 131 -27.73 0.38
64 132 -33.46 0.38
64 133 -36.82 0.36
64 134 -42.12 0.37
64 135 -44.94 0.34
64 136 -49.31 0.32
64 137 -51.49 0.30
64 138 -55.70 0.29
64 139 -57.48 0.26
64 140 -61.53 -0.20
64 141 -63.04 0.21
64 142 -66.85 -0.19
64 143 -67.77 0.16
64 144 -71.34 -0.11
64 145 -73.30 -0.09
64 146 -76.03 0.04
64 147 -75.05 -0.09
64 148 -75.76 0.11
64 149 -74.30 0.15
64 150 -75.19 0.19
64 151 -73.83 0.25
64 152 -74.85 0.23
64 153 -73.34 0.28
64 154 -73.88 0.28
64 155 -72.29 0.34
64 156 -72.56 0.32
64 157 -70.75 0.32
64 158 -70.55 0.32
64 159 -68.05 0.30
64 160 -67.73 0.33
64 161 -64.95 0.33
64 162 -63.91 0.33
64 163 -61.04 0.34
64 164 -59.37 0.34
64 165 -55.73 0.31
64 166 -54.07 0.35
64 167 -50.33 0.35
64 168 -47.97 0.34
64 169 -43.68 0.33
64 170 -41.03 0.35
64 171 -36.60 0.33
64 172 -33.74 0.33
64 173 -29.10 0.32
64 174 -25.68 0.29
64 175 -20.43 0.31
64 176 -16.81 0.29
64 177 -11.86 0.28
64 178 -7.61 0.28
64 179 -2.13 0.28
64 180 2.70 -0.21
64 181 8.31 -0.21
64 182 12.48 -0.18
64 183 18.45 -0.16
64 184 22.47 -0.15
64 185 28.47 -0.12
64 186 32.89 -0.11
64 187 39.49 0.06
64 188 43.31 0.06
64 189 50.62 0.00
64 190 54.34 0.00
64 191 62.70 0.00
64 192 67.78 0.05
64 193 76.06 0.06
64 194 82.09 0.08
64 195 90.12 0.11
64 196 96.57 0.10
64 197 104.32 0.13
64 198 110.79 0.17
64 199 118.84 -0.14
64 200 125.35 0.20
64 201 132.60 0.23
64 202 139.89 0.29
64 203 146.96 0.25
64 204 154.27 0.29
64 205 162.29 0.30
64 206 169.37 0.31
64 207 177.66 0.35
64 208 184.46 0.31
64 209 192.36 0.32
64 210 200.11 0.32
64 211 208.07 0.33
64 212 216.27 0.31
64 213 225.42 0.33
64 214 233.08 0.34
64 215 241.46 0.32
64 216 249.93 0.33
64 217 258.32 0.34
64 218 267.23 0.33
64 219 276.01 0.34
64 220 284.81 0.34
64 221 293.88 0.31
64 222 302.21 0.32
65 128 7.91 0.41
65 129 -0.44 0.40
65 130 -5.92 0.40
65 131 -13.23 0.39
65 132 -17.87 0.39
65 133 -24.38 0.38
65 134 -28.01 0.38
65 135 -33.39 0.37
65 136 -36.92 0.34
65 137 -41.44 0.32
65 138 -44.05 0.36
65 139 -48.26 0.29
65 140 -50.34 -0.24
65 141 -54.75 -0.19
65 142 -56.68 -0.19
65 143 -60.66 -0.17
65 144 -62.05 0.13
65 145 -65.93 -0.11
65 146 -68.19 -0.10
65 147 -71.17 -0.05
65 148 -70.50 -0.08
65 149 -71.39 -0.11
65 150 -70.38 0.12
65 151 -71.50 0.18
65 152 -70.35 0.22
65 153 -71.56 0.21
65 154 -70.25 0.30
65 155 -71.29 0.32
65 156 -70.15 0.34
65 157 -70.76 0.33
65 158 -69.29 0.33
65 159 -69.43 0.33
65 160 -67.17 0.33
65 161 -67.15 0.33
65 162 -64.84 0.34
65 163 -64.11 0.35
65 164 -61.45 0.35
65 165 -60.15 0.34
65 166 -56.76 0.34
65 167 -55.44 0.35
65 168 -51.99 0.35
65 169 -49.98 0.33
65 170 -45.91 0.34
65 171 -43.83 0.33
65 172 -39.43 0.33
65 173 -36.81 0.33
65 174 -32.42 0.31
65 175 -28.88 0.32
65 176 -24.41 0.29
65 177 -20.88 0.28
65 178 -15.99 0.28
65 179 -12.17 0.27
65 180 -6.05 -0.23
65 181 -2.18 -0.18
65 182 3.04 -0.20
65 183 6.81 -0.18
65 184 12.54 -0.16
65 185 16.33 -0.17
65 186 22.19 -0.12
65 187 26.51 -0.10
65 188 32.59 -0.08
65 189 36.67 -0.07
65 190 43.90 0.00
65 191 47.44 0.00
65 192 55.62 0.00
65 193 60.27 -0.06
65 194 68.10 -0.09
65 195 74.13 -0.07
65 196 81.86 -0.09
65 197 88.49 -0.08
65 198 96.17 -0.12
65 199 102.55 0.12
65 200 109.81 -0.14
65 201 115.95 0.23
65 202 123.36 0.21
65 203 130.04 0.24
65 204 137.24 0.25
65 205 144.44 0.27
65 206 152.22 0.27
65 207 158.73 0.30
65 208 166.29 0.31
65 209 173.65 0.32
65 210 181.19 0.33
65 211 188.89 0.33
65 212 196.67 0.33
65 213 204.62 0.32
65 214 212.68 0.34
65 215 220.81 0.32
65 216 229.32 0.32
65 217 237.56 0.33
65 218 245.84 0.33
65 219 254.34 0.33
65 220 263.39 0.33
65 221 271.52 0.34
65 222 278.76 0.32
65 223 288.89 0.34
65 224 296.52 0.33
66 130 8.93 0.38
66 131 3.01 0.39
66 132 -4.89 0.38
66 133 -10.15 0.38
66 134 -16.96 0.38
66 135 -21.23 0.37
66 136 -27.23 0.36
66 137 -30.53 0.35
66 138 -35.61 0.33
66 139 -38.48 0.32
66 140 -43.12 0.30
66 141 -45.42 -0.22
66 142 -50.03 -0.20
66 143 -52.30 -0.20
66 144 -56.49 -0.17
66 145 -58.01 -0.20
66 146 -62.09 -0.12
66 147 -64.70 -0.09
66 148 -68.30 0.05
66 149 -67.61 -0.07
66 150 -68.83 -0.11
66 151 -68.05 0.14
66 152 -69.62 0.19
66 153 -68.82 0.21
66 154 -70.43 0.23
66 155 -69.44 0.28
66 156 -70.67 0.27
66 157 -69.43 0.34
66 158 -70.41 0.31
66 159 -69.22 0.33
66 160 -69.58 0.32
66 161 -67.71 0.31
66 162 -67.97 0.33
66 163 -65.84 0.34
66 164 -65.54 0.34
66 165 -63.32 0.34
66 166 -62.27 0.34
66 167 -59.32 0.31
66 168 -58.15 0.33
66 169 -54.99 0.33
66 170 -53.29 0.33
66 171 -49.54 0.33
66 172 -47.59 0.33
66 173 -43.71 0.31
66 174 -41.31 0.33
66 175 -36.96 0.33
66 176 -34.38 0.29
66 177 -29.80 0.30
66 178 -26.55 0.29
66 179 -21.87 0.28
66 180 -18.14 0.29
66 181 -12.35 -0.22
66 182 -8.90 -0.21
66 183 -3.57 -0.20
66 184 0.01 -0.21
66 185 5.34 -0.18
66 186 9.05 -0.16
66 187 14.73 -0.12
66 188 18.66 -0.11
66 189 25.05 0.06
66 190 28.35 0.05
66 191 35.18 0.00
66 192 38.52 0.00
66 193 46.47 0.00
66 194 50.90 0.05
66 195 58.98 -0.08
66 196 64.82 0.05
66 197 72.29 0.09
66 198 78.43 0.14
66 199 85.62 0.12
66 200 91.92 0.15
66 201 99.18 0.16
66 202 105.49 0.19
66 203 112.76 0.21
66 204 118.98 0.23
66 205 126.03 0.24
66 206 132.71 0.25
66 207 140.41 0.28
66 208 146.98 0.29
66 209 154.51 0.32
66 210 161.50 0.31
66 211 169.07 0.32
66 212 176.36 0.32
66 213 183.84 0.31
66 214 191.76 0.31
66 215 199.63 0.34
66 216 207.47 0.31
66 217 215.68 0.31
66 218 223.81 0.31
66 219 232.48 0.33
66 220 240.34 0.32
66 221 248.48 0.33
66 222 257.11 0.32
66 223 264.54 0.33
66 224 273.97 0.32
66 225 281.27 0.32
66 226 291.04 0.31
67 132 14.56 0.38
67 133 6.30 0.38
67 134 0.47 0.38
67 135 -6.69 0.38
67 136 -11.53 0.37
67 137 -17.82 0.37
67 138 -21.44 0.38
67 139 -27.04 0.36
67 140 -30.19 0.36
67 141 -35.08 0.29
67 142 -37.77 -0.23
67 143 -42.37 -0.22
67 144 -44.87 -0.22
67 145 -49.45 -0.21
67 146 -51.27 -0.22
67 147 -55.70 -0.13
67 148 -58.63 -0.10
67 149 -62.08 -0.05
67 150 -62.16 -0.08
67 151 -63.67 0.10
67 152 -63.23 0.13
67 153 -65.20 0.20
67 154 -64.60 0.20
67 155 -66.47 0.23
67 156 -65.87 0.23
67 157 -67.28 0.25
67 158 -66.42 0.33
67 159 -67.64 0.30
67 160 -66.62 0.32
67 161 -67.24 0.33
67 162 -65.78 0.30
67 163 -66.36 0.32
67 164 -64.55 0.33
67 165 -64.60 0.33
67 166 -62.63 0.34
67 167 -62.04 0.34
67 168 -59.41 0.31
67 169 -58.59 0.33
67 170 -55.69 0.34
67 171 -54.26 0.32
67 172 -50.81 0.32
67 173 -49.23 0.32
67 174 -45.52 0.33
67 175 -43.47 0.31
67 176 -39.65 0.32
67 177 -36.78 0.32
67 178 -32.66 0.29
67 179 -29.74 0.29
67 180 -25.23 0.28
67 181 -21.79 0.28
67 182 -16.27 -0.21
67 183 -13.04 -0.20
67 184 -8.48 -0.21
67 185 -4.45 -0.19
67 186 0.86 -0.18
67 187 4.11 -0.17
67 188 9.41 -0.15
67 189 13.49 -0.09
67 190 19.13 -0.08
67 191 22.64 -0.07
67 192 29.15 0.00
67 193 32.30 0.00
67 194 40.08 0.00
67 195 44.74 -0.05
67 196 52.10 0.07
67 197 57.75 -0.07
67 198 64.93 0.08
67 199 70.62 0.10
67 200 77.99 0.12
67 201 83.71 0.14
67 202 91.15 0.16
67 203 97.29 0.20
67 204 104.85 0.20
67 205 110.23 0.25
67 206 117.31 0.24
67 207 123.68 0.26
67 208 130.95 0.31
67 209 137.41 0.28
67 210 144.62 0.31
67 211 151.52 0.28
67 212 159.10 0.29
67 213 166.18 0.30
67 214 174.06 0.30
67 215 181.05 0.31
67 216 188.76 0.32
67 217 196.46 0.32
67 218 204.30 0.30
67 219 212.24 0.31
67 220 220.85 0.31
67 221 228.30 0.31
67 222 237.60 0.33
67 223 244.66 0.31
67 224 251.99 0.32
67 225 261.41 0.30
67 226 268.48 0.31
67 227 278.15 0.30
67 228 286.45 0.30
68 134 16.06 0.38
68 135 9.86 0.38
68 136 2.12 0.36
68 137 -3.11 0.37
68 138 -9.80 0.39
68 139 -13.98 0.35
68 140 -19.82 0.36
68 141 -23.11 0.38
68 142 -28.55 0.29
68 143 -31.82 -0.24
68 144 -36.93 -0.20
68 145 -39.83 -0.20
68 146 -44.49 -0.18
68 147 -46.54 -0.22
68 148 -51.29 -0.15
68 149 -54.33 -0.09
68 150 -58.26 -0.04
68 151 -58.38 -0.08
68 152 -60.23 -0.11
68 153 -59.90 -0.14
68 154 -62.08 0.17
68 155 -61.83 0.20
68 156 -64.02 0.22
68 157 -63.59 0.22
68 158 -65.25 0.25
68 159 -64.76 0.26
68 160 -66.15 0.27
68 161 -65.45 0.30
68 162 -66.50 0.31
68 163 -65.20 0.30
68 164 -65.98 0.32
68 165 -64.47 0.33
68 166 -64.81 0.34
68 167 -63.15 0.34
68 168 -62.81 0.33
68 169 -60.51 0.31
68 170 -59.99 0.34
68 171 -57.42 0.34
68 172 -56.26 0.32
68 173 -53.20 0.32
68 174 -51.94 0.32
68 175 -48.47 0.32
68 176 -46.72 0.32
68 177 -43.18 0.30
68 178 -40.85 0.30
68 179 -36.72 0.30
68 180 -33.99 0.29
68 181 -29.77 0.27
68 182 -26.51 0.28
68 183 -21.56 -0.21
68 184 -18.40 -0.19
68 185 -13.88 -0.22
68 186 -10.61 -0.18
68 187 -5.41 -0.18
68 188 -2.14 -0.14
68 189 2.66 -0.16
68 190 6.43 -0.11
68 191 12.01 0.07
68 192 15.27 -0.07
68 193 21.52 0.00
68 194 24.48 0.00
68 195 32.05 0.00
68 196 36.44 0.08
68 197 43.78 0.08
68 198 49.23 0.05
68 199 56.42 0.08
68 200 61.96 0.12
68 201 68.82 0.14
68 202 74.68 0.15
68 203 81.66 0.17
68 204 87.48 0.20
68 205 94.67 0.20
68 206 100.21 0.22
68 207 107.08 0.24
68 208 113.24 0.25
68 209 120.49 0.27
68 210 126.67 0.29
68 211 133.12 0.31
68 212 140.41 0.28
68 213 147.96 0.30
68 214 154.61 0.30
68 215 162.26 0.30
68 216 169.06 0.30
68 217 176.72 0.32
68 218 184.29 0.31
68 219 191.90 0.31
68 220 199.58 0.30
68 221 208.00 0.31
68 222 215.49 0.32
68 223 222.31 0.29
68 224 231.39 0.30
68 225 238.91 0.31
68 226 247.71 0.31
68 227 254.84 0.31
68 228 264.08 0.31
68 229 272.70 0.31
68 230 280.90 0.29
69 136 21.98 0.38
69 137 13.78 0.38
69 138 8.24 0.38
69 139 1.05 0.38
69 140 -3.26 0.39
69 141 -9.73 0.36
69 142 -13.73 0.35
69 143 -19.12 0.33
69 144 -22.96 -0.22
69 145 -28.21 -0.23
69 146 -31.65 -0.22
69 147 -36.78 -0.19
69 148 -39.07 -0.16
69 149 -44.29 -0.14
69 150 -47.01 0.07
69 151 -51.67 -0.04
69 152 -51.79 -0.06
69 153 -53.90 -0.09
69 154 -54.13 0.16
69 155 -56.61 0.15
69 156 -56.63 0.19
69 157 -59.05 0.21
69 158 -58.80 0.22
69 159 -60.70 0.25
69 160 -60.39 0.24
69 161 -61.92 0.27
69 162 -61.63 0.29
69 163 -62.73 0.28
69 164 -61.94 0.31
69 165 -63.00 0.32
69 166 -61.81 0.36
69 167 -62.44 0.36
69 168 -61.18 0.35
69 169 -61.12 0.35
69 170 -58.94 0.30
69 171 -58.81 0.36
69 172 -56.64 0.35
69 173 -55.92 0.33
69 174 -53.05 0.33
69 175 -52.04 0.34
69 176 -48.82 0.33
69 177 -47.30 0.30
69 178 -44.09 0.30
69 179 -41.96 0.29
69 180 -37.95 0.32
69 181 -35.41 0.32
69 182 -31.28 0.32
69 183 -28.66 0.28
69 184 -23.73 -0.21
69 185 -21.05 -0.19
69 186 -16.55 -0.19
69 187 -13.66 -0.19
69 188 -8.78 -0.16
69 189 -6.11 -0.14
69 190 -1.28 -0.12
69 191 1.95 -0.11
69 192 7.23 0.08
69 193 10.29 0.07
69 194 16.27 0.00
69 195 19.05 0.00
69 196 26.42 0.00
69 197 30.54 0.07
69 198 37.64 0.07
69 199 43.20 -0.06
69 200 49.93 0.08
69 201 55.20 0.14
69 202 62.05 0.16
69 203 67.54 0.15
69 204 74.33 0.16
69 205 79.97 0.19
69 206 87.01 0.21
69 207 92.32 0.22
69 208 99.29 0.24
69 209 105.14 0.25
69 210 112.15 0.26
69 211 118.16 0.26
69 212 124.45 0.28
69 213 131.82 0.30
69 214 138.86 0.28
69 215 145.53 0.30
69 216 152.90 0.30
69 217 159.57 0.30
69 218 167.09 0.30
69 219 174.21 0.30
69 220 181.81 0.29
69 221 189.25 0.30
69 222 197.51 0.30
69 223 204.64 0.31
69 224 211.30 0.29
69 225 220.13 0.30
69 226 227.80 0.31
69 227 236.13 0.30
69 228 244.13 0.31
69 229 252.35 0.29
69 230 260.29 0.28
69 231 268.84 0.28
69 232 277.32 0.27
70 138 23.98 0.39
70 139 17.63 0.37
70 140 10.16 0.37
70 141 5.66 0.39
70 142 -1.42 0.33
70 143 -5.57 0.35
70 144 -11.69 -0.21
70 145 -15.72 -0.22
70 146 -21.29 -0.23
70 147 -24.97 -0.19
70 148 -30.67 -0.17
70 149 -33.51 -0.20
70 150 -38.73 -0.14
70 151 -42.36 -0.09
70 152 -46.89 0.04
70 153 -47.51 -0.07
70 154 -49.86 -0.09
70 155 -50.26 0.13
70 156 -52.99 0.17
70 157 -53.13 0.19
70 158 -55.81 0.21
70 159 -55.95 0.21
70 160 -58.08 0.24
70 161 -58.00 0.25
70 162 -59.86 0.27
70 163 -59.60 0.28
70 164 -61.10 0.28
70 165 -60.51 0.29
70 166 -61.76 0.31
70 167 -60.75 0.31
70 168 -61.73 0.33
70 169 -60.67 0.32
70 170 -60.95 0.32
70 171 -59.18 0.30
70 172 -59.20 0.31
70 173 -57.46 0.32
70 174 -56.91 0.31
70 175 -54.40 0.31
70 176 -53.70 0.32
70 177 -50.75 0.32
70 178 -49.61 0.31
70 179 -46.48 0.29
70 180 -44.65 0.29
70 181 -41.24 0.28
70 182 -39.01 0.29
70 183 -35.30 0.27
70 184 -32.57 0.27
70 185 -28.04 -0.21
70 186 -25.31 -0.22
70 187 -21.64 -0.20
70 188 -18.71 -0.19
70 189 -13.95 -0.15
70 190 -11.44 -0.14
70 191 -6.96 -0.13
70 192 -3.92 -0.11
70 193 1.20 0.07
70 194 3.92 0.07
70 195 9.71 0.00
70 196 12.31 0.00
70 197 19.48 0.00
70 198 23.34 0.04
70 199 30.40 -0.07
70 200 35.37 0.05
70 201 42.36 0.07
70 202 47.39 0.12
70 203 54.10 0.11
70 204 59.34 0.16
70 205 65.88 0.16
70 206 71.34 0.18
70 207 78.56 0.21
70 208 83.60 0.20
70 209 90.27 0.24
70 210 95.86 0.25
70 211 102.85 0.26
70 212 108.45 0.25
70 213 114.73 0.29
70 214 121.42 0.28
70 215 128.75 0.29
70 216 134.83 0.29
70 217 142.13 0.29
70 218 148.57 0.30
70 219 156.02 0.30
70 220 162.81 0.29
70 221 169.50 0.30
70 222 177.42 0.30
70 223 184.68 0.29
70 224 192.40 0.30
70 225 199.10 0.29
70 226 207.63 0.30
70 227 215.76 0.30
70 228 223.28 0.29
70 229 231.46 0.28
70 230 239.10 0.28
70 231 246.92 0.28
70 232 255.17 0.29
70 233 263.54 0.25
70 234 271.46 0.26
71 148 -15.77 -0.19
71 149 -21.57 -0.15
71 150 -24.75 -0.15
71 151 -30.68 -0.10
71 152 -34.74 -0.08
71 153 -39.47 -0.04
71 154 -40.50 -0.07
71 155 -43.02 -0.08
71 156 -43.83 0.12
71 157 -46.70 0.17
71 158 -47.19 0.17
71 159 -50.12 0.21
71 160 -50.60 0.20
71 161 -52.90 0.23
71 162 -52.90 0.24
71 163 -54.98 0.25
71 164 -54.90 0.28
71 165 -56.72 0.28
71 166 -56.26 0.29
71 167 -57.89 0.29
71 168 -57.16 0.31
71 169 -58.35 0.31
71 170 -57.56 0.31
71 171 -58.09 0.31
71 172 -56.97 0.28
71 173 -56.91 0.31
71 174 -55.76 0.31
71 175 -55.03 0.29
71 176 -52.95 0.29
71 177 -52.49 0.29
71 178 -49.93 0.32
71 179 -49.03 0.29
71 180 -46.39 0.29
71 181 -44.84 0.28
71 182 -41.62 0.28
71 183 -39.70 0.27
71 184 -36.17 0.24
71 185 -33.90 0.24
71 186 -29.10 -0.20
71 187 -27.05 -0.20
71 188 -23.35 -0.19
71 189 -20.93 -0.17
71 190 -16.73 -0.16
71 191 -14.22 -0.12
71 192 -10.18 -0.12
71 193 -7.53 -0.10
71 194 -2.90 -0.10
71 195 0.06 0.06
71 196 5.30 0.00
71 197 7.72 0.00
71 198 14.70 0.00
71 199 18.36 0.04
71 200 25.20 -0.07
71 201 29.96 0.07
71 202 36.69 0.08
71 203 41.65 0.10
71 204 48.15 0.11
71 205 53.28 0.15
71 206 59.70 0.15
71 207 64.84 0.18
71 208 71.81 0.20
71 209 76.64 0.22
71 210 83.08 0.23
71 211 88.94 0.24
71 212 95.29 0.24
71 213 101.23 0.26
71 214 107.64 0.27
71 215 113.76 0.27
71 216 120.78 0.29
71 217 126.79 0.30
71 218 133.84 0.30
71 219 140.06 0.29
71 220 146.46 0.28
71 221 153.86 0.30
71 222 160.77 0.31
71 223 168.17 0.29
71 224 174.67 0.29
71 225 182.58 0.29
71 226 189.06 0.29
71 227 197.47 0.29
71 228 205.24 0.30
71 229 212.63 0.30
71 230 220.66 0.28
71 231 228.08 0.29
71 232 235.79 0.27
71 233 243.81 0.27
71 234 252.10 0.25
71 235 260.02 0.27
71 236 267.85 0.25
71 237 276.49 0.25
71 238 284.51 0.25
71 239 293.24 0.24
71 240 301.36 0.25
71 241 310.69 -0.18
71 242 318.93 -0.18
72 150 -14.98 -0.16
72 151 -17.82 -0.11
72 152 -24.39 -0.12
72 153 -28.73 -0.09
72 154 -34.06 0.06
72 155 -34.97 -0.07
72 156 -37.92 -0.08
72 157 -38.74 -0.12
72 158 -42.13 0.14
72 159 -42.77 0.18
72 160 -45.88 0.19
72 161 -46.53 0.19
72 162 -49.12 0.22
72 163 -49.53 0.23
72 164 -51.79 0.24
72 165 -51.81 0.24
72 166 -53.96 0.27
72 167 -53.71 0.29
72 168 -55.59 0.28
72 169 -55.00 0.31
72 170 -56.49 0.30
72 171 -55.94 0.29
72 172 -56.75 0.31
72 173 -55.61 0.28
72 174 -56.19 0.31
72 175 -54.88 0.31
72 176 -54.95 0.30
72 177 -53.02 0.29
72 178 -52.84 0.29
72 179 -50.37 0.31
72 180 -49.96 0.29
72 181 -47.70 0.28
72 182 -46.34 0.28
72 183 -43.33 0.27
72 184 -41.77 0.28
72 185 -38.44 0.26
72 186 -36.65 0.24
72 187 -32.76 0.23
72 188 -30.77 -0.19
72 189 -27.07 -0.18
72 190 -24.72 -0.15
72 191 -21.00 -0.15
72 192 -19.05 -0.15
72 193 -14.82 -0.12
72 194 -12.41 -0.10
72 195 -7.87 -0.09
72 196 -5.29 0.04
72 197 -0.29 0.00
72 198 1.95 0.00
72 199 8.73 0.00
72 200 12.07 0.06
72 201 18.79 -0.08
72 202 23.38 0.06
72 203 29.88 -0.11
72 204 34.78 0.10
72 205 40.98 0.12
72 206 46.08 0.14
72 207 52.49 0.15
72 208 57.40 0.17
72 209 63.29 0.19
72 210 68.68 0.22
72 211 74.93 0.23
72 212 80.31 0.23
72 213 86.86 0.24
72 214 92.23 0.25
72 215 98.62 0.26
72 216 104.62 0.28
72 217 111.15 0.26
72 218 117.13 0.28
72 219 124.20 0.28
72 220 130.13 0.29
72 221 136.50 0.28
72 222 143.46 0.28
72 223 150.89 0.28
72 224 157.45 0.28
72 225 164.81 0.29
72 226 171.54 0.29
72 227 177.92 0.28
72 228 186.13 0.29
72 229 193.64 0.28
72 230 200.82 0.27
72 231 208.87 0.27
72 232 216.02 0.27
72 233 223.61 0.26
72 234 231.42 0.26
72 235 239.19 0.28
72 236 247.28 0.25
72 237 254.92 0.26
72 238 263.25 0.24
72 239 271.29 0.24
72 240 279.82 0.23
72 241 287.85 0.22
72 242 296.81 -0.17
72 243 305.11 -0.16
72 244 313.73 -0.16
73 152 -8.79 -0.11
73 153 -15.58 -0.10
73 154 -17.55 0.00
73 155 -25.54 0.06
73 156 -26.87 0.06
73 157 -30.34 -0.08
73 158 -31.21 -0.11
73 159 -34.68 0.14
73 160 -35.76 0.17
73 161 -39.03 0.20
73 162 -40.09 0.21
73 163 -42.94 0.22
73 164 -43.59 0.22
73 165 -46.15 0.23
73 166 -46.56 0.26
73 167 -48.73 0.25
73 168 -48.74 0.27
73 169 -50.79 0.27
73 170 -50.54 0.30
73 171 -52.34 0.29
73 172 -51.98 0.29
73 173 -53.08 0.29
73 174 -52.25 0.27
73 175 -53.06 0.29
73 176 -51.93 0.29
73 177 -52.10 0.29
73 178 -50.55 0.29
73 179 -50.64 0.29
73 180 -48.53 0.29
73 181 -48.47 0.28
73 182 -46.30 0.28
73 183 -45.34 0.28
73 184 -42.68 0.27
73 185 -41.40 0.25
73 186 -38.38 0.22
73 187 -36.76 0.24
73 188 -33.47 0.24
73 189 -31.48 -0.20
73 190 -28.12 -0.18
73 191 -26.50 -0.17
73 192 -22.65 -0.15
73 193 -20.85 -0.13
73 194 -17.22 -0.12
73 195 -14.73 -0.13
73 196 -10.71 -0.12
73 197 -8.34 -0.09
73 198 -3.82 0.00
73 199 -1.77 0.00
73 200 4.81 0.00
73 201 8.00 -0.05
73 202 14.58 -0.03
73 203 18.85 -0.06
73 204 25.14 -0.10
73 205 30.14 0.08
73 206 36.22 0.10
73 207 41.17 0.14
73 208 47.30 0.14
73 209 52.20 0.16
73 210 57.86 0.20
73 211 62.83 0.21
73 212 68.90 0.22
73 213 74.26 0.24
73 214 80.57 0.22
73 215 85.67 0.25
73 216 91.81 0.25
73 217 97.64 0.26
73 218 104.07 0.26
73 219 110.05 0.29
73 220 116.84 0.29
73 221 122.59 0.29
73 222 129.36 0.29
73 223 135.62 0.30
73 224 142.94 0.29
73 225 148.92 0.27
73 226 156.05 0.27
73 227 162.80 0.28
73 228 170.25 0.29
73 229 177.36 0.29
73 230 184.74 0.29
73 231 191.31 0.26
73 232 199.15 0.26
73 233 205.96 0.25
73 234 213.63 0.26
73 235 221.26 0.26
73 236 229.04 0.26
73 237 236.70 0.27
73 238 244.35 0.23
73 239 252.39 0.23
73 240 260.26 0.22
73 241 268.57 0.25
73 242 276.31 0.20
73 243 285.15 -0.18
73 244 293.10 -0.16
73 245 301.35 -0.16
73 246 309.74 -0.16
73 247 318.38 -0.13
73 248 326.88 -0.14
73 249 335.21 -0.12
73 250 344.54 -0.11
74 154 -8.30 0.09
74 155 -10.77 0.00
74 156 -19.04 0.03
74 157 -20.81 -0.06
74 158 -24.64 0.08
74 159 -25.53 -0.11
74 160 -29.48 0.13
74 161 -30.55 0.14
74 162 -34.13 0.18
74 163 -35.27 0.19
74 164 -38.28 0.20
74 165 -39.12 0.21
74 166 -41.86 0.23
74 167 -42.47 0.22
74 168 -44.85 0.26
74 169 -45.08 0.26
74 170 -47.32 0.27
74 171 -47.18 0.30
74 172 -49.20 0.29
74 173 -49.16 0.29
74 174 -50.56 0.29
74 175 -49.80 0.26
74 176 -51.03 0.29
74 177 -50.26 0.29
74 178 -50.81 0.29
74 179 -49.44 0.28
74 180 -49.89 0.28
74 181 -47.98 0.27
74 182 -48.24 0.27
74 183 -46.39 0.27
74 184 -45.68 0.25
74 185 -43.35 0.25
74 186 -42.44 0.24
74 187 -39.84 0.22
74 188 -38.41 0.22
74 189 -35.41 0.22
74 190 -33.98 -0.19
74 191 -30.86 -0.19
74 192 -29.13 -0.17
74 193 -25.91 -0.16
74 194 -24.41 -0.14
74 195 -20.80 -0.11
74 196 -19.00 -0.11
74 197 -14.82 -0.09
74 198 -13.13 0.05
74 199 -8.51 0.00
74 200 -6.64 0.00
74 201 -0.25 0.00
74 202 2.75 0.04
74 203 9.11 -0.06
74 204 13.14 0.06
74 205 19.07 0.09
74 206 23.83 0.09
74 207 30.02 0.10
74 208 34.56 0.13
74 209 40.80 0.15
74 210 45.17 0.16
74 211 50.99 0.17
74 212 55.93 0.19
74 213 61.86 0.21
74 214 66.97 0.23
74 215 73.15 0.22
74 216 78.04 0.24
74 217 84.05 0.25
74 218 89.79 0.28
74 219 95.85 0.26
74 220 101.33 0.26
74 221 108.11 0.29
74 222 113.62 0.28
74 223 119.67 0.27
74 224 126.39 0.29
74 225 132.65 0.28
74 226 139.31 0.28
74 227 145.68 0.28
74 228 152.82 0.28
74 229 159.91 0.28
74 230 166.83 0.28
74 231 173.98 0.28
74 232 180.89 0.27
74 233 188.49 0.28
74 234 195.10 0.25
74 235 202.29 0.26
74 236 209.97 0.25
74 237 217.49 0.24
74 238 224.82 0.24
74 239 232.26 0.22
74 240 240.25 0.22
74 241 247.98 0.21
74 242 255.98 0.21
74 243 264.41 0.20
74 244 272.06 -0.18
74 245 280.48 0.19
74 246 288.12 -0.15
74 247 296.34 -0.14
74 248 304.54 -0.13
74 249 312.92 -0.14
74 250 321.01 -0.12
75 156 -1.66 0.00
75 157 -9.14 0.00
75 158 -10.35 0.00
75 159 -15.91 0.08
75 160 -17.18 0.10
75 161 -21.21 0.12
75 162 -22.58 0.14
75 163 -26.31 0.16
75 164 -27.65 0.18
75 165 -30.95 0.18
75 166 -32.10 0.21
75 167 -34.90 0.23
75 168 -35.83 0.23
75 169 -38.39 0.25
75 170 -38.85 0.26
75 171 -41.38 0.28
75 172 -41.52 0.30
75 173 -43.88 0.30
75 174 -44.03 0.30
75 175 -45.67 0.32
75 176 -45.62 0.28
75 177 -46.68 0.31
75 178 -45.91 0.30
75 179 -47.20 0.28
75 180 -46.12 0.28
75 181 -46.73 0.27
75 182 -45.15 0.26
75 183 -45.62 0.26
75 184 -44.02 0.26
75 185 -43.44 0.24
75 186 -41.70 0.24
75 187 -41.00 0.22
75 188 -38.78 0.22
75 189 -37.67 0.21
75 190 -34.90 0.22
75 191 -34.02 -0.18
75 192 -31.24 -0.18
75 193 -29.86 -0.17
75 194 -26.56 -0.16
75 195 -25.46 -0.16
75 196 -22.19 -0.11
75 197 -20.51 -0.11
75 198 -16.79 -0.11
75 199 -14.94 0.05
75 200 -10.94 0.00
75 201 -9.25 0.00
75 202 -3.08 0.00
75 203 -0.04 0.04
75 204 5.78 -0.05
75 205 10.02 0.05
75 206 15.57 0.09
75 207 20.24 0.09
75 208 25.98 0.09
75 209 30.61 0.13
75 210 36.64 0.13
75 211 40.86 0.16
75 212 46.56 0.17
75 213 51.42 0.19
75 214 57.23 0.20
75 215 61.86 0.20
75 216 67.87 0.22
75 217 72.91 0.27
75 218 78.59 0.25
75 219 83.91 0.26
75 220 90.10 0.27
75 221 95.24 0.28
75 222 101.55 0.29
75 223 106.97 0.28
75 224 112.88 0.28
75 225 119.22 0.28
75 226 125.39 0.28
75 227 131.95 0.28
75 228 138.03 0.27
75 229 145.25 0.28
75 230 152.00 0.28
75 231 158.49 0.26
75 232 165.45 0.26
75 233 172.22 0.26
75 234 179.52 0.26
75 235 186.11 0.25
75 236 193.18 0.25
75 237 200.43 0.23
75 238 208.25 0.24
75 239 215.17 0.23
75 240 222.54 0.21
75 241 230.18 0.20
75 242 237.80 0.21
75 243 245.59 0.20
75 244 253.20 0.19
75 245 261.25 -0.16
75 246 268.94 -0.15
75 247 276.87 -0.15
75 248 284.92 -0.14
75 249 292.97 -0.14
75 250 301.02 -0.12
75 251 309.11 -0.11
75 252 317.41 -0.10
76 158 -1.99 0.00
76 159 -3.48 0.00
76 160 -7.68 0.00
76 161 -10.73 -0.10
76 162 -15.21 0.11
76 163 -16.67 0.13
76 164 -20.55 0.15
76 165 -22.06 0.16
76 166 -25.58 0.16
76 167 -26.91 0.18
76 168 -30.04 0.21
76 169 -31.13 0.20
76 170 -33.91 0.21
76 171 -34.59 0.24
76 172 -37.19 0.25
76 173 -37.74 0.26
76 174 -40.01 0.27
76 175 -40.46 0.29
76 176 -42.34 0.27
76 177 -42.23 0.26
76 178 -43.81 0.29
76 179 -43.22 0.27
76 180 -44.70 0.27
76 181 -43.87 0.27
76 182 -44.76 0.25
76 183 -43.40 0.26
76 184 -44.12 0.26
76 185 -42.83 0.24
76 186 -42.67 0.23
76 187 -41.04 0.22
76 188 -40.66 0.21
76 189 -38.86 0.20
76 190 -38.28 -0.18
76 191 -36.09 -0.17
76 192 -35.24 -0.17
76 193 -32.53 -0.18
76 194 -31.73 -0.15
76 195 -28.75 -0.14
76 196 -27.87 -0.13
76 197 -24.84 -0.13
76 198 -23.48 -0.12
76 199 -19.96 -0.10
76 200 -18.68 0.05
76 201 -15.38 -0.03
76 202 -13.91 0.02
76 203 -8.05 -0.03
76 204 -4.72 0.03
76 205 1.40 -0.04
76 206 4.98 0.05
76 207 10.53 0.05
76 208 14.89 0.06
76 209 20.81 0.07
76 210 25.01 0.10
76 211 31.03 0.11
76 212 35.14 0.14
76 213 40.62 0.16
76 214 45.20 0.18
76 215 50.90 0.18
76 216 55.44 0.20
76 217 61.32 0.21
76 218 66.13 0.23
76 219 71.61 0.23
76 220 77.01 0.27
76 221 82.58 0.24
76 222 87.90 0.27
76 223 94.25 0.27
76 224 99.29 0.27
76 225 105.14 0.28
76 226 111.30 0.28
76 227 117.32 0.28
76 228 123.64 0.29
76 229 129.48 0.27
76 230 136.32 0.28
76 231 142.82 0.25
76 232 149.31 0.28
76 233 156.30 0.27
76 234 162.73 0.27
76 235 170.01 0.26
76 236 176.53 0.26
76 237 183.30 0.25
76 238 190.25 0.22
76 239 197.46 0.22
76 240 204.77 0.21
76 241 211.78 0.21
76 242 219.36 0.21
76 243 226.50 0.18
76 244 234.18 0.19
76 245 241.86 0.17
76 246 249.30 -0.15
76 247 257.54 0.16
76 248 265.26 0.18
76 249 272.13 -0.13
76 250 280.11 -0.12
76 251 288.20 -0.12
76 252 295.98 -0.11
76 253 304.17 -0.09
76 254 312.17 -0.08
76 255 320.43 -0.08
76 256 329.44 0.00
76 257 337.67 0.00
76 258 345.06 0.00
76 259 354.31 0.00
76 260 361.17 0.00
76 261 371.07 0.00
76 262 379.50 0.00
77 160 5.96 0.00
77 161 1.23 0.00
77 162 -1.78 0.09
77 163 -6.36 0.09
77 164 -7.93 0.11
77 165 -12.29 0.13
77 166 -13.73 0.14
77 167 -17.60 0.15
77 168 -19.28 0.16
77 169 -22.36 0.18
77 170 -23.93 0.20
77 171 -26.81 0.21
77 172 -27.76 0.22
77 173 -30.49 0.27
77 174 -31.04 0.28
77 175 -33.93 0.28
77 176 -34.43 0.27
77 177 -36.69 0.29
77 178 -36.81 0.27
77 179 -38.66 0.29
77 181 -40.02 0.29
77 182 -39.37 0.27
77 183 -40.54 0.27
77 184 -39.38 0.28
77 185 -40.39 0.26
77 186 -39.22 0.25
77 187 -39.37 0.22
77 188 -38.09 0.20
77 189 -38.03 0.20
77 190 -36.69 -0.19
77 191 -36.62 -0.19
77 192 -34.74 -0.18
77 193 -34.12 -0.15
77 194 -31.73 -0.16
77 195 -31.30 -0.14
77 196 -28.38 -0.14
77 197 -27.77 -0.12
77 198 -25.15 -0.12
77 199 -23.97 -0.11
77 200 -20.86 0.06
77 201 -19.83 0.05
77 202 -16.95 0.03
77 203 -15.42 0.03
77 204 -9.88 0.04
77 205 -6.80 0.04
77 206 -1.02 0.05
77 207 2.39 0.06
77 208 7.81 0.05
77 209 11.93 0.07
77 210 17.21 0.08
77 211 21.73 0.11
77 212 27.45 0.11
77 213 31.57 0.12
77 214 37.36 0.13
77 215 41.30 0.15
77 216 46.69 0.18
77 217 51.41 0.21
77 218 56.92 0.19
77 219 61.64 0.23
77 220 67.05 0.23
77 221 71.93 0.25
77 222 78.05 0.27
77 223 82.88 0.28
77 224 88.62 0.28
77 225 93.80 0.28
77 226 99.88 0.28
77 227 105.30 0.28
77 228 111.69 0.27
77 229 117.02 0.28
77 230 123.31 0.28
77 231 129.39 0.28
77 232 135.97 0.27
77 233 142.34 0.28
77 234 148.97 0.28
77 235 155.29 0.27
77 236 162.30 0.25
77 237 168.63 0.27
77 238 175.60 0.23
77 239 182.24 0.24
77 240 189.20 0.24
77 241 196.41 0.24
77 242 203.08 0.20
77 243 210.75 0.22
77 244 217.63 0.19
77 245 225.16 0.16
77 246 232.11 0.18
77 247 239.22 -0.16
77 248 246.18 -0.16
77 249 254.19 -0.14
77 250 261.72 -0.13
77 251 269.38 -0.12
77 252 277.66 -0.11
77 253 285.30 -0.09
77 254 293.40 -0.11
77 255 300.78 -0.08
77 256 309.13 -0.07
77 257 317.44 0.00
77 258 325.49 0.00
77 259 332.76 0.00
77 260 341.81 0.00
77 261 348.57 0.00
77 262 358.84 0.00
77 263 366.79 0.00
77 264 375.34 0.00
78 162 8.76 0.00
78 163 5.75 -0.07
78 164 0.87 0.08
78 165 -0.93 0.09
78 166 -5.41 0.12
78 167 -7.18 0.14
78 168 -11.12 0.16
78 169 -12.84 0.15
78 170 -16.34 0.17
78 171 -17.77 0.19
78 172 -21.06 0.19
78 173 -22.01 0.23
78 174 -25.17 0.21
78 175 -25.72 0.30
78 176 -28.98 0.25
78 177 -29.77 0.29
78 178 -32.11 0.29
78 179 -32.47 0.24
78 180 -34.67 0.29
78 181 -34.50 0.27
78 182 -36.47 0.27
78 183 -36.18 0.28
78 184 -37.59 0.26
78 185 -36.62 0.24
78 186 -37.99 0.25
78 187 -36.95 -0.16
78 188 -37.57 0.21
78 189 -36.47 0.21
78 190 -37.32 -0.17
78 191 -36.00 -0.18
78 192 -36.24 -0.16
78 193 -34.76 -0.15
78 194 -34.49 -0.16
78 195 -32.45 -0.15
78 196 -32.11 -0.13
78 197 -29.68 -0.12
78 198 -29.36 -0.12
78 199 -26.88 -0.11
78 200 -25.99 -0.10
78 201 -23.08 -0.08
78 202 -22.40 0.04
78 203 -19.67 -0.05
78 204 -17.91 0.00
78 205 -13.10 -0.03
78 206 -10.21 0.03
78 207 -4.49 -0.04
78 208 -1.46 0.05
78 209 3.72 0.08
78 210 7.76 0.06
78 211 13.45 0.05
78 212 17.31 0.07
78 213 22.90 0.10
78 214 26.79 0.11
78 215 32.49 -0.08
78 216 36.31 0.16
78 217 41.70 0.16
78 218 45.95 0.18
78 219 51.53 0.20
78 220 55.87 0.22
78 221 61.37 0.25
78 222 65.96 0.25
78 223 71.84 0.27
78 224 76.36 0.26
78 225 82.40 0.28
78 226 86.94 0.27
78 227 93.01 0.28
78 228 98.16 0.29
78 229 104.39 0.26
78 230 109.66 0.27
78 231 115.80 0.27
78 232 121.76 0.28
78 233 128.15 0.28
78 234 134.05 0.27
78 235 140.75 0.26
78 236 146.95 0.27
78 237 153.68 0.24
78 238 159.66 0.24
78 239 166.69 0.24
78 240 173.03 0.23
78 241 179.88 0.20
78 242 186.52 0.21
78 243 193.34 0.20
78 244 200.28 -0.17
78 245 207.38 0.17
78 246 214.16 -0.14
78 247 221.12 -0.14
78 248 228.07 -0.15
78 249 235.16 -0.13
78 250 242.56 -0.14
78 251 250.06 -0.12
78 252 257.51 -0.11
78 253 265.31 -0.10
78 254 272.71 -0.09
78 255 280.62 -0.10
78 256 287.93 -0.08
78 257 296.06 -0.06
78 258 304.39 0.00
78 259 312.27 0.00
78 260 319.41 0.00
78 261 328.28 0.00
78 262 334.94 0.00
78 263 345.54 0.00
78 264 352.91 0.00
78 265 361.48 0.00
78 266 371.26 0.00
79 164 15.58 0.06
79 165 10.63 0.07
79 166 8.53 0.08
79 167 3.78 0.08
79 168 1.77 0.09
79 169 -2.55 0.14
79 170 -4.32 0.16
79 171 -8.19 0.15
79 172 -9.89 0.13
79 173 -13.29 0.19
79 174 -14.65 0.19
79 175 -17.86 0.21
79 176 -18.85 0.22
79 177 -22.05 0.25
79 178 -23.04 0.27
79 179 -25.67 0.27
79 180 -26.27 0.26
79 181 -28.53 0.30
79 182 -28.57 0.27
79 183 -30.71 0.29
79 184 -30.59 0.28
79 185 -32.33 0.23
79 186 -31.93 -0.20
79 187 -33.38 -0.20
79 188 -32.94 -0.17
79 189 -33.94 -0.19
79 190 -33.06 -0.17
79 191 -33.98 -0.17
79 192 -32.88 -0.18
79 193 -33.33 -0.17
79 194 -32.15 -0.17
79 195 -32.13 -0.16
79 196 -30.25 -0.15
79 197 -30.07 -0.13
79 198 -28.20 0.09
79 199 -27.82 -0.11
79 200 -25.92 0.07
79 201 -25.48 0.06
79 202 -22.83 0.04
79 203 -22.73 0.04
79 204 -20.33 0.03
79 205 -18.48 0.00
79 206 -14.04 0.03
79 207 -10.81 0.04
79 208 -6.12 0.04
79 209 -2.57 0.05
79 210 2.20 0.06
79 211 6.30 0.05
79 212 11.41 0.04
79 213 15.28 0.07
79 214 20.62 0.05
79 215 24.00 0.09
79 216 29.47 0.11
79 217 33.56 0.12
79 218 39.19 0.13
79 219 42.72 0.17
79 220 48.24 0.22
79 221 52.21 0.23
79 222 57.27 0.21
79 223 61.91 0.24
79 224 67.78 0.27
79 225 72.08 0.27
79 226 77.72 0.26
79 227 82.28 0.27
79 228 88.06 0.27
79 229 93.08 0.28
79 230 99.28 0.28
79 231 104.47 0.28
79 232 110.36 0.28
79 233 115.98 0.28
79 234 122.33 0.28
79 235 127.99 0.27
79 236 134.36 0.26
79 237 140.43 0.26
79 238 147.05 0.25
79 239 153.05 0.25
79 240 159.72 0.23
79 241 165.73 0.22
79 242 172.43 0.23
79 243 178.95 0.19
79 244 185.52 0.19
79 245 192.50 0.20
79 246 198.84 -0.15
79 247 205.68 -0.17
79 248 212.60 -0.14
79 249 219.39 -0.14
79 250 227.21 -0.14
79 251 233.56 -0.14
79 252 241.30 -0.10
79 253 248.40 -0.10
79 254 255.90 -0.09
79 255 262.94 -0.09
79 256 270.77 -0.12
79 257 278.08 0.04
79 258 285.58 0.04
79 259 293.46 0.00
79 260 301.17 0.00
79 261 308.18 0.00
79 262 316.86 0.00
79 263 323.42 0.00
79 264 334.22 0.00
79 265 341.13 0.00
79 266 349.86 0.00
79 267 359.34 0.00
79 268 367.52 0.00
80 166 19.94 0.00
80 167 16.46 0.07
80 168 11.92 -0.05
80 169 9.68 0.07
80 170 5.06 0.09
80 171 3.02 0.12
80 172 -1.01 0.13
80 173 -3.09 0.13
80 174 -6.52 0.14
80 175 -8.15 0.13
80 176 -11.52 0.19
80 177 -12.73 0.20
80 178 -16.11 0.26
80 179 -17.30 0.30
80 180 -20.27 0.30
80 181 -20.84 0.30
80 182 -23.62 0.30
80 183 -24.24 0.31
80 184 -26.34 0.30
80 185 -26.36 0.29
80 186 -28.45 0.25
80 187 -28.19 -0.18
80 188 -30.22 -0.18
80 189 -30.17 -0.17
80 190 -31.21 -0.17
80 191 -31.06 -0.17
80 192 -31.91 -0.18
80 193 -31.20 -0.16
80 194 -32.01 -0.16
80 195 -30.97 -0.14
80 196 -31.28 -0.14
80 197 -30.03 -0.12
80 198 -30.18 -0.11
80 199 -28.48 -0.11
80 200 -28.57 -0.09
80 201 -26.66 -0.08
80 202 -26.38 0.04
80 203 -24.23 0.04
80 204 -24.20 0.04
80 205 -22.08 0.02
80 206 -20.73 0.00
80 207 -16.20 -0.03
80 208 -13.21 0.00
80 209 -8.32 0.00
80 210 -5.92 0.04
80 211 -0.75 -0.05
80 212 2.48 0.06
80 213 7.14 0.07
80 214 11.22 0.06
80 215 16.22 0.07
80 216 20.28 0.08
80 217 25.64 0.08
80 218 29.39 0.09
80 219 34.92 0.11
80 220 38.53 0.17
80 221 43.87 0.21
80 222 47.62 0.20
80 223 52.63 0.23
80 224 57.03 0.25
80 225 62.51 0.26
80 226 66.57 0.26
80 227 72.43 0.30
80 228 76.48 0.27
80 229 82.24 0.26
80 230 86.95 0.27
80 231 92.84 0.27
80 232 97.78 0.27
80 233 103.87 0.27
80 234 109.08 0.27
80 235 115.08 0.27
80 236 120.80 0.27
80 237 126.98 0.26
80 238 132.83 0.25
80 239 139.41 0.25
80 240 145.13 0.25
80 241 151.75 0.24
80 242 157.49 0.22
80 243 164.07 0.23
80 244 170.56 0.21
80 245 176.09 -0.16
80 246 182.82 -0.15
80 247 189.49 -0.14
80 248 195.81 -0.15
80 249 202.69 -0.13
80 250 209.38 -0.12
80 251 216.37 -0.11
80 252 223.06 -0.12
80 253 230.06 -0.11
80 254 236.99 -0.11
80 255 244.32 -0.09
80 256 251.31 -0.10
80 257 258.76 -0.08
80 258 265.76 -0.07
80 259 273.38 -0.07
80 260 281.08 0.00
80 261 288.62 0.00
80 262 295.50 0.00
80 263 304.02 0.00
80 264 310.46 0.00
80 265 319.02 0.00
80 266 327.84 0.00
80 267 336.91 0.00
80 268 345.81 0.00
80 269 354.04 0.00
80 270 364.04 0.00
81 168 26.97 0.06
81 169 21.56 -0.06
81 170 19.29 -0.06
81 171 14.64 -0.07
81 172 12.35 -0.08
81 173 8.38 -0.07
81 174 5.90 -0.08
81 175 2.53 -0.07
81 176 0.60 -0.11
81 177 -3.32 0.26
81 178 -4.67 -0.13
81 179 -8.53 0.25
81 180 -10.06 0.27
81 181 -12.73 0.32
81 182 -13.66 0.31
81 183 -16.76 0.32
81 184 -17.70 0.31
81 185 -19.89 0.31
81 186 -19.97 -0.19
81 187 -22.56 0.25
81 188 -22.43 -0.18
81 189 -24.57 -0.19
81 190 -24.73 -0.16
81 191 -26.25 -0.18
81 192 -26.18 -0.18
81 193 -27.25 -0.18
81 194 -26.79 -0.18
81 195 -27.60 -0.12
81 196 -27.35 -0.11
81 197 -27.93 -0.10
81 198 -27.05 -0.07
81 199 -27.61 -0.10
81 200 -26.25 -0.05
81 201 -26.82 -0.07
81 202 -25.40 -0.07
81 203 -25.43 -0.06
81 204 -23.53 -0.05
81 205 -23.45 0.04
81 206 -21.69 -0.04
81 207 -20.95 0.03
81 208 -16.28 -0.03
81 209 -14.08 0.04
81 210 -9.20 -0.02
81 211 -6.49 0.04
81 212 -1.73 -0.04
81 213 1.49 0.04
81 214 6.45 -0.06
81 215 9.76 0.05
81 216 14.53 -0.06
81 217 18.44 -0.06
81 218 22.99 -0.05
81 219 27.39 0.05
81 220 32.46 -0.06
81 221 36.48 0.18
81 222 41.33 0.20
81 223 44.95 0.21
81 224 49.71 0.21
81 225 53.82 0.23
81 226 58.89 0.23
81 227 63.10 0.26
81 228 68.61 0.25
81 229 72.62 0.27
81 230 78.14 0.26
81 231 82.71 0.27
81 232 88.32 0.26
81 233 93.04 0.26
81 234 98.70 0.26
81 235 103.98 0.26
81 236 109.85 0.25
81 237 115.40 0.25
81 238 121.43 0.25
81 239 127.07 0.25
81 240 133.50 0.24
81 241 139.09 0.24
81 242 145.49 0.24
81 243 151.27 0.23
81 244 157.51 0.21
81 245 163.81 0.22
81 246 169.21 -0.16
81 247 175.68 -0.17
81 248 182.89 0.15
81 249 188.38 -0.16
81 250 195.27 -0.15
81 251 201.54 -0.14
81 252 208.50 -0.14
81 253 214.78 -0.13
81 254 221.72 -0.13
81 255 228.46 -0.12
81 256 235.20 -0.08
81 257 241.94 -0.07
81 258 249.13 -0.06
81 259 255.88 -0.06
81 260 263.23 -0.06
81 261 270.11 -0.04
81 262 278.17 0.00
81 263 284.89 0.00
81 264 293.25 0.00
81 265 299.56 0.00
81 266 310.70 0.00
81 267 316.64 0.00
81 268 326.06 0.00
81 269 334.31 0.00
81 270 342.75 0.00
81 271 352.34 0.00
82 170 31.32 0.00
82 171 28.35 0.00
82 172 24.15 0.00
82 173 21.58 0.00
82 174 16.02 0.07
82 175 13.94 0.06
82 176 10.01 0.06
82 177 7.80 -0.07
82 178 3.98 0.26
82 179 1.84 0.07
82 180 -1.62 0.28
82 181 -3.47 0.30
82 182 -6.70 0.29
82 183 -7.75 0.31
82 184 -11.00 0.31
82 185 -12.11 0.31
82 186 -14.69 0.27
82 187 -15.01 0.29
82 188 -17.56 0.28
82 189 -18.08 -0.19
82 190 -20.31 -0.19
82 191 -20.44 -0.18
82 192 -22.41 -0.18
82 193 -22.49 -0.18
82 194 -23.85 -0.16
82 195 -23.67 0.05
82 196 -24.87 0.06
82 197 -24.75 0.07
82 198 -25.82 0.06
82 199 -24.47 0.00
82 200 -25.11 0.00
82 201 -24.59 0.00
82 202 -25.13 0.00
82 203 -24.11 0.00
82 204 -24.60 0.00
82 205 -22.95 0.00
82 206 -23.46 0.00
82 207 -21.91 0.00
82 208 -21.57 0.00
82 209 -16.86 0.00
82 210 -14.91 0.00
82 211 -10.45 0.00
82 212 -7.70 0.00
82 213 -3.33 0.00
82 214 -0.06 0.00
82 215 4.28 0.00
82 216 7.97 0.00
82 217 12.30 0.00
82 218 16.35 0.00
82 219 20.47 -0.04
82 220 24.02 0.04
82 221 29.91 0.00
82 222 32.92 0.04
82 223 37.94 0.20
82 224 41.39 0.22
82 225 45.88 0.22
82 226 49.94 0.24
82 227 54.64 0.23
82 228 58.69 0.25
82 229 63.70 0.26
82 230 67.86 0.25
82 231 73.24 0.26
82 232 77.55 0.26
82 233 83.23 0.27
82 234 87.62 0.26
82 235 93.05 0.27
82 236 98.17 0.26
82 237 103.87 0.25
82 238 109.23 0.27
82 239 115.11 0.26
82 240 120.68 0.26
82 241 127.02 0.25
82 242 132.30 0.24
82 243 138.60 0.25
82 244 144.21 0.24
82 245 149.87 -0.18
82 246 155.74 -0.15
82 247 161.65 -0.15
82 248 168.58 0.19
82 249 173.94 -0.15
82 250 179.97 -0.15
82 251 186.46 -0.15
82 252 192.73 -0.14
82 253 199.50 -0.14
82 254 205.91 -0.15
82 255 212.25 -0.10
82 256 218.88 -0.10
82 257 225.69 -0.09
82 258 233.02 0.00
82 259 239.92 0.00
82 260 245.57 -0.04
82 261 253.13 0.00
82 262 259.76 0.00
82 263 266.98 0.00
82 264 273.58 0.00
82 265 281.75 0.00
82 266 287.97 0.00
82 267 296.46 0.00
82 268 304.75 0.00
82 269 314.37 0.00
82 270 322.10 0.00
82 271 330.93 0.00
82 272 339.83 0.00
82 273 348.39 0.00
82 274 357.83 0.00
83 172 40.80 -0.05
83 173 35.83 -0.05
83 174 32.55 -0.06
83 175 28.28 -0.07
83 176 25.98 0.05
83 177 20.32 0.17
83 178 17.83 0.26
83 179 13.44 0.26
83 180 11.39 0.30
83 181 7.11 0.30
83 182 4.99 0.30
83 183 1.42 0.30
83 184 0.04 0.26
83 185 -3.38 0.29
83 186 -4.71 0.29
83 187 -7.36 0.30
83 188 -8.11 0.30
83 189 -10.64 0.28
83 190 -11.07 -0.20
83 191 -13.28 -0.19
83 192 -13.95 -0.19
83 193 -15.79 -0.21
83 194 -16.25 -0.15
83 195 -17.95 -0.14
83 196 -17.99 -0.15
83 197 -19.48 -0.15
83 198 -19.55 -0.14
83 199 -20.50 -0.13
83 200 -20.18 -0.13
83 201 -20.99 -0.08
83 202 -20.49 -0.06
83 203 -21.18 -0.07
83 204 -20.35 -0.05
83 205 -20.86 -0.05
83 206 -19.47 -0.04
83 207 -19.18 0.00
83 208 -18.70 -0.03
83 209 -17.73 0.00
83 210 -14.24 -0.03
83 211 -11.54 0.00
83 212 -7.92 0.03
83 213 -5.69 -0.03
83 214 -1.51 -0.04
83 215 1.37 -0.04
83 216 5.58 -0.05
83 217 8.76 -0.05
83 218 13.04 -0.05
83 219 16.51 -0.05
83 220 20.90 -0.05
83 221 24.35 0.14
83 222 28.51 0.14
83 223 31.89 0.22
83 224 36.41 0.19
83 225 39.62 0.22
83 226 43.96 0.22
83 227 47.67 0.23
83 228 52.56 0.23
83 229 56.48 0.25
83 230 61.16 0.23
83 231 65.20 0.27
83 232 70.32 0.25
83 233 74.49 0.27
83 234 79.85 0.27
83 235 84.19 0.27
83 236 89.54 0.24
83 237 94.32 0.27
83 238 99.92 0.25
83 239 104.95 0.24
83 240 110.60 0.24
83 241 115.85 0.23
83 242 122.17 0.24
83 243 127.26 0.21
83 244 133.72 0.25
83 245 138.84 -0.18
83 246 144.50 -0.18
83 247 150.18 -0.19
83 248 155.77 -0.16
83 249 161.88 -0.16
83 250 167.55 -0.16
83 251 173.62 -0.14
83 252 179.97 -0.13
83 253 186.17 -0.11
83 254 192.73 -0.10
83 255 198.58 -0.11
83 256 205.50 -0.08
83 257 212.08 -0.09
83 258 218.75 -0.04
83 259 225.22 -0.04
83 260 232.95 0.00
83 261 238.41 -0.03
83 262 245.81 0.00
83 263 252.31 0.00
83 264 259.37 0.00
83 265 265.83 0.00
83 266 273.81 0.00
83 267 279.92 0.00
83 268 291.11 0.00
83 269 296.40 0.00
83 270 306.25 0.00
83 271 313.44 0.00
83 272 322.66 0.00
83 273 330.84 0.00
83 274 339.80 0.00
83 275 348.54 0.00
83 276 357.14 0.00
84 174 45.22 0.12
84 175 42.21 0.11
84 176 36.82 0.13
84 177 33.84 0.18
84 178 28.86 0.21
84 179 26.15 0.26
84 180 21.52 0.29
84 181 19.28 0.32
84 182 14.79 0.30
84 183 12.27 0.30
84 184 8.80 0.33
84 185 7.19 0.31
84 186 3.44 0.29
84 187 2.00 0.31
84 188 -1.02 0.30
84 189 -2.01 0.30
84 190 -4.71 0.29
84 191 -5.32 0.27
84 192 -7.83 0.26
84 193 -8.75 -0.20
84 194 -10.93 -0.20
84 195 -11.13 -0.14
84 196 -13.48 -0.19
84 197 -13.63 -0.17
84 198 -15.26 -0.16
84 199 -15.40 -0.10
84 200 -16.72 -0.11
84 201 -16.60 0.08
84 202 -17.77 -0.07
84 203 -17.22 -0.05
84 204 -18.29 -0.06
84 205 -17.53 0.04
84 206 -18.34 -0.05
84 207 -17.09 0.04
84 208 -17.86 0.04
84 209 -16.73 0.02
84 210 -16.27 0.00
84 211 -11.96 0.00
84 212 -10.52 0.00
84 213 -6.71 0.03
84 214 -5.12 0.04
84 215 -0.66 -0.05
84 216 1.44 0.04
84 217 5.83 0.05
84 218 8.42 0.05
84 219 12.67 0.11
84 220 15.60 0.09
84 221 19.67 0.14
84 222 22.53 0.16
84 223 26.63 0.17
84 224 29.68 0.18
84 225 34.04 0.19
84 226 37.09 0.21
84 227 41.27 0.21
84 228 44.83 0.23
84 229 49.50 0.23
84 230 52.83 0.24
84 231 57.67 0.25
84 232 61.39 0.25
84 233 66.50 0.26
84 234 70.49 0.26
84 235 75.55 0.26
84 236 79.68 0.26
84 237 84.81 0.26
84 238 89.43 0.26
84 239 94.75 0.24
84 240 99.63 0.25
84 241 105.14 0.24
84 242 110.41 0.24
84 243 116.41 0.24
84 244 121.28 0.22
84 245 127.29 0.22
84 246 132.43 0.20
84 247 138.14 0.21
84 248 143.74 0.17
84 249 149.43 -0.14
84 250 155.09 -0.13
84 251 160.76 -0.14
84 252 166.84 -0.12
84 253 172.66 -0.15
84 254 178.69 -0.11
84 255 185.71 -0.09
84 256 190.94 -0.10
84 257 197.41 -0.07
84 258 203.69 -0.07
84 259 210.56 0.03
84 260 216.71 0.05
84 261 224.31 0.00
84 262 229.60 0.04
84 263 236.85 0.00
84 264 243.21 0.00
84 265 250.13 0.00
84 266 256.46 0.00
84 267 264.27 0.00
84 268 270.28 0.00
84 269 278.75 0.00
84 270 286.47 0.00
84 271 296.48 0.00
84 272 303.21 0.00
84 273 312.74 0.00
84 274 320.29 0.00
84 275 328.90 0.00
84 276 337.67 0.00
84 277 346.13 0.00
84 278 355.28 0.00
85 176 53.79 0.16
85 177 48.28 0.18
85 178 44.83 0.22
85 179 39.59 0.24
85 180 36.53 0.26
85 181 31.79 0.33
85 182 28.96 0.34
85 183 24.15 0.31
85 184 21.31 0.31
85 185 17.67 0.31
85 186 16.05 0.28
85 187 11.88 0.31
85 188 10.17 0.29
85 189 7.06 0.31
85 190 5.89 0.30
85 191 2.85 0.30
85 192 2.09 0.28
85 193 -0.60 0.26
85 194 -1.20 -0.17
85 195 -3.69 -0.17
85 196 -4.68 -0.17
85 197 -6.64 -0.16
85 198 -7.08 -0.16
85 199 -8.98 -0.15
85 200 -9.20 -0.15
85 201 -10.75 -0.16
85 202 -10.62 -0.15
85 203 -11.86 -0.11
85 204 -11.52 -0.09
85 205 -12.78 -0.09
85 206 -12.21 -0.08
85 207 -13.08 -0.07
85 208 -12.04 -0.06
85 209 -12.98 -0.03
85 210 -12.19 -0.03
85 211 -11.86 0.00
85 212 -8.34 -0.03
85 213 -6.57 0.00
85 214 -3.11 0.03
85 215 -1.29 0.06
85 216 2.41 0.04
85 217 4.57 0.08
85 218 8.17 0.09
85 219 10.58 0.11
85 220 14.39 0.11
85 221 16.77 0.16
85 222 20.44 0.16
85 223 23.10 0.19
85 224 26.95 0.18
85 225 29.76 0.22
85 226 33.85 0.23
85 227 36.65 0.21
85 228 40.63 0.21
85 229 43.59 0.24
85 230 48.42 0.23
85 231 51.36 0.25
85 232 55.72 0.25
85 233 59.34 0.26
85 234 64.11 0.25
85 235 68.06 0.27
85 236 73.19 0.26
85 237 77.15 0.27
85 238 81.84 0.26
85 239 86.30 0.25
85 240 91.42 0.24
85 241 96.25 0.25
85 242 101.48 0.23
85 243 106.44 0.24
85 244 112.40 0.24
85 245 117.14 0.24
85 246 122.75 0.21
85 247 127.85 0.20
85 248 133.55 0.18
85 249 139.22 0.17
85 250 145.06 -0.14
85 251 150.44 -0.14
85 252 155.99 -0.14
85 253 161.94 -0.14
85 254 167.90 0.09
85 255 173.34 -0.12
85 256 179.80 0.08
85 257 184.95 -0.13
85 258 191.83 0.07
85 259 197.97 -0.07
85 260 204.60 0.04
85 261 210.29 -0.06
85 262 217.99 0.00
85 263 223.06 -0.04
85 264 229.91 -0.03
85 265 236.42 0.00
85 266 243.20 0.00
85 267 249.39 0.00
85 268 257.03 0.00
85 269 262.94 0.00
85 270 276.73 0.00
85 271 278.81 0.00
85 272 296.85 0.00
85 274 304.97 0.00
85 275 312.01 0.00
85 276 320.47 0.00
85 277 329.06 0.00
85 278 337.38 0.00
85 279 345.87 0.10
85 280 353.77 0.11
86 178 58.20 0.21
86 179 54.32 0.23
86 180 49.02 0.22
86 181 45.73 0.30
86 182 40.46 0.29
86 183 37.35 0.32
86 184 32.89 0.32
86 185 29.88 0.32
86 186 25.82 0.32
86 187 23.88 0.32
86 188 19.57 0.31
86 189 17.61 0.32
86 190 14.19 0.31
86 191 12.79 0.32
86 192 9.62 0.30
86 193 8.75 0.27
86 194 5.82 0.23
86 195 4.67 0.22
86 196 2.23 0.19
86 197 1.30 -0.19
86 198 -1.11 -0.20
86 199 -1.75 -0.17
86 200 -3.75 -0.17
86 201 -4.01 -0.17
86 202 -5.90 -0.12
86 203 -6.21 -0.10
86 204 -7.77 -0.10
86 205 -7.74 0.09
86 206 -9.14 -0.09
86 207 -8.67 0.07
86 208 -9.85 -0.07
86 209 -8.99 0.05
86 210 -10.06 0.03
86 211 -8.73 0.00
86 212 -9.15 0.00
86 213 -5.95 -0.03
86 214 -5.02 0.03
86 215 -1.04 0.06
86 216 0.05 0.05
86 217 3.70 0.06
86 218 5.44 0.08
86 219 8.88 0.10
86 220 10.69 0.14
86 221 14.29 0.15
86 222 16.29 0.17
86 223 19.69 0.18
86 224 22.03 0.19
86 225 25.57 0.17
86 226 28.12 0.20
86 227 31.93 0.22
86 228 34.64 0.21
86 229 38.45 0.23
86 230 41.58 0.22
86 231 45.93 0.22
86 232 49.10 0.26
86 233 53.23 0.25
86 234 56.67 0.26
86 235 61.25 0.25
86 236 64.91 0.26
86 237 69.74 0.26
86 238 73.38 0.26
86 239 78.02 0.26
86 240 82.41 0.25
86 241 87.38 0.24
86 242 91.88 0.24
86 243 97.03 0.24
86 244 101.94 0.25
86 245 107.62 0.19
86 246 112.12 0.22
86 247 117.74 0.19
86 248 122.57 0.20
86 249 127.83 0.17
86 250 133.34 0.17
86 251 139.04 0.17
86 252 144.23 0.15
86 253 150.08 -0.13
86 254 155.48 0.12
86 255 161.25 0.10
86 256 166.71 -0.11
86 257 172.87 -0.06
86 258 178.37 -0.09
86 259 184.38 -0.08
86 260 190.40 -0.08
86 261 196.99 0.05
86 262 202.66 -0.06
86 263 209.39 0.03
86 264 216.19 0.00
86 265 221.88 -0.04
86 266 228.51 0.00
86 267 235.15 0.00
86 268 241.20 0.00
86 269 248.69 0.00
86 270 254.49 0.00
86 271 268.82 0.00
86 272 270.05 0.00
86 273 283.96 0.00
86 274 286.18 0.00
86 275 296.06 0.00
86 276 302.66 0.00
86 277 310.96 0.00
86 278 319.39 0.00
86 279 327.56 0.00
86 280 334.95 0.08
86 281 343.46 0.10
86 282 351.55 0.10
87 188 33.30 0.34
87 189 28.95 0.34
87 190 26.66 0.34
87 191 23.39 0.34
87 192 21.31 0.32
87 193 17.91 0.31
87 194 16.90 0.32
87 195 13.83 0.28
87 196 12.62 0.28
87 197 10.02 0.24
87 198 8.91 0.19
87 199 6.67 0.20
87 200 5.71 0.17
87 201 3.70 0.15
87 202 2.93 0.13
87 203 0.98 -0.18
87 204 0.86 -0.13
87 205 -1.02 -0.11
87 206 -1.13 0.10
87 207 -2.75 -0.09
87 208 -2.77 0.06
87 209 -3.95 0.05
87 210 -3.41 0.04
87 211 -4.31 0.04
87 212 -3.49 0.00
87 213 -4.10 0.00
87 214 -0.97 0.03
87 215 -0.02 0.03
87 216 3.25 0.04
87 217 3.99 0.05
87 218 7.57 0.05
87 219 8.88 0.12
87 220 11.96 0.14
87 221 13.24 0.15
87 222 16.38 0.16
87 223 18.12 0.19
87 224 21.21 0.19
87 225 23.25 0.20
87 226 26.53 0.19
87 227 28.98 0.22
87 228 32.65 0.21
87 229 35.00 0.22
87 230 38.51 0.22
87 231 41.38 0.24
87 232 45.56 0.24
87 233 48.30 0.24
87 234 52.38 0.25
87 235 55.67 0.24
87 236 60.09 0.26
87 237 63.30 0.26
87 238 68.14 0.26
87 239 71.43 0.26
87 240 75.99 0.26
87 241 80.02 0.26
87 242 85.01 0.25
87 243 89.24 0.26
87 244 94.35 0.23
87 245 98.93 0.24
87 246 104.48 0.25
87 247 109.23 0.23
87 248 114.47 0.23
87 249 119.40 0.19
87 250 124.56 0.19
87 251 129.82 0.17
87 252 135.56 0.15
87 253 140.53 0.15
87 254 145.85 0.14
87 255 151.32 0.14
87 256 157.02 -0.09
87 257 162.54 0.11
87 258 168.28 -0.08
87 259 173.56 -0.11
87 260 179.70 -0.09
87 261 185.46 -0.08
87 262 191.67 0.06
87 263 197.98 -0.04
87 264 204.00 0.04
87 265 209.47 -0.06
87 266 216.55 0.00
87 267 222.49 0.00
87 268 228.99 0.00
87 269 234.90 0.00
87 270 242.23 0.00
87 271 247.93 0.00
87 272 261.69 0.00
87 273 263.16 0.00
87 274 276.69 0.00
87 275 278.97 0.00
87 276 287.31 0.00
87 277 295.13 0.00
87 278 303.28 0.00
87 279 311.55 0.00
87 280 319.56 0.00
87 281 326.71 0.10
87 282 334.90 0.10
87 283 342.86 0.13
87 284 350.88 0.12
88 190 37.47 0.35
88 191 34.78 0.34
88 192 31.07 0.34
88 193 29.07 0.33
88 194 25.54 0.30
88 195 24.15 0.30
88 196 20.79 0.30
88 197 19.39 0.29
88 198 16.55 0.21
88 199 15.18 0.20
88 200 12.83 0.17
88 201 11.73 0.19
88 202 9.34 0.17
88 203 8.40 0.15
88 204 6.42 0.14
88 205 5.87 -0.13
88 206 4.00 -0.12
88 207 3.60 0.12
88 208 1.88 -0.10
88 209 1.86 0.09
88 210 0.39 -0.09
88 211 0.78 0.06
88 212 -0.60 0.04
88 213 0.41 0.00
88 214 -0.39 0.00
88 215 2.31 -0.03
88 216 2.77 0.04
88 217 6.15 -0.06
88 218 6.83 0.07
88 219 9.83 0.11
88 220 10.76 0.13
88 221 13.52 0.15
88 222 14.53 0.16
88 223 17.27 0.17
88 224 18.69 0.18
88 225 21.68 0.21
88 226 23.40 0.21
88 227 26.52 0.21
88 228 28.88 0.25
88 229 31.86 0.23
88 230 34.11 0.23
88 231 37.49 0.23
88 232 40.22 0.25
88 233 44.14 0.24
88 234 46.65 0.24
88 235 50.72 0.25
88 236 53.67 0.26
88 237 57.93 0.26
88 238 61.09 0.25
88 239 65.64 0.26
88 240 68.89 0.26
88 241 73.28 0.26
88 242 77.16 0.26
88 243 81.72 0.24
88 244 85.92 0.25
88 245 90.68 0.24
88 246 95.10 0.23
88 247 100.70 0.19
88 248 104.88 0.24
88 249 110.03 0.21
88 250 114.60 0.20
88 251 119.61 0.19
88 252 124.76 0.18
88 253 130.22 0.16
88 254 135.17 0.15
88 255 140.29 0.14
88 256 145.71 0.14
88 257 151.31 0.11
88 258 156.59 0.11
88 259 162.40 -0.09
88 260 167.73 -0.09
88 261 173.53 -0.08
88 262 179.03 -0.08
88 263 185.08 0.07
88 264 190.69 -0.07
88 265 196.93 0.06
88 266 202.49 -0.07
88 267 209.27 -0.03
88 268 215.53 0.00
88 269 221.89 0.00
88 270 227.68 0.00
88 271 234.86 0.00
88 272 240.45 0.00
88 273 249.27 0.00
88 274 255.36 0.00
88 275 263.79 0.00
88 276 270.85 0.00
88 277 279.04 0.00
88 278 286.69 0.00
88 279 294.69 0.00
88 280 301.61 0.05
88 281 310.16 0.06
88 282 317.14 0.10
88 283 324.71 0.12
88 284 332.90 0.14
88 285 339.88 0.15
88 286 348.60 0.15
89 192 44.58 0.34
89 193 40.62 0.34
89 194 38.38 0.34
89 195 34.67 0.33
89 196 33.14 0.30
89 197 29.84 0.31
89 198 28.25 0.27
89 199 25.40 0.27
89 200 23.79 0.23
89 201 21.29 0.19
89 202 19.95 0.17
89 203 17.52 0.17
89 204 16.47 0.15
89 205 14.32 0.14
89 206 13.46 -0.14
89 207 11.25 -0.13
89 208 10.76 0.12
89 209 8.85 -0.12
89 210 8.73 -0.10
89 211 6.94 -0.09
89 212 7.25 0.06
89 213 5.78 0.05
89 214 6.36 0.00
89 215 5.36 0.00
89 216 7.96 -0.03
89 217 8.28 0.03
89 218 11.18 0.07
89 219 11.78 0.08
89 220 14.31 0.10
89 221 15.16 0.14
89 222 17.27 0.18
89 223 18.11 0.18
89 224 20.72 0.18
89 225 21.72 0.22
89 226 24.21 0.22
89 227 25.67 0.23
89 228 28.93 0.25
89 229 30.20 0.23
89 230 33.35 0.23
89 231 35.30 0.25
89 232 38.40 0.24
89 233 40.91 0.25
89 234 44.59 0.24
89 235 47.01 0.26
89 236 50.61 0.26
89 237 53.54 0.26
89 238 57.56 0.26
89 239 60.56 0.26
89 240 64.91 0.27
89 241 68.07 0.27
89 242 72.57 0.27
89 243 76.22 0.27
89 244 80.52 0.24
89 245 84.43 0.25
89 246 89.01 0.23
89 247 93.20 0.24
89 248 98.66 0.19
89 249 102.36 0.22
89 250 107.55 0.21
89 251 111.98 0.22
89 252 116.94 0.19
89 253 121.88 0.18
89 254 127.24 0.19
89 255 131.93 0.17
89 256 137.20 0.15
89 257 142.47 0.14
89 258 147.65 0.12
89 259 153.12 0.11
89 260 158.70 -0.09
89 261 163.98 -0.09
89 262 169.60 -0.08
89 263 174.88 -0.08
89 264 181.00 0.06
89 265 186.19 -0.07
89 266 192.03 -0.06
89 267 197.74 -0.06
89 268 204.10 -0.04
89 269 210.36 0.00
89 270 216.59 0.00
89 271 222.23 0.00
89 272 229.27 0.00
89 273 234.75 0.00
89 274 243.41 0.00
89 275 249.31 0.00
89 276 257.59 0.00
89 277 264.47 0.00
89 278 272.50 0.00
89 279 279.98 0.00
89 280 287.82 0.00
89 281 294.68 0.06
89 282 303.44 0.00
89 283 309.87 0.10
89 284 317.26 0.13
89 285 325.16 0.14
89 286 332.43 0.16
89 287 340.93 0.16
89 288 347.38 0.15
90 194 49.54 0.34
90 195 47.13 0.34
90 196 43.07 0.32
90 197 41.13 0.32
90 198 37.33 0.30
90 199 35.42 0.28
90 200 32.26 0.25
90 201 30.70 0.23
90 202 27.71 0.21
90 203 26.40 0.19
90 204 23.73 0.18
90 205 22.83 0.17
90 206 20.26 0.15
90 207 19.78 0.14
90 208 17.18 -0.14
90 209 16.55 -0.11
90 210 14.35 -0.12
90 211 14.01 -0.10
90 212 12.16 -0.09
90 213 12.18 -0.08
90 214 10.49 0.05
90 215 10.47 0.03
90 216 9.96 0.00
90 217 12.18 -0.04
90 218 12.08 0.04
90 219 14.93 -0.06
90 220 15.09 0.08
90 221 17.27 0.13
90 222 17.58 0.16
90 223 19.61 0.18
90 224 20.13 0.17
90 225 22.38 0.19
90 226 23.16 0.20
90 227 25.50 0.22
90 228 26.63 0.21
90 229 29.29 0.22
90 230 30.68 0.22
90 231 33.52 0.25
90 232 35.41 0.25
90 233 38.23 0.26
90 234 40.61 0.27
90 235 43.92 0.23
90 236 46.20 0.27
90 237 49.81 0.27
90 238 52.40 0.25
90 239 56.25 0.26
90 240 59.05 0.27
90 241 63.26 0.27
90 242 66.12 0.28
90 243 70.17 0.26
90 244 73.75 0.27
90 245 78.08 0.25
90 246 81.83 0.24
90 247 86.26 0.25
90 248 90.35 0.24
90 249 95.63 0.20
90 250 99.18 0.23
90 251 104.17 0.21
90 252 108.38 0.21
90 253 113.13 0.19
90 254 118.07 0.18
90 255 123.14 0.18
90 256 127.77 0.17
90 257 132.61 0.16
90 258 137.77 0.15
90 259 143.20 0.12
90 260 147.98 0.13
90 261 153.48 0.11
90 262 158.69 -0.11
90 263 164.17 -0.09
90 264 169.42 -0.08
90 265 175.24 0.07
90 266 180.57 -0.07
90 267 186.79 0.04
90 268 191.88 -0.05
90 269 198.16 -0.04
90 270 204.25 0.00
90 271 210.34 0.00
90 272 215.84 0.00
90 273 222.74 0.00
90 274 228.12 0.00
90 275 236.61 0.00
90 276 242.33 0.00
90 277 250.46 0.00
90 278 257.16 0.00
90 279 265.03 0.00
90 280 272.33 0.00
90 281 280.02 0.00
90 282 287.77 0.00
90 283 294.11 0.10
90 284 301.05 0.12
90 285 308.36 0.13
90 286 316.08 0.15
90 287 323.19 0.16
90 288 331.20 0.18
90 289 337.97 0.16
90 290 346.44 0.19
90 291 353.43 0.18
90 292 361.86 0.21
90 293 370.80 0.21
90 294 377.24 0.21
90 295 384.82 0.20
90 296 393.14 0.21
90 297 400.57 0.21
90 298 409.21 0.21
90 299 416.90 0.22
90 300 425.40 0.23
90 301 432.84 0.22
90 302 442.01 0.23
90 303 449.60 0.23
90 304 459.01 0.23
91 196 57.91 0.36
91 197 53.44 0.35
91 198 51.07 0.33
91 199 47.13 0.33
91 200 44.85 0.27
91 201 41.54 0.25
91 202 39.63 0.22
91 203 36.79 0.21
91 204 34.98 0.21
91 205 32.37 0.19
91 206 31.18 0.17
91 207 28.50 0.17
91 208 27.98 0.14
91 209 25.29 0.14
91 210 24.52 0.12
91 211 22.27 -0.11
91 212 21.45 -0.12
91 213 19.49 -0.09
91 214 19.36 0.07
91 215 17.53 0.03
91 216 17.83 0.00
91 217 16.44 0.00
91 218 18.41 -0.04
91 219 18.12 0.03
91 220 20.63 -0.06
91 221 20.62 0.09
91 222 22.51 0.18
91 223 22.48 0.15
91 224 24.24 0.22
91 225 24.59 0.19
91 226 26.55 0.19
91 227 27.05 0.21
91 228 29.04 0.21
91 229 29.93 0.22
91 230 32.41 0.22
91 231 33.33 0.23
91 232 36.03 0.23
91 233 37.38 0.24
91 234 40.31 0.27
91 235 42.18 0.26
91 236 45.18 0.24
91 237 47.49 0.26
91 238 50.71 0.27
91 239 53.30 0.28
91 240 56.94 0.26
91 241 59.58 0.27
91 242 63.46 0.26
91 243 66.28 0.27
91 244 70.18 0.27
91 245 73.41 0.27
91 246 77.41 0.25
91 247 80.98 0.25
91 248 85.22 0.25
91 249 89.07 0.25
91 250 93.95 0.25
91 251 97.80 0.23
91 252 102.56 0.22
91 253 106.72 0.21
91 254 111.46 0.20
91 255 116.02 0.19
91 256 120.90 0.19
91 257 125.38 0.18
91 258 130.32 0.16
91 259 135.26 0.14
91 260 140.25 0.14
91 261 145.18 0.14
91 262 150.43 0.13
91 263 155.58 -0.12
91 264 160.92 -0.09
91 265 166.16 -0.09
91 266 171.96 0.08
91 267 176.95 0.06
91 268 182.14 -0.07
91 269 187.81 0.06
91 270 193.89 -0.04
91 271 200.01 0.00
91 272 205.94 0.00
91 273 211.31 0.00
91 274 218.05 0.00
91 275 223.31 0.00
91 276 231.62 0.00
91 277 237.16 0.00
91 278 245.13 0.00
91 279 251.65 0.00
91 280 259.36 0.00
91 281 266.50 0.00
91 282 274.01 0.00
91 283 280.57 0.04
91 284 288.96 0.00
91 285 295.10 0.11
91 286 301.70 0.15
91 287 309.15 0.16
91 288 316.26 0.16
91 289 323.81 0.18
91 290 331.00 0.18
91 291 338.72 0.20
91 292 345.70 0.20
91 293 353.79 0.20
91 294 361.19 0.22
91 295 368.99 0.22
91 296 376.29 0.21
91 297 384.41 0.22
91 298 391.94 0.23
91 299 400.11 0.23
91 300 407.84 0.23
91 301 416.15 0.23
91 302 422.51 0.23
91 303 432.79 0.24
91 304 439.00 0.25
91 305 449.10 0.24
91 306 455.78 0.24
91 307 465.53 0.24
91 308 473.82 0.23
92 198 62.08 0.33
92 199 59.73 0.34
92 200 55.73 0.33
92 201 53.10 0.29
92 202 49.53 0.27
92 203 47.41 0.25
92 204 44.27 0.23
92 205 42.33 0.23
92 206 39.65 0.19
92 207 38.30 0.19
92 208 35.43 0.18
92 209 34.70 0.15
92 210 31.82 0.15
92 211 30.97 0.13
92 212 28.47 -0.11
92 213 27.72 -0.10
92 214 25.52 -0.09
92 215 25.17 0.06
92 216 23.19 0.05
92 217 22.71 0.03
92 218 21.84 0.00
92 219 23.60 -0.05
92 220 22.93 0.05
92 221 25.14 -0.09
92 222 24.80 0.10
92 223 26.09 0.21
92 224 25.95 0.17
92 225 27.14 0.22
92 226 27.42 0.21
92 227 28.86 0.25
92 228 29.33 0.21
92 229 31.22 0.25
92 230 31.76 0.24
92 231 33.90 0.23
92 232 34.75 0.23
92 233 37.24 0.26
92 234 38.32 0.25
92 235 40.80 0.26
92 236 42.53 0.26
92 237 45.38 0.24
92 238 47.39 0.28
92 239 50.44 0.26
92 240 52.75 0.27
92 241 56.29 0.27
92 242 58.60 0.26
92 243 62.53 0.27
92 244 65.20 0.28
92 245 68.76 0.27
92 246 71.97 0.26
92 247 75.93 0.27
92 248 79.27 0.26
92 249 83.44 0.25
92 250 87.06 0.25
92 251 92.11 0.21
92 252 95.40 0.23
92 253 99.97 0.23
92 254 103.90 0.22
92 255 108.74 0.21
92 256 112.68 0.20
92 257 117.72 0.19
92 258 122.12 0.16
92 259 126.58 0.18
92 260 131.35 0.16
92 261 136.56 0.14
92 262 141.02 0.15
92 263 146.24 0.12
92 264 151.24 0.12
92 265 156.68 -0.09
92 266 161.58 -0.09
92 267 167.25 0.06
92 268 171.82 -0.09
92 269 177.97 0.04
92 270 182.58 -0.07
92 271 189.41 0.00
92 272 194.62 0.00
92 273 200.42 0.00
92 274 205.65 0.00
92 275 212.24 0.00
92 276 217.40 0.00
92 277 225.54 0.00
92 278 230.91 0.00
92 279 238.72 0.00
92 280 245.06 0.00
92 281 252.62 0.00
92 282 259.57 0.00
92 283 266.94 0.00
92 284 274.34 0.00
92 285 281.56 0.00
92 286 287.06 0.13
92 287 293.80 0.15
92 288 301.01 0.16
92 289 308.18 0.17
92 290 315.42 0.19
92 291 322.46 0.21
92 292 329.91 0.20
92 293 336.44 0.20
92 294 344.57 0.21
92 295 351.75 0.22
92 296 359.51 0.22
92 297 366.84 0.22
92 298 374.49 0.23
92 299 382.00 0.23
92 300 390.08 0.23
92 301 397.96 0.24
92 302 405.84 0.23
92 303 412.33 0.23
92 304 421.81 0.24
92 305 429.56 0.23
92 306 438.14 0.24
92 307 445.61 0.23
92 308 454.62 0.25
92 309 462.80 0.23
92 310 471.39 0.23
93 200 70.33 0.34
93 201 65.89 0.32
93 202 63.79 0.35
93 203 60.37 0.37
93 204 57.25 0.28
93 205 53.83 0.24
93 206 51.76 0.24
93 207 48.75 0.22
93 208 47.42 0.20
93 209 44.34 0.19
93 210 43.50 0.17
93 211 40.54 0.16
93 212 39.70 0.12
93 213 36.62 -0.12
93 214 35.77 -0.10
93 215 33.52 -0.08
93 216 32.73 0.06
93 217 30.79 -0.07
93 218 30.77 0.00
93 219 28.97 0.00
93 220 30.36 -0.04
93 221 29.74 -0.05
93 222 31.58 -0.12
93 223 30.80 0.12
93 224 31.98 0.19
93 225 31.68 0.18
93 226 32.49 0.21
93 227 32.53 0.21
93 228 33.60 0.25
93 229 33.83 0.23
93 230 35.29 0.22
93 231 35.81 0.24
93 232 37.64 0.29
93 233 38.22 0.26
93 234 40.35 0.25
93 235 41.27 0.26
93 236 43.61 0.25
93 237 44.94 0.25
93 238 47.90 0.27
93 239 49.45 0.29
93 240 52.26 0.28
93 241 54.38 0.28
93 242 57.67 0.28
93 243 59.86 0.28
93 244 63.58 0.28
93 245 65.96 0.27
93 246 69.59 0.28
93 247 72.51 0.28
93 248 76.14 0.26
93 249 79.43 0.26
93 250 83.35 0.25
93 251 86.80 0.25
93 252 91.58 0.22
93 253 94.57 0.23
93 254 99.14 0.23
93 255 102.93 0.23
93 256 107.24 0.20
93 257 111.40 0.22
93 258 115.86 0.20
93 259 120.33 0.18
93 260 124.89 0.18
93 261 129.59 0.18
93 262 134.25 0.17
93 263 139.07 0.13
93 264 144.32 -0.11
93 265 149.15 -0.11
93 266 154.12 -0.10
93 267 158.69 -0.09
93 268 164.00 -0.09
93 269 168.88 -0.08
93 270 174.21 -0.07
93 271 179.36 -0.06
93 272 185.40 -0.04
93 273 190.37 -0.04
93 274 197.01 0.00
93 275 202.08 0.00
93 276 208.51 0.00
93 277 213.55 0.00
93 278 221.52 0.00
93 279 226.72 0.00
93 280 234.37 0.00
93 281 240.55 0.00
93 282 247.95 0.00
93 283 254.74 0.00
93 284 261.95 0.00
93 285 267.30 0.10
93 286 274.70 0.11
93 287 281.32 0.15
93 288 287.34 0.21
93 289 294.93 0.17
93 290 302.01 0.22
93 291 308.88 0.18
93 292 315.41 0.23
93 293 322.89 0.22
93 294 329.43 0.22
93 295 337.29 0.22
93 296 344.33 0.22
93 297 351.81 0.23
93 298 359.00 0.23
93 299 366.80 0.23
93 300 373.95 0.23
93 301 381.91 0.23
93 302 389.43 0.24
93 303 397.51 0.25
93 304 404.94 0.25
93 305 413.00 0.24
93 306 420.42 0.24
93 307 428.90 0.24
93 308 436.17 0.24
93 309 445.11 0.24
93 310 452.76 0.24
93 311 461.58 0.24
93 312 469.34 0.24
93 313 478.44 0.24
93 314 485.77 0.24
93 315 495.53 0.23
93 316 503.36 0.23
93 317 512.82 0.23
93 318 521.10 0.22
93 319 530.65 0.22
93 320 538.55 0.22
94 202 75.41 0.34
94 203 72.28 0.29
94 204 68.53 0.29
94 205 66.03 0.26
94 206 62.38 0.25
94 207 60.06 0.24
94 208 56.96 0.21
94 209 55.48 0.19
94 210 51.98 0.19
94 211 50.83 0.18
94 212 47.70 0.16
94 213 46.52 0.15
94 214 43.91 -0.12
94 215 42.58 -0.11
94 216 40.05 -0.10
94 217 39.46 0.07
94 218 37.11 0.07
94 219 37.17 0.00
94 220 35.19 0.00
94 221 37.45 0.00
94 222 35.17 0.06
94 223 37.05 -0.06
94 224 36.02 0.09
94 225 36.42 0.20
94 226 36.09 0.16
94 227 36.42 0.21
94 228 36.15 0.23
94 229 36.85 0.25
94 230 37.12 0.25
94 231 38.24 0.27
94 232 38.56 0.24
94 233 40.00 0.29
94 234 40.60 0.26
94 235 42.41 0.26
94 236 43.24 0.26
94 237 45.12 0.27
94 238 46.42 0.27
94 239 48.97 0.28
94 240 50.22 0.27
94 241 53.02 0.29
94 242 54.86 0.28
94 243 57.94 0.28
94 244 60.20 0.28
94 245 63.43 0.28
94 246 65.67 0.28
94 247 69.09 0.28
94 248 71.84 0.27
94 249 75.36 0.26
94 250 78.44 0.26
94 251 82.26 0.26
94 252 85.57 0.25
94 253 89.94 0.25
94 254 93.05 0.24
94 255 97.45 0.24
94 256 101.05 0.23
94 257 105.49 0.23
94 258 109.24 0.21
94 259 113.48 0.20
94 260 117.84 0.19
94 261 122.33 0.18
94 262 126.90 0.15
94 263 131.62 0.16
94 264 135.84 0.15
94 265 140.71 0.14
94 266 145.48 -0.13
94 267 150.43 -0.12
94 268 154.97 -0.11
94 269 160.25 -0.09
94 270 165.01 -0.08
94 271 170.63 0.05
94 272 175.09 -0.06
94 273 181.67 0.00
94 274 186.60 0.00
94 275 192.11 0.00
94 276 197.06 0.00
94 277 203.32 0.00
94 278 208.32 0.00
94 279 216.11 0.00
94 280 221.14 0.00
94 281 228.64 0.00
94 282 234.62 0.00
94 283 241.87 0.00
94 284 248.47 0.00
94 285 255.53 0.00
94 286 261.56 0.04
94 287 269.47 0.00
94 288 274.09 0.17
94 289 280.63 0.19
94 290 287.42 0.19
94 291 293.13 0.22
94 292 300.83 0.21
94 293 306.81 0.24
94 294 314.72 0.22
94 295 321.04 0.22
94 296 328.90 0.23
94 297 335.75 0.23
94 298 343.10 0.23
94 299 350.16 0.23
94 300 357.76 0.23
94 301 364.82 0.24
94 302 372.60 0.24
94 303 380.17 0.25
94 304 387.98 0.25
94 305 394.88 0.24
94 306 403.30 0.24
94 307 410.46 0.25
94 308 418.95 0.24
94 309 426.26 0.25
94 310 434.62 0.25
94 311 442.50 0.25
94 312 451.15 0.24
94 313 458.71 0.24
94 314 467.55 0.24
94 315 474.79 0.24
94 316 484.47 0.24
94 317 491.66 0.24
94 318 501.40 0.23
94 319 508.86 0.23
94 320 518.99 0.23
94 321 526.87 0.22
94 322 536.67 0.21
95 212 60.31 0.20
95 213 57.03 0.18
95 214 55.91 -0.15
95 215 52.92 -0.13
95 216 51.40 -0.13
95 217 48.50 -0.11
95 218 48.10 0.09
95 219 45.36 0.06
95 220 45.09 0.00
95 221 42.90 0.00
95 222 44.95 0.00
95 223 42.56 0.05
95 224 44.15 0.08
95 225 43.44 0.09
95 226 43.26 0.18
95 227 41.97 0.21
95 228 42.44 0.22
95 229 41.93 0.22
95 230 42.51 0.25
95 231 42.48 0.26
95 232 43.50 0.25
95 233 43.56 0.25
95 234 44.73 0.29
95 235 44.84 0.26
95 236 46.83 0.29
95 237 47.13 0.26
95 238 48.81 0.27
95 239 49.81 0.27
95 240 51.81 0.26
95 241 53.13 0.28
95 242 55.17 0.28
95 243 57.16 0.28
95 244 60.00 0.28
95 245 61.97 0.28
95 246 65.29 0.28
95 247 67.25 0.27
95 248 70.39 0.28
95 249 73.07 0.27
95 250 76.43 0.26
95 251 79.19 0.26
95 252 82.81 0.26
95 253 85.92 0.26
95 254 90.05 0.26
95 255 93.23 0.25
95 256 97.39 0.25
95 257 100.80 0.24
95 258 105.06 0.23
95 259 108.66 0.22
95 260 112.83 0.22
95 261 116.89 0.20
95 262 121.42 0.18
95 263 125.63 0.17
95 264 131.16 -0.13
95 265 135.06 -0.14
95 266 139.97 -0.11
95 267 144.15 -0.12
95 268 148.80 -0.11
95 269 153.16 -0.10
95 270 158.03 -0.10
95 271 162.62 -0.10
95 272 167.85 -0.09
95 273 172.67 -0.07
95 274 178.37 -0.04
95 275 183.03 0.04
95 276 189.25 0.00
95 277 194.05 0.00
95 278 200.14 0.00
95 279 205.02 0.00
95 280 212.65 0.00
95 281 217.51 0.00
95 282 224.85 0.00
95 283 230.66 0.00
95 284 237.75 0.00
95 285 244.18 0.00
95 286 251.08 0.00
95 287 256.24 0.10
95 288 261.86 0.22
95 289 269.02 0.17
95 290 275.18 0.20
95 291 281.83 0.21
95 292 287.39 0.23
95 293 295.03 0.22
95 294 300.88 0.24
95 295 308.54 0.22
95 296 314.80 0.22
95 297 322.26 0.23
95 298 329.09 0.24
95 299 336.30 0.23
95 300 343.17 0.25
95 301 350.52 0.24
95 302 357.79 0.25
95 303 365.14 0.24
95 304 372.76 0.25
95 305 380.00 0.24
95 306 387.73 0.25
95 307 395.17 0.25
95 308 402.37 0.25
95 309 410.47 0.25
95 310 417.61 0.24
95 311 426.12 0.25
95 312 433.65 0.25
95 313 441.85 0.25
95 314 449.74 0.25
95 315 458.17 0.24
95 316 465.60 0.24
95 317 474.71 0.24
95 318 482.42 0.24
95 319 491.61 0.24
95 320 499.60 0.23
95 321 508.86 0.23
95 322 516.60 0.23
95 323 526.26 0.22
95 324 533.73 0.21
96 214 65.14 0.18
96 215 63.63 -0.17
96 216 60.64 -0.14
96 217 58.93 -0.13
96 218 56.02 -0.11
96 219 54.89 -0.10
96 220 52.49 0.07
96 221 52.30 0.00
96 222 49.93 0.00
96 223 51.78 0.00
96 224 48.84 0.06
96 225 50.05 -0.08
96 226 48.82 0.08
96 227 48.31 0.19
96 228 47.20 0.21
96 229 47.28 0.22
96 230 46.67 0.22
96 231 47.20 0.24
96 232 46.49 0.26
96 233 46.88 0.28
96 234 46.92 0.26
96 235 48.24 0.28
96 236 48.05 0.27
96 237 49.37 0.28
96 238 49.90 0.27
96 239 51.38 0.27
96 240 52.30 0.28
96 241 54.05 0.29
96 242 55.14 0.28
96 243 57.19 0.28
96 244 58.61 0.28
96 245 61.18 0.28
96 246 62.89 0.28
96 247 65.88 0.28
96 248 67.79 0.28
96 249 70.84 0.28
96 250 73.12 0.28
96 251 76.50 0.27
96 252 79.09 0.27
96 253 82.54 0.27
96 254 85.53 0.26
96 255 89.50 0.27
96 256 92.46 0.25
96 257 96.57 0.24
96 258 99.59 0.25
96 259 103.92 0.24
96 260 107.37 0.21
96 261 111.33 0.21
96 262 115.12 0.21
96 263 119.48 0.20
96 264 123.52 0.19
96 265 128.42 0.16
96 266 132.87 -0.15
96 267 137.32 -0.12
96 268 141.24 -0.14
96 269 146.04 -0.12
96 270 150.00 -0.12
96 271 155.06 -0.11
96 272 159.45 -0.09
96 273 164.67 -0.07
96 274 169.46 -0.06
96 275 174.75 -0.04
96 276 180.12 0.00
96 277 185.35 0.00
96 278 190.02 0.00
96 279 195.95 0.00
96 280 200.76 0.00
96 281 208.21 0.00
96 282 212.91 0.00
96 283 220.11 0.00
96 284 225.74 0.00
96 285 232.68 0.00
96 286 238.93 0.00
96 287 245.68 0.00
96 288 250.52 0.18
96 289 256.38 0.22
96 290 262.66 0.22
96 291 267.99 0.24
96 292 275.14 0.22
96 293 280.45 0.23
96 294 288.05 0.21
96 295 293.61 0.24
96 296 301.25 0.23
96 297 307.56 0.25
96 298 314.51 0.23
96 299 320.64 0.26
96 300 328.39 0.25
96 301 334.81 0.26
96 302 342.32 0.24
96 303 349.18 0.24
96 304 356.81 0.25
96 305 364.01 0.25
96 306 371.29 0.25
96 307 378.40 0.25
96 308 386.11 0.25
96 309 393.09 0.25
96 310 401.37 0.25
96 311 408.31 0.25
96 312 416.61 0.25
96 313 424.12 0.25
96 314 432.26 0.25
96 315 439.71 0.27
96 316 448.15 0.24
96 317 455.49 0.24
96 318 464.46 0.25
96 319 471.87 0.24
96 320 481.03 0.24
96 321 489.04 0.23
96 322 497.99 0.24
96 323 505.45 0.23
96 324 515.05 0.23
96 325 522.84 0.22
96 326 532.57 0.22
97 216 73.46 0.17
97 217 70.51 -0.12
97 218 68.26 -0.12
97 219 65.42 -0.12
97 220 63.88 -0.12
97 221 61.39 0.06
97 222 60.78 0.00
97 223 58.21 0.00
97 224 59.86 0.00
97 225 56.81 0.06
97 226 57.67 -0.08
97 227 55.99 0.14
97 228 55.20 0.29
97 229 54.11 0.25
97 230 54.02 0.29
97 231 53.16 0.24
97 232 53.51 0.24
97 233 52.55 0.27
97 234 52.85 0.26
97 235 52.59 0.28
97 236 53.33 0.30
97 237 53.30 0.27
97 238 54.33 0.30
97 239 54.55 0.28
97 240 55.49 0.27
97 241 56.45 0.28
97 242 57.77 0.27
97 243 58.91 0.28
97 244 60.68 0.27
97 245 61.87 0.28
97 246 64.29 0.28
97 247 65.66 0.29
97 248 68.43 0.28
97 249 70.09 0.27
97 250 72.86 0.28
97 251 75.13 0.28
97 252 78.13 0.27
97 253 80.70 0.27
97 254 84.11 0.27
97 255 86.75 0.25
97 256 90.70 0.27
97 257 93.39 0.25
97 258 97.28 0.26
97 259 100.38 0.25
97 260 104.48 0.23
97 261 107.71 0.22
97 262 111.54 0.21
97 263 115.20 0.20
97 264 119.09 0.20
97 265 123.31 0.19
97 266 127.84 0.16
97 267 131.42 0.17
97 268 136.82 -0.13
97 269 140.41 -0.14
97 270 145.03 -0.13
97 271 148.97 -0.13
97 272 153.74 -0.12
97 273 158.13 -0.10
97 274 162.96 -0.08
97 275 167.46 -0.08
97 276 172.40 -0.06
97 277 177.41 -0.05
97 278 183.06 0.00
97 279 187.58 0.00
97 280 193.35 0.00
97 281 198.05 0.00
97 282 205.32 0.00
97 283 209.87 0.00
97 284 216.91 0.00
97 285 222.37 0.00
97 286 229.16 0.00
97 287 235.24 0.00
97 288 241.84 0.00
97 289 248.38 0.00
97 290 251.32 0.24
97 291 257.94 0.24
97 292 263.40 0.26
97 293 270.18 0.24
97 294 275.40 0.25
97 295 282.80 0.26
97 296 287.97 0.26
97 297 295.63 0.24
97 298 301.21 0.26
97 299 308.69 0.25
97 300 314.63 0.26
97 301 322.16 0.25
97 302 328.40 0.26
97 303 335.96 0.26
97 304 342.86 0.26
97 305 350.02 0.25
97 306 357.13 0.25
97 307 364.37 0.25
97 308 371.21 0.26
97 309 378.86 0.25
97 310 385.80 0.26
97 311 393.70 0.27
97 312 400.56 0.26
97 313 408.65 0.26
97 314 416.04 0.26
97 315 423.99 0.25
97 316 431.32 0.27
97 317 439.85 0.25
97 318 446.70 0.25
97 319 455.77 0.24
97 320 463.10 0.25
97 321 472.07 0.24
97 322 479.94 0.24
97 323 488.99 0.23
97 324 496.41 0.24
97 325 505.64 0.23
97 326 513.24 0.23
97 327 522.87 0.22
97 328 530.85 0.20
98 218 78.89 0.16
98 219 76.99 -0.12
98 220 73.59 -0.12
98 221 72.23 -0.10
98 222 69.11 0.07
98 223 68.73 0.00
98 224 65.97 0.00
98 225 67.41 0.00
98 226 63.65 0.06
98 227 64.46 0.10
98 228 62.44 0.13
98 229 61.61 0.28
98 230 60.07 0.28
98 231 59.81 0.29
98 232 58.79 0.30
98 233 58.45 0.26
98 234 57.76 0.28
98 235 57.81 0.25
98 236 57.30 0.25
98 237 57.67 0.28
98 238 57.41 0.27
98 239 58.15 0.31
98 240 58.26 0.28
98 241 59.05 0.28
98 242 59.64 0.27
98 243 60.77 0.28
98 244 61.68 0.29
98 245 63.37 0.29
98 246 64.34 0.29
98 247 66.67 0.29
98 248 67.65 0.29
98 249 70.20 0.27
98 250 71.69 0.28
98 251 74.16 0.29
98 252 76.13 0.28
98 253 79.00 0.26
98 254 81.27 0.28
98 255 84.51 0.28
98 256 87.07 0.27
98 257 90.77 0.27
98 258 93.28 0.26
98 259 97.09 0.26
98 260 99.84 0.26
98 261 103.81 0.24
98 262 106.97 0.24
98 263 110.71 0.23
98 264 114.14 0.22
98 265 117.94 0.22
98 266 122.08 0.20
98 267 126.19 0.18
98 268 130.79 -0.15
98 269 134.75 -0.14
98 270 138.59 -0.14
98 271 142.79 -0.14
98 272 146.79 -0.13
98 273 151.50 -0.12
98 274 155.56 -0.11
98 275 160.49 -0.09
98 276 164.61 -0.08
98 277 169.62 -0.07
98 278 174.15 -0.07
98 279 180.14 0.00
98 280 184.54 0.00
98 281 190.16 0.00
98 282 194.77 0.00
98 283 201.87 0.00
98 284 206.27 0.00
98 285 213.16 0.00
98 286 218.47 0.00
98 287 225.11 0.00
98 288 231.02 0.00
98 289 237.47 0.00
98 290 240.72 0.27
98 291 246.09 0.25
98 292 252.57 0.25
98 293 257.61 0.23
98 294 264.36 0.25
98 295 269.42 0.24
98 296 276.66 0.26
98 297 282.58 0.26
98 298 289.23 0.25
98 299 294.69 0.26
98 300 302.11 0.24
98 301 307.78 0.26
98 302 315.20 0.25
98 303 321.12 0.26
98 304 328.75 0.25
98 305 335.33 0.25
98 306 342.36 0.24
98 307 349.37 0.26
98 308 356.53 0.25
98 309 363.26 0.27
98 310 370.87 0.25
98 311 377.50 0.25
98 312 385.09 0.26
98 313 392.25 0.27
98 314 400.00 0.26
98 315 407.36 0.25
98 316 415.06 0.25
98 317 422.13 0.25
98 318 430.47 0.25
98 319 437.38 0.25
98 320 446.33 0.25
98 321 453.21 0.24
98 322 462.33 0.24
98 323 469.92 0.24
98 324 478.69 0.24
98 325 485.95 0.24
98 326 495.37 0.23
98 327 502.69 0.23
98 328 512.23 0.22
98 329 520.43 0.20
98 330 529.33 0.22
99 220 86.97 0.14
99 221 83.47 -0.13
99 222 81.83 -0.13
99 223 78.94 -0.09
99 224 77.79 0.00
99 225 74.83 0.00
99 226 76.06 0.00
99 227 72.69 0.06
99 228 71.73 0.27
99 229 70.79 0.09
99 230 69.30 0.26
99 231 67.97 0.32
99 232 67.93 0.30
99 233 66.29 0.29
99 234 65.82 0.30
99 235 64.75 0.28
99 236 64.62 0.29
99 237 63.90 0.28
99 238 64.16 0.26
99 239 63.55 0.29
99 240 64.10 0.27
99 241 64.03 0.29
99 242 64.79 0.27
99 243 64.93 0.28
99 244 66.08 0.29
99 245 66.45 0.29
99 246 68.03 0.29
99 247 68.78 0.27
99 248 70.77 0.29
99 249 71.66 0.29
99 250 74.08 0.28
99 251 75.16 0.27
99 252 77.56 0.28
99 253 79.28 0.26
99 254 81.70 0.27
99 255 83.99 0.28
99 256 86.88 0.27
99 257 89.36 0.27
99 258 92.73 0.24
99 259 95.24 0.26
99 260 98.72 0.26
99 261 101.45 0.26
99 262 105.22 0.23
99 263 108.01 0.23
99 264 111.68 0.23
99 265 115.06 0.23
99 266 118.68 0.22
99 267 122.36 0.20
99 268 126.50 0.17
99 269 130.12 0.18
99 270 134.81 -0.15
99 271 138.47 -0.14
99 272 142.54 -0.14
99 273 146.46 -0.13
99 274 150.77 -0.13
99 275 154.74 -0.11
99 276 159.27 -0.11
99 277 163.65 -0.09
99 278 168.30 -0.08
99 279 172.84 -0.07
99 280 178.51 0.00
99 281 182.76 0.00
99 282 188.25 0.00
99 283 192.70 0.00
99 284 199.65 0.00
99 285 203.91 0.00
99 286 210.65 0.00
99 287 215.79 0.00
99 288 222.28 0.00
99 289 228.02 0.00
99 290 234.32 0.00
99 291 237.53 0.32
99 292 242.57 0.27
99 293 248.70 0.27
99 294 254.03 0.29
99 295 260.43 0.27
99 296 265.20 0.25
99 297 272.45 0.26
99 298 278.11 0.26
99 299 284.68 0.24
99 300 289.94 0.25
99 301 297.38 0.25
99 302 302.70 0.26
99 303 309.95 0.26
99 304 316.05 0.25
99 305 323.12 0.25
99 306 329.20 0.27
99 307 336.56 0.24
99 308 343.19 0.25
99 309 350.31 0.26
99 310 356.83 0.27
99 311 364.27 0.26
99 312 370.94 0.27
99 313 378.62 0.26
99 314 385.14 0.26
99 315 393.12 0.25
99 316 400.18 0.26
99 317 407.77 0.26
99 318 414.92 0.26
99 319 422.80 0.26
99 320 429.75 0.25
99 321 438.34 0.24
99 322 445.32 0.25
99 323 454.08 0.25
99 324 461.69 0.24
99 325 470.44 0.23
99 326 477.53 0.25
99 327 486.62 0.24
99 328 493.80 0.24
99 329 503.33 0.22
99 330 511.37 0.20
99 331 520.13 0.22
99 332 527.94 0.20
100 222 93.08 0.10
100 223 90.93 0.09
100 224 87.41 0.08
100 225 86.39 0.00
100 226 83.23 0.00
100 227 84.26 0.00
100 228 79.79 0.07
100 229 78.73 0.27
100 230 77.91 0.11
100 231 75.91 0.27
100 232 74.50 0.35
100 233 74.03 0.32
100 234 72.85 0.31
100 235 71.96 0.30
100 236 70.81 0.31
100 237 70.11 0.32
100 238 69.38 0.30
100 239 68.81 0.27
100 240 68.51 0.30
100 241 68.42 0.29
100 242 68.50 0.28
100 243 69.24 0.30
100 244 69.11 0.28
100 245 69.80 0.29
100 246 70.27 0.30
100 247 71.07 0.30
100 248 71.99 0.30
100 249 73.63 0.29
100 250 74.37 0.29
100 251 76.53 0.29
100 252 77.50 0.29
100 253 79.55 0.29
100 254 81.16 0.28
100 255 83.61 0.28
100 256 85.44 0.28
100 257 88.07 0.27
100 258 90.28 0.26
100 259 93.56 0.26
100 260 95.70 0.26
100 261 99.26 0.26
100 262 101.77 0.27
100 263 105.31 0.25
100 264 108.01 0.26
100 265 111.58 0.25
100 266 114.78 0.22
100 267 118.54 0.23
100 268 121.90 0.21
100 269 125.91 0.20
100 270 129.55 0.17
100 271 134.03 -0.15
100 272 137.58 -0.15
100 273 141.33 -0.14
100 274 145.12 -0.13
100 275 149.21 -0.14
100 276 153.16 -0.12
100 277 157.50 -0.11
100 278 161.89 -0.08
100 279 166.37 -0.09
100 280 170.51 -0.08
100 281 176.54 0.00
100 282 180.67 0.00
100 283 186.01 0.00
100 284 190.30 0.00
100 285 197.14 0.00
100 286 201.25 0.00
100 287 207.83 0.00
100 288 212.80 0.00
100 289 219.14 0.00
100 290 224.70 0.00
100 291 226.96 0.27
100 292 232.71 0.29
100 293 237.43 0.28
100 294 244.03 0.27
100 295 249.40 0.27
100 296 255.46 0.27
100 297 260.12 0.25
100 298 267.18 0.25
100 299 272.59 0.25
100 300 279.11 0.26
100 301 284.87 0.25
100 302 291.31 0.26
100 303 296.63 0.26
100 304 303.79 0.26
100 305 309.45 0.26
100 306 316.58 0.27
100 307 322.41 0.26
100 308 329.79 0.25
100 309 336.51 0.26
100 310 343.34 0.25
100 311 349.55 0.27
100 312 356.94 0.26
100 313 363.41 0.26
100 314 370.78 0.26
100 315 377.41 0.26
100 316 384.91 0.26
100 317 392.11 0.26
100 318 399.48 0.25
100 319 406.63 0.26
100 320 414.44 0.25
100 321 421.23 0.26
100 322 429.58 0.25
100 323 436.56 0.25
100 324 445.10 0.25
100 325 452.29 0.25
100 326 460.99 0.24
100 327 467.99 0.24
100 328 476.97 0.23
100 329 484.09 0.25
100 330 493.35 0.23
100 331 501.21 0.22
100 332 510.18 0.22
100 333 517.70 0.22
100 334 526.70 0.22
101 224 101.24 -0.12
101 225 97.60 0.08
101 226 96.96 0.00
101 227 92.95 0.00
101 228 93.77 0.00
101 229 89.18 -0.07
101 230 89.09 -0.13
101 231 85.93 0.35
101 232 84.85 0.33
101 233 82.90 0.33
101 234 81.55 0.30
101 235 80.20 0.32
101 236 79.36 0.32
101 237 78.45 0.30
101 238 77.52 0.32
101 239 76.61 0.29
101 240 76.30 0.33
101 241 75.46 0.30
101 242 75.40 0.30
101 243 74.94 0.30
101 244 75.39 0.29
101 245 75.18 0.28
101 246 75.42 0.29
101 247 75.78 0.30
101 248 76.45 0.30
101 249 77.10 0.29
101 250 78.72 0.30
101 251 79.05 0.30
101 252 80.93 0.29
101 253 81.72 0.29
101 254 83.68 0.29
101 255 84.90 0.28
101 256 87.09 0.27
101 257 88.92 0.28
101 258 91.33 0.29
101 259 93.19 0.28
101 260 96.21 0.27
101 261 98.33 0.29
101 262 101.58 0.26
101 263 103.94 0.26
101 264 107.36 0.26
101 265 110.02 0.26
101 266 113.43 0.23
101 267 116.31 0.23
101 268 119.95 0.23
101 269 123.16 0.22
101 270 126.99 0.21
101 271 130.38 0.19
101 272 134.96 -0.15
101 273 138.23 -0.15
101 274 141.83 -0.15
101 275 145.54 -0.13
101 276 149.40 -0.14
101 277 153.26 -0.12
101 278 157.40 -0.11
101 279 161.44 -0.11
101 280 165.98 -0.08
101 281 170.33 -0.06
101 282 175.00 -0.04
101 283 179.84 0.00
101 284 185.04 0.00
101 285 189.19 0.00
101 286 195.88 0.00
101 287 199.83 0.00
101 288 206.25 0.00
101 289 211.06 0.00
101 290 217.24 0.00
101 291 219.75 0.36
101 292 224.68 0.38
101 293 230.36 0.36
101 294 235.32 0.34
101 295 241.11 0.34
101 296 245.84 0.28
101 297 252.08 0.31
101 298 256.96 0.25
101 299 263.75 0.28
101 300 268.77 0.26
101 301 275.45 0.27
101 302 281.12 0.27
101 303 287.44 0.26
101 304 292.49 0.28
101 305 299.56 0.26
101 306 305.13 0.25
101 307 312.11 0.26
101 308 317.91 0.27
101 309 325.18 0.27
101 310 330.88 0.28
101 311 338.04 0.25
101 312 344.31 0.25
101 313 351.48 0.26
101 314 357.74 0.26
101 315 365.04 0.26
101 316 371.45 0.26
101 317 379.06 0.26
101 318 385.77 0.25
101 319 393.32 0.26
101 320 400.56 0.26
101 321 407.86 0.25
101 322 414.60 0.26
101 323 422.85 0.25
101 324 429.59 0.26
101 325 437.96 0.25
101 326 444.78 0.25
101 327 453.36 0.24
101 328 460.43 0.24
101 329 469.21 0.24
101 330 476.41 0.24
101 331 485.39 0.24
101 332 493.02 0.22
101 333 501.67 0.23
101 334 508.62 0.24
101 335 518.14 0.23
101 336 526.02 0.20
101 337 535.27 0.21
101 338 541.95 0.23
101 339 552.55 0.18
101 340 559.27 0.19
101 341 569.78 -0.15
101 342 577.43 -0.16
102 226 107.41 0.08
102 227 106.20 0.00
102 228 102.68 0.00
102 229 100.70 0.15
102 230 97.50 0.06
102 231 97.35 -0.11
102 232 93.96 0.36
102 233 92.55 0.36
102 234 90.35 0.34
102 235 88.91 0.30
102 236 87.52 0.34
102 237 86.76 0.32
102 238 84.99 0.32
102 239 84.29 0.30
102 240 82.98 0.29
102 241 82.51 0.34
102 242 81.47 0.30
102 243 80.82 0.30
102 244 80.60 0.30
102 245 80.44 0.30
102 246 80.30 0.30
102 247 80.57 0.29
102 248 80.51 0.28
102 249 81.39 0.29
102 250 81.36 0.29
102 251 82.75 0.30
102 252 82.87 0.29
102 253 84.61 0.30
102 254 85.11 0.29
102 255 86.76 0.29
102 256 87.78 0.28
102 257 90.01 0.30
102 258 91.19 0.28
102 259 93.40 0.28
102 260 95.35 0.27
102 261 98.08 0.27
102 262 99.76 0.26
102 263 102.77 0.26
102 264 104.87 0.26
102 265 108.30 0.26
102 266 110.73 0.26
102 267 113.99 0.24
102 268 116.83 0.23
102 269 120.36 0.22
102 270 123.33 0.22
102 271 126.93 0.22
102 272 130.50 0.18
102 273 134.28 0.18
102 274 137.99 -0.15
102 275 141.50 -0.14
102 276 144.77 -0.15
102 277 148.86 -0.12
102 278 152.18 -0.14
102 279 156.32 -0.12
102 280 160.21 -0.11
102 281 164.26 -0.11
102 282 168.81 -0.08
102 283 173.47 0.05
102 284 178.37 0.00
102 285 183.41 0.00
102 286 187.44 0.00
102 287 193.94 0.00
102 288 197.74 0.00
102 289 204.00 0.00
102 290 208.65 0.00
102 291 212.89 0.11
102 292 216.47 0.37
102 293 221.02 0.31
102 294 226.54 0.34
102 295 231.44 0.34
102 296 237.16 0.34
102 297 241.78 0.30
102 298 247.82 0.29
102 299 252.43 0.30
102 300 258.99 0.30
102 301 264.01 0.26
102 302 270.54 0.27
102 303 275.65 0.27
102 304 282.08 0.28
102 305 287.06 0.27
102 306 294.11 0.27
102 307 300.24 0.27
102 308 306.35 0.27
102 309 312.30 0.26
102 310 318.82 0.26
102 311 324.66 0.28
102 312 331.70 0.26
102 313 337.86 0.27
102 314 344.74 0.27
102 315 350.82 0.26
102 316 358.10 0.26
102 317 364.41 0.26
102 318 371.70 0.26
102 319 378.18 0.25
102 320 385.76 0.26
102 321 392.81 0.26
102 322 399.96 0.25
102 323 407.01 0.25
102 324 414.63 0.26
102 325 421.34 0.25
102 326 429.57 0.25
102 327 436.33 0.25
102 328 444.71 0.25
102 329 451.90 0.25
102 330 460.38 0.25
102 331 467.19 0.25
102 332 476.09 0.24
102 333 483.87 0.23
102 334 492.33 0.23
102 335 499.73 0.23
102 336 508.72 0.22
102 337 516.30 0.23
102 338 525.31 0.21
102 339 531.85 0.23
102 340 542.39 0.18
102 341 549.33 0.19
102 342 559.78 -0.16
102 343 567.71 0.15
102 344 576.42 -0.15
103 236 98.23 0.28
103 237 96.60 0.36
103 238 95.45 0.30
103 239 93.70 0.34
103 240 92.47 0.32
103 241 91.20 0.30
103 242 90.88 0.34
103 243 89.54 0.30
103 244 88.82 0.28
103 245 88.05 0.29
103 246 88.08 0.29
103 247 87.51 0.27
103 248 87.16 0.29
103 249 87.20 0.28
103 250 87.44 0.28
103 251 87.47 0.27
103 252 88.57 0.27
103 253 88.58 0.28
103 254 90.05 0.29
103 255 90.22 0.27
103 256 91.79 0.28
103 257 92.70 0.29
103 258 94.44 0.28
103 259 95.55 0.27
103 260 97.45 0.27
103 261 99.07 0.26
103 262 101.63 0.26
103 263 103.21 0.27
103 264 105.98 0.26
103 265 107.84 0.26
103 266 110.87 0.24
103 267 113.26 0.26
103 268 116.31 0.24
103 269 119.17 0.22
103 270 122.41 0.23
103 271 125.29 0.22
103 272 128.59 0.23
103 273 132.15 0.18
103 274 135.82 0.18
103 275 139.23 -0.16
103 276 142.59 -0.14
103 277 145.82 -0.15
103 278 149.41 -0.14
103 279 152.81 -0.14
103 280 156.80 -0.12
103 281 160.64 -0.11
103 282 164.94 -0.09
103 283 169.34 0.05
103 284 173.35 0.06
103 285 178.21 0.00
103 286 183.09 0.00
103 287 187.00 0.00
103 288 193.33 0.00
103 289 196.97 0.00
103 290 203.07 0.00
103 291 207.55 0.00
103 292 212.00 0.07
103 293 215.13 0.39
103 294 219.54 0.40
103 295 225.13 0.40
103 296 229.44 0.35
103 297 235.03 0.35
103 298 239.43 0.28
103 299 245.31 0.31
103 300 249.55 0.28
103 301 256.12 0.30
103 302 260.52 0.30
103 303 267.40 0.30
103 304 272.21 0.30
103 305 278.73 0.28
103 306 283.71 0.26
103 307 290.54 0.27
103 308 296.16 0.27
103 309 302.42 0.26
103 310 308.27 0.27
103 311 314.62 0.27
103 312 320.17 0.27
103 313 327.21 0.26
103 314 333.24 0.26
103 315 340.08 0.26
103 316 345.81 0.26
103 317 353.13 0.26
103 318 359.44 0.26
103 319 366.15 0.26
103 320 372.47 0.25
103 321 380.08 0.26
103 322 386.65 0.26
103 323 394.07 0.25
103 324 400.79 0.25
103 325 408.30 0.25
103 326 415.17 0.25
103 327 422.95 0.25
103 328 429.76 0.25
103 329 437.93 0.25
103 330 444.77 0.25
103 331 453.33 0.23
103 332 460.02 0.25
103 333 468.89 0.23
103 334 476.15 0.23
103 335 484.57 0.24
103 336 491.51 0.24
103 337 500.81 0.21
103 338 508.18 0.23
103 339 516.99 0.22
103 340 523.95 0.24
103 341 534.06 0.17
103 342 540.92 0.19
103 343 551.09 -0.16
103 344 558.52 -0.15
103 345 567.69 -0.15
103 346 575.01 -0.14
103 347 584.34 -0.14
104 238 104.31 0.37
104 239 102.98 0.34
104 240 101.20 0.36
104 241 99.68 0.31
104 242 98.26 0.34
104 243 97.84 0.35
104 244 96.12 0.31
104 245 94.90 0.29
104 246 94.41 0.30
104 247 93.79 0.29
104 248 93.13 0.30
104 249 92.64 0.29
104 250 92.66 0.30
104 251 92.55 0.29
104 252 92.49 0.29
104 253 93.40 0.28
104 254 93.15 0.29
104 255 94.38 0.29
104 256 94.41 0.28
104 257 95.63 0.29
104 258 96.28 0.28
104 259 97.92 0.28
104 260 98.94 0.29
104 261 101.10 0.27
104 262 102.00 0.27
104 263 104.46 0.27
104 264 105.77 0.26
104 265 108.40 0.27
104 266 110.26 0.27
104 267 113.08 0.26
104 268 114.86 0.25
104 269 117.77 0.26
104 270 120.54 0.23
104 271 123.75 0.22
104 272 126.33 0.23
104 273 129.74 0.23
104 274 132.80 0.21
104 275 135.97 0.21
104 276 139.96 -0.15
104 277 143.00 -0.15
104 278 146.09 -0.15
104 279 149.47 -0.15
104 280 152.92 -0.13
104 281 156.56 -0.13
104 282 160.19 -0.12
104 283 164.53 -0.10
104 284 168.36 -0.07
104 285 172.92 0.05
104 286 177.54 0.00
104 287 182.25 0.00
104 288 186.04 0.00
104 289 192.19 0.00
104 290 195.68 0.00
104 291 201.61 0.00
104 292 205.93 0.00
104 293 209.73 0.09
104 294 212.46 0.40
104 295 216.63 0.38
104 296 221.94 0.36
104 297 226.45 0.35
104 298 231.86 0.34
104 299 236.46 0.34
104 300 242.34 0.36
104 301 246.21 0.28
104 302 253.00 0.35
104 303 257.20 0.30
104 304 263.52 0.29
104 305 268.15 0.31
104 306 274.52 0.29
104 307 279.52 0.25
104 308 285.91 0.29
104 309 291.58 0.27
104 310 297.91 0.26
104 311 302.85 0.27
104 312 309.60 0.25
104 313 315.10 0.28
104 314 321.86 0.27
104 315 327.62 0.28
104 316 334.30 0.26
104 317 340.17 0.26
104 318 347.00 0.26
104 319 353.01 0.25
104 320 360.10 0.26
104 321 366.31 0.25
104 322 373.42 0.26
104 323 379.94 0.26
104 324 387.15 0.25
104 325 394.02 0.25
104 326 401.28 0.26
104 327 407.80 0.25
104 328 415.67 0.25
104 329 422.49 0.26
104 330 430.48 0.25
104 331 437.02 0.25
104 332 445.45 0.25
104 333 452.15 0.24
104 334 460.48 0.24
104 335 467.83 0.23
104 336 476.29 0.23
104 337 483.59 0.22
104 338 492.06 0.23
104 339 499.36 0.23
104 340 508.06 0.22
104 341 515.64 0.19
104 342 524.58 0.20
104 343 533.23 -0.15
104 344 541.56 0.16
104 345 549.04 -0.15
104 346 558.11 -0.14
104 347 565.60 -0.15
104 348 574.49 -0.15
104 349 582.09 -0.14
105 240 112.22 0.28
105 241 110.61 0.36
105 242 108.77 0.31
105 243 107.28 0.34
105 244 106.57 0.34
105 245 104.78 0.31
105 246 103.91 0.32
105 247 102.34 0.28
105 248 102.00 0.28
105 249 100.96 0.31
105 250 100.35 0.30
105 251 99.65 0.29
105 252 99.58 0.29
105 253 99.61 0.29
105 254 100.36 0.30
105 255 99.70 0.30
105 256 100.59 0.27
105 257 100.63 0.27
105 258 101.68 0.29
105 259 102.07 0.28
105 260 103.49 0.28
105 261 104.21 0.28
105 262 106.14 0.24
105 263 106.98 0.27
105 264 109.19 0.26
105 265 110.28 0.27
105 266 112.77 0.27
105 267 114.29 0.27
105 268 116.78 0.24
105 269 118.59 0.23
105 270 121.22 0.24
105 271 123.82 0.24
105 272 126.50 0.24
105 273 129.12 0.23
105 274 132.55 0.25
105 275 135.30 0.20
105 276 138.79 0.18
105 277 141.72 -0.15
105 278 144.86 -0.15
105 279 147.78 -0.15
105 280 151.29 -0.14
105 281 154.12 -0.14
105 282 158.00 -0.13
105 283 161.41 -0.13
105 284 165.27 -0.10
105 285 169.07 -0.08
105 286 174.66 0.00
105 287 178.08 0.00
105 288 182.62 0.00
105 289 186.29 0.00
105 290 192.27 0.00
105 291 195.60 0.00
105 292 201.36 0.00
105 293 204.21 0.06
105 294 209.03 0.11
105 295 211.74 0.39
105 296 215.78 0.38
105 297 220.87 0.38
105 298 225.44 0.36
105 299 230.63 0.38
105 300 235.27 0.37
105 301 240.60 0.36
105 302 244.61 0.30
105 303 250.96 0.36
105 304 254.95 0.30
105 305 261.28 0.31
105 306 266.44 0.30
105 307 272.13 0.31
105 308 277.03 0.32
105 309 283.09 0.26
105 310 288.89 0.25
105 311 294.45 0.26
105 312 299.61 0.27
105 313 306.12 0.26
105 314 311.62 0.26
105 315 318.27 0.27
105 316 323.79 0.28
105 317 330.35 0.25
105 318 336.16 0.27
105 319 342.78 0.24
105 320 349.00 0.26
105 321 355.59 0.26
105 322 361.66 0.26
105 323 368.57 0.26
105 324 375.02 0.26
105 325 382.00 0.26
105 326 388.70 0.26
105 327 395.91 0.25
105 328 402.43 0.25
105 329 410.04 0.25
105 330 416.66 0.25
105 331 424.50 0.25
105 332 431.17 0.25
105 333 439.17 0.24
105 334 445.71 0.25
105 335 454.30 0.23
105 336 461.35 0.22
105 337 469.50 0.24
105 338 476.74 0.22
105 339 485.14 0.22
105 340 492.09 0.23
105 341 500.56 0.22
105 342 507.51 0.23
105 343 517.13 0.19
105 344 523.77 0.22
105 345 533.64 0.16
105 346 540.69 0.18
105 347 550.00 -0.16
105 348 557.39 -0.15
105 349 566.13 -0.15
105 350 573.49 -0.17
105 351 582.69 -0.15
105 352 590.30 -0.12
105 353 601.67 0.00
106 242 118.73 0.39
106 243 116.95 0.34
106 244 115.27 0.34
106 245 114.02 0.36
106 246 112.43 0.34
106 247 111.10 0.32
106 248 109.84 0.33
106 249 108.97 0.33
106 250 107.86 0.29
106 251 106.87 0.29
106 252 106.22 0.29
106 253 106.07 0.30
106 254 105.45 0.29
106 255 106.05 0.30
106 256 105.35 0.30
106 257 106.09 0.30
106 258 105.61 0.29
106 259 106.44 0.28
106 260 106.63 0.27
106 261 107.79 0.27
106 262 108.41 0.28
106 263 110.16 0.26
106 264 110.60 0.27
106 265 112.63 0.26
106 266 113.55 0.27
106 267 115.79 0.27
106 268 116.99 0.26
106 269 119.63 0.26
106 270 121.20 0.26
106 271 123.77 0.24
106 272 125.75 0.24
106 273 128.54 0.23
106 274 131.00 0.23
106 275 133.76 0.24
106 276 136.95 0.19
106 277 140.61 0.20
106 278 142.97 0.18
106 279 146.03 0.18
106 280 149.00 -0.14
106 281 152.81 0.13
106 282 154.97 -0.14
106 283 158.72 -0.12
106 284 161.82 -0.13
106 285 166.56 0.07
106 286 169.13 -0.09
106 287 174.88 0.00
106 288 178.14 0.00
106 289 182.50 0.00
106 290 186.06 0.00
106 291 191.86 0.00
106 292 195.04 0.00
106 293 200.64 0.00
106 294 204.63 0.00
106 295 207.78 0.10
106 296 210.00 0.42
106 297 213.80 0.38
106 298 219.08 0.40
106 299 223.35 0.40
106 300 228.40 0.38
106 301 233.00 0.38
106 302 238.01 0.36
106 303 242.19 0.31
106 304 247.98 0.35
106 305 252.43 0.32
106 306 258.38 0.33
106 307 262.60 0.30
106 308 268.56 0.29
106 309 273.26 0.31
106 310 279.51 0.29
106 311 284.42 0.29
106 312 290.59 0.27
106 313 295.38 0.27
106 314 302.06 0.28
106 315 307.12 0.27
106 316 313.64 0.28
106 317 319.34 0.28
106 318 325.50 0.26
106 319 331.37 0.26
106 320 337.70 0.26
106 321 343.55 0.27
106 322 350.02 0.26
106 323 355.94 0.25
106 324 362.84 0.25
106 325 369.19 0.25
106 326 375.95 0.25
106 327 382.46 0.25
106 328 389.54 0.25
106 329 395.82 0.25
106 330 403.44 0.25
106 331 410.06 0.26
106 332 417.57 0.24
106 333 423.97 0.25
106 334 432.08 0.25
106 335 438.61 0.23
106 336 446.61 0.23
106 337 453.56 0.24
106 338 461.71 0.22
106 339 468.75 0.23
106 340 476.99 0.22
106 341 483.85 0.22
106 342 492.49 0.22
106 343 499.31 0.21
106 344 508.60 0.20
106 345 515.70 0.20
106 346 524.87 0.17
106 347 531.72 0.17
106 348 541.26 -0.15
106 349 548.90 -0.15
106 350 557.51 -0.15
106 351 564.83 -0.16
106 352 573.81 -0.14
106 353 581.09 -0.12
106 354 592.58 0.00
106 355 599.66 0.00
107 244 127.12 0.37
107 245 124.77 0.35
107 246 123.55 0.37
107 247 121.70 0.34
107 248 120.15 0.34
107 249 118.83 0.34
107 250 117.73 0.34
107 251 116.27 0.31
107 252 115.41 0.30
107 253 114.26 0.30
107 254 113.77 0.30
107 255 113.09 0.30
107 256 113.50 0.30
107 257 112.62 0.30
107 258 113.15 0.29
107 259 112.57 0.28
107 260 113.17 0.28
107 261 113.15 0.28
107 262 114.06 0.28
107 263 114.46 0.28
107 264 115.77 0.28
107 265 116.35 0.27
107 266 118.04 0.27
107 267 118.79 0.27
107 268 120.87 0.27
107 269 121.88 0.26
107 270 124.19 0.26
107 271 125.54 0.24
107 272 127.97 0.24
107 273 130.00 0.25
107 274 132.55 0.24
107 275 134.79 0.23
107 276 137.93 0.21
107 277 141.08 0.17
107 278 144.01 0.17
107 279 146.06 0.16
107 280 149.36 0.16
107 281 152.30 0.18
107 282 155.33 0.16
107 283 157.42 -0.14
107 284 161.72 0.08
107 285 163.85 -0.12
107 286 167.14 -0.17
107 287 170.61 -0.09
107 288 176.31 0.00
107 289 179.43 0.00
107 290 183.60 0.00
107 291 187.04 0.00
107 292 192.67 0.00
107 293 195.69 0.00
107 294 201.12 0.00
107 295 204.95 0.00
107 296 205.56 0.43
107 297 210.17 0.44
107 298 213.86 0.42
107 299 218.86 0.42
107 300 222.72 0.40
107 301 228.35 0.41
107 302 232.43 0.37
107 303 237.34 0.38
107 304 241.72 0.38
107 305 246.90 0.36
107 306 251.03 0.32
107 307 256.75 0.34
107 308 261.26 0.30
107 309 266.77 0.31
107 310 271.27 0.31
107 311 277.42 0.29
107 312 282.13 0.29
107 313 288.15 0.27
107 314 293.01 0.26
107 315 299.35 0.27
107 316 304.28 0.27
107 317 310.66 0.26
107 318 316.21 0.28
107 319 322.45 0.26
107 320 327.73 0.28
107 321 334.16 0.26
107 322 339.95 0.26
107 323 346.33 0.25
107 324 352.08 0.25
107 325 358.83 0.25
107 326 365.03 0.25
107 327 371.58 0.25
107 328 378.08 0.26
107 329 384.88 0.25
107 330 390.98 0.25
107 331 398.36 0.25
107 332 404.72 0.23
107 333 412.42 0.24
107 334 418.87 0.25
107 335 426.52 0.24
107 336 433.06 0.25
107 337 440.88 0.25
107 338 448.20 0.22
107 339 455.54 0.24
107 340 462.91 0.22
107 341 470.84 0.22
107 342 477.96 0.20
107 343 486.18 0.22
107 344 492.95 0.20
107 345 502.34 0.18
107 346 508.79 0.20
107 347 517.72 0.17
107 348 524.92 0.17
107 349 534.00 -0.15
107 350 541.14 0.15
107 351 550.15 0.16
107 352 556.87 -0.15
107 353 566.83 0.10
107 354 573.98 0.10
107 355 584.59 0.00
107 356 591.59 0.00
107 357 600.51 0.00
107 358 607.63 0.00
107 359 616.65 0.00
107 360 624.30 0.00
108 246 133.65 0.41
108 247 132.02 0.36
108 248 130.15 0.38
108 249 128.61 0.34
108 250 126.99 0.34
108 251 125.95 0.35
108 252 124.23 0.33
108 253 122.76 0.30
108 254 121.69 0.30
108 255 121.07 0.31
108 256 120.10 0.30
108 257 120.28 0.30
108 258 119.22 0.30
108 259 119.47 0.28
108 260 118.75 0.28
108 261 119.07 0.28
108 262 118.94 0.28
108 263 119.51 0.27
108 264 119.72 0.27
108 265 120.96 0.27
108 266 121.16 0.27
108 267 122.55 0.27
108 268 123.15 0.26
108 269 124.97 0.26
108 270 125.84 0.26
108 271 127.97 0.24
108 272 129.00 0.24
108 273 131.28 0.25
108 274 132.87 0.24
108 275 135.31 0.24
108 276 137.29 0.22
108 277 139.86 0.21
108 278 142.69 0.18
108 279 145.58 0.19
108 280 148.03 0.17
108 281 150.54 0.18
108 282 153.91 0.16
108 283 156.62 0.13
108 284 159.88 0.14
108 285 161.82 -0.17
108 286 165.99 0.07
108 287 169.54 0.07
108 288 172.53 0.06
108 289 177.20 0.00
108 290 180.18 0.00
108 291 184.18 0.00
108 292 187.49 0.00
108 293 192.95 0.00
108 294 195.81 0.00
108 295 201.07 0.00
108 296 204.73 0.00
108 297 206.20 0.15
108 298 209.06 0.42
108 299 212.77 0.42
108 300 217.61 0.42
108 301 221.32 0.40
108 302 226.53 0.41
108 303 231.16 0.41
108 304 235.58 0.40
108 305 240.06 0.38
108 306 245.14 0.38
108 307 249.09 0.33
108 308 254.89 0.36
108 309 259.04 0.34
108 310 264.37 0.33
108 311 268.60 0.31
108 312 274.68 0.31
108 313 279.35 0.29
108 314 285.20 0.26
108 315 289.61 0.27
108 316 295.97 0.28
108 317 300.75 0.26
108 318 307.10 0.27
108 319 311.98 0.26
108 320 318.56 0.26
108 321 323.99 0.28
108 322 330.18 0.25
108 323 335.51 0.28
108 324 341.86 0.25
108 325 347.49 0.25
108 326 354.06 0.26
108 327 360.07 0.25
108 328 366.52 0.25
108 329 372.61 0.25
108 330 379.41 0.24
108 331 385.42 0.24
108 332 392.76 0.24
108 333 399.18 0.24
108 334 406.35 0.23
108 335 412.74 0.24
108 336 420.18 0.23
108 337 426.49 0.22
108 338 434.61 0.22
108 339 441.17 0.22
108 340 448.83 0.23
108 341 455.87 0.23
108 342 463.59 0.22
108 343 470.16 0.22
108 344 478.61 0.21
108 345 485.41 0.21
108 346 494.20 0.18
108 347 501.40 0.17
108 348 509.89 0.17
108 349 516.48 0.17
108 350 525.90 0.14
108 351 533.11 -0.15
108 352 541.76 -0.14
108 353 549.14 0.12
108 354 558.02 0.11
108 355 565.41 0.09
108 356 574.42 0.08
108 357 581.67 0.10
108 358 591.87 0.00
108 359 598.91 0.00
108 360 607.83 0.00
108 361 615.37 0.00
109 248 142.16 0.40
109 249 140.05 0.40
109 250 138.44 0.36
109 251 136.75 0.34
109 252 135.35 0.36
109 253 133.80 0.37
109 254 132.18 0.31
109 255 130.79 0.31
109 256 130.06 0.32
109 257 128.74 0.29
109 258 128.93 0.29
109 259 127.46 0.27
109 260 127.70 0.27
109 261 126.92 0.27
109 262 126.84 0.27
109 263 126.49 0.27
109 264 126.88 0.26
109 265 126.88 0.26
109 266 127.98 0.26
109 267 127.86 0.26
109 268 129.04 0.26
109 269 129.41 0.26
109 270 131.12 0.27
109 271 131.64 0.26
109 272 133.43 0.25
109 273 134.37 0.25
109 274 136.35 0.23
109 275 137.88 0.24
109 276 140.07 0.23
109 277 141.82 0.22
109 278 144.24 0.22
109 279 146.57 0.18
109 280 150.11 0.20
109 281 151.95 0.16
109 282 154.52 0.15
109 283 157.31 0.14
109 284 159.91 0.14
109 285 162.62 0.12
109 286 165.47 0.13
109 287 168.61 0.11
109 288 172.13 0.08
109 289 174.79 0.07
109 290 179.42 0.00
109 291 182.25 0.00
109 292 186.08 0.00
109 293 189.24 0.00
109 294 194.53 0.00
109 295 197.23 0.00
109 296 200.98 0.06
109 297 204.13 0.06
109 298 207.55 0.14
109 299 209.80 0.42
109 300 213.59 0.41
109 301 217.99 0.41
109 302 221.73 0.40
109 303 226.82 0.42
109 304 230.80 0.41
109 305 235.26 0.37
109 306 239.53 0.38
109 307 244.56 0.37
109 308 248.75 0.37
109 309 254.11 0.36
109 310 258.37 0.36
109 311 263.78 0.34
109 312 267.38 0.31
109 313 273.46 0.32
109 314 277.59 0.26
109 315 283.91 0.29
109 316 288.26 0.28
109 317 294.31 0.28
109 318 298.93 0.26
109 319 305.00 0.26
109 320 309.84 0.26
109 321 316.15 0.25
109 322 321.11 0.26
109 323 327.51 0.25
109 324 332.65 0.25
109 325 338.90 0.25
109 326 344.45 0.25
109 327 350.83 0.25
109 328 356.75 0.25
109 329 363.06 0.24
109 330 368.98 0.25
109 331 375.56 0.24
109 332 381.53 0.24
109 333 388.60 0.24
109 334 394.82 0.24
109 335 401.90 0.24
109 336 408.21 0.24
109 337 415.49 0.23
109 338 422.05 0.25
109 339 429.39 0.24
109 340 436.11 0.22
109 341 443.52 0.22
109 342 450.36 0.21
109 343 457.93 0.21
109 344 464.39 0.21
109 345 472.69 0.21
109 346 479.46 0.21
109 347 488.08 0.18
109 348 494.84 0.18
109 349 503.45 0.18
109 350 511.12 0.14
109 351 519.12 0.15
109 352 526.66 0.15
109 353 535.31 0.14
109 354 542.01 0.14
109 355 551.24 0.10
109 356 558.30 0.10
109 357 567.25 0.08
109 358 574.12 0.09
109 359 584.42 0.00
110 250 149.15 0.38
110 251 147.48 0.38
110 252 145.47 0.38
110 253 143.93 0.36
110 254 142.26 0.37
110 255 140.87 0.34
110 256 138.79 0.29
110 257 137.86 0.29
110 258 136.31 0.29
110 259 136.22 0.30
110 260 134.67 0.28
110 261 134.59 0.28
110 262 133.38 0.28
110 263 133.45 0.28
110 264 132.69 0.27
110 265 133.20 0.27
110 266 132.81 0.28
110 267 133.35 0.27
110 268 133.40 0.26
110 269 134.43 0.26
110 270 134.64 0.26
110 271 136.05 0.26
110 272 136.42 0.24
110 273 137.94 0.25
110 274 138.82 0.25
110 275 140.59 0.24
110 276 141.75 0.23
110 277 143.75 0.23
110 278 145.41 0.22
110 279 147.51 0.22
110 280 149.62 0.21
110 281 152.21 0.21
110 282 154.72 0.19
110 283 156.84 0.17
110 284 159.83 0.15
110 285 162.45 0.15
110 286 164.77 0.13
110 287 167.48 0.12
110 288 170.43 0.10
110 289 173.69 0.08
110 290 176.32 0.07
110 291 179.66 0.05
110 292 183.63 0.00
110 293 187.28 0.00
110 294 190.33 0.00
110 295 195.45 0.00
110 296 197.98 0.00
110 297 202.90 0.00
110 298 204.66 0.05
110 299 207.48 0.14
110 300 209.95 0.44
110 301 213.13 0.42
110 302 217.98 0.44
110 303 221.92 0.44
110 304 225.88 0.42
110 305 230.07 0.39
110 306 234.50 0.39
110 307 238.55 0.39
110 308 243.46 0.38
110 309 247.62 0.38
110 310 252.47 0.37
110 311 256.76 0.36
110 312 262.02 0.36
110 313 265.69 0.33
110 314 271.46 0.33
110 315 275.79 0.34
110 316 281.48 0.29
110 317 285.83 0.26
110 318 291.70 0.27
110 319 296.12 0.25
110 320 302.14 0.26
110 321 307.24 0.27
110 322 312.97 0.25
110 323 318.40 0.25
110 324 323.99 0.25
110 325 329.21 0.27
110 326 335.36 0.25
110 327 340.60 0.25
110 328 346.97 0.24
110 329 352.70 0.24
110 330 358.79 0.24
110 331 364.72 0.23
110 332 371.03 0.24
110 333 376.90 0.24
110 334 383.90 0.23
110 335 389.60 0.23
110 336 396.80 0.22
110 337 402.85 0.23
110 338 410.11 0.23
110 339 416.28 0.22
110 340 423.82 0.22
110 341 430.34 0.22
110 342 437.72 0.21
110 343 444.26 0.21
110 344 451.80 0.21
110 345 458.15 0.20
110 346 466.32 0.20
110 347 472.80 0.20
110 348 481.11 0.19
110 349 487.69 0.19
110 350 496.31 0.18
110 351 502.81 0.18
110 352 511.65 0.16
110 353 519.09 0.15
110 354 527.25 -0.15
110 355 534.87 0.11
110 356 543.53 0.12
110 357 550.33 0.11
110 358 559.12 0.12
110 359 565.82 0.10
110 360 574.80 0.09
