# Public ULB numerical table: Z A Mcal(MeV) beta2; source precision retained
8 16 -2.75 0.00
8 17 1.27 0.00
8 18 0.93 0.00
8 19 5.15 0.00
8 20 3.24 0.07
8 21 9.08 0.13
8 22 9.38 0.20
8 23 14.86 0.16
8 24 19.13 -0.06
8 25 29.59 -0.10
8 26 34.84 -0.07
8 27 46.97 0.07
8 28 50.69 -0.05
8 29 62.85 0.11
8 30 70.20 0.11
8 31 80.50 0.11
8 32 88.10 0.16
8 33 96.02 0.11
8 34 106.50 -0.18
9 17 4.21 0.00
9 18 2.37 0.00
9 19 0.89 0.00
9 20 -0.91 0.17
9 21 -2.85 0.19
9 22 1.81 0.20
9 23 1.47 0.19
9 24 5.47 0.16
9 25 9.31 0.14
9 26 17.51 0.16
9 27 22.41 0.15
9 28 32.25 0.12
9 29 37.38 -0.11
9 30 47.41 0.16
9 31 53.59 0.19
9 32 64.57 0.28
9 33 71.94 0.30
9 34 82.10 0.30
9 35 90.30 0.31
9 36 99.82 0.29
9 37 109.04 -0.28
9 38 120.28 -0.27
10 18 7.32 0.00
10 19 4.11 0.00
10 20 -9.14 0.21
10 21 -6.27 -0.20
10 22 -8.29 0.25
10 23 -4.79 0.26
10 24 -6.81 0.24
10 25 -3.02 0.14
10 26 -0.13 -0.09
10 27 6.45 0.15
10 28 10.84 0.11
10 29 18.87 0.31
10 30 22.10 -0.08
10 31 32.63 0.31
10 32 37.73 0.23
10 33 47.58 0.41
10 34 53.75 0.27
10 35 64.35 0.28
10 36 71.10 0.23
10 37 81.27 0.25
10 38 88.32 0.24
10 39 100.10 -0.29
10 40 106.62 -0.27
10 41 117.87 -0.27
10 42 124.20 0.19
11 19 12.38 -0.10
11 20 6.09 0.16
11 21 -2.59 -0.22
11 22 -4.81 0.47
11 23 -8.98 -0.24
11 24 -7.52 0.49
11 25 -9.16 -0.26
11 26 -7.12 -0.19
11 27 -5.25 -0.12
11 28 -0.53 0.21
11 29 2.82 -0.14
11 30 9.60 -0.11
11 31 12.81 0.45
11 32 20.46 0.53
11 33 25.07 0.49
11 34 32.83 0.46
11 35 38.30 0.42
11 36 47.06 0.41
11 37 53.55 0.42
11 38 62.93 0.35
11 39 70.26 0.44
11 40 80.07 0.37
11 41 87.61 0.38
11 42 97.66 -0.25
11 43 105.46 -0.23
11 44 115.34 -0.09
12 20 16.77 0.08
12 21 8.82 0.15
12 22 -0.19 0.23
12 23 -4.68 -0.24
12 24 -14.28 -0.25
12 25 -12.72 0.38
12 26 -15.88 -0.27
12 27 -15.10 -0.21
12 28 -15.71 -0.20
12 29 -10.52 0.20
12 30 -9.37 0.18
12 31 -2.44 -0.11
12 32 -0.69 -0.08
12 33 5.70 0.30
12 34 9.30 0.24
12 35 17.22 0.38
12 36 21.32 0.31
12 37 29.59 0.40
12 38 34.88 0.35
12 39 43.54 0.38
12 40 50.25 0.36
12 41 59.88 0.26
12 42 65.98 -0.29
12 43 75.68 -0.26
12 44 82.86 -0.24
12 45 92.75 -0.08
12 46 99.72 -0.09
13 21 28.12 0.15
13 22 17.57 0.22
13 23 7.97 0.26
13 24 1.19 0.48
13 25 -8.00 0.37
13 26 -12.16 0.33
13 27 -17.25 -0.33
13 28 -16.88 -0.26
13 29 -17.59 -0.24
13 30 -14.92 0.21
13 31 -14.62 -0.20
13 32 -10.37 0.14
13 33 -8.93 0.18
13 34 -3.37 0.28
13 35 -0.87 0.30
13 36 5.55 0.33
13 37 8.53 0.34
13 38 15.78 0.34
13 39 20.00 0.34
13 40 28.12 0.32
13 41 33.63 -0.33
13 42 41.61 -0.30
13 43 47.69 -0.29
13 44 56.72 -0.25
13 45 63.66 -0.24
13 46 72.86 0.11
13 47 80.91 0.10
13 48 89.90 -0.10
14 22 34.05 0.09
14 23 22.61 0.20
14 24 11.23 0.24
14 25 4.67 -0.27
14 26 -6.38 0.25
14 27 -12.32 -0.34
14 28 -20.96 -0.30
14 29 -22.17 -0.26
14 30 -23.91 -0.23
14 31 -21.60 -0.20
14 32 -23.43 0.21
14 33 -19.33 -0.14
14 34 -20.24 0.18
14 35 -14.09 0.17
14 36 -13.17 0.15
14 37 -6.57 -0.21
14 38 -4.92 0.26
14 39 2.57 0.33
14 40 4.50 -0.29
14 41 12.18 0.25
14 42 15.77 -0.33
14 43 23.14 -0.30
14 44 28.71 -0.29
14 45 37.39 -0.25
14 46 43.78 -0.24
14 47 52.97 0.07
14 48 60.39 -0.05
14 49 69.26 -0.09
14 50 76.99 -0.15
15 23 46.61 -0.09
15 24 32.83 0.16
15 25 20.73 0.16
15 26 13.08 0.19
15 27 -0.21 -0.25
15 28 -7.13 -0.27
15 29 -16.89 -0.29
15 30 -21.44 -0.21
15 31 -24.83 -0.24
15 32 -23.67 -0.23
15 33 -25.85 -0.21
15 34 -23.71 -0.15
15 35 -24.68 -0.17
15 36 -20.12 -0.09
15 37 -19.91 0.26
15 38 -14.46 0.24
15 39 -13.74 0.23
15 40 -7.75 0.29
15 41 -6.20 0.27
15 42 -0.02 0.28
15 43 3.79 0.26
15 44 10.41 -0.28
15 45 14.88 -0.24
15 46 22.84 -0.21
15 47 28.47 -0.20
15 48 37.02 0.08
15 49 43.70 -0.07
15 50 53.88 -0.09
15 51 60.51 0.12
15 52 70.93 -0.11
16 24 53.14 -0.09
16 25 42.22 -0.12
16 26 27.59 -0.16
16 27 20.42 0.35
16 28 4.60 -0.22
16 29 -2.26 -0.26
16 30 -13.27 -0.24
16 31 -19.63 -0.20
16 32 -26.90 -0.21
16 33 -25.68 -0.18
16 34 -29.38 -0.17
16 35 -27.97 -0.15
16 36 -30.62 -0.16
16 37 -26.70 -0.18
16 38 -27.42 0.12
16 39 -23.00 0.20
16 40 -23.31 0.22
16 41 -18.56 -0.20
16 42 -17.23 0.29
16 43 -11.96 0.27
16 44 -9.01 -0.27
16 45 -3.25 -0.25
16 46 0.62 -0.24
16 47 8.13 -0.21
16 48 13.03 -0.21
16 49 21.32 0.11
16 50 26.68 -0.17
16 51 37.40 -0.20
16 52 42.29 -0.18
16 53 52.41 -0.16
16 54 59.27 -0.15
17 25 68.86 -0.10
17 26 56.68 0.14
17 27 40.56 0.17
17 28 30.26 0.30
17 29 15.60 -0.18
17 30 6.29 -0.21
17 31 -5.61 -0.27
17 32 -12.70 -0.23
17 33 -20.20 -0.20
17 34 -23.72 -0.18
17 35 -28.27 0.24
17 36 -28.78 0.20
17 37 -30.46 0.23
17 38 -29.04 -0.22
17 39 -29.87 0.13
17 40 -27.45 0.21
17 41 -28.29 0.21
17 42 -24.48 0.26
17 43 -24.46 0.23
17 44 -20.22 0.26
17 45 -18.29 -0.21
17 46 -13.32 -0.20
17 47 -9.72 -0.21
17 48 -3.66 -0.21
17 49 1.13 -0.21
17 50 8.42 -0.23
17 51 13.65 -0.21
17 52 21.90 -0.20
17 53 27.92 -0.20
17 54 36.86 -0.23
17 55 44.20 -0.12
17 56 55.40 0.00
17 57 61.17 -0.08
17 58 69.83 -0.07
17 59 76.76 0.22
17 60 86.52 0.22
17 61 93.75 0.29
17 62 103.01 0.30
17 63 111.38 0.30
17 64 120.52 0.28
18 27 63.85 0.13
18 28 49.32 0.14
18 29 38.93 0.25
18 30 22.43 0.21
18 31 12.46 -0.21
18 32 -1.48 0.21
18 33 -8.86 -0.19
18 34 -17.96 -0.21
18 35 -21.95 -0.18
18 36 -30.81 0.21
18 37 -31.76 0.18
18 38 -35.76 0.17
18 39 -33.20 -0.11
18 40 -35.62 0.08
18 41 -33.21 0.11
18 42 -35.75 0.15
18 43 -31.51 0.26
18 44 -32.76 -0.15
18 45 -29.43 0.24
18 46 -28.86 -0.20
18 47 -24.62 -0.19
18 48 -21.76 -0.19
18 49 -15.99 -0.19
18 50 -12.24 -0.20
18 51 -5.46 -0.19
18 52 -0.97 -0.20
18 53 6.51 -0.19
18 54 12.21 -0.15
18 55 20.68 -0.15
18 56 26.76 -0.11
18 57 37.42 0.00
18 58 41.89 0.09
18 59 51.78 -0.06
18 60 57.43 0.13
18 61 67.90 0.10
18 62 73.77 0.16
18 63 84.21 0.17
18 64 90.63 0.20
18 65 100.55 0.21
18 66 108.40 -0.23
19 29 64.30 0.04
19 30 51.38 0.11
19 31 35.80 -0.10
19 32 23.57 0.31
19 33 9.66 -0.28
19 34 -0.35 -0.16
19 35 -9.86 0.21
19 36 -14.94 -0.27
19 37 -25.52 0.19
19 38 -27.96 -0.08
19 39 -34.07 0.22
19 40 -33.13 0.10
19 41 -36.15 -0.07
19 42 -34.99 -0.07
19 43 -37.51 -0.08
19 44 -35.78 -0.09
19 45 -37.22 -0.10
19 46 -34.78 -0.12
19 47 -35.06 -0.11
19 48 -31.93 -0.12
19 49 -29.68 -0.12
19 50 -24.92 -0.11
19 51 -22.00 -0.10
19 52 -16.22 -0.09
19 53 -12.13 -0.09
19 54 -5.28 -0.11
19 55 -0.77 -0.10
19 56 6.98 -0.10
19 57 12.21 -0.07
19 58 20.47 -0.06
19 59 25.86 -0.08
19 60 35.59 -0.07
19 61 40.91 -0.07
19 62 48.70 -0.08
19 63 56.06 -0.08
19 64 64.27 -0.08
19 65 74.41 0.00
19 66 80.39 -0.14
19 67 88.89 -0.11
19 68 97.51 -0.14
20 31 61.05 0.24
20 32 43.76 -0.11
20 33 31.27 0.25
20 34 16.21 0.11
20 35 6.13 -0.10
20 36 -5.70 -0.19
20 37 -11.42 0.21
20 38 -22.75 0.17
20 39 -27.13 0.14
20 40 -34.86 0.03
20 41 -35.30 -0.05
20 42 -39.55 0.04
20 43 -38.13 0.05
20 44 -42.19 0.05
20 45 -40.93 0.12
20 46 -43.32 -0.05
20 47 -41.75 0.11
20 48 -43.52 0.12
20 49 -39.81 -0.11
20 50 -39.11 -0.11
20 51 -34.20 -0.08
20 52 -32.89 0.11
20 53 -26.27 0.00
20 54 -22.65 0.00
20 55 -17.12 -0.05
20 56 -12.56 0.00
20 57 -5.87 0.00
20 58 -1.41 0.00
20 59 5.97 0.00
20 60 10.81 0.00
20 61 19.33 0.00
20 62 24.36 0.00
20 63 32.48 0.04
20 64 37.82 0.04
20 65 47.69 0.00
20 66 52.89 0.05
20 67 62.31 0.06
20 68 68.47 0.07
20 69 78.06 0.08
20 70 84.75 0.07
21 32 75.34 0.00
21 33 56.58 0.15
21 34 46.92 0.18
21 35 33.75 -0.10
21 36 16.28 -0.18
21 37 4.78 -0.16
21 38 -2.55 -0.13
21 39 -13.87 0.24
21 40 -19.72 -0.10
21 41 -28.86 -0.07
21 42 -32.30 -0.08
21 43 -37.69 -0.07
21 44 -37.99 0.08
21 45 -41.75 -0.08
21 46 -41.85 0.12
21 47 -44.63 -0.08
21 48 -44.23 0.11
21 49 -46.07 -0.09
21 50 -44.30 0.10
21 51 -43.43 -0.08
21 52 -40.14 0.08
21 53 -38.52 -0.09
21 54 -34.04 -0.08
21 55 -31.42 -0.08
21 56 -25.77 -0.09
21 57 -22.66 -0.08
21 58 -16.23 -0.08
21 59 -12.81 -0.08
21 60 -6.02 -0.07
21 61 -1.80 -0.07
21 62 6.17 -0.06
21 63 10.44 -0.07
21 64 18.58 0.07
21 65 23.67 0.08
21 66 32.03 0.07
21 67 37.51 0.09
21 68 46.33 0.08
21 69 52.14 0.11
21 70 61.21 0.15
21 71 67.73 -0.08
21 72 76.09 -0.10
21 73 83.73 -0.10
21 74 92.61 -0.10
21 75 100.41 -0.12
21 76 109.55 0.08
21 77 117.32 0.09
21 78 126.99 0.08
21 79 135.16 0.07
21 80 144.29 0.05
22 34 65.74 0.39
22 35 51.34 0.37
22 36 35.55 0.22
22 37 24.11 0.16
22 38 10.95 0.17
22 39 2.03 0.23
22 40 -9.03 0.10
22 41 -15.95 -0.07
22 42 -24.23 0.00
22 43 -30.55 -0.06
22 44 -38.66 0.06
22 45 -39.70 0.23
22 46 -45.81 0.14
22 47 -44.66 -0.09
22 48 -49.66 0.16
22 49 -48.81 0.14
22 50 -51.43 0.09
22 51 -49.68 0.12
22 52 -49.74 -0.08
22 53 -46.67 0.11
22 54 -46.30 0.11
22 55 -41.86 0.11
22 56 -40.67 0.12
22 57 -34.95 -0.09
22 58 -33.04 0.11
22 59 -27.29 0.10
22 60 -24.36 0.10
22 61 -17.69 0.15
22 62 -14.51 0.11
22 63 -7.01 -0.08
22 64 -3.23 0.07
22 65 4.20 0.15
22 66 8.45 0.13
22 67 16.70 0.19
22 68 21.26 0.17
22 69 29.31 0.22
22 70 35.13 0.16
22 71 43.59 0.18
22 72 50.02 0.12
22 73 58.31 0.13
22 74 65.41 0.15
22 75 74.48 -0.12
22 76 81.88 -0.10
22 77 91.11 -0.12
22 78 98.37 0.10
22 79 107.80 0.09
22 80 115.86 0.05
22 81 126.57 0.00
22 82 135.02 0.00
23 36 65.93 0.38
23 37 49.74 0.33
23 38 39.67 0.25
23 39 22.59 0.26
23 40 12.34 0.20
23 41 0.34 0.15
23 42 -7.92 -0.09
23 43 -18.22 0.11
23 44 -24.09 0.08
23 45 -32.89 0.13
23 46 -36.34 0.20
23 47 -42.68 0.24
23 48 -43.71 0.25
23 49 -47.94 0.25
23 50 -48.58 0.18
23 51 -51.57 -0.15
23 52 -51.06 -0.15
23 53 -51.71 0.16
23 54 -49.37 0.14
23 55 -49.23 0.14
23 56 -46.03 0.18
23 57 -44.84 0.13
23 58 -40.38 0.13
23 59 -38.48 0.09
23 60 -33.74 0.11
23 61 -31.14 0.11
23 62 -25.58 0.24
23 63 -22.52 0.15
23 64 -16.33 -0.09
23 65 -13.46 0.27
23 66 -7.12 0.25
23 67 -3.07 0.25
23 68 3.92 0.27
23 69 8.68 0.24
23 70 15.81 0.26
23 71 21.61 0.24
23 72 29.16 0.20
23 73 35.75 0.23
23 74 43.53 0.15
23 75 50.27 0.17
23 76 58.80 0.13
23 77 65.68 -0.13
23 78 74.53 -0.15
23 79 82.04 -0.12
23 80 91.14 -0.10
23 81 99.11 0.08
23 82 108.30 0.05
23 83 116.44 0.07
23 84 126.07 0.05
24 38 57.75 -0.33
24 39 44.61 0.25
24 40 29.97 0.28
24 41 19.12 0.22
24 42 5.49 0.16
24 43 -2.87 -0.10
24 44 -14.18 0.05
24 45 -20.23 -0.07
24 46 -30.88 0.14
24 47 -34.87 0.28
24 48 -44.05 0.22
24 49 -45.23 0.29
24 50 -51.38 0.24
24 51 -51.74 0.20
24 52 -55.79 0.19
24 53 -55.54 0.23
24 54 -57.11 0.21
24 55 -55.14 0.23
24 56 -56.19 0.18
24 57 -53.48 0.20
24 58 -53.27 0.19
24 59 -49.23 0.18
24 60 -48.23 0.15
24 61 -43.72 0.14
24 62 -41.97 0.14
24 63 -37.00 0.19
24 64 -34.79 0.19
24 65 -29.28 0.27
24 66 -26.45 0.21
24 67 -20.54 0.22
24 68 -17.11 0.22
24 69 -10.37 0.26
24 70 -6.67 0.21
24 71 0.61 0.23
24 72 5.17 0.21
24 73 12.47 0.21
24 74 18.33 0.22
24 75 26.21 0.19
24 76 32.30 0.20
24 77 40.82 0.18
24 78 47.34 0.15
24 79 56.05 0.12
24 80 63.26 0.13
24 81 72.15 0.11
24 82 79.81 0.09
24 83 89.10 0.10
24 84 97.41 0.04
24 85 106.02 0.11
24 86 114.54 -0.07
25 40 56.79 0.31
25 41 42.66 0.32
25 42 30.61 0.26
25 43 17.36 0.25
25 44 6.60 -0.11
25 45 -4.46 0.05
25 46 -12.60 0.12
25 47 -22.35 0.19
25 48 -28.37 0.27
25 49 -37.51 0.27
25 50 -42.01 0.30
25 51 -48.15 0.24
25 52 -50.06 0.21
25 53 -54.05 -0.15
25 54 -54.58 -0.14
25 55 -56.92 -0.18
25 56 -55.87 0.26
25 57 -57.13 -0.17
25 58 -55.28 0.24
25 59 -55.60 0.24
25 60 -52.66 0.23
25 61 -52.38 0.24
25 62 -48.76 0.26
25 63 -47.78 0.31
25 64 -43.73 0.32
25 65 -42.06 0.32
25 66 -37.68 0.31
25 67 -35.12 0.30
25 68 -29.65 0.28
25 69 -26.97 0.27
25 70 -21.22 0.26
25 71 -17.74 0.23
25 72 -11.43 0.22
25 73 -7.13 0.23
25 74 -0.38 0.23
25 75 4.91 0.22
25 76 11.88 0.23
25 77 17.69 0.22
25 78 25.79 0.21
25 79 32.78 0.21
25 80 41.09 0.21
25 81 48.15 0.21
25 82 56.91 0.19
25 83 64.31 0.20
25 84 73.27 0.19
25 85 81.16 0.20
25 86 90.30 0.07
25 87 98.27 0.23
25 88 106.95 -0.09
26 42 51.81 0.33
26 43 38.89 0.26
26 44 24.52 -0.19
26 45 13.65 -0.12
26 46 0.61 -0.04
26 47 -7.43 -0.09
26 48 -19.16 0.19
26 49 -24.45 0.22
26 50 -35.38 0.24
26 51 -39.84 0.29
26 52 -48.66 0.27
26 53 -50.94 0.30
26 54 -56.39 0.19
26 55 -57.16 -0.18
26 56 -60.29 -0.16
26 57 -59.50 -0.18
26 58 -61.86 0.23
26 59 -60.43 0.22
26 60 -61.66 0.23
26 61 -59.04 0.22
26 62 -59.50 0.26
26 63 -56.22 0.15
26 64 -55.58 0.13
26 65 -51.80 -0.15
26 66 -50.54 0.10
26 67 -47.07 0.24
26 68 -45.24 0.17
26 69 -40.50 0.21
26 70 -38.32 0.19
26 71 -32.90 0.25
26 72 -30.22 0.20
26 73 -23.96 0.19
26 74 -20.71 0.18
26 75 -14.05 0.14
26 76 -8.33 0.00
26 77 -2.54 -0.11
26 78 2.78 0.17
26 79 10.54 0.19
26 80 16.45 0.19
26 81 24.94 0.20
26 82 31.22 0.19
26 83 39.58 0.17
26 84 46.63 0.18
26 85 55.37 0.14
26 86 62.46 0.14
26 87 71.96 -0.15
26 88 79.22 0.12
26 89 88.99 -0.08
26 90 96.69 0.11
27 44 51.59 0.28
27 45 36.65 -0.21
27 46 25.26 -0.11
27 47 11.44 0.08
27 48 1.83 0.12
27 49 -9.72 0.17
27 50 -16.50 0.19
27 51 -27.80 0.22
27 52 -33.33 0.30
27 53 -42.96 0.22
27 54 -46.85 0.15
27 55 -53.17 0.14
27 56 -55.09 -0.15
27 57 -58.40 0.25
27 58 -58.62 0.20
27 59 -61.56 0.19
27 60 -60.71 0.19
27 61 -62.53 0.19
27 62 -60.54 0.18
27 63 -61.83 0.18
27 64 -59.58 0.21
27 65 -59.26 0.09
27 66 -56.43 -0.17
27 67 -55.89 0.08
27 68 -52.63 0.11
27 69 -51.53 0.09
27 70 -47.31 0.09
27 71 -45.98 0.11
27 72 -41.26 0.13
27 73 -39.27 0.13
27 74 -33.96 0.13
27 75 -31.34 0.12
27 76 -25.75 0.09
27 77 -20.36 0.00
27 78 -14.79 0.08
27 79 -10.03 0.10
27 80 -2.54 0.14
27 81 2.93 0.14
27 82 10.99 0.16
27 83 16.91 0.15
27 84 25.08 0.14
27 85 31.74 -0.14
27 86 40.49 0.13
27 87 47.57 0.13
27 88 56.20 0.09
27 89 63.58 0.10
27 90 72.60 -0.12
27 91 80.41 0.11
27 92 89.13 0.15
28 46 45.81 -0.23
28 47 33.98 -0.07
28 48 18.84 0.05
28 49 8.99 -0.10
28 50 -3.80 0.14
28 51 -10.55 0.16
28 52 -22.69 0.20
28 53 -28.79 -0.18
28 54 -38.99 0.25
28 55 -44.48 -0.20
28 56 -52.70 0.15
28 57 -55.55 -0.17
28 58 -59.83 -0.19
28 59 -60.23 -0.19
28 60 -63.69 -0.18
28 61 -63.49 -0.20
28 62 -66.06 -0.21
28 63 -64.83 -0.18
28 64 -66.95 -0.19
28 65 -64.85 -0.20
28 66 -66.08 -0.16
28 67 -63.36 -0.17
28 68 -63.49 0.09
28 69 -60.05 -0.09
28 70 -59.74 0.06
28 71 -55.73 0.06
28 72 -55.16 0.08
28 73 -50.55 -0.08
28 74 -49.55 0.09
28 75 -44.31 0.10
28 76 -42.73 0.10
28 77 -37.64 0.07
28 78 -34.43 -0.02
28 79 -28.39 -0.07
28 80 -23.58 -0.08
28 81 -16.45 -0.11
28 82 -11.31 -0.11
28 83 -3.47 -0.12
28 84 1.91 -0.13
28 85 10.20 -0.18
28 86 15.94 -0.14
28 87 24.46 -0.17
28 88 30.66 -0.15
28 89 39.93 -0.22
28 90 46.08 -0.16
28 91 55.78 -0.13
28 92 62.12 -0.15
28 93 73.04 0.40
28 94 79.10 -0.11
28 99 121.87 0.36
28 100 131.74 0.39
28 101 139.49 0.32
28 102 149.49 0.36
29 48 45.21 -0.14
29 49 30.77 0.06
29 50 19.96 -0.10
29 51 7.23 0.15
29 52 -1.19 0.18
29 53 -13.61 0.22
29 54 -20.14 0.29
29 55 -31.24 0.22
29 56 -37.61 -0.16
29 57 -46.56 -0.17
29 58 -50.94 -0.17
29 59 -56.14 -0.19
29 60 -57.46 -0.19
29 61 -61.42 -0.20
29 62 -61.88 -0.20
29 63 -65.10 -0.21
29 64 -64.44 -0.18
29 65 -67.23 -0.20
29 66 -65.69 -0.20
29 67 -67.62 -0.19
29 68 -65.61 -0.17
29 69 -66.22 -0.12
29 70 -63.25 -0.10
29 71 -63.91 -0.13
29 72 -60.26 0.12
29 73 -60.07 0.12
29 74 -56.39 0.14
29 75 -55.54 0.16
29 76 -51.22 0.16
29 77 -49.93 0.12
29 78 -45.40 0.11
29 79 -43.00 -0.08
29 80 -37.38 -0.11
29 81 -32.89 -0.12
29 82 -26.15 -0.15
29 83 -21.33 -0.15
29 84 -13.77 -0.17
29 85 -8.89 -0.18
29 86 -1.12 -0.20
29 87 4.29 -0.20
29 88 12.86 -0.24
29 89 18.14 -0.20
29 90 26.64 -0.22
29 91 32.68 -0.20
29 92 41.48 -0.22
29 93 47.93 -0.22
29 94 56.94 0.34
29 95 63.86 0.36
29 96 72.58 0.28
29 97 79.95 0.33
29 98 89.06 0.32
29 99 96.75 0.33
29 100 105.75 0.32
29 101 114.07 0.32
29 102 122.21 0.27
29 103 131.23 0.28
29 104 140.07 0.31
30 50 40.21 -0.04
30 51 28.91 -0.08
30 52 14.48 0.12
30 53 7.07 0.23
30 54 -6.70 0.22
30 55 -14.05 0.27
30 56 -25.36 0.23
30 57 -31.60 0.18
30 58 -41.83 -0.17
30 59 -47.16 -0.17
30 60 -54.12 -0.19
30 61 -56.44 -0.22
30 62 -61.25 -0.21
30 63 -62.00 -0.22
30 64 -65.78 -0.22
30 65 -65.48 -0.19
30 66 -68.92 -0.22
30 67 -67.80 -0.21
30 68 -70.54 -0.22
30 69 -68.70 -0.20
30 70 -70.25 -0.16
30 71 -67.64 -0.12
30 72 -68.72 0.14
30 73 -66.13 -0.15
30 74 -66.35 0.17
30 75 -63.01 0.25
30 76 -62.84 0.18
30 77 -58.69 0.19
30 78 -57.84 0.15
30 79 -53.34 0.10
30 80 -51.57 -0.09
30 81 -46.34 -0.12
30 82 -42.50 -0.14
30 83 -36.08 0.18
30 84 -31.84 0.17
30 85 -25.00 -0.19
30 86 -20.50 -0.19
30 87 -13.11 -0.20
30 88 -8.13 -0.20
30 89 -0.12 -0.23
30 90 4.94 -0.21
30 91 12.94 -0.22
30 92 18.64 -0.23
30 93 27.12 -0.22
30 94 33.10 -0.25
30 95 41.44 0.30
30 96 48.16 -0.25
30 97 57.04 -0.21
30 98 63.30 0.29
30 99 71.99 0.28
30 100 79.29 0.26
30 101 88.48 0.25
30 102 95.74 0.28
30 103 104.39 0.26
30 104 112.91 0.23
30 105 121.91 0.28
30 106 130.19 0.23
31 52 41.44 0.06
31 53 28.03 0.09
31 54 19.91 0.00
31 55 4.42 0.24
31 56 -4.13 0.28
31 57 -15.66 0.26
31 58 -22.92 0.19
31 59 -33.28 -0.19
31 60 -39.40 -0.18
31 61 -47.00 -0.23
31 62 -50.52 -0.23
31 63 -56.42 -0.23
31 64 -58.00 -0.24
31 65 -62.35 -0.24
31 66 -62.68 -0.20
31 67 -66.73 -0.24
31 68 -66.55 -0.23
31 69 -69.41 -0.23
31 70 -68.59 -0.23
31 71 -70.65 -0.22
31 72 -68.94 0.25
31 73 -70.42 -0.20
31 74 -68.40 0.26
31 75 -68.94 0.23
31 76 -66.35 0.20
31 77 -66.55 0.20
31 78 -63.30 0.19
31 79 -62.63 0.19
31 80 -58.94 0.20
31 81 -57.30 -0.12
31 82 -52.87 -0.14
31 83 -49.37 -0.15
31 84 -43.74 -0.18
31 85 -39.80 0.19
31 86 -33.51 0.22
31 87 -29.42 -0.21
31 88 -22.56 -0.22
31 89 -17.94 -0.24
31 90 -10.70 -0.24
31 91 -5.91 -0.23
31 92 1.57 -0.23
31 93 6.92 -0.25
31 94 14.82 -0.26
31 95 20.41 -0.24
31 96 28.77 -0.26
31 97 34.69 -0.26
31 98 43.14 -0.26
31 99 49.30 -0.24
31 100 58.61 -0.20
31 101 64.38 0.28
31 102 72.81 0.27
31 103 80.00 0.26
31 104 89.56 0.25
31 105 96.18 0.24
31 106 105.21 0.28
31 107 112.86 0.22
31 108 121.87 0.24
32 54 37.36 0.11
32 55 27.44 0.17
32 56 12.91 0.21
32 57 4.15 0.27
32 58 -8.84 0.24
32 59 -16.19 0.28
32 60 -27.20 -0.20
32 61 -33.98 -0.19
32 62 -42.57 -0.22
32 63 -47.16 -0.23
32 64 -54.34 -0.24
32 65 -56.96 -0.24
32 66 -61.89 -0.25
32 67 -62.34 -0.28
32 68 -67.03 -0.25
32 69 -67.40 -0.24
32 70 -70.98 -0.22
32 71 -70.48 -0.19
32 72 -73.23 -0.24
32 73 -72.20 0.22
32 74 -74.03 0.20
32 75 -71.96 0.24
32 76 -73.87 0.21
32 77 -71.65 0.25
32 78 -72.57 0.20
32 79 -69.44 0.20
32 80 -69.59 0.19
32 81 -66.14 0.20
32 82 -65.10 -0.13
32 83 -60.86 -0.14
32 84 -58.01 -0.17
32 85 -52.76 0.19
32 86 -49.65 0.21
32 87 -43.69 0.23
32 88 -39.73 -0.21
32 89 -33.38 -0.24
32 90 -29.28 -0.22
32 91 -22.21 -0.23
32 92 -17.91 -0.24
32 93 -10.86 -0.24
32 94 -6.01 -0.24
32 95 2.03 -0.28
32 96 6.78 -0.27
32 97 14.84 -0.27
32 98 20.19 -0.28
32 99 28.34 -0.24
32 100 34.03 -0.24
32 101 42.62 -0.20
32 102 48.28 0.29
32 103 56.28 0.26
32 104 63.24 0.25
32 105 72.42 0.24
32 106 78.76 0.24
32 107 88.53 0.19
32 108 94.68 0.23
32 109 103.58 0.24
32 110 111.30 0.20
33 56 40.44 0.24
33 57 25.05 0.21
33 58 16.03 0.34
33 59 2.52 0.24
33 60 -5.80 0.27
33 61 -17.22 -0.20
33 62 -24.58 -0.20
33 63 -33.58 -0.23
33 64 -39.02 -0.25
33 65 -47.15 -0.25
33 66 -51.09 -0.26
33 67 -57.13 -0.26
33 68 -58.53 -0.28
33 69 -63.50 -0.22
33 70 -64.34 -0.24
33 71 -68.30 -0.23
33 72 -68.47 -0.26
33 73 -71.71 -0.23
33 74 -71.04 -0.25
33 75 -73.62 -0.21
33 76 -72.84 0.24
33 77 -74.59 0.22
33 78 -73.01 0.25
33 79 -74.39 0.21
33 80 -72.09 0.19
33 81 -72.63 0.22
33 82 -69.70 0.21
33 83 -69.13 -0.12
33 84 -65.51 -0.15
33 85 -63.03 -0.17
33 86 -58.45 0.19
33 87 -55.71 0.21
33 88 -50.28 0.22
33 89 -46.86 -0.23
33 90 -41.20 -0.24
33 91 -37.54 -0.25
33 92 -31.13 -0.25
33 93 -27.24 -0.25
33 94 -20.74 -0.25
33 95 -16.26 -0.27
33 96 -8.90 -0.28
33 97 -4.38 -0.26
33 98 2.85 -0.27
33 99 8.06 -0.27
33 100 15.74 -0.26
33 101 21.21 -0.26
33 102 29.22 -0.26
33 103 35.10 -0.25
33 104 43.14 0.27
33 105 48.85 0.26
33 106 58.02 0.21
33 107 63.66 0.25
33 108 72.11 0.23
33 109 78.99 0.23
33 110 87.64 0.24
33 111 95.06 0.21
33 112 103.72 0.21
33 113 111.54 0.20
33 114 120.73 0.20
33 115 128.44 0.21
33 116 137.33 0.22
33 117 145.44 0.22
33 118 154.44 0.20
33 119 162.76 0.22
33 120 172.01 -0.20
34 58 35.36 0.18
34 59 25.24 0.29
34 60 11.53 0.27
34 61 2.81 0.33
34 62 -9.83 -0.22
34 63 -17.82 -0.21
34 64 -27.35 -0.25
34 65 -33.40 -0.25
34 66 -42.24 -0.26
34 67 -47.10 -0.26
34 68 -54.26 -0.27
34 69 -56.84 -0.19
34 70 -62.53 -0.24
34 71 -63.87 -0.24
34 72 -68.25 -0.24
34 73 -68.94 -0.26
34 74 -72.78 -0.23
34 75 -72.51 -0.25
34 76 -75.70 -0.25
34 77 -75.45 0.24
34 78 -77.78 0.21
34 79 -76.52 0.23
34 80 -78.51 0.20
34 81 -76.44 0.19
34 82 -77.63 0.22
34 83 -75.12 0.20
34 84 -75.36 -0.11
34 85 -72.12 -0.14
34 86 -70.16 -0.17
34 87 -65.76 0.18
34 88 -63.57 0.20
34 89 -58.48 0.22
34 90 -55.65 0.24
34 91 -50.19 -0.24
34 92 -46.91 -0.24
34 93 -40.98 -0.25
34 94 -37.55 -0.26
34 95 -31.39 -0.27
34 96 -27.31 -0.26
34 97 -20.46 -0.28
34 98 -16.29 -0.27
34 99 -9.37 -0.27
34 100 -4.54 -0.27
34 101 2.78 -0.27
34 102 7.88 -0.26
34 103 15.50 -0.26
34 104 20.95 -0.25
34 105 28.97 0.26
34 106 34.10 0.26
34 107 41.91 0.26
34 108 48.26 0.24
34 109 56.50 0.23
34 110 63.09 0.22
34 111 71.37 0.24
34 112 78.52 0.18
34 113 87.42 0.22
34 114 94.11 0.16
34 115 102.94 0.19
34 116 111.46 0.00
34 117 119.51 -0.08
34 118 127.13 0.18
34 119 135.87 0.22
34 120 144.10 0.20
34 121 153.24 -0.18
34 122 161.85 -0.17
35 60 38.25 0.25
35 61 24.11 0.24
35 62 14.42 -0.19
35 63 1.63 -0.19
35 64 -6.76 -0.24
35 65 -16.47 -0.26
35 66 -23.39 -0.26
35 67 -32.66 -0.26
35 68 -38.53 -0.27
35 69 -46.52 -0.20
35 70 -50.49 -0.28
35 71 -57.05 -0.19
35 72 -59.11 -0.26
35 73 -64.13 -0.19
35 74 -65.43 -0.18
35 75 -69.62 -0.18
35 76 -69.89 -0.28
35 77 -73.73 -0.17
35 78 -73.38 -0.15
35 79 -76.20 0.25
35 80 -75.82 0.16
35 81 -78.17 0.23
35 82 -77.12 0.17
35 83 -79.00 0.15
35 84 -77.24 0.11
35 85 -77.86 0.10
35 86 -75.23 -0.14
35 87 -73.68 -0.15
35 88 -69.60 -0.17
35 89 -67.81 0.17
35 90 -63.11 -0.19
35 91 -60.66 -0.19
35 92 -55.77 -0.25
35 93 -52.99 -0.26
35 94 -47.65 -0.26
35 95 -44.65 -0.27
35 96 -39.00 -0.28
35 97 -35.34 -0.27
35 98 -29.08 -0.29
35 99 -25.12 -0.30
35 100 -18.73 -0.29
35 101 -14.24 -0.29
35 102 -7.47 -0.29
35 103 -2.63 -0.29
35 104 4.25 -0.30
35 105 9.66 -0.29
35 106 17.17 -0.28
35 107 22.53 -0.28
35 108 30.16 0.27
35 109 36.20 0.18
35 110 43.84 0.19
35 111 50.08 0.16
35 112 58.14 0.15
35 113 64.19 0.14
35 114 72.68 0.13
35 115 79.08 0.10
35 116 88.85 0.00
35 117 94.62 0.00
35 118 104.08 0.00
35 119 110.58 0.11
35 120 119.34 0.15
35 121 127.39 0.15
35 122 136.30 -0.17
35 123 144.64 -0.14
35 124 153.62 -0.18
36 62 34.08 0.31
36 63 24.14 0.18
36 64 10.07 -0.21
36 65 0.86 -0.21
36 66 -9.90 -0.23
36 67 -17.05 -0.25
36 68 -26.89 -0.25
36 69 -33.13 -0.27
36 70 -41.89 -0.28
36 71 -46.58 -0.26
36 72 -54.51 -0.25
36 73 -57.52 -0.25
36 74 -63.21 -0.24
36 75 -64.87 -0.20
36 76 -69.53 -0.24
36 77 -70.16 -0.27
36 78 -74.56 -0.22
36 79 -74.73 -0.21
36 80 -78.36 0.18
36 81 -78.00 0.23
36 82 -81.19 0.18
36 83 -79.93 0.18
36 84 -82.38 -0.14
36 85 -81.18 0.09
36 86 -82.67 -0.10
36 87 -80.17 -0.13
36 88 -79.33 -0.15
36 89 -75.65 -0.17
36 90 -74.30 -0.17
36 91 -70.04 -0.20
36 92 -68.20 -0.20
36 93 -63.54 -0.22
36 94 -61.10 -0.22
36 95 -55.99 -0.20
36 96 -53.42 -0.25
36 97 -48.09 -0.26
36 98 -44.93 -0.27
36 99 -39.04 -0.25
36 100 -35.54 -0.26
36 101 -29.47 -0.27
36 102 -25.50 -0.26
36 103 -18.90 -0.26
36 104 -14.63 -0.26
36 105 -7.28 0.36
36 106 -3.02 -0.24
36 107 4.16 -0.21
36 108 9.07 -0.24
36 109 16.10 0.24
36 110 21.74 -0.20
36 111 29.32 0.17
36 112 35.24 0.13
36 113 42.80 0.15
36 114 48.43 0.13
36 115 56.74 0.10
36 116 62.44 0.09
36 117 71.66 0.00
36 118 77.14 0.00
36 119 86.58 0.00
36 120 92.70 -0.10
36 121 101.41 -0.09
36 122 109.36 -0.12
36 123 117.94 -0.14
36 124 126.40 -0.12
36 125 135.74 -0.13
36 126 143.60 -0.15
37 64 36.67 -0.22
37 65 22.78 -0.21
37 66 12.99 -0.22
37 67 1.73 -0.22
37 68 -6.20 -0.22
37 69 -16.60 -0.23
37 70 -23.29 -0.25
37 71 -32.63 -0.25
37 72 -38.00 -0.27
37 73 -46.75 -0.25
37 74 -50.87 -0.24
37 75 -57.60 -0.23
37 76 -59.93 -0.20
37 77 -65.15 -0.23
37 78 -66.31 -0.24
37 79 -71.09 -0.22
37 80 -71.79 -0.23
37 81 -75.90 -0.23
37 82 -76.29 0.23
37 83 -79.76 0.14
37 84 -79.72 -0.14
37 85 -82.37 0.13
37 86 -81.72 0.10
37 87 -83.45 -0.09
37 88 -81.58 -0.13
37 89 -81.08 -0.14
37 90 -77.88 -0.16
37 91 -77.00 -0.17
37 92 -73.33 -0.19
37 93 -71.82 -0.20
37 94 -67.63 -0.22
37 95 -65.71 -0.22
37 96 -60.60 -0.22
37 97 -58.87 -0.24
37 98 -54.05 -0.24
37 99 -51.24 -0.25
37 100 -45.35 0.40
37 101 -42.79 -0.26
37 102 -36.55 0.43
37 103 -33.02 0.43
37 104 -27.07 0.42
37 105 -22.92 0.41
37 106 -16.71 0.43
37 107 -12.80 -0.22
37 108 -6.00 -0.21
37 109 -1.56 -0.21
37 110 5.58 -0.23
37 111 10.17 -0.18
37 112 17.70 -0.14
37 113 23.01 0.11
37 114 30.07 -0.11
37 115 35.46 0.09
37 116 42.97 0.08
37 117 49.18 0.00
37 118 56.85 0.00
37 119 61.99 0.00
37 120 71.33 0.00
37 121 77.42 -0.07
37 122 85.91 -0.09
37 123 93.65 -0.10
37 124 102.38 -0.11
37 125 110.35 -0.12
37 126 119.44 -0.12
37 127 127.35 -0.13
37 128 136.58 -0.12
38 66 32.81 -0.13
38 67 22.09 -0.21
38 68 10.21 -0.22
38 69 1.80 -0.26
38 70 -9.06 -0.28
38 71 -16.43 -0.27
38 72 -26.20 -0.28
38 73 -32.04 -0.30
38 74 -41.69 -0.23
38 75 -46.57 -0.24
38 76 -54.48 -0.24
38 77 -57.73 -0.19
38 78 -63.78 -0.22
38 79 -65.23 -0.25
38 80 -70.55 -0.22
38 81 -71.52 -0.20
38 82 -76.21 -0.16
38 83 -76.64 -0.15
38 84 -80.97 -0.14
38 85 -81.29 -0.11
38 86 -84.44 -0.11
38 87 -84.43 0.09
38 88 -86.88 0.08
38 89 -85.20 -0.12
38 90 -85.29 -0.13
38 91 -82.41 -0.15
38 92 -82.10 -0.16
38 93 -78.72 -0.18
38 94 -77.59 -0.18
38 95 -73.75 -0.21
38 96 -72.25 -0.19
38 97 -67.95 -0.18
38 98 -66.15 -0.21
38 99 -61.64 -0.24
38 100 -59.40 -0.25
38 101 -54.51 -0.25
38 102 -51.75 -0.26
38 103 -46.30 0.41
38 104 -42.95 0.41
38 105 -37.38 0.41
38 106 -33.66 0.39
38 107 -27.61 0.43
38 108 -24.05 -0.21
38 109 -17.42 -0.19
38 110 -13.44 -0.19
38 111 -6.75 -0.18
38 112 -2.32 -0.22
38 113 5.22 -0.10
38 114 9.48 -0.11
38 115 16.38 -0.11
38 116 21.70 0.05
38 117 29.06 0.04
38 118 33.47 0.06
38 119 40.82 0.05
38 120 46.50 0.00
38 121 54.95 0.06
38 122 61.47 -0.06
38 123 70.09 -0.08
38 124 77.36 -0.08
38 125 86.34 -0.08
38 126 93.90 -0.09
38 127 102.88 -0.11
38 128 110.51 -0.10
38 129 119.75 -0.12
38 130 127.62 -0.12
39 68 35.23 -0.19
39 69 23.42 -0.19
39 70 14.03 -0.25
39 71 2.50 -0.27
39 72 -5.66 -0.27
39 73 -16.11 -0.27
39 74 -22.28 -0.29
39 75 -30.70 0.14
39 76 -36.77 0.28
39 77 -45.29 0.17
39 78 -49.62 0.12
39 79 -57.91 -0.20
39 80 -60.22 -0.19
39 81 -66.02 -0.18
39 82 -67.67 -0.19
39 83 -72.67 -0.17
39 84 -74.08 -0.17
39 85 -78.26 -0.16
39 86 -79.34 -0.14
39 87 -82.68 0.09
39 88 -83.57 0.08
39 89 -86.61 0.08
39 90 -85.12 -0.12
39 91 -85.51 -0.16
39 92 -83.12 -0.14
39 93 -83.47 -0.18
39 94 -80.38 -0.19
39 95 -79.92 -0.18
39 96 -76.52 -0.18
39 97 -75.54 -0.19
39 98 -71.75 -0.19
39 99 -70.39 -0.20
39 100 -66.31 -0.24
39 101 -64.49 -0.24
39 102 -60.10 0.47
39 103 -57.85 0.42
39 104 -53.16 0.42
39 105 -50.23 0.42
39 106 -45.09 0.41
39 107 -41.74 0.40
39 108 -36.24 0.44
39 109 -32.31 0.38
39 110 -26.63 -0.18
39 111 -22.86 -0.20
39 112 -16.48 -0.20
39 113 -12.38 -0.20
39 114 -5.78 -0.20
39 115 -1.25 0.07
39 116 5.25 -0.11
39 117 9.78 0.04
39 118 16.95 0.00
39 119 20.86 0.05
39 120 27.68 0.04
39 121 32.99 0.00
39 122 40.95 0.05
39 123 47.77 0.07
39 124 56.37 0.04
39 125 63.43 -0.04
39 126 72.07 -0.05
39 127 79.48 -0.05
39 128 88.31 0.03
39 129 95.83 -0.05
39 130 104.76 0.04
39 131 112.49 -0.04
39 132 121.58 -0.04
40 70 32.68 -0.23
40 71 23.20 -0.23
40 72 10.95 -0.27
40 73 2.55 -0.27
40 74 -8.25 -0.29
40 75 -14.95 -0.30
40 76 -25.71 -0.23
40 77 -30.38 0.11
40 78 -40.45 0.17
40 79 -45.71 0.13
40 80 -54.30 -0.23
40 81 -57.54 -0.24
40 82 -64.14 -0.23
40 83 -66.07 -0.21
40 84 -71.57 0.13
40 85 -72.73 0.16
40 86 -77.95 -0.10
40 87 -78.72 0.11
40 88 -83.55 -0.09
40 89 -84.65 0.08
40 90 -88.38 0.09
40 91 -87.30 -0.11
40 92 -88.23 -0.11
40 93 -86.10 -0.14
40 94 -86.84 -0.15
40 95 -84.36 -0.17
40 96 -84.14 -0.20
40 97 -81.18 -0.21
40 98 -80.55 -0.22
40 99 -77.06 -0.19
40 100 -76.22 -0.23
40 101 -72.49 -0.23
40 102 -71.10 -0.24
40 103 -66.85 -0.24
40 104 -65.18 -0.24
40 105 -60.48 0.38
40 106 -58.37 -0.25
40 107 -53.36 -0.26
40 108 -50.81 -0.24
40 109 -45.25 -0.24
40 110 -42.34 -0.23
40 111 -36.54 -0.24
40 112 -33.37 -0.20
40 113 -27.28 -0.20
40 114 -23.52 -0.19
40 115 -17.22 -0.16
40 116 -12.96 -0.11
40 117 -6.73 -0.10
40 118 -2.46 -0.05
40 119 4.15 0.05
40 120 8.02 0.05
40 121 14.62 0.05
40 122 19.63 0.00
40 123 27.24 -0.05
40 124 33.79 0.05
40 125 42.34 0.05
40 126 49.07 -0.05
40 127 57.63 -0.05
40 128 64.67 -0.07
40 129 73.45 0.03
40 130 80.67 -0.08
40 131 89.34 -0.04
40 132 97.13 -0.04
40 133 106.06 0.03
40 134 113.81 -0.05
41 72 43.38 0.27
41 73 23.85 -0.28
41 74 15.10 -0.26
41 75 3.09 -0.28
41 76 -4.37 -0.28
41 77 -14.81 -0.26
41 78 -20.65 0.21
41 79 -31.22 -0.28
41 80 -36.63 0.11
41 81 -45.35 0.16
41 82 -50.26 -0.23
41 83 -57.64 -0.19
41 84 -60.56 -0.14
41 85 -67.08 0.13
41 86 -68.71 0.14
41 87 -74.57 0.12
41 88 -76.27 -0.11
41 89 -80.82 -0.10
41 90 -82.13 0.09
41 91 -86.40 -0.07
41 92 -86.03 -0.10
41 93 -87.20 -0.09
41 94 -85.54 -0.10
41 95 -86.51 -0.11
41 96 -84.50 -0.18
41 97 -84.88 0.13
41 98 -82.37 0.13
41 99 -82.04 -0.24
41 100 -79.17 0.30
41 101 -78.65 -0.24
41 102 -75.49 -0.24
41 103 -74.48 -0.24
41 104 -70.77 -0.24
41 105 -69.41 -0.25
41 106 -65.34 0.37
41 107 -63.58 -0.24
41 108 -59.20 -0.25
41 109 -56.85 -0.24
41 110 -51.92 -0.24
41 111 -49.28 -0.23
41 112 -43.96 -0.24
41 113 -40.87 -0.23
41 114 -35.12 -0.20
41 115 -31.68 -0.18
41 116 -25.36 -0.08
41 117 -21.46 -0.07
41 118 -16.14 -0.08
41 119 -12.53 -0.07
41 120 -6.30 -0.07
41 121 -2.76 -0.07
41 122 3.66 0.06
41 123 7.98 -0.04
41 124 15.84 -0.06
41 125 22.13 -0.05
41 126 30.20 -0.06
41 127 36.82 -0.07
41 128 45.10 -0.07
41 129 52.01 -0.07
41 130 60.34 -0.08
41 131 67.25 -0.10
41 132 75.86 -0.07
41 133 83.15 -0.09
41 134 91.53 -0.11
41 135 99.72 -0.20
41 136 108.51 -0.20
42 74 32.97 0.29
42 75 23.74 -0.26
42 76 11.84 -0.27
42 77 4.05 -0.30
42 78 -7.69 -0.21
42 79 -14.69 -0.20
42 80 -25.17 -0.19
42 81 -30.56 0.08
42 82 -40.86 -0.22
42 83 -45.78 -0.19
42 84 -54.09 0.12
42 85 -57.41 0.06
42 86 -64.81 0.14
42 87 -67.18 0.23
42 88 -73.02 0.11
42 89 -74.57 0.11
42 90 -80.24 0.11
42 91 -82.23 0.08
42 92 -86.85 0.08
42 93 -86.59 -0.11
42 94 -88.30 0.08
42 95 -87.10 0.11
42 96 -88.74 -0.14
42 97 -87.19 -0.17
42 98 -87.90 0.19
42 99 -85.83 -0.19
42 100 -86.11 -0.21
42 101 -83.53 -0.19
42 102 -83.40 -0.22
42 103 -80.49 -0.23
42 104 -79.89 -0.23
42 105 -76.55 -0.24
42 106 -75.66 -0.23
42 107 -71.86 -0.26
42 108 -70.47 -0.23
42 109 -66.52 -0.23
42 110 -64.61 -0.24
42 111 -59.96 -0.22
42 112 -57.87 -0.23
42 113 -52.74 -0.23
42 114 -50.27 -0.22
42 115 -44.96 -0.20
42 116 -42.03 -0.19
42 117 -36.53 -0.19
42 118 -32.49 0.07
42 119 -27.33 -0.12
42 120 -22.69 0.00
42 121 -17.28 0.00
42 122 -14.79 0.07
42 123 -8.85 0.05
42 124 -5.03 -0.04
42 125 2.63 -0.06
42 126 8.54 0.06
42 127 16.63 0.05
42 128 23.80 0.00
42 129 31.38 -0.04
42 130 37.61 0.06
42 131 46.06 0.05
42 132 52.92 -0.08
42 133 61.48 -0.07
42 134 68.36 -0.15
42 135 77.04 -0.12
42 136 84.24 -0.15
42 137 92.65 -0.16
42 138 100.21 -0.20
42 139 108.39 -0.19
42 140 116.71 -0.21
42 141 125.75 -0.22
42 142 133.72 -0.23
42 143 142.75 -0.24
42 144 150.68 -0.22
42 145 159.87 -0.22
42 146 168.28 -0.23
43 76 36.76 0.32
43 77 24.37 -0.29
43 78 15.74 -0.30
43 79 3.97 -0.22
43 80 -3.53 -0.15
43 81 -14.00 -0.14
43 82 -21.25 -0.22
43 83 -31.02 -0.23
43 84 -36.83 -0.21
43 85 -45.62 -0.17
43 86 -51.28 0.15
43 87 -58.22 0.08
43 88 -61.58 0.16
43 89 -68.38 0.15
43 90 -70.35 0.14
43 91 -75.96 0.08
43 92 -78.80 0.06
43 93 -83.40 -0.11
43 94 -84.03 -0.11
43 95 -85.86 0.08
43 96 -85.40 0.16
43 97 -87.53 0.17
43 98 -86.24 0.18
43 99 -87.74 0.19
43 100 -86.04 0.20
43 101 -86.64 0.25
43 102 -84.50 0.18
43 103 -84.41 0.31
43 104 -82.10 0.21
43 105 -81.73 0.32
43 106 -78.72 -0.23
43 107 -78.18 0.33
43 108 -75.40 0.33
43 109 -73.94 -0.24
43 110 -70.41 -0.24
43 111 -68.92 -0.23
43 112 -64.77 -0.24
43 113 -62.93 -0.22
43 114 -58.32 -0.22
43 115 -56.10 -0.20
43 116 -51.34 -0.20
43 117 -48.59 -0.18
43 118 -43.56 0.15
43 119 -41.00 0.14
43 120 -35.99 0.12
43 121 -32.30 0.06
43 122 -27.15 0.05
43 123 -23.92 0.07
43 124 -18.66 0.06
43 125 -14.87 -0.04
43 126 -7.84 0.05
43 127 -1.88 0.06
43 128 6.38 0.00
43 129 11.95 0.06
43 130 19.70 0.09
43 131 26.22 0.07
43 132 34.29 0.06
43 133 40.55 0.16
43 134 48.74 0.15
43 135 55.72 0.17
43 136 64.19 0.17
43 137 71.13 -0.14
43 138 79.25 -0.15
43 139 87.06 -0.14
43 140 95.51 -0.20
43 141 103.15 -0.22
43 142 112.05 -0.23
43 143 119.50 -0.24
43 144 128.43 -0.24
43 145 136.18 -0.23
43 146 145.08 -0.24
43 147 153.28 -0.24
43 148 162.68 -0.23
44 78 33.95 0.29
44 79 25.20 -0.30
44 80 12.70 -0.17
44 81 4.54 -0.18
44 82 -6.95 -0.20
44 83 -13.95 0.09
44 84 -23.66 0.06
44 85 -30.77 -0.10
44 86 -40.15 0.08
44 87 -45.74 0.07
44 88 -54.44 0.12
44 89 -58.30 0.17
44 90 -65.76 0.13
44 91 -68.28 0.12
44 92 -74.82 0.12
44 93 -77.41 0.07
44 94 -82.37 0.04
44 95 -83.41 -0.11
44 96 -86.08 -0.08
44 97 -85.87 0.12
44 98 -88.29 0.15
44 99 -87.31 0.18
44 100 -89.32 0.20
44 101 -87.98 0.20
44 102 -89.30 0.21
44 103 -87.42 0.19
44 104 -88.24 0.24
44 105 -85.90 0.22
44 106 -86.10 0.27
44 107 -83.33 0.22
44 108 -83.27 -0.23
44 109 -80.28 0.29
44 110 -79.82 -0.23
44 111 -76.57 -0.23
44 112 -75.49 -0.23
44 113 -71.59 -0.23
44 114 -70.31 -0.22
44 115 -66.05 -0.23
44 116 -64.25 -0.22
44 117 -59.72 0.21
44 118 -57.53 -0.19
44 119 -52.60 -0.20
44 120 -50.26 0.13
44 121 -45.55 0.11
44 122 -42.90 0.11
44 123 -37.59 0.08
44 124 -34.00 0.00
44 125 -29.92 0.05
44 126 -26.08 0.00
44 127 -19.47 0.04
44 128 -13.94 0.05
44 129 -5.76 0.00
44 130 -0.65 0.07
44 131 6.91 0.08
44 132 13.01 0.10
44 133 20.93 0.13
44 134 27.16 0.13
44 135 35.36 0.13
44 136 41.77 0.18
44 137 50.48 0.10
44 138 56.60 0.21
44 139 64.82 0.15
44 140 71.85 0.24
44 141 81.15 -0.19
44 142 87.24 0.26
44 143 96.26 -0.19
44 144 103.34 0.29
44 145 112.10 -0.23
44 146 119.55 0.31
44 147 128.52 0.32
44 148 136.40 -0.22
44 149 144.90 0.24
44 150 153.21 -0.23
45 80 37.32 0.20
45 81 24.76 -0.17
45 82 15.98 -0.17
45 83 4.83 -0.16
45 84 -2.47 -0.07
45 85 -12.97 -0.04
45 86 -20.49 -0.09
45 87 -30.13 0.07
45 88 -36.76 0.07
45 89 -46.04 0.16
45 90 -51.04 0.16
45 91 -59.00 0.15
45 92 -62.56 0.12
45 93 -68.91 -0.07
45 94 -72.87 0.08
45 95 -77.86 0.07
45 96 -79.34 -0.10
45 97 -82.22 0.11
45 98 -82.73 -0.14
45 99 -85.70 0.19
45 100 -85.30 0.20
45 101 -87.76 0.21
45 102 -86.95 0.21
45 103 -88.64 0.23
45 104 -87.19 0.24
45 105 -88.46 0.23
45 106 -86.58 0.22
45 107 -87.19 0.25
45 108 -84.86 0.26
45 109 -85.01 0.25
45 110 -82.59 0.27
45 111 -82.13 0.27
45 112 -79.33 0.28
45 113 -78.38 -0.24
45 114 -75.37 0.26
45 115 -73.94 -0.21
45 116 -70.42 0.25
45 117 -68.74 -0.21
45 118 -64.67 -0.19
45 119 -62.89 -0.14
45 120 -58.74 0.19
45 121 -56.72 0.17
45 122 -52.24 0.12
45 123 -49.79 0.10
45 124 -45.32 0.08
45 125 -42.82 0.06
45 126 -38.56 0.05
45 127 -35.12 0.00
45 128 -28.73 0.04
45 129 -23.16 0.04
45 130 -15.87 0.09
45 131 -10.27 0.10
45 132 -3.00 0.08
45 133 2.91 0.14
45 134 10.36 0.15
45 135 16.63 0.16
45 136 24.29 0.18
45 137 30.44 0.18
45 138 38.25 0.20
45 139 44.74 0.20
45 140 53.02 0.24
45 141 59.38 0.25
45 142 67.25 0.26
45 143 74.41 0.29
45 144 82.37 0.21
45 145 89.52 0.29
45 146 98.52 0.33
45 147 105.84 0.34
45 148 113.87 0.27
45 149 121.87 0.34
45 150 130.88 0.34
45 151 138.05 0.30
45 152 147.16 0.31
46 82 34.53 0.17
46 83 25.22 0.15
46 84 12.90 -0.13
46 85 5.11 0.08
46 86 -5.65 -0.06
46 87 -13.36 -0.08
46 88 -23.64 0.06
46 89 -30.82 0.07
46 90 -40.50 0.09
46 91 -46.24 0.16
46 92 -55.13 0.14
46 93 -59.14 0.11
46 94 -66.39 -0.07
46 95 -70.58 0.08
46 96 -76.16 -0.04
46 97 -77.70 -0.06
46 98 -81.37 0.08
46 99 -82.02 0.12
46 100 -85.38 0.17
46 101 -85.27 0.17
46 102 -88.08 0.19
46 103 -87.62 0.20
46 104 -89.68 0.20
46 105 -88.67 0.19
46 106 -90.33 0.21
46 107 -88.94 0.22
46 108 -89.95 0.23
46 109 -88.02 0.24
46 110 -88.55 0.23
46 111 -86.39 0.23
46 112 -86.35 0.25
46 113 -83.60 -0.24
46 114 -83.45 0.24
46 115 -80.66 0.25
46 116 -79.82 0.22
46 117 -76.32 0.16
46 118 -75.45 0.22
46 119 -72.08 0.19
46 120 -70.46 0.18
46 121 -66.37 0.13
46 122 -65.00 0.14
46 123 -61.04 0.12
46 124 -58.95 0.11
46 125 -54.56 0.09
46 126 -52.55 0.06
46 127 -48.59 0.05
46 128 -45.82 -0.03
46 129 -39.22 0.05
46 130 -33.43 0.00
46 131 -26.45 0.00
46 132 -21.96 0.10
46 133 -14.69 0.09
46 134 -9.32 0.12
46 135 -1.89 0.12
46 136 3.90 0.13
46 137 11.28 0.10
46 138 17.44 0.17
46 139 25.30 0.20
46 140 31.37 0.20
46 141 38.85 0.21
46 142 45.53 0.22
46 143 53.41 0.25
46 144 60.14 0.29
46 145 68.28 0.26
46 146 74.69 0.25
46 147 82.67 0.23
46 148 90.48 0.33
46 149 98.69 0.27
46 150 105.77 0.29
46 151 114.03 0.27
46 152 121.83 0.28
46 153 130.65 0.25
46 154 138.07 0.26
47 84 38.86 0.10
47 85 25.83 -0.16
47 86 17.45 0.06
47 87 6.10 0.06
47 88 -2.43 -0.09
47 89 -12.72 0.05
47 90 -20.73 0.07
47 91 -30.69 0.09
47 92 -37.19 0.09
47 93 -46.55 0.13
47 94 -51.85 0.11
47 95 -59.67 0.11
47 96 -64.63 0.09
47 97 -70.45 0.07
47 98 -72.78 0.09
47 99 -76.44 0.10
47 100 -77.46 0.12
47 101 -81.05 0.17
47 102 -81.61 -0.12
47 103 -84.58 0.18
47 104 -84.62 0.18
47 105 -87.07 0.20
47 106 -86.58 0.22
47 107 -88.55 0.21
47 108 -87.64 0.19
47 109 -89.11 0.21
47 110 -87.80 0.22
47 111 -88.68 0.22
47 112 -87.10 0.23
47 113 -87.41 0.23
47 114 -85.33 0.26
47 115 -85.34 0.22
47 116 -83.02 0.23
47 117 -82.59 0.22
47 118 -79.46 0.21
47 119 -79.05 0.20
47 120 -75.93 0.18
47 121 -74.74 0.17
47 122 -71.21 0.15
47 123 -69.64 0.11
47 124 -66.13 0.09
47 125 -64.74 0.10
47 126 -61.07 0.07
47 127 -59.20 0.06
47 128 -55.86 0.05
47 129 -53.15 0.00
47 130 -47.28 0.04
47 131 -41.81 0.00
47 132 -35.57 0.05
47 133 -30.58 0.05
47 134 -23.54 0.08
47 135 -17.50 0.13
47 136 -10.76 0.14
47 137 -5.11 0.15
47 138 1.98 0.17
47 139 7.56 0.17
47 140 14.74 0.17
47 141 20.80 0.18
47 142 28.38 0.23
47 143 34.48 0.19
47 144 42.38 0.19
47 145 48.12 0.28
47 146 56.33 0.21
47 147 62.26 0.25
47 148 70.69 0.29
47 149 77.36 0.33
47 150 85.63 0.27
47 151 92.67 0.33
47 152 100.74 0.30
47 153 107.74 0.25
47 154 115.97 0.24
47 155 123.55 0.23
47 156 132.06 0.22
48 86 35.95 -0.09
48 87 25.79 0.06
48 88 14.55 0.05
48 89 5.79 -0.08
48 90 -5.30 0.05
48 91 -13.38 0.06
48 92 -23.76 0.06
48 93 -30.57 0.07
48 94 -40.46 -0.07
48 95 -46.59 0.11
48 96 -55.37 0.09
48 97 -60.84 0.08
48 98 -67.63 -0.03
48 99 -69.97 -0.06
48 100 -74.54 0.07
48 101 -75.68 0.09
48 102 -79.89 0.11
48 103 -80.52 0.14
48 104 -84.10 0.16
48 105 -84.36 0.16
48 106 -87.10 0.19
48 107 -86.94 0.17
48 108 -89.32 0.21
48 109 -88.56 0.21
48 110 -90.56 0.22
48 111 -89.47 0.19
48 112 -90.86 0.22
48 113 -89.53 0.22
48 114 -90.28 0.23
48 115 -88.15 0.21
48 116 -88.86 0.22
48 117 -86.84 0.22
48 118 -86.56 -0.16
48 119 -84.34 0.17
48 120 -83.87 -0.16
48 121 -81.43 0.14
48 122 -80.65 -0.13
48 123 -77.97 0.12
48 124 -76.75 -0.10
48 125 -73.32 0.11
48 126 -72.48 0.06
48 127 -68.98 0.08
48 128 -67.08 0.00
48 129 -64.63 0.05
48 130 -62.19 0.00
48 131 -56.71 -0.04
48 132 -51.35 0.00
48 133 -45.35 0.06
48 134 -40.74 0.08
48 135 -33.86 0.07
48 136 -28.99 0.10
48 137 -21.96 0.11
48 138 -16.90 0.12
48 139 -9.51 0.12
48 140 -4.01 0.16
48 141 3.00 0.15
48 142 8.79 0.18
48 143 16.18 0.14
48 144 21.82 0.20
48 145 29.75 0.29
48 146 35.66 0.31
48 147 42.98 0.25
48 148 49.32 0.31
48 149 56.84 0.28
48 150 63.17 0.29
48 151 71.28 0.27
48 152 77.96 0.31
48 153 85.91 0.28
48 154 92.89 0.28
48 155 100.81 0.24
48 156 108.21 0.25
48 157 116.50 0.23
48 158 123.91 0.20
48 159 132.50 0.19
48 160 139.64 0.19
48 161 148.32 0.18
48 162 155.91 0.17
48 163 164.45 0.17
49 88 38.69 0.05
49 89 27.47 0.06
49 90 18.09 -0.07
49 91 6.52 0.05
49 92 -2.15 0.06
49 93 -12.64 0.05
49 94 -20.51 0.05
49 95 -30.77 0.06
49 96 -37.94 0.07
49 97 -47.42 0.08
49 98 -54.04 0.08
49 99 -61.15 0.05
49 100 -64.11 0.08
49 101 -68.81 0.07
49 102 -70.50 0.09
49 103 -74.49 0.08
49 104 -75.83 0.13
49 105 -79.68 0.20
49 106 -80.26 0.19
49 107 -83.41 0.16
49 108 -83.62 0.14
49 109 -86.50 0.17
49 110 -86.34 0.18
49 111 -88.33 0.15
49 112 -87.81 0.18
49 113 -89.40 0.15
49 114 -88.85 0.17
49 115 -89.85 0.16
49 116 -88.16 0.28
49 117 -89.08 0.10
49 118 -87.48 0.10
49 119 -87.95 0.11
49 120 -86.23 0.08
49 121 -86.41 0.09
49 122 -84.42 0.09
49 123 -84.15 0.08
49 124 -81.92 0.08
49 125 -81.29 0.06
49 126 -78.90 0.07
49 127 -77.88 0.04
49 128 -74.81 0.04
49 129 -72.86 0.00
49 130 -71.39 0.05
49 131 -68.75 0.00
49 132 -62.57 0.00
49 133 -58.46 0.00
49 134 -53.35 0.06
49 135 -48.88 0.07
49 136 -42.33 0.06
49 137 -37.41 0.07
49 138 -30.62 0.06
49 139 -25.53 0.09
49 140 -18.62 0.09
49 141 -13.16 0.12
49 142 -6.05 0.12
49 143 -0.60 0.13
49 144 6.32 0.13
49 145 12.55 0.30
49 146 19.47 0.31
49 147 25.06 0.31
49 148 32.12 0.30
49 149 38.10 0.31
49 150 45.94 0.32
49 151 51.70 0.31
49 152 60.04 0.34
49 153 66.10 0.32
49 154 73.97 0.30
49 155 80.28 0.27
49 156 89.22 0.31
49 157 96.12 0.31
49 158 103.38 0.25
49 159 110.43 0.25
49 160 119.26 0.10
49 161 126.00 0.21
49 162 134.56 0.07
49 163 141.04 0.09
49 164 149.60 0.07
49 165 156.61 0.08
50 90 38.51 0.00
50 91 27.98 -0.04
50 92 14.36 0.09
50 93 7.19 0.00
50 94 -5.15 0.09
50 95 -12.45 0.00
50 96 -23.94 -0.05
50 97 -30.24 0.00
50 98 -39.84 0.00
50 99 -47.88 0.05
50 100 -56.87 0.06
50 101 -59.65 -0.08
50 102 -64.91 0.04
50 103 -66.95 -0.09
50 104 -71.90 0.09
50 105 -72.99 -0.09
50 106 -77.27 0.13
50 107 -78.20 -0.10
50 108 -81.73 0.15
50 109 -82.40 0.13
50 110 -85.33 0.16
50 111 -85.49 0.16
50 112 -88.13 0.15
50 113 -87.92 0.16
50 114 -90.06 0.13
50 115 -89.61 -0.14
50 116 -91.28 -0.13
50 117 -90.28 -0.09
50 118 -91.71 -0.10
50 119 -90.09 -0.08
50 120 -91.42 -0.10
50 121 -89.55 0.07
50 122 -90.26 -0.08
50 123 -88.44 0.08
50 124 -88.64 0.06
50 125 -86.38 -0.07
50 126 -86.23 0.03
50 127 -83.71 -0.05
50 128 -83.91 0.04
50 129 -80.89 0.04
50 130 -80.14 0.00
50 131 -78.27 0.04
50 132 -76.75 0.00
50 133 -71.66 -0.03
50 134 -66.99 0.00
50 135 -61.19 0.03
50 136 -57.28 -0.03
50 137 -50.73 0.04
50 138 -46.40 -0.05
50 139 -39.57 0.08
50 140 -35.08 0.06
50 141 -28.19 0.07
50 142 -23.48 0.09
50 143 -15.59 0.18
50 144 -10.35 0.22
50 145 -4.63 0.09
50 146 1.65 0.29
50 147 8.64 0.29
50 148 13.74 0.29
50 149 20.68 0.30
50 150 26.30 0.30
50 151 33.45 0.29
50 152 39.35 0.31
50 153 47.12 0.30
50 154 52.85 0.30
50 155 60.42 0.29
50 156 66.95 0.29
50 157 74.70 0.28
50 158 81.36 0.27
50 159 89.38 0.25
50 160 96.20 0.23
50 161 104.09 -0.10
50 162 110.68 -0.13
50 163 118.81 -0.11
50 164 125.43 0.07
50 165 133.68 0.07
50 166 140.25 0.06
50 167 148.89 0.06
50 168 156.46 0.00
50 169 164.05 -0.06
50 170 171.41 0.00
50 171 179.82 0.00
50 172 186.60 0.00
50 173 195.37 0.00
50 174 202.08 0.00
50 175 211.42 0.00
50 176 217.92 0.00
50 177 226.93 0.00
50 178 235.77 0.00
51 92 45.50 -0.07
51 93 28.82 0.07
51 94 19.37 0.06
51 95 7.90 0.08
51 96 -0.12 0.07
51 97 -11.35 0.06
51 98 -19.09 0.07
51 99 -29.56 0.08
51 100 -35.02 0.00
51 101 -45.84 -0.04
51 102 -50.06 0.07
51 103 -56.12 -0.07
51 104 -58.76 0.11
51 105 -63.94 -0.09
51 106 -65.87 0.13
51 107 -70.43 0.21
51 108 -72.05 0.20
51 109 -75.99 0.22
51 110 -76.93 0.19
51 111 -80.56 0.22
51 112 -81.12 0.22
51 113 -84.14 0.21
51 114 -84.21 0.24
51 115 -86.83 0.22
51 116 -86.68 0.24
51 117 -88.81 -0.17
51 118 -88.11 -0.15
51 119 -90.03 -0.14
51 120 -88.89 -0.15
51 121 -90.54 -0.16
51 122 -89.01 -0.13
51 123 -89.92 -0.14
51 124 -88.23 -0.12
51 125 -88.99 -0.10
51 126 -86.79 -0.09
51 127 -87.31 -0.09
51 128 -85.00 -0.09
51 129 -85.30 -0.07
51 130 -82.54 0.04
51 131 -82.72 -0.05
51 132 -80.14 0.04
51 133 -79.66 -0.03
51 134 -74.62 -0.05
51 135 -70.86 -0.05
51 136 -65.12 0.07
51 137 -61.27 -0.06
51 138 -55.31 0.08
51 139 -51.16 0.09
51 140 -45.05 -0.09
51 141 -40.37 -0.09
51 142 -33.65 -0.11
51 143 -29.00 0.14
51 144 -22.64 0.21
51 145 -17.86 0.25
51 146 -11.36 0.27
51 147 -6.87 0.27
51 148 0.11 0.27
51 149 4.84 0.26
51 150 11.79 0.31
51 151 17.05 0.32
51 152 24.10 0.32
51 153 29.29 0.32
51 154 36.83 0.31
51 155 42.19 0.31
51 156 49.35 0.31
51 157 55.67 0.31
51 158 63.19 0.29
51 159 69.77 0.28
51 160 77.69 0.28
51 161 84.55 -0.18
51 162 92.26 -0.15
51 163 98.66 -0.14
51 164 106.43 -0.12
51 165 112.89 -0.13
51 166 120.81 -0.13
51 167 127.47 -0.10
51 168 136.22 0.07
51 169 142.31 -0.07
51 170 150.41 -0.07
51 171 157.22 -0.05
51 172 165.52 -0.05
51 173 173.07 0.00
51 174 181.59 0.00
51 175 187.25 -0.04
51 176 197.04 0.00
51 177 203.24 0.00
51 178 212.32 0.00
51 179 220.24 -0.04
51 180 229.77 0.04
52 94 40.13 0.06
52 95 31.01 0.07
52 96 18.50 0.09
52 97 9.93 0.09
52 98 -1.65 0.09
52 99 -9.40 0.07
52 100 -20.49 0.10
52 101 -28.06 0.07
52 102 -37.52 0.03
52 103 -42.33 -0.06
52 104 -49.32 0.07
52 105 -52.55 0.13
52 106 -58.73 0.13
52 107 -60.99 0.15
52 108 -66.28 0.18
52 109 -68.05 0.18
52 110 -72.34 0.22
52 111 -73.61 0.24
52 112 -77.61 0.22
52 113 -78.15 0.29
52 114 -81.75 0.28
52 115 -82.44 0.27
52 116 -85.22 0.31
52 117 -85.25 0.32
52 118 -87.84 0.31
52 119 -87.71 0.30
52 120 -89.60 -0.19
52 121 -88.86 -0.16
52 122 -90.73 -0.17
52 123 -89.59 -0.16
52 124 -90.89 -0.14
52 125 -89.18 0.11
52 126 -90.38 -0.13
52 127 -88.73 0.14
52 128 -89.09 -0.09
52 129 -87.47 0.09
52 130 -87.70 0.08
52 131 -85.52 0.07
52 132 -85.52 -0.05
52 133 -83.64 0.05
52 134 -83.04 0.02
52 135 -78.27 -0.05
52 136 -74.84 -0.05
52 137 -69.28 0.07
52 138 -65.95 0.07
52 139 -60.19 0.08
52 140 -56.51 0.12
52 141 -50.88 0.13
52 142 -46.77 0.17
52 143 -40.79 0.17
52 144 -36.84 0.20
52 145 -30.79 0.20
52 146 -26.78 0.23
52 147 -20.59 0.23
52 148 -16.13 0.27
52 149 -9.89 0.26
52 150 -5.01 0.28
52 151 1.61 0.31
52 152 6.50 0.29
52 153 13.15 0.29
52 154 18.49 0.31
52 155 25.77 0.31
52 156 30.84 0.31
52 157 37.93 0.31
52 158 43.74 0.29
52 159 51.01 0.28
52 160 57.35 0.28
52 161 64.78 0.26
52 162 71.14 0.26
52 163 79.18 0.29
52 164 85.40 0.21
52 165 93.96 0.16
52 166 99.99 -0.14
52 167 107.91 -0.13
52 168 114.12 -0.14
52 169 122.13 0.12
52 170 128.69 0.08
52 171 136.85 0.08
52 172 143.34 0.08
52 173 151.53 0.07
52 174 158.65 0.00
52 175 166.95 0.00
52 176 173.06 0.00
52 177 181.96 0.00
52 178 187.78 0.00
52 179 197.02 0.00
52 180 205.29 0.03
52 181 214.93 0.00
52 182 223.56 0.00
53 96 44.70 0.09
53 97 32.10 0.12
53 98 23.51 0.17
53 99 11.59 0.11
53 100 3.57 0.16
53 101 -7.70 0.12
53 102 -15.92 0.08
53 103 -25.33 0.07
53 104 -31.08 -0.09
53 105 -38.53 0.12
53 106 -42.61 0.17
53 107 -49.60 0.18
53 108 -52.54 0.20
53 109 -58.44 0.20
53 110 -60.84 0.21
53 111 -65.49 0.20
53 112 -67.32 0.24
53 113 -71.60 0.23
53 114 -72.92 0.29
53 115 -76.77 0.26
53 116 -77.73 0.29
53 117 -81.22 0.30
53 118 -81.77 0.30
53 119 -84.64 0.30
53 120 -84.64 0.31
53 121 -86.76 0.30
53 122 -86.74 0.26
53 123 -88.36 0.25
53 124 -87.47 -0.17
53 125 -89.08 -0.17
53 126 -88.00 -0.17
53 127 -89.14 0.17
53 128 -88.02 0.16
53 129 -88.63 0.14
53 130 -87.20 0.12
53 131 -87.55 0.11
53 132 -85.60 0.10
53 133 -85.79 0.07
53 134 -84.41 0.06
53 135 -83.72 0.05
53 136 -79.52 0.07
53 137 -76.55 0.06
53 138 -71.60 0.10
53 139 -68.56 0.12
53 140 -63.44 0.13
53 141 -60.20 0.15
53 142 -54.85 0.19
53 143 -51.67 0.19
53 144 -45.76 0.20
53 145 -42.66 0.22
53 146 -36.74 0.21
53 147 -33.03 0.25
53 148 -27.16 0.23
53 149 -22.84 0.26
53 150 -16.41 0.29
53 151 -12.37 0.30
53 152 -5.98 0.32
53 153 -1.74 0.28
53 154 4.90 0.29
53 155 9.62 0.29
53 156 16.25 0.28
53 157 21.63 0.28
53 158 28.68 0.31
53 159 33.90 0.28
53 160 41.26 0.26
53 161 46.98 0.28
53 162 54.25 0.27
53 163 60.37 0.26
53 164 67.60 0.25
53 165 74.15 0.25
53 166 82.02 0.25
53 167 88.56 -0.18
53 168 96.11 0.17
53 169 102.53 -0.15
53 170 110.22 -0.15
53 171 117.23 0.09
53 172 125.32 0.09
53 173 131.14 0.08
53 174 138.60 0.07
53 175 145.23 0.06
53 176 153.95 0.00
53 177 159.55 0.04
53 178 168.33 0.00
53 179 174.04 0.00
53 180 183.50 0.00
53 181 191.48 0.03
53 182 201.09 0.00
53 183 209.27 0.08
53 184 218.53 0.08
54 98 44.45 0.13
54 99 35.20 0.17
54 100 22.82 0.15
54 101 14.61 0.16
54 102 2.36 0.13
54 103 -5.65 0.08
54 104 -16.06 -0.05
54 105 -21.95 -0.08
54 106 -30.25 0.11
54 107 -35.10 0.19
54 108 -42.70 0.19
54 109 -46.47 0.19
54 110 -53.01 0.22
54 111 -55.80 0.22
54 112 -61.08 0.22
54 113 -63.18 0.25
54 114 -67.83 0.24
54 115 -69.46 0.28
54 116 -73.60 0.25
54 117 -74.91 0.28
54 118 -78.73 0.28
54 119 -79.55 0.26
54 120 -82.84 0.29
54 121 -83.39 0.26
54 122 -85.90 0.26
54 123 -86.03 0.25
54 124 -88.08 0.23
54 125 -87.33 0.20
54 126 -89.45 0.22
54 127 -88.64 0.21
54 128 -90.11 0.20
54 129 -89.15 0.17
54 130 -90.03 0.16
54 131 -88.78 0.14
54 132 -89.39 0.12
54 133 -87.76 0.11
54 134 -88.17 -0.08
54 135 -86.74 0.07
54 136 -86.80 0.03
54 137 -82.63 -0.06
54 138 -80.08 0.07
54 139 -75.42 0.12
54 140 -72.95 0.14
54 141 -68.18 0.16
54 142 -65.58 0.18
54 143 -60.35 0.17
54 144 -57.60 0.21
54 145 -51.75 0.22
54 146 -49.11 0.23
54 147 -43.49 0.22
54 148 -40.17 0.25
54 149 -34.65 0.25
54 150 -30.83 0.26
54 151 -24.98 0.29
54 152 -20.83 0.30
54 153 -14.75 0.31
54 154 -10.48 0.30
54 155 -4.33 0.31
54 156 0.63 0.33
54 157 6.96 0.32
54 158 11.65 0.31
54 159 18.40 0.30
54 160 23.61 0.29
54 161 30.31 0.27
54 162 35.89 0.27
54 163 43.39 0.27
54 164 48.97 0.27
54 165 55.88 0.23
54 166 62.18 0.25
54 167 69.72 0.22
54 168 75.85 0.20
54 169 83.30 0.18
54 170 89.82 0.16
54 171 97.59 0.14
54 172 103.66 0.12
54 173 111.47 0.11
54 174 117.64 0.11
54 175 125.12 0.08
54 176 131.44 0.07
54 177 139.44 0.06
54 178 145.40 0.03
54 179 154.10 0.00
54 180 159.67 0.00
54 181 169.36 0.00
54 182 176.79 0.05
54 183 186.02 0.05
54 184 194.20 0.06
54 185 203.45 0.06
54 186 211.78 0.10
55 108 -23.77 0.20
55 109 -32.04 0.23
55 110 -36.48 0.23
55 111 -43.52 0.25
55 112 -47.05 0.23
55 113 -52.83 0.24
55 114 -55.59 0.27
55 115 -60.56 0.26
55 116 -62.69 0.28
55 117 -67.25 0.28
55 118 -68.87 0.28
55 119 -73.06 0.30
55 120 -74.47 0.32
55 121 -78.06 0.33
55 122 -78.92 0.33
55 123 -81.92 0.31
55 124 -82.30 0.26
55 125 -84.75 0.28
55 126 -84.69 0.26
55 127 -86.68 0.24
55 128 -86.10 0.21
55 129 -87.91 0.21
55 130 -87.08 0.18
55 131 -88.27 0.16
55 132 -87.49 0.15
55 133 -88.30 0.13
55 134 -86.95 0.12
55 135 -87.55 0.08
55 136 -86.39 0.07
55 137 -86.46 0.04
55 138 -82.94 0.08
55 139 -80.59 0.08
55 140 -76.61 0.13
55 141 -74.52 0.15
55 142 -70.20 0.17
55 143 -67.97 0.19
55 144 -63.20 0.21
55 145 -60.76 0.22
55 146 -55.43 0.21
55 147 -53.04 0.24
55 148 -48.05 0.25
55 149 -44.84 0.26
55 150 -39.57 0.26
55 151 -36.23 0.27
55 152 -30.31 0.27
55 153 -27.00 0.29
55 154 -21.12 0.33
55 155 -17.09 0.31
55 156 -11.37 0.32
55 157 -6.87 0.31
55 158 -0.69 0.32
55 159 3.97 0.31
55 160 10.40 0.30
55 161 15.38 0.31
55 162 22.40 0.30
55 163 27.27 0.29
55 164 34.27 0.27
55 165 39.49 0.27
55 166 46.67 0.24
55 167 52.45 0.24
55 168 59.71 0.25
55 169 65.80 0.21
55 170 72.98 0.19
55 171 79.31 0.18
55 172 86.84 0.14
55 173 92.58 0.13
55 174 100.61 0.12
55 175 106.31 0.11
55 176 113.77 0.10
55 177 120.09 0.06
55 178 128.30 0.00
55 179 133.51 -0.04
55 180 141.51 0.00
55 181 146.94 0.00
55 182 156.83 0.00
55 183 164.17 -0.05
55 184 173.71 0.00
55 185 181.27 0.07
55 186 190.37 0.07
55 187 198.80 0.10
55 188 207.50 0.12
56 110 -23.56 0.23
56 111 -28.65 0.24
56 112 -36.44 0.26
56 113 -40.07 0.26
56 114 -47.14 0.27
56 115 -50.29 0.26
56 116 -55.80 0.27
56 117 -58.13 0.30
56 118 -63.17 0.28
56 119 -65.06 0.29
56 120 -69.62 0.30
56 121 -70.81 0.30
56 122 -75.22 0.31
56 123 -76.50 0.30
56 124 -79.70 0.30
56 125 -80.48 0.26
56 126 -83.24 0.27
56 127 -83.50 0.27
56 128 -85.81 0.25
56 129 -85.48 0.23
56 130 -87.53 0.22
56 131 -87.06 0.17
56 132 -88.62 0.18
56 133 -88.05 0.17
56 134 -89.00 0.15
56 135 -87.86 0.13
56 136 -88.77 0.10
56 137 -87.86 0.07
56 138 -88.40 0.04
56 139 -84.95 -0.07
56 140 -83.22 0.10
56 141 -79.36 0.14
56 142 -77.70 0.16
56 143 -73.64 0.18
56 144 -71.75 0.19
56 145 -67.38 0.20
56 146 -65.23 0.24
56 147 -60.74 0.22
56 148 -58.20 0.24
56 149 -53.47 0.24
56 150 -50.68 0.26
56 151 -45.78 0.27
56 152 -42.69 0.29
56 153 -37.36 0.31
56 154 -34.01 0.29
56 155 -28.79 0.31
56 156 -24.74 0.32
56 157 -18.97 0.32
56 158 -15.17 0.31
56 159 -8.85 0.34
56 160 -4.76 0.31
56 161 1.15 0.29
56 162 6.06 0.29
56 163 12.88 0.29
56 164 17.55 0.28
56 165 24.31 0.27
56 166 29.36 0.26
56 167 36.30 0.24
56 168 41.84 0.25
56 169 48.75 0.24
56 170 54.42 0.21
56 171 61.82 0.20
56 172 67.45 0.19
56 173 74.67 0.15
56 174 80.68 0.16
56 175 88.35 0.15
56 176 93.95 0.11
56 177 101.45 0.09
56 178 107.34 0.06
56 179 114.95 0.07
56 180 120.43 -0.04
56 181 128.29 0.00
56 182 133.58 0.00
56 183 143.64 0.00
56 184 150.38 0.03
56 185 159.69 0.04
56 186 167.50 0.07
56 187 176.54 0.08
56 188 184.39 0.10
56 189 193.34 0.13
56 190 201.87 0.14
57 112 -17.20 0.26
57 113 -25.29 0.30
57 114 -29.70 0.31
57 115 -36.71 0.33
57 116 -41.30 0.28
57 117 -47.44 0.33
57 118 -50.42 0.32
57 119 -55.89 0.34
57 120 -58.04 0.31
57 121 -63.05 0.34
57 122 -65.02 0.34
57 123 -69.22 0.33
57 124 -70.82 0.32
57 125 -74.37 0.32
57 126 -75.13 0.31
57 127 -78.44 0.30
57 128 -78.88 0.28
57 129 -81.78 0.24
57 130 -81.88 0.24
57 131 -84.17 0.21
57 132 -84.10 0.18
57 133 -85.90 0.19
57 134 -85.39 0.17
57 135 -86.87 0.16
57 136 -85.95 0.13
57 137 -87.08 0.09
57 138 -86.53 0.07
57 139 -87.34 -0.04
57 140 -84.30 -0.07
57 141 -82.85 0.10
57 142 -79.41 0.14
57 143 -78.07 0.15
57 144 -74.33 0.17
57 145 -72.77 0.18
57 146 -68.65 0.23
57 147 -66.91 0.24
57 148 -62.86 0.26
57 149 -60.89 0.28
57 150 -56.68 0.29
57 151 -54.23 0.29
57 152 -49.46 0.30
57 153 -46.86 0.31
57 154 -42.07 0.31
57 155 -38.95 0.31
57 156 -33.85 0.33
57 157 -30.29 0.33
57 158 -24.69 0.33
57 159 -20.82 0.36
57 160 -15.10 0.35
57 161 -10.74 0.34
57 162 -4.67 0.36
57 163 -0.74 0.28
57 164 5.27 0.27
57 165 10.09 0.27
57 166 16.64 0.27
57 167 21.49 0.26
57 168 28.88 0.27
57 169 33.30 0.24
57 170 40.24 0.24
57 171 45.77 0.22
57 172 52.82 0.20
57 173 58.40 0.19
57 174 65.83 0.16
57 175 71.20 0.15
57 176 78.83 0.14
57 177 83.92 0.13
57 178 90.97 0.11
57 179 96.96 0.05
57 180 104.83 0.00
57 181 109.26 0.05
57 182 116.88 0.00
57 183 122.03 0.00
57 184 132.22 0.00
57 185 138.51 0.05
57 186 147.79 0.05
57 187 155.22 0.07
57 188 164.37 0.09
57 189 172.39 0.11
57 190 181.13 0.11
57 191 189.17 0.14
57 192 198.10 0.16
58 114 -16.95 0.28
58 115 -21.75 0.33
58 116 -29.56 0.34
58 117 -34.59 0.27
58 118 -41.19 0.35
58 119 -44.89 0.35
58 120 -50.62 0.36
58 121 -53.24 0.40
58 122 -58.46 0.35
58 123 -60.80 0.35
58 124 -65.26 0.32
58 125 -67.23 0.33
58 126 -71.14 0.30
58 127 -72.52 0.28
58 128 -76.03 0.29
58 129 -76.91 0.28
58 130 -79.82 0.26
58 131 -80.07 0.23
58 132 -82.75 0.22
58 133 -82.64 0.17
58 134 -85.08 0.20
58 135 -84.99 0.18
58 136 -86.52 0.16
58 137 -85.92 0.14
58 138 -87.37 0.11
58 139 -86.81 0.08
58 140 -88.20 0.05
58 141 -85.24 -0.08
58 142 -84.25 0.11
58 143 -81.01 0.14
58 144 -80.15 0.16
58 145 -76.70 0.19
58 146 -75.62 0.21
58 147 -71.94 0.24
58 148 -70.53 0.24
58 149 -66.87 0.24
58 150 -65.09 0.28
58 151 -61.28 0.30
58 152 -58.99 0.32
58 153 -54.63 0.31
58 154 -52.36 0.33
58 155 -47.89 0.33
58 156 -44.98 0.32
58 157 -40.35 0.32
58 158 -36.89 0.34
58 159 -31.44 0.35
58 160 -28.21 0.33
58 161 -22.65 0.34
58 162 -18.78 0.32
58 163 -12.90 0.31
58 164 -8.86 0.30
58 165 -2.93 0.29
58 166 1.54 0.28
58 167 7.54 0.26
58 168 12.42 0.26
58 169 18.93 0.24
58 170 23.94 0.26
58 171 30.26 0.23
58 172 35.73 0.23
58 173 42.86 0.20
58 174 48.02 0.19
58 175 54.33 0.19
58 176 60.31 0.16
58 177 67.39 0.12
58 178 73.01 0.13
58 179 80.08 0.09
58 180 85.45 0.06
58 181 93.10 0.00
58 182 97.35 0.03
58 183 104.63 0.00
58 184 109.64 0.00
58 185 119.93 0.00
58 186 125.80 0.04
58 187 135.73 0.00
58 188 142.50 0.06
58 189 151.59 0.08
58 190 159.23 0.10
58 191 168.01 0.08
58 192 175.95 0.15
58 193 184.99 0.14
58 194 192.53 0.18
59 116 -10.42 0.34
59 117 -19.35 0.26
59 118 -24.23 0.30
59 119 -31.36 0.41
59 120 -35.86 0.38
59 121 -42.16 0.37
59 122 -45.54 0.41
59 123 -50.87 0.41
59 124 -53.47 0.37
59 125 -58.18 0.36
59 126 -60.53 0.34
59 127 -65.04 0.30
59 128 -66.58 0.27
59 129 -70.47 0.29
59 130 -71.65 0.27
59 131 -74.98 0.26
59 132 -75.58 0.25
59 133 -78.39 0.25
59 134 -78.57 0.20
59 135 -81.12 0.21
59 136 -81.52 0.20
59 137 -83.28 0.16
59 138 -83.07 0.15
59 139 -84.64 -0.11
59 140 -84.60 0.08
59 141 -86.15 -0.04
59 142 -83.61 -0.08
59 143 -82.93 0.10
59 144 -80.04 0.14
59 145 -79.46 0.16
59 146 -76.32 0.19
59 147 -75.66 0.21
59 148 -72.25 0.22
59 149 -71.23 0.22
59 150 -67.86 0.23
59 151 -66.45 0.29
59 152 -63.09 0.32
59 153 -61.20 0.33
59 154 -57.23 0.33
59 155 -55.11 0.35
59 156 -50.99 0.35
59 157 -48.35 0.36
59 158 -44.01 0.35
59 159 -40.88 0.35
59 160 -35.88 0.33
59 161 -32.81 0.36
59 162 -27.61 0.35
59 163 -23.95 0.33
59 164 -18.22 0.36
59 165 -14.64 0.30
59 166 -8.83 0.30
59 167 -4.51 0.31
59 168 1.56 0.28
59 169 5.64 0.26
59 170 11.79 0.26
59 171 16.30 0.25
59 172 22.67 0.24
59 173 27.77 0.22
59 174 34.55 0.21
59 175 39.31 0.21
59 176 45.76 0.18
59 177 51.51 0.17
59 178 58.74 0.13
59 179 63.88 0.13
59 180 70.51 0.10
59 181 75.81 0.07
59 182 82.64 0.05
59 183 87.40 -0.07
59 184 94.54 0.00
59 185 99.31 0.00
59 186 109.63 0.00
59 187 115.10 0.04
59 188 123.97 0.04
59 189 131.43 0.06
59 190 140.33 0.08
59 191 147.74 0.12
59 192 156.80 0.09
59 193 164.12 0.13
59 194 172.75 0.13
59 195 180.76 0.17
59 196 190.30 0.20
60 118 -10.28 0.39
60 119 -15.72 0.43
60 120 -23.90 0.41
60 121 -29.00 0.39
60 122 -35.89 0.41
60 123 -39.68 0.40
60 124 -45.49 0.38
60 125 -48.46 0.38
60 126 -53.61 0.36
60 127 -56.16 0.35
60 128 -60.69 0.34
60 129 -62.34 0.35
60 130 -66.68 0.33
60 131 -68.23 0.31
60 132 -71.71 0.29
60 133 -72.61 0.24
60 134 -75.87 0.25
60 135 -76.34 0.19
60 136 -79.36 0.22
60 137 -79.83 0.19
60 138 -81.92 0.18
60 139 -81.88 0.16
60 140 -83.84 0.12
60 141 -84.24 -0.09
60 142 -85.87 0.05
60 143 -83.52 -0.08
60 144 -83.28 0.11
60 145 -80.62 0.18
60 146 -80.34 0.17
60 147 -77.58 0.20
60 148 -77.32 0.22
60 149 -74.44 0.26
60 150 -73.80 0.25
60 151 -70.76 0.26
60 152 -69.75 0.30
60 153 -66.74 0.32
60 154 -65.26 0.33
60 155 -61.46 0.37
60 156 -59.80 0.33
60 157 -55.83 0.34
60 158 -53.64 0.35
60 159 -49.46 0.35
60 160 -46.67 0.35
60 161 -41.93 0.31
60 162 -38.99 0.36
60 163 -34.12 0.35
60 164 -30.71 0.34
60 165 -25.29 0.36
60 166 -21.88 0.31
60 167 -16.26 0.29
60 168 -12.28 0.30
60 169 -6.65 0.27
60 170 -2.47 0.28
60 171 3.29 0.26
60 172 7.86 0.26
60 173 13.86 0.24
60 174 18.72 0.23
60 175 25.37 0.22
60 176 30.12 0.20
60 177 36.44 0.19
60 178 41.93 0.17
60 179 48.89 0.12
60 180 53.39 -0.12
60 181 60.91 0.08
60 182 65.74 0.05
60 183 71.87 0.04
60 184 76.66 -0.06
60 185 83.63 0.00
60 186 88.20 0.00
60 187 98.53 0.00
60 188 103.48 0.04
60 189 112.97 0.00
60 190 119.59 0.06
60 191 128.29 0.07
60 192 135.63 0.09
60 193 144.44 0.12
60 194 151.80 0.12
60 195 160.39 0.12
60 196 167.79 0.16
60 197 176.33 0.19
60 198 183.72 0.22
61 120 -4.42 0.43
61 121 -13.26 0.36
61 122 -18.65 0.37
61 123 -26.27 0.37
61 124 -30.45 0.42
61 125 -36.95 0.36
61 126 -40.37 0.36
61 127 -46.05 0.36
61 128 -48.78 0.35
61 129 -53.83 0.35
61 130 -55.78 0.35
61 131 -60.32 0.33
61 132 -61.97 0.32
61 133 -65.75 0.28
61 134 -66.88 0.27
61 135 -70.59 0.25
61 136 -71.50 0.25
61 137 -74.47 0.23
61 138 -75.14 0.22
61 139 -77.41 -0.18
61 140 -77.80 0.18
61 141 -80.23 0.09
61 142 -81.04 -0.09
61 143 -82.88 -0.04
61 144 -80.96 -0.08
61 145 -80.98 0.10
61 146 -78.52 0.12
61 147 -78.62 0.17
61 148 -76.23 0.18
61 149 -76.25 0.22
61 150 -73.80 0.27
61 151 -73.51 0.27
61 152 -70.82 0.26
61 153 -70.28 0.30
61 154 -67.52 0.32
61 155 -66.31 0.33
61 156 -62.93 0.30
61 157 -61.55 0.33
61 158 -57.98 0.33
61 159 -56.05 0.34
61 160 -52.27 0.33
61 161 -49.73 0.34
61 162 -45.47 0.32
61 163 -42.83 0.34
61 164 -38.19 0.35
61 165 -34.85 0.36
61 166 -29.80 0.34
61 167 -26.52 0.34
61 168 -21.36 0.32
61 169 -17.59 0.29
61 170 -11.90 0.31
61 171 -8.32 0.28
61 172 -2.45 0.27
61 173 1.59 0.26
61 174 7.47 0.26
61 175 12.21 0.26
61 176 18.53 0.23
61 177 23.30 0.23
61 178 29.70 0.20
61 179 34.74 -0.16
61 180 40.93 0.14
61 181 45.60 -0.12
61 182 51.83 -0.11
61 183 56.77 -0.09
61 184 63.56 0.05
61 185 68.08 0.05
61 186 74.67 0.00
61 187 79.02 0.00
61 188 89.33 0.00
61 189 94.29 0.04
61 190 103.19 0.00
61 191 109.77 0.06
61 192 118.39 0.06
61 193 125.43 0.10
61 194 133.80 0.11
61 195 141.01 0.13
61 196 149.64 0.13
61 197 156.76 0.18
61 198 164.76 0.24
61 199 172.56 0.28
61 200 180.50 0.30
62 122 -4.28 0.42
62 123 -10.24 0.39
62 124 -18.15 0.40
62 125 -23.30 0.40
62 126 -30.07 0.40
62 127 -34.03 0.39
62 128 -39.98 0.36
62 129 -42.97 0.36
62 130 -48.37 0.37
62 131 -50.65 0.36
62 132 -55.58 0.34
62 133 -57.57 0.32
62 134 -61.59 0.30
62 135 -62.97 0.29
62 136 -66.94 0.26
62 137 -67.95 0.28
62 138 -71.51 0.22
62 139 -72.48 0.22
62 140 -75.21 0.19
62 141 -75.78 0.16
62 142 -78.35 0.13
62 143 -79.44 -0.09
62 144 -81.73 0.06
62 145 -79.88 -0.08
62 146 -80.27 0.10
62 147 -78.17 0.14
62 148 -78.58 0.16
62 149 -76.49 0.20
62 150 -76.90 0.22
62 151 -74.73 0.27
62 152 -74.79 0.28
62 153 -72.53 0.33
62 154 -72.21 0.32
62 155 -69.85 0.32
62 156 -68.97 0.34
62 157 -65.96 0.37
62 158 -64.88 0.35
62 159 -61.60 0.35
62 160 -59.97 0.34
62 161 -56.41 0.35
62 162 -54.24 0.35
62 163 -49.92 0.35
62 164 -47.79 0.35
62 165 -43.48 0.35
62 166 -40.50 0.34
62 167 -35.40 0.34
62 168 -32.72 0.33
62 169 -27.52 0.32
62 170 -24.17 0.32
62 171 -18.86 0.31
62 172 -15.15 0.29
62 173 -9.93 0.28
62 174 -5.62 0.27
62 175 -0.09 0.26
62 176 4.29 0.26
62 177 10.58 0.23
62 178 15.06 0.21
62 179 21.67 -0.20
62 180 25.94 -0.18
62 181 32.48 0.15
62 182 36.38 -0.14
62 183 42.83 -0.11
62 184 47.92 0.07
62 185 53.99 0.04
62 186 58.27 -0.08
62 187 64.97 0.00
62 188 69.13 0.00
62 189 77.80 0.00
62 190 83.69 -0.05
62 191 92.76 0.00
62 192 98.89 0.04
62 193 107.55 0.06
62 194 114.11 0.08
62 195 122.46 0.10
62 196 129.43 0.13
62 197 138.22 0.09
62 198 144.58 0.19
62 199 151.98 0.20
62 200 159.72 0.25
62 201 167.76 0.28
62 202 174.84 0.30
63 124 1.15 0.39
63 125 -7.19 0.41
63 126 -12.32 0.34
63 127 -19.91 0.38
63 128 -24.80 0.39
63 129 -31.27 0.38
63 130 -34.85 0.38
63 131 -40.29 0.38
63 132 -42.98 0.37
63 133 -47.71 0.36
63 134 -50.38 0.32
63 135 -54.70 0.32
63 136 -56.39 0.29
63 137 -60.53 0.27
63 138 -62.03 0.26
63 139 -65.53 0.23
63 140 -66.98 0.22
63 141 -69.94 -0.18
63 142 -70.64 0.19
63 143 -73.82 -0.11
63 144 -75.33 -0.09
63 145 -78.06 0.06
63 146 -76.39 -0.07
63 147 -77.08 0.08
63 148 -75.00 0.13
63 149 -75.98 0.18
63 150 -74.33 0.20
63 151 -74.99 0.22
63 152 -73.21 0.29
63 153 -73.48 0.26
63 154 -71.58 0.34
63 155 -71.67 0.30
63 156 -69.54 0.31
63 157 -69.00 0.34
63 158 -66.37 0.37
63 159 -65.54 0.34
63 160 -62.59 0.35
63 161 -61.25 0.35
63 162 -57.98 0.35
63 163 -56.13 0.35
63 164 -52.15 0.36
63 165 -50.28 0.35
63 166 -46.18 0.32
63 167 -43.66 0.32
63 168 -38.98 0.38
63 169 -36.19 0.32
63 170 -31.33 0.33
63 171 -28.27 0.32
63 172 -23.44 0.32
63 173 -19.90 0.31
63 174 -14.40 0.29
63 175 -10.68 0.28
63 176 -5.41 0.27
63 177 -1.43 0.24
63 178 4.64 0.24
63 179 9.60 -0.19
63 180 15.12 -0.19
63 181 19.41 -0.19
63 182 25.57 -0.15
63 183 29.59 -0.14
63 184 35.65 -0.12
63 185 40.20 -0.09
63 186 46.69 0.05
63 187 50.60 -0.08
63 188 57.09 0.00
63 189 61.08 0.00
63 190 69.57 0.00
63 191 75.21 0.03
63 192 84.17 0.00
63 193 90.09 0.05
63 194 98.65 0.04
63 195 105.20 0.07
63 196 113.47 0.14
63 197 120.23 0.15
63 198 128.16 0.19
63 199 134.73 0.22
63 200 142.31 0.21
63 201 149.38 0.24
63 202 157.04 0.25
63 203 164.19 0.28
63 204 171.92 0.30
63 205 179.26 0.28
63 206 187.35 0.33
63 207 194.53 0.32
63 208 202.84 0.33
63 209 210.48 0.34
63 210 218.68 0.35
63 211 226.54 0.34
63 212 234.47 0.36
64 126 2.17 0.40
64 127 -3.85 0.40
64 128 -11.82 0.39
64 129 -16.78 0.40
64 130 -23.75 0.38
64 131 -27.89 0.38
64 132 -33.96 0.38
64 133 -37.04 0.36
64 134 -42.66 0.33
64 135 -45.19 0.32
64 136 -49.84 0.32
64 137 -51.82 0.30
64 138 -56.19 0.28
64 139 -57.23 -0.24
64 140 -61.48 -0.21
64 141 -63.15 0.21
64 142 -66.64 -0.18
64 143 -67.67 0.17
64 144 -70.93 -0.13
64 145 -72.60 -0.09
64 146 -75.54 0.06
64 147 -74.32 -0.08
64 148 -75.43 0.11
64 149 -73.81 -0.14
64 150 -74.94 0.19
64 151 -73.46 0.20
64 152 -74.58 0.22
64 153 -73.10 0.27
64 154 -73.66 0.28
64 155 -72.03 0.33
64 156 -72.28 0.31
64 157 -70.56 0.33
64 158 -70.38 0.32
64 159 -67.94 0.37
64 160 -67.45 0.33
64 161 -64.83 0.34
64 162 -63.80 0.35
64 163 -60.84 0.34
64 164 -59.33 0.34
64 165 -55.58 0.35
64 166 -54.13 0.34
64 167 -50.41 0.34
64 168 -48.12 0.33
64 169 -43.66 0.32
64 170 -41.10 0.35
64 171 -36.64 0.33
64 172 -33.88 0.33
64 173 -29.18 0.31
64 174 -25.79 0.29
64 175 -20.63 0.31
64 176 -17.19 0.29
64 177 -12.06 0.27
64 178 -7.99 0.27
64 179 -2.45 0.29
64 180 2.33 -0.22
64 181 7.46 -0.21
64 182 11.54 -0.19
64 183 17.55 -0.16
64 184 21.41 -0.16
64 185 27.32 -0.12
64 186 31.57 -0.11
64 187 38.20 0.06
64 188 42.07 0.07
64 189 48.28 0.00
64 190 52.07 0.00
64 191 60.37 0.00
64 192 65.85 0.05
64 193 74.59 0.00
64 194 81.25 0.00
64 195 89.35 0.00
64 196 94.82 0.09
64 197 102.87 0.14
64 198 109.18 0.15
64 199 117.44 -0.14
64 200 123.46 0.19
64 201 131.03 0.23
64 202 137.82 0.29
64 203 145.45 0.25
64 204 152.01 0.29
64 205 159.50 0.30
64 206 167.12 0.31
64 207 175.09 0.34
64 208 181.89 0.32
64 209 190.21 0.32
64 210 197.41 0.32
64 211 205.49 0.34
64 212 213.13 0.32
64 213 221.17 0.34
64 214 229.48 0.35
64 215 237.39 0.33
64 216 245.82 0.33
64 217 254.89 0.34
64 218 262.55 0.33
64 219 271.07 0.34
64 220 279.71 0.35
64 221 288.95 0.31
64 222 296.77 0.32
65 128 8.12 0.40
65 129 -0.46 0.40
65 130 -6.01 0.40
65 131 -13.52 0.38
65 132 -18.05 0.39
65 133 -24.71 0.38
65 134 -28.08 0.38
65 135 -34.25 0.36
65 136 -36.72 0.34
65 137 -42.05 0.31
65 138 -44.13 0.35
65 139 -48.36 0.29
65 140 -50.56 -0.24
65 141 -54.68 -0.19
65 142 -56.60 -0.19
65 143 -60.38 -0.17
65 144 -61.80 0.15
65 145 -65.56 -0.13
65 146 -67.41 -0.10
65 147 -70.32 -0.07
65 148 -69.66 -0.08
65 149 -71.12 -0.10
65 150 -69.96 -0.13
65 151 -71.44 0.18
65 152 -70.28 0.19
65 153 -71.30 0.21
65 154 -70.33 0.31
65 155 -71.28 0.31
65 156 -70.08 0.33
65 157 -70.61 0.32
65 158 -69.08 0.31
65 159 -69.26 0.31
65 160 -67.04 0.32
65 161 -66.99 0.34
65 162 -64.75 0.34
65 163 -64.03 0.33
65 164 -61.38 0.34
65 165 -59.89 0.35
65 166 -56.82 0.35
65 167 -55.28 0.35
65 168 -52.05 0.34
65 169 -50.09 0.34
65 170 -46.09 0.33
65 171 -44.03 0.33
65 172 -39.14 0.33
65 173 -36.76 0.33
65 174 -32.55 0.31
65 175 -29.28 0.32
65 176 -24.58 0.29
65 177 -21.38 0.28
65 178 -16.32 0.28
65 179 -12.67 0.27
65 180 -6.75 -0.23
65 181 -2.80 -0.19
65 182 2.73 -0.20
65 183 5.89 -0.18
65 184 11.68 -0.17
65 185 15.30 -0.17
65 186 21.13 -0.13
65 187 25.08 -0.11
65 188 31.08 -0.09
65 189 35.21 -0.08
65 190 41.70 0.00
65 191 45.33 0.00
65 192 53.44 0.00
65 193 58.55 -0.05
65 194 66.48 -0.06
65 195 72.64 -0.06
65 196 80.42 -0.08
65 197 86.78 -0.10
65 198 94.75 -0.12
65 199 101.11 0.12
65 200 108.54 -0.14
65 201 114.26 0.23
65 202 121.65 0.20
65 203 127.98 0.24
65 204 135.50 0.25
65 205 141.73 0.26
65 206 150.00 0.27
65 207 156.26 0.31
65 208 164.02 0.32
65 209 171.19 0.32
65 210 178.91 0.33
65 211 186.14 0.34
65 212 193.85 0.34
65 213 201.62 0.33
65 214 209.95 0.35
65 215 217.36 0.33
65 216 225.81 0.33
65 217 233.50 0.34
65 218 241.99 0.33
65 219 249.61 0.33
65 220 258.12 0.34
65 221 266.71 0.34
65 222 274.76 0.33
65 223 283.60 0.35
65 224 292.42 0.34
66 130 9.02 0.38
66 131 3.04 0.39
66 132 -4.91 0.39
66 133 -9.94 0.38
66 134 -17.01 0.38
66 135 -21.19 0.37
66 136 -27.57 0.36
66 137 -30.60 0.37
66 138 -36.12 0.33
66 139 -38.72 0.32
66 140 -43.60 0.30
66 141 -45.56 -0.22
66 142 -50.15 -0.21
66 143 -52.34 -0.20
66 144 -56.43 -0.17
66 145 -57.83 -0.19
66 146 -61.82 -0.14
66 147 -63.90 -0.09
66 148 -67.45 0.07
66 149 -66.80 -0.08
66 150 -68.61 0.11
66 151 -67.67 -0.14
66 152 -69.38 0.18
66 153 -68.49 0.20
66 154 -70.16 0.22
66 155 -69.15 0.28
66 156 -70.43 0.26
66 157 -69.40 0.33
66 158 -70.27 0.30
66 159 -68.95 0.32
66 160 -69.32 0.32
66 161 -67.60 0.31
66 162 -67.73 0.33
66 163 -65.80 0.33
66 164 -65.36 0.33
66 165 -63.04 0.34
66 166 -62.20 0.34
66 167 -59.05 0.35
66 168 -58.19 0.34
66 169 -55.10 0.33
66 170 -53.37 0.33
66 171 -49.59 0.34
66 172 -47.88 0.32
66 173 -43.90 0.32
66 174 -41.40 0.33
66 175 -37.23 0.32
66 176 -34.52 0.29
66 177 -30.11 0.30
66 178 -26.98 0.29
66 179 -21.97 0.28
66 180 -18.50 0.29
66 181 -12.84 -0.22
66 182 -9.21 -0.21
66 183 -4.26 -0.20
66 184 -0.66 -0.21
66 185 4.74 -0.18
66 186 8.29 -0.17
66 187 13.94 -0.13
66 188 17.56 -0.12
66 189 24.03 0.06
66 190 27.47 0.07
66 191 33.30 0.00
66 192 36.70 0.00
66 193 44.59 0.00
66 194 49.67 0.04
66 195 57.59 -0.04
66 196 63.37 0.05
66 197 71.06 0.08
66 198 77.00 0.12
66 199 84.45 0.12
66 200 90.51 0.13
66 201 97.72 0.17
66 202 103.62 0.19
66 203 111.11 0.22
66 204 117.00 0.23
66 205 124.30 0.24
66 206 130.57 0.25
66 207 137.73 0.29
66 208 144.62 0.30
66 209 152.31 0.32
66 210 158.88 0.32
66 211 167.05 0.32
66 212 173.71 0.32
66 213 181.34 0.31
66 214 188.69 0.31
66 215 196.70 0.34
66 216 204.00 0.31
66 217 212.12 0.32
66 218 219.63 0.32
66 219 227.66 0.33
66 220 235.61 0.32
66 221 244.63 0.34
66 222 251.69 0.32
66 223 259.92 0.33
66 224 268.47 0.32
66 225 276.31 0.32
66 226 285.51 0.31
67 132 15.09 0.38
67 133 6.59 0.37
67 134 1.14 0.38
67 135 -6.63 0.38
67 136 -11.36 0.36
67 137 -18.04 0.36
67 138 -21.44 0.38
67 139 -27.32 0.35
67 140 -30.40 0.35
67 141 -35.52 0.29
67 142 -37.77 -0.24
67 143 -42.45 -0.21
67 144 -44.83 -0.22
67 145 -49.37 -0.21
67 146 -51.52 -0.19
67 147 -55.38 0.11
67 148 -57.78 -0.10
67 149 -61.48 0.07
67 150 -61.12 -0.09
67 151 -63.44 0.12
67 152 -62.89 0.12
67 153 -64.94 0.18
67 154 -64.31 0.19
67 155 -66.23 0.22
67 156 -65.56 0.23
67 157 -67.03 0.24
67 158 -66.34 0.27
67 159 -67.34 0.30
67 160 -66.39 0.31
67 161 -67.07 0.31
67 162 -65.55 0.31
67 163 -66.05 0.32
67 164 -64.48 0.33
67 165 -64.36 0.33
67 166 -62.40 0.34
67 167 -61.93 0.34
67 168 -59.31 0.31
67 169 -58.41 0.33
67 170 -55.56 0.34
67 171 -54.31 0.33
67 172 -50.91 0.31
67 173 -49.37 0.32
67 174 -45.91 0.32
67 175 -43.83 0.31
67 176 -39.76 0.31
67 177 -37.08 0.32
67 178 -33.02 0.29
67 179 -30.07 0.29
67 180 -25.34 0.28
67 181 -22.16 0.28
67 182 -16.43 -0.21
67 183 -13.14 -0.21
67 184 -8.52 -0.21
67 185 -5.31 -0.19
67 186 0.04 -0.19
67 187 3.31 -0.17
67 188 8.51 -0.15
67 189 12.46 -0.10
67 190 18.01 -0.09
67 191 21.59 -0.08
67 192 27.45 0.00
67 193 30.68 0.00
67 194 38.39 0.00
67 195 43.32 -0.06
67 196 50.66 0.07
67 197 56.55 -0.07
67 198 63.92 0.08
67 199 69.62 0.08
67 200 76.83 0.10
67 201 82.33 0.14
67 202 89.75 0.15
67 203 95.63 0.20
67 204 102.98 0.20
67 205 108.22 0.25
67 206 115.85 0.24
67 207 121.46 0.26
67 208 128.81 0.30
67 209 135.20 0.28
67 210 142.46 0.31
67 211 149.01 0.29
67 212 156.74 0.29
67 213 163.37 0.31
67 214 171.62 0.30
67 215 177.85 0.31
67 216 185.87 0.32
67 217 192.99 0.32
67 218 200.82 0.30
67 219 207.74 0.31
67 220 216.51 0.31
67 221 223.74 0.31
67 222 232.37 0.33
67 223 239.86 0.31
67 224 247.31 0.32
67 225 256.23 0.30
67 226 263.49 0.31
67 227 272.47 0.30
67 228 280.94 0.31
68 134 16.39 0.38
68 135 10.35 0.38
68 136 2.23 0.36
68 137 -2.76 0.37
68 138 -9.77 0.38
68 139 -13.78 0.37
68 140 -20.19 0.35
68 141 -23.25 0.37
68 142 -28.99 0.29
68 143 -31.77 -0.24
68 144 -36.95 -0.21
68 145 -39.77 -0.20
68 146 -44.40 -0.18
68 147 -46.53 -0.21
68 148 -51.06 -0.17
68 149 -53.59 -0.10
68 150 -57.49 -0.08
68 151 -57.59 -0.08
68 152 -60.17 0.12
68 153 -59.84 -0.18
68 154 -62.11 0.15
68 155 -61.64 0.18
68 156 -63.88 0.22
68 157 -63.33 0.21
68 158 -65.23 0.25
68 159 -64.65 0.25
68 160 -65.99 0.27
68 161 -65.34 0.30
68 162 -66.21 0.30
68 163 -65.09 0.30
68 164 -65.80 0.31
68 165 -64.39 0.33
68 166 -64.68 0.32
68 167 -63.00 0.32
68 168 -62.81 0.33
68 169 -60.40 0.31
68 170 -60.01 0.33
68 171 -57.50 0.34
68 172 -56.37 0.34
68 173 -53.24 0.32
68 174 -52.05 0.32
68 175 -48.71 0.32
68 176 -46.98 0.31
68 177 -43.30 0.30
68 178 -40.91 0.30
68 179 -36.93 0.30
68 180 -34.23 0.29
68 181 -29.93 0.27
68 182 -26.87 0.28
68 183 -21.32 -0.21
68 184 -18.62 -0.20
68 185 -13.91 -0.22
68 186 -11.00 -0.19
68 187 -5.92 -0.18
68 188 -2.82 -0.15
68 189 2.06 -0.16
68 190 5.62 -0.12
68 191 11.47 0.07
68 192 14.65 -0.08
68 193 20.16 0.00
68 194 23.19 0.00
68 195 30.69 0.00
68 196 35.29 0.07
68 197 42.87 -0.05
68 198 48.24 0.05
68 199 55.44 0.07
68 200 60.90 0.12
68 201 67.97 0.13
68 202 73.58 0.14
68 203 80.41 0.16
68 204 85.88 0.19
68 205 93.39 0.20
68 206 98.43 0.23
68 207 105.66 0.23
68 208 111.46 0.26
68 209 118.76 0.27
68 210 124.73 0.30
68 211 131.59 0.31
68 212 138.26 0.29
68 213 145.93 0.30
68 214 152.24 0.31
68 215 159.68 0.30
68 216 166.28 0.30
68 217 174.16 0.32
68 218 180.88 0.31
68 219 188.85 0.31
68 220 195.62 0.31
68 221 203.68 0.31
68 222 211.08 0.32
68 223 219.61 0.29
68 224 226.37 0.31
68 225 234.16 0.31
68 226 242.37 0.31
68 227 249.98 0.32
68 228 258.44 0.31
68 229 267.25 0.31
68 230 275.35 0.29
69 136 22.73 0.38
69 137 14.17 0.37
69 138 8.85 0.39
69 139 1.18 0.37
69 140 -3.25 0.38
69 141 -10.09 0.35
69 142 -13.85 0.35
69 143 -19.48 0.33
69 144 -22.75 -0.22
69 145 -28.20 -0.23
69 146 -30.91 -0.22
69 147 -36.17 -0.19
69 148 -38.43 -0.19
69 149 -43.49 -0.14
69 150 -46.02 0.07
69 151 -50.67 -0.04
69 152 -51.04 -0.06
69 153 -53.78 -0.10
69 154 -53.98 -0.14
69 155 -56.92 0.14
69 156 -56.54 0.18
69 157 -59.10 0.20
69 158 -58.88 0.21
69 159 -60.87 0.24
69 160 -60.54 0.23
69 161 -62.00 0.24
69 162 -61.32 0.28
69 163 -62.78 0.27
69 164 -61.73 0.37
69 165 -62.77 0.31
69 166 -61.78 0.36
69 167 -62.41 0.35
69 168 -61.04 0.34
69 169 -61.17 0.35
69 170 -59.11 0.35
69 171 -59.09 0.35
69 172 -56.91 0.34
69 173 -56.08 0.33
69 174 -53.26 0.31
69 175 -52.28 0.33
69 176 -49.20 0.34
69 177 -47.43 0.33
69 178 -44.06 0.30
69 179 -42.05 0.30
69 180 -38.28 0.32
69 181 -35.81 0.31
69 182 -31.64 0.32
69 183 -28.99 0.28
69 184 -23.65 -0.21
69 185 -21.25 -0.20
69 186 -16.85 -0.19
69 187 -14.13 -0.19
69 188 -9.31 -0.17
69 189 -6.52 -0.15
69 190 -1.82 -0.13
69 191 1.42 -0.12
69 192 6.87 0.08
69 193 9.85 0.07
69 194 15.09 0.00
69 195 17.94 0.00
69 196 25.26 0.00
69 197 29.78 0.05
69 198 36.95 0.05
69 199 42.37 -0.06
69 200 49.21 0.07
69 201 54.26 0.12
69 202 61.37 0.16
69 203 66.58 0.15
69 204 73.19 0.17
69 205 78.61 0.19
69 206 86.16 0.21
69 207 90.77 0.22
69 208 97.64 0.25
69 209 103.38 0.26
69 210 110.56 0.26
69 211 116.13 0.26
69 212 122.68 0.28
69 213 129.68 0.30
69 214 136.86 0.28
69 215 142.99 0.30
69 216 150.35 0.30
69 217 156.84 0.30
69 218 164.43 0.30
69 219 170.94 0.30
69 220 178.68 0.30
69 221 185.41 0.31
69 222 193.56 0.30
69 223 200.33 0.30
69 224 207.53 0.29
69 225 215.38 0.30
69 226 223.33 0.31
69 227 230.55 0.30
69 228 239.28 0.30
69 229 246.61 0.29
69 230 255.02 0.29
69 231 262.93 0.29
69 232 271.64 0.27
70 138 24.50 0.39
70 139 18.32 0.37
70 140 10.47 0.36
70 141 6.02 0.37
70 142 -1.79 0.33
70 143 -5.71 0.35
70 144 -12.10 -0.22
70 145 -15.78 -0.23
70 146 -21.58 -0.23
70 147 -25.09 -0.20
70 148 -30.48 -0.18
70 149 -33.24 -0.18
70 150 -38.42 -0.14
70 151 -41.50 -0.09
70 152 -46.18 0.07
70 153 -46.59 -0.07
70 154 -49.83 -0.11
70 155 -50.21 -0.13
70 156 -53.11 0.16
70 157 -53.10 0.17
70 158 -55.75 0.19
70 159 -55.89 0.21
70 160 -58.04 0.23
70 161 -57.96 0.24
70 162 -59.91 0.26
70 163 -59.63 0.28
70 164 -61.15 0.27
70 165 -60.62 0.29
70 166 -61.73 0.31
70 167 -60.74 0.31
70 168 -61.66 0.32
70 169 -60.55 0.32
70 170 -60.86 0.32
70 171 -58.98 0.29
70 172 -59.20 0.31
70 173 -57.38 0.32
70 174 -56.89 0.31
70 175 -54.46 0.31
70 176 -53.64 0.32
70 177 -50.91 0.32
70 178 -49.75 0.29
70 179 -46.73 0.30
70 180 -44.91 0.29
70 181 -41.52 0.28
70 182 -39.23 0.29
70 183 -35.35 0.27
70 184 -32.92 0.28
70 185 -28.00 -0.21
70 186 -25.68 -0.22
70 187 -21.86 -0.20
70 188 -19.01 -0.19
70 189 -14.43 -0.16
70 190 -12.02 -0.15
70 191 -7.22 -0.14
70 192 -4.55 -0.12
70 193 1.00 0.08
70 194 3.83 0.07
70 195 8.80 0.00
70 196 11.46 0.00
70 197 18.58 0.00
70 198 22.68 0.05
70 199 30.36 0.00
70 200 34.75 0.05
70 201 41.87 0.06
70 202 46.75 0.10
70 203 53.46 0.10
70 204 58.77 0.16
70 205 65.16 0.16
70 206 70.29 0.19
70 207 77.38 0.20
70 208 82.31 0.20
70 209 88.61 0.24
70 210 94.23 0.25
70 211 100.82 0.25
70 212 106.66 0.25
70 213 113.38 0.28
70 214 119.54 0.27
70 215 126.85 0.29
70 216 132.77 0.30
70 217 140.21 0.29
70 218 146.12 0.30
70 219 153.57 0.30
70 220 159.77 0.29
70 221 167.55 0.30
70 222 173.71 0.30
70 223 181.29 0.29
70 224 188.12 0.30
70 225 195.21 0.29
70 226 202.95 0.30
70 227 211.12 0.31
70 228 218.21 0.29
70 229 226.38 0.28
70 230 233.62 0.29
70 231 241.80 0.28
70 232 249.61 0.29
70 233 257.84 0.26
70 234 265.73 0.26
71 148 -15.81 -0.19
71 149 -21.30 -0.16
71 150 -24.54 -0.18
71 151 -30.26 -0.12
71 152 -33.42 -0.08
71 153 -38.22 -0.04
71 154 -39.34 -0.07
71 155 -42.73 -0.08
71 156 -43.30 -0.11
71 157 -46.90 0.16
71 158 -47.23 0.17
71 159 -50.11 0.20
71 160 -50.46 0.19
71 161 -52.87 0.22
71 162 -52.94 0.24
71 163 -55.04 0.25
71 164 -55.06 0.27
71 165 -56.94 0.28
71 166 -56.58 0.28
71 167 -58.01 0.29
71 168 -57.21 0.30
71 169 -58.36 0.31
71 170 -57.53 0.31
71 171 -58.20 0.31
71 172 -56.51 0.28
71 173 -56.99 0.31
71 174 -55.44 0.31
71 175 -55.15 0.30
71 176 -53.18 0.29
71 177 -52.67 0.29
71 178 -50.08 0.29
71 179 -49.20 0.29
71 180 -46.47 0.28
71 181 -44.97 0.28
71 182 -42.06 0.28
71 183 -39.95 0.27
71 184 -36.43 0.26
71 185 -34.31 0.25
71 186 -29.16 -0.20
71 187 -27.29 -0.20
71 188 -23.45 -0.19
71 189 -21.36 -0.18
71 190 -17.16 -0.17
71 191 -14.81 -0.13
71 192 -10.50 -0.12
71 193 -7.97 -0.11
71 194 -3.33 -0.10
71 195 -0.19 0.07
71 196 4.54 0.00
71 197 7.03 0.00
71 198 13.95 0.00
71 199 17.84 0.04
71 200 24.68 0.05
71 201 29.48 0.06
71 202 36.46 0.07
71 203 41.04 0.11
71 204 47.72 0.10
71 205 52.53 0.14
71 206 59.04 0.16
71 207 63.96 0.18
71 208 70.47 0.20
71 209 75.20 0.22
71 210 82.14 0.23
71 211 87.29 0.24
71 212 93.90 0.24
71 213 99.39 0.26
71 214 105.70 0.27
71 215 111.68 0.27
71 216 118.87 0.29
71 217 124.47 0.29
71 218 131.81 0.29
71 219 137.65 0.29
71 220 144.65 0.28
71 221 150.85 0.30
71 222 158.46 0.31
71 223 164.63 0.29
71 224 172.00 0.29
71 225 178.63 0.29
71 226 185.14 0.29
71 227 192.84 0.29
71 228 200.78 0.29
71 229 207.56 0.29
71 230 215.85 0.28
71 231 222.66 0.29
71 232 230.79 0.27
71 233 238.32 0.27
71 234 246.73 0.26
71 235 253.92 0.28
71 236 262.79 0.25
71 237 270.77 0.25
71 238 279.44 0.25
71 239 287.64 0.25
71 240 296.29 0.25
71 241 305.20 -0.19
71 242 313.73 -0.19
72 150 -14.83 -0.18
72 151 -17.35 -0.12
72 152 -23.97 -0.12
72 153 -27.75 -0.08
72 154 -33.12 0.06
72 155 -33.85 -0.07
72 156 -37.72 -0.08
72 157 -38.62 -0.12
72 158 -42.14 0.12
72 159 -42.77 0.15
72 160 -45.82 0.18
72 161 -46.24 0.19
72 162 -49.02 0.21
72 163 -49.38 0.22
72 164 -51.76 0.24
72 165 -51.95 0.24
72 166 -54.01 0.26
72 167 -53.94 0.28
72 168 -55.63 0.27
72 169 -55.16 0.30
72 170 -56.46 0.29
72 171 -55.86 0.29
72 172 -56.69 0.30
72 173 -55.44 0.28
72 174 -56.20 0.31
72 175 -54.81 0.31
72 176 -54.85 0.30
72 177 -53.15 0.29
72 178 -53.06 0.29
72 179 -50.50 0.31
72 180 -50.37 0.29
72 181 -47.75 0.28
72 182 -46.60 0.28
72 183 -43.65 0.27
72 184 -42.22 0.27
72 185 -38.66 0.26
72 186 -36.92 0.25
72 187 -32.30 -0.22
72 188 -30.57 -0.21
72 189 -27.13 -0.19
72 190 -25.00 -0.16
72 191 -21.10 -0.16
72 192 -19.16 -0.16
72 193 -15.06 -0.13
72 194 -12.58 -0.11
72 195 -7.93 -0.09
72 196 -5.30 0.04
72 197 -0.83 0.00
72 198 1.47 0.00
72 199 8.20 0.00
72 200 11.85 0.06
72 201 18.80 -0.06
72 202 23.17 0.06
72 203 29.93 0.06
72 204 34.42 0.10
72 205 40.68 0.12
72 206 45.53 0.15
72 207 52.09 0.16
72 208 56.53 0.17
72 209 62.87 0.18
72 210 67.59 0.21
72 211 74.06 0.23
72 212 79.04 0.23
72 213 85.56 0.24
72 214 90.69 0.25
72 215 96.90 0.27
72 216 102.93 0.29
72 217 109.89 0.27
72 218 115.23 0.28
72 219 122.20 0.28
72 220 127.83 0.30
72 221 134.86 0.29
72 222 140.76 0.28
72 223 148.25 0.28
72 224 154.11 0.29
72 225 160.84 0.29
72 226 167.71 0.29
72 227 175.13 0.28
72 228 181.80 0.29
72 229 189.36 0.28
72 230 196.19 0.27
72 231 204.09 0.27
72 232 210.68 0.28
72 233 218.96 0.26
72 234 226.06 0.26
72 235 234.02 0.26
72 236 241.47 0.25
72 237 250.49 0.26
72 238 257.42 0.25
72 239 266.08 0.24
72 240 274.03 0.23
72 241 282.51 0.23
72 242 291.79 -0.18
72 243 300.15 -0.17
72 244 307.83 -0.17
73 152 -8.30 -0.11
73 153 -15.02 -0.11
73 154 -16.12 0.00
73 155 -24.57 0.06
73 156 -25.84 0.06
73 157 -29.98 -0.08
73 158 -30.98 -0.11
73 159 -34.53 0.12
73 160 -35.78 0.16
73 161 -38.94 0.19
73 162 -39.87 0.20
73 163 -42.83 0.21
73 164 -43.39 0.22
73 165 -46.01 0.22
73 166 -46.54 0.25
73 167 -48.81 0.25
73 168 -48.80 0.27
73 169 -50.95 0.27
73 170 -50.56 0.30
73 171 -52.29 0.29
73 172 -51.71 0.29
73 173 -52.96 0.29
73 174 -51.96 0.26
73 175 -53.02 0.29
73 176 -51.75 0.29
73 177 -52.15 0.29
73 178 -50.79 0.30
73 179 -50.86 0.29
73 180 -48.73 0.28
73 181 -48.71 0.28
73 182 -46.59 0.28
73 183 -45.67 0.28
73 184 -42.98 0.26
73 185 -41.70 0.25
73 186 -38.56 0.24
73 187 -37.05 0.24
73 188 -33.85 0.24
73 189 -31.33 -0.19
73 190 -28.10 -0.19
73 191 -26.29 -0.18
73 192 -22.81 -0.15
73 193 -21.03 -0.14
73 194 -17.24 -0.13
73 195 -14.94 -0.12
73 196 -10.97 -0.11
73 197 -8.62 -0.09
73 198 -4.20 0.00
73 199 -2.07 0.00
73 200 4.46 0.00
73 201 8.15 -0.04
73 202 14.58 -0.05
73 203 18.90 -0.05
73 204 25.31 0.07
73 205 30.04 0.08
73 206 36.23 0.09
73 207 40.80 0.14
73 208 47.24 0.15
73 209 51.51 0.16
73 210 57.38 0.20
73 211 62.06 0.21
73 212 67.95 0.22
73 213 72.99 0.24
73 214 79.34 0.22
73 215 84.01 0.25
73 216 90.29 0.26
73 217 95.86 0.26
73 218 102.44 0.26
73 219 107.81 0.29
73 220 114.66 0.29
73 221 120.11 0.29
73 222 126.70 0.29
73 223 132.84 0.30
73 224 139.78 0.30
73 225 145.34 0.29
73 226 152.74 0.29
73 227 159.11 0.29
73 228 166.71 0.30
73 229 172.94 0.29
73 230 180.32 0.30
73 231 186.59 0.26
73 232 194.76 0.26
73 233 200.94 0.25
73 234 208.55 0.26
73 235 215.64 0.26
73 236 223.47 0.25
73 237 230.64 0.25
73 238 238.66 0.24
73 239 246.26 0.23
73 240 254.64 0.22
73 241 262.51 0.23
73 242 270.86 0.21
73 243 280.28 -0.19
73 244 288.10 -0.17
73 245 296.02 -0.17
73 246 303.79 -0.16
73 247 312.22 -0.14
73 248 320.64 -0.15
73 249 328.63 -0.13
73 250 337.67 -0.12
74 154 -8.04 0.08
74 155 -9.72 0.00
74 156 -18.06 0.03
74 157 -19.63 -0.06
74 158 -24.25 0.07
74 159 -25.30 -0.10
74 160 -29.42 0.12
74 161 -30.49 0.14
74 162 -33.95 0.16
74 163 -34.95 0.18
74 164 -38.04 0.19
74 165 -38.78 0.21
74 166 -41.63 0.23
74 167 -42.11 0.22
74 168 -44.91 0.25
74 169 -45.09 0.25
74 170 -47.43 0.27
74 171 -47.05 0.30
74 172 -49.33 0.29
74 173 -49.20 0.28
74 174 -50.58 0.29
74 175 -49.73 0.25
74 176 -51.04 0.29
74 177 -50.12 0.29
74 178 -50.85 0.29
74 179 -49.68 0.28
74 180 -50.11 0.28
74 181 -48.17 0.27
74 182 -48.40 0.27
74 183 -46.53 0.27
74 184 -45.98 0.25
74 185 -43.68 0.25
74 186 -42.74 0.24
74 187 -39.86 0.22
74 188 -38.68 0.23
74 189 -35.62 0.22
74 190 -34.00 0.21
74 191 -30.87 -0.19
74 192 -29.26 -0.17
74 193 -25.88 -0.14
74 194 -24.55 -0.15
74 195 -20.79 -0.12
74 196 -19.11 -0.12
74 197 -14.82 -0.10
74 198 -12.69 0.07
74 199 -8.69 0.00
74 200 -6.74 0.00
74 201 -0.40 0.00
74 202 2.84 0.04
74 203 9.22 -0.05
74 204 13.32 0.05
74 205 19.49 0.07
74 206 23.78 0.09
74 207 29.75 0.10
74 208 34.33 0.13
74 209 40.14 0.14
74 210 44.70 0.16
74 211 50.94 0.17
74 212 55.19 0.19
74 213 61.10 0.21
74 214 65.95 0.24
74 215 72.25 0.22
74 216 76.78 0.24
74 217 82.78 0.26
74 218 88.08 0.29
74 219 94.59 0.27
74 220 99.72 0.27
74 221 106.37 0.30
74 222 111.67 0.29
74 223 117.75 0.29
74 224 123.94 0.29
74 225 130.61 0.29
74 226 136.53 0.28
74 227 143.56 0.29
74 228 149.56 0.28
74 229 156.62 0.28
74 230 163.04 0.29
74 231 170.31 0.28
74 232 176.42 0.27
74 233 184.52 0.29
74 234 190.43 0.26
74 235 198.16 0.27
74 236 204.72 0.26
74 237 212.29 0.25
74 238 219.41 0.24
74 239 227.07 0.23
74 240 234.43 0.22
74 241 242.62 0.21
74 242 250.18 0.21
74 243 258.30 0.20
74 244 267.31 -0.18
74 245 274.40 0.19
74 246 282.89 -0.16
74 247 291.06 -0.15
74 248 298.69 -0.14
74 249 307.72 -0.15
74 250 314.75 -0.13
75 156 -0.66 0.00
75 157 -8.19 0.00
75 158 -9.36 0.00
75 159 -15.39 0.06
75 160 -16.74 0.09
75 161 -21.03 0.11
75 162 -22.30 0.13
75 163 -26.04 0.15
75 164 -27.32 0.17
75 165 -30.65 0.19
75 166 -31.69 0.20
75 167 -34.70 0.21
75 168 -35.68 0.23
75 169 -38.33 0.25
75 170 -38.98 0.29
75 171 -41.49 0.28
75 172 -41.62 0.29
75 173 -44.03 0.30
75 174 -44.20 0.30
75 175 -45.69 0.32
75 176 -45.59 0.27
75 177 -46.87 0.31
75 178 -45.99 0.30
75 179 -47.23 0.28
75 180 -46.31 0.28
75 181 -46.88 0.27
75 182 -45.40 0.26
75 183 -45.92 0.25
75 184 -44.31 0.24
75 185 -44.16 0.24
75 186 -42.02 0.24
75 187 -41.46 0.23
75 188 -38.92 0.21
75 189 -37.99 0.22
75 190 -35.23 0.21
75 191 -34.01 0.20
75 192 -31.22 -0.18
75 193 -29.93 -0.18
75 194 -26.60 -0.17
75 195 -25.47 -0.12
75 196 -22.29 -0.12
75 197 -20.74 -0.11
75 198 -17.12 -0.11
75 199 -14.92 -0.09
75 200 -11.07 0.00
75 201 -9.31 0.00
75 202 -3.18 0.00
75 203 0.20 -0.03
75 204 6.45 0.00
75 205 10.09 0.05
75 206 16.06 0.05
75 207 20.16 0.08
75 208 26.34 0.08
75 209 30.26 0.12
75 210 35.94 0.13
75 211 40.28 0.15
75 212 46.52 0.17
75 213 50.59 0.19
75 214 56.47 0.19
75 215 60.83 0.21
75 216 67.09 0.22
75 217 71.48 0.27
75 218 77.12 0.25
75 219 82.04 0.26
75 220 88.75 0.28
75 221 93.41 0.28
75 222 99.69 0.29
75 223 105.02 0.28
75 224 111.16 0.28
75 225 116.90 0.28
75 226 123.29 0.28
75 227 129.07 0.28
75 228 135.96 0.27
75 229 141.74 0.28
75 230 148.66 0.28
75 231 154.59 0.26
75 232 161.79 0.26
75 233 167.80 0.26
75 234 175.34 0.26
75 235 181.51 0.25
75 236 189.12 0.26
75 237 195.47 0.23
75 238 202.97 0.23
75 239 209.89 0.23
75 240 217.50 0.22
75 241 224.35 0.21
75 242 232.38 0.21
75 243 239.34 0.20
75 244 247.70 0.19
75 245 256.66 -0.17
75 246 264.36 -0.16
75 247 271.83 -0.16
75 248 279.84 -0.14
75 249 287.30 -0.15
75 250 295.56 -0.13
75 251 302.70 -0.12
75 252 311.11 -0.11
76 158 -0.95 0.00
76 159 -2.41 0.00
76 160 -7.37 0.00
76 161 -10.52 -0.10
76 162 -15.00 0.09
76 163 -16.52 0.13
76 164 -20.52 0.14
76 165 -21.94 0.16
76 166 -25.38 0.16
76 167 -26.60 0.17
76 168 -29.81 0.20
76 169 -30.77 0.20
76 170 -33.82 0.24
76 171 -34.66 0.23
76 172 -37.30 0.24
76 173 -37.34 0.30
76 174 -40.10 0.27
76 175 -40.49 0.29
76 176 -42.41 0.27
76 177 -42.20 0.26
76 178 -43.98 0.29
76 179 -43.57 0.27
76 180 -44.81 0.27
76 181 -43.94 0.26
76 182 -45.01 0.25
76 183 -43.53 0.26
76 184 -44.30 0.25
76 185 -43.03 0.24
76 186 -43.20 0.23
76 187 -41.39 0.24
76 188 -41.01 0.22
76 189 -38.96 0.21
76 190 -38.20 0.20
76 191 -35.77 0.20
76 192 -35.06 -0.18
76 193 -32.40 -0.17
76 194 -31.73 -0.16
76 195 -28.95 -0.16
76 196 -27.93 -0.13
76 197 -24.87 -0.13
76 198 -23.56 -0.12
76 199 -19.53 0.06
76 200 -18.19 0.04
76 201 -15.53 -0.04
76 202 -13.18 0.00
76 203 -7.24 0.00
76 204 -4.47 -0.05
76 205 1.96 0.00
76 206 5.26 0.05
76 207 10.90 0.07
76 208 15.23 0.06
76 209 20.64 0.07
76 210 24.91 0.10
76 211 30.85 0.11
76 212 34.80 0.13
76 213 40.63 0.16
76 214 44.46 0.17
76 215 50.24 0.18
76 216 54.60 0.20
76 217 60.55 0.21
76 218 64.89 0.24
76 219 70.53 0.23
76 220 75.50 0.28
76 221 81.60 0.27
76 222 86.21 0.28
76 223 92.38 0.28
76 224 97.57 0.27
76 225 103.87 0.28
76 226 109.02 0.28
76 227 115.88 0.29
76 228 121.12 0.30
76 229 127.53 0.28
76 230 133.34 0.28
76 231 140.09 0.28
76 232 145.91 0.28
76 233 152.74 0.28
76 234 159.07 0.27
76 235 166.18 0.27
76 236 172.05 0.26
76 237 179.47 0.26
76 238 185.89 0.24
76 239 193.16 0.23
76 240 199.62 0.21
76 241 207.28 0.21
76 242 214.08 0.21
76 243 221.69 0.19
76 244 228.76 0.19
76 245 236.83 0.18
76 246 244.81 -0.16
76 247 252.08 -0.15
76 248 259.74 -0.14
76 249 267.21 -0.14
76 250 274.63 -0.13
76 251 282.70 -0.12
76 252 289.71 -0.12
76 253 298.17 -0.10
76 254 305.49 -0.09
76 255 313.94 -0.09
76 256 322.44 0.00
76 257 330.36 0.00
76 258 337.43 0.00
76 259 345.85 0.00
76 260 352.71 0.00
76 261 362.31 0.00
76 262 370.85 0.00
77 160 7.05 0.00
77 161 1.75 0.00
77 162 -1.30 0.08
77 163 -6.21 0.08
77 164 -8.07 0.11
77 165 -12.29 0.12
77 166 -13.87 0.14
77 167 -17.62 0.15
77 168 -19.13 0.16
77 169 -22.45 0.19
77 170 -23.66 0.21
77 171 -26.81 0.21
77 172 -27.76 0.21
77 173 -30.73 0.27
77 174 -30.97 0.28
77 175 -33.77 0.28
77 176 -34.74 0.27
77 177 -36.88 0.28
77 178 -36.97 0.26
77 179 -38.98 0.29
77 180 -38.87 0.29
77 181 -40.29 0.28
77 182 -39.58 0.27
77 183 -40.80 0.27
77 184 -39.60 0.27
77 185 -40.55 0.26
77 186 -39.55 0.25
77 187 -39.70 0.21
77 188 -38.37 0.21
77 189 -38.34 0.20
77 190 -36.63 0.19
77 191 -36.42 -0.16
77 192 -34.58 -0.16
77 193 -34.05 -0.15
77 194 -31.91 -0.17
77 195 -31.12 -0.16
77 196 -28.76 -0.15
77 197 -28.16 -0.13
77 198 -25.38 -0.12
77 199 -24.27 -0.11
77 200 -20.67 0.06
77 201 -19.58 0.05
77 202 -17.04 0.04
77 203 -15.06 0.00
77 204 -10.03 0.04
77 205 -6.69 0.04
77 206 -0.57 0.00
77 207 3.29 0.00
77 208 8.09 0.05
77 209 12.12 0.07
77 210 17.58 0.07
77 211 21.65 0.10
77 212 27.30 0.11
77 213 31.25 0.11
77 214 36.94 0.13
77 215 40.89 0.15
77 216 46.20 0.17
77 217 50.67 0.21
77 218 56.25 0.19
77 219 60.55 0.24
77 220 65.92 0.24
77 221 70.51 0.26
77 222 76.42 0.27
77 223 80.98 0.28
77 224 86.91 0.29
77 225 91.97 0.28
77 226 98.35 0.28
77 227 103.05 0.28
77 228 109.68 0.27
77 229 114.48 0.28
77 230 120.75 0.28
77 231 126.26 0.28
77 232 133.15 0.28
77 233 138.86 0.29
77 234 145.41 0.28
77 235 151.27 0.28
77 236 158.19 0.25
77 237 164.35 0.27
77 238 171.59 0.23
77 239 177.68 0.24
77 240 184.91 0.24
77 241 191.42 0.24
77 242 199.07 0.21
77 243 205.73 0.22
77 244 212.79 0.18
77 245 219.95 0.17
77 246 227.34 0.17
77 247 234.65 -0.17
77 248 242.27 -0.16
77 249 249.27 -0.14
77 250 256.47 -0.14
77 251 263.93 -0.13
77 252 271.96 -0.12
77 253 279.08 -0.10
77 254 287.01 -0.11
77 255 294.03 -0.09
77 256 302.31 -0.08
77 257 310.36 0.00
77 258 318.13 0.00
77 259 325.08 0.00
77 260 333.33 0.00
77 261 340.10 0.00
77 262 349.85 0.00
77 263 358.17 0.00
77 264 367.19 0.00
78 162 9.56 0.00
78 163 6.04 -0.07
78 164 1.17 0.06
78 165 -0.61 0.08
78 166 -5.28 0.10
78 167 -7.08 0.14
78 168 -11.08 0.14
78 169 -12.60 0.14
78 170 -16.27 0.17
78 171 -17.57 0.18
78 172 -20.95 0.19
78 173 -22.18 0.22
78 174 -25.41 0.24
78 175 -25.96 0.29
78 176 -29.17 0.25
78 177 -29.97 0.29
78 178 -32.28 0.29
78 179 -32.63 0.23
78 180 -34.80 0.29
78 181 -34.91 0.27
78 182 -36.59 0.28
78 183 -36.30 0.28
78 184 -37.81 0.26
78 185 -36.73 0.23
78 186 -38.20 0.25
78 187 -36.70 -0.17
78 188 -37.83 0.21
78 189 -36.79 0.21
78 190 -37.16 -0.17
78 191 -35.85 -0.18
78 192 -35.98 -0.16
78 193 -34.53 -0.15
78 194 -34.27 -0.16
78 195 -32.44 -0.14
78 196 -32.13 -0.13
78 197 -29.90 -0.14
78 198 -29.43 -0.12
78 199 -26.94 -0.12
78 200 -26.12 -0.11
78 201 -23.31 -0.10
78 202 -22.05 0.04
78 203 -19.57 -0.05
78 204 -17.89 0.00
78 205 -13.08 -0.04
78 206 -10.01 0.04
78 207 -4.07 0.00
78 208 -0.45 0.00
78 209 4.27 0.04
78 210 8.07 0.05
78 211 13.59 0.06
78 212 17.51 0.07
78 213 22.80 0.10
78 214 26.57 0.11
78 215 32.63 -0.08
78 216 36.09 0.16
78 217 41.29 0.15
78 218 45.39 0.17
78 219 50.93 0.20
78 220 55.02 0.22
78 221 60.27 0.26
78 222 64.63 0.25
78 223 70.37 0.27
78 224 74.73 0.26
78 225 80.41 0.28
78 226 85.19 0.28
78 227 91.28 0.28
78 228 95.99 0.29
78 229 102.55 0.26
78 230 107.29 0.27
78 231 113.63 0.28
78 232 118.86 0.28
78 233 125.47 0.29
78 234 130.85 0.28
78 235 137.41 0.26
78 236 143.15 0.27
78 237 149.93 0.25
78 238 155.98 0.25
78 239 162.81 0.25
78 240 168.97 0.23
78 241 175.61 0.22
78 242 182.30 0.22
78 243 189.56 0.21
78 244 196.78 -0.18
78 245 203.01 0.19
78 246 210.10 -0.15
78 247 217.30 -0.15
78 248 223.69 -0.15
78 249 231.30 -0.13
78 250 237.84 -0.15
78 251 245.34 -0.12
78 252 251.99 -0.12
78 253 259.76 -0.11
78 254 266.85 -0.10
78 255 274.54 -0.10
78 256 281.35 -0.09
78 257 289.63 -0.08
78 258 297.58 0.00
78 259 305.21 0.00
78 260 312.02 0.00
78 261 320.13 0.00
78 262 326.79 0.00
78 263 336.74 0.00
78 264 344.73 0.00
78 265 353.69 0.00
78 266 362.87 0.00
79 164 16.49 0.06
79 165 10.84 0.06
79 166 8.72 0.08
79 167 4.06 0.07
79 168 1.91 0.10
79 169 -2.48 0.14
79 170 -4.31 0.15
79 171 -8.09 0.14
79 172 -9.69 0.12
79 173 -13.22 0.18
79 174 -14.56 0.19
79 175 -18.06 0.21
79 176 -18.92 0.23
79 177 -22.23 0.25
79 178 -23.45 0.27
79 179 -25.89 0.27
79 180 -26.52 0.25
79 181 -28.81 0.30
79 182 -29.13 0.28
79 183 -31.07 0.29
79 184 -30.90 0.29
79 185 -32.60 0.24
79 186 -31.73 -0.20
79 187 -33.33 -0.20
79 188 -32.47 -0.18
79 189 -33.88 -0.19
79 190 -33.08 -0.17
79 191 -34.00 -0.18
79 192 -32.92 -0.18
79 193 -33.37 -0.17
79 194 -31.95 -0.17
79 195 -32.30 -0.15
79 196 -30.67 -0.15
79 197 -30.53 -0.15
79 198 -28.56 -0.14
79 199 -28.30 -0.13
79 200 -26.12 -0.12
79 201 -25.55 -0.10
79 202 -23.09 0.05
79 203 -22.59 0.04
79 204 -20.28 -0.04
79 205 -18.79 0.00
79 206 -13.75 -0.04
79 207 -10.92 0.04
79 208 -5.60 0.00
79 209 -2.55 0.04
79 210 2.46 0.04
79 211 6.41 0.05
79 212 11.46 0.04
79 213 15.19 0.08
79 214 20.82 0.04
79 215 24.26 0.11
79 216 29.65 0.12
79 217 33.18 0.12
79 218 38.72 0.12
79 219 42.34 0.17
79 220 47.47 0.22
79 221 51.23 0.23
79 222 56.57 0.21
79 223 60.57 0.25
79 224 66.20 0.27
79 225 70.33 0.27
79 226 75.85 0.27
79 227 80.48 0.27
79 228 86.22 0.27
79 229 90.89 0.28
79 230 97.21 0.28
79 231 101.83 0.28
79 232 107.90 0.29
79 233 113.07 0.28
79 234 119.48 0.29
79 235 124.90 0.28
79 236 131.25 0.26
79 237 136.59 0.27
79 238 143.57 0.26
79 239 149.18 0.26
79 240 155.90 0.24
79 241 161.85 0.23
79 242 168.50 0.23
79 243 174.62 0.21
79 244 182.13 0.21
79 245 188.39 0.21
79 246 194.82 -0.15
79 247 201.15 -0.17
79 248 208.37 -0.15
79 249 214.73 -0.14
79 250 222.13 -0.14
79 251 228.44 -0.14
79 252 235.88 -0.10
79 253 242.43 -0.10
79 254 250.22 -0.10
79 255 256.39 -0.10
79 256 263.92 -0.11
79 257 271.71 0.06
79 258 279.04 0.04
79 259 286.36 0.00
79 260 293.84 0.00
79 261 300.54 0.00
79 262 308.48 0.00
79 263 315.04 0.00
79 264 325.14 0.00
79 265 332.84 0.00
79 266 341.74 0.00
79 267 350.86 0.00
79 268 359.59 0.00
80 166 20.66 0.00
80 167 17.02 0.07
80 168 12.38 -0.05
80 169 10.10 0.06
80 170 5.29 0.08
80 171 3.13 0.11
80 172 -0.94 0.14
80 173 -2.46 0.18
80 174 -6.44 0.16
80 175 -7.96 0.13
80 176 -11.55 0.24
80 177 -12.72 0.25
80 178 -16.30 0.28
80 179 -17.69 0.30
80 180 -20.41 0.30
80 181 -20.92 0.30
80 182 -23.77 0.31
80 183 -24.39 0.31
80 184 -26.61 0.31
80 185 -26.73 0.29
80 186 -28.52 0.28
80 187 -28.08 0.26
80 188 -30.15 -0.18
80 189 -29.98 -0.17
80 190 -31.20 -0.16
80 191 -30.74 -0.17
80 192 -31.90 -0.15
80 193 -31.10 -0.16
80 194 -32.04 -0.14
80 195 -31.09 -0.13
80 196 -31.30 -0.14
80 197 -30.14 -0.13
80 198 -30.36 -0.12
80 199 -28.73 -0.12
80 200 -28.69 -0.12
80 201 -26.82 -0.11
80 202 -26.53 -0.08
80 203 -24.31 -0.07
80 204 -24.05 0.03
80 205 -22.17 0.02
80 206 -20.87 0.00
80 207 -16.40 -0.03
80 208 -13.86 0.02
80 209 -8.67 -0.02
80 210 -5.90 0.04
80 211 -0.82 0.06
80 212 2.56 0.05
80 213 7.36 0.06
80 214 11.19 0.07
80 215 16.72 0.06
80 216 19.92 0.09
80 217 25.08 0.09
80 218 29.02 0.09
80 219 34.45 0.11
80 220 38.20 0.18
80 221 43.27 0.21
80 222 46.96 0.21
80 223 51.66 0.23
80 224 55.62 0.25
80 225 61.27 0.27
80 226 64.99 0.27
80 227 70.82 0.30
80 228 74.69 0.27
80 229 80.44 0.27
80 230 85.02 0.28
80 231 91.12 0.28
80 232 95.37 0.28
80 233 101.62 0.28
80 234 106.40 0.28
80 235 112.51 0.28
80 236 117.71 0.27
80 237 124.11 0.27
80 238 129.25 0.26
80 239 136.12 0.26
80 240 141.60 0.26
80 241 148.08 0.25
80 242 153.71 0.23
80 243 160.71 0.24
80 244 166.53 0.22
80 245 173.12 -0.16
80 246 178.95 -0.15
80 247 185.72 -0.14
80 248 191.82 -0.15
80 249 198.65 -0.13
80 250 204.71 -0.12
80 251 212.06 -0.12
80 252 217.84 -0.12
80 253 224.98 -0.11
80 254 231.23 -0.12
80 255 238.88 -0.11
80 256 245.30 -0.11
80 257 252.60 -0.09
80 258 259.25 -0.09
80 259 266.87 -0.08
80 260 274.29 0.00
80 261 281.62 0.00
80 262 288.19 0.00
80 263 295.99 0.00
80 264 302.42 0.00
80 265 312.69 0.00
80 266 320.00 0.00
80 267 328.87 0.00
80 268 337.85 0.00
80 269 346.50 0.00
80 270 355.88 0.00
81 168 28.11 0.05
81 169 22.51 -0.05
81 170 20.11 -0.06
81 171 15.59 -0.05
81 172 13.29 -0.06
81 173 8.96 -0.07
81 174 6.90 -0.07
81 175 3.21 -0.07
81 176 0.97 -0.09
81 177 -3.25 0.25
81 178 -4.11 -0.15
81 179 -8.69 0.25
81 180 -10.26 0.27
81 181 -12.93 0.32
81 182 -13.79 0.31
81 183 -16.90 0.32
81 184 -17.75 0.31
81 185 -20.11 0.31
81 186 -19.90 -0.19
81 187 -22.51 0.30
81 188 -22.26 -0.18
81 189 -24.63 -0.19
81 190 -24.58 -0.16
81 191 -26.23 -0.18
81 192 -26.14 -0.18
81 193 -27.33 -0.18
81 194 -26.89 -0.17
81 195 -27.80 -0.18
81 196 -27.54 -0.10
81 197 -28.05 -0.09
81 198 -27.03 -0.09
81 199 -27.86 -0.09
81 200 -26.71 -0.07
81 201 -27.03 -0.07
81 202 -25.63 -0.06
81 203 -25.70 -0.05
81 204 -23.93 -0.05
81 205 -23.71 -0.03
81 206 -22.24 -0.03
81 207 -21.07 0.00
81 208 -16.88 -0.03
81 209 -14.02 0.00
81 210 -9.28 0.00
81 211 -7.01 -0.04
81 212 -1.94 0.03
81 213 0.98 0.03
81 214 5.89 -0.05
81 215 9.29 0.04
81 216 14.15 -0.06
81 217 17.88 -0.06
81 218 22.77 -0.05
81 219 26.72 0.04
81 220 31.78 -0.07
81 221 36.14 0.18
81 222 40.73 0.20
81 223 44.22 0.21
81 224 48.93 0.22
81 225 52.70 0.23
81 226 58.01 0.24
81 227 61.34 0.26
81 228 66.62 0.25
81 229 70.90 0.27
81 230 76.45 0.27
81 231 80.65 0.27
81 232 86.64 0.27
81 233 91.01 0.27
81 234 96.71 0.27
81 235 101.73 0.27
81 236 107.54 0.25
81 237 112.69 0.26
81 238 118.66 0.26
81 239 123.84 0.26
81 240 130.35 0.25
81 241 135.48 0.25
81 242 141.94 0.24
81 243 147.52 0.24
81 244 153.74 0.22
81 245 160.22 0.23
81 246 165.69 -0.16
81 247 172.19 -0.19
81 248 178.89 0.17
81 249 183.74 -0.16
81 250 190.53 -0.15
81 251 196.62 -0.14
81 252 203.53 -0.14
81 253 209.50 -0.13
81 254 216.31 -0.13
81 255 222.61 -0.12
81 256 229.99 -0.12
81 257 235.71 -0.08
81 258 242.89 -0.06
81 259 249.22 -0.07
81 260 256.52 -0.06
81 261 262.96 -0.06
81 262 270.65 0.00
81 263 277.08 0.00
81 264 284.73 0.00
81 265 291.05 0.00
81 266 301.46 0.00
81 267 308.36 0.00
81 268 317.27 0.00
81 269 326.00 0.00
81 270 334.61 0.00
81 271 343.86 0.00
82 170 32.17 0.00
82 171 29.31 0.00
82 172 24.82 0.00
82 173 22.14 0.00
82 174 16.54 0.05
82 175 14.30 0.05
82 176 10.49 0.05
82 177 8.07 -0.05
82 178 3.90 0.23
82 179 2.12 0.24
82 180 -1.75 0.28
82 181 -3.78 0.30
82 182 -6.84 0.30
82 183 -7.87 0.31
82 184 -11.23 0.31
82 185 -12.34 0.30
82 186 -14.89 0.28
82 187 -15.44 0.29
82 188 -17.74 0.29
82 189 -18.09 -0.20
82 190 -20.34 -0.19
82 191 -20.32 -0.18
82 192 -22.48 -0.19
82 193 -22.55 -0.18
82 194 -23.92 -0.17
82 195 -24.25 0.06
82 196 -25.19 0.07
82 197 -24.77 0.04
82 198 -24.80 0.00
82 199 -24.60 0.00
82 200 -25.21 0.00
82 201 -24.62 0.00
82 202 -25.17 0.00
82 203 -24.19 0.00
82 204 -24.66 0.00
82 205 -23.19 0.00
82 206 -23.63 0.00
82 207 -22.37 0.00
82 208 -21.94 0.00
82 209 -17.27 0.00
82 210 -15.34 0.00
82 211 -10.81 0.00
82 212 -8.14 0.00
82 213 -3.66 0.00
82 214 -0.48 0.00
82 215 3.99 0.00
82 216 7.57 0.00
82 217 12.06 0.00
82 218 15.94 0.00
82 219 19.91 -0.03
82 220 23.61 0.05
82 221 29.39 0.00
82 222 32.15 0.04
82 223 36.75 -0.05
82 224 40.43 0.22
82 225 45.01 0.22
82 226 48.56 0.24
82 227 53.49 0.23
82 228 57.27 0.26
82 229 62.20 0.26
82 230 66.32 0.25
82 231 71.57 0.27
82 232 75.65 0.27
82 233 81.51 0.28
82 234 85.49 0.27
82 235 91.15 0.28
82 236 95.90 0.26
82 237 101.79 0.26
82 238 106.65 0.28
82 239 112.30 0.26
82 240 117.51 0.26
82 241 123.83 0.26
82 242 128.76 0.24
82 243 134.98 0.25
82 244 140.69 0.24
82 245 146.89 -0.18
82 246 152.36 -0.16
82 247 158.55 -0.16
82 248 163.80 -0.18
82 249 170.41 -0.16
82 250 176.08 -0.16
82 251 182.68 -0.16
82 252 188.62 -0.15
82 253 195.16 -0.15
82 254 201.22 -0.15
82 255 207.81 -0.12
82 256 213.96 -0.12
82 257 220.86 -0.10
82 258 227.08 0.00
82 259 233.17 -0.04
82 260 239.29 -0.04
82 261 246.70 0.00
82 262 252.91 0.00
82 263 259.93 0.00
82 264 266.24 0.00
82 265 273.70 0.00
82 266 279.93 0.00
82 267 290.36 0.00
82 268 296.94 0.00
82 269 305.94 0.00
82 270 314.36 0.00
82 271 322.96 0.00
82 272 331.99 0.00
82 273 340.66 0.00
82 274 349.81 0.00
83 172 41.66 -0.04
83 173 36.34 -0.05
83 174 33.31 -0.06
83 175 28.54 -0.07
83 176 26.52 0.05
83 177 20.05 0.18
83 178 17.65 0.25
83 179 13.44 0.26
83 180 11.01 0.29
83 181 7.08 0.29
83 182 4.88 0.30
83 183 1.28 0.30
83 184 0.02 0.26
83 185 -3.54 0.29
83 186 -4.83 0.29
83 187 -7.65 0.30
83 188 -8.48 0.30
83 189 -10.93 0.29
83 190 -11.14 -0.20
83 191 -13.50 -0.20
83 192 -13.96 -0.19
83 193 -16.06 -0.21
83 194 -16.36 -0.15
83 195 -18.10 -0.14
83 196 -18.20 -0.14
83 197 -19.70 -0.14
83 198 -19.62 -0.13
83 199 -20.65 -0.13
83 200 -20.25 -0.06
83 201 -21.15 -0.06
83 202 -20.71 -0.06
83 203 -21.46 -0.05
83 204 -20.56 -0.04
83 205 -21.08 -0.05
83 206 -19.83 -0.05
83 207 -20.27 -0.03
83 208 -19.19 -0.03
83 209 -18.21 0.00
83 210 -14.77 -0.03
83 211 -12.10 0.00
83 212 -8.41 -0.03
83 213 -5.39 0.00
83 214 -1.13 0.00
83 215 0.83 -0.04
83 216 5.07 -0.05
83 217 8.20 -0.05
83 218 12.57 -0.05
83 219 16.02 -0.05
83 220 20.37 -0.05
83 221 24.09 -0.05
83 222 28.38 -0.06
83 223 31.22 0.21
83 224 35.63 0.21
83 225 38.64 0.22
83 226 43.05 0.22
83 227 46.54 0.23
83 228 51.88 0.24
83 229 54.99 0.25
83 230 59.75 0.24
83 231 63.83 0.27
83 232 68.66 0.26
83 233 72.70 0.27
83 234 78.53 0.28
83 235 82.17 0.27
83 236 88.03 0.25
83 237 92.23 0.27
83 238 97.73 0.25
83 239 102.68 0.25
83 240 108.46 0.25
83 241 113.08 0.24
83 242 119.34 0.25
83 243 124.48 0.22
83 244 130.07 0.25
83 245 135.65 -0.18
83 246 141.23 -0.18
83 247 146.50 -0.19
83 248 152.89 -0.17
83 249 158.30 -0.17
83 250 164.15 -0.16
83 251 169.73 -0.16
83 252 176.07 -0.15
83 253 181.99 -0.12
83 254 188.57 -0.11
83 255 194.11 -0.12
83 256 201.11 -0.08
83 257 206.93 -0.08
83 258 213.31 -0.04
83 259 219.46 -0.04
83 260 226.79 0.00
83 261 232.04 -0.04
83 262 239.34 0.00
83 263 245.42 0.00
83 264 252.29 0.00
83 265 258.48 0.00
83 266 265.79 0.00
83 267 271.91 0.00
83 268 282.42 0.00
83 269 288.63 0.00
83 270 297.77 0.00
83 271 305.75 0.00
83 272 314.41 0.00
83 273 323.13 0.00
83 274 331.81 0.00
83 275 340.71 0.00
83 276 349.60 0.00
84 174 45.25 0.10
84 175 42.23 0.11
84 176 37.07 0.12
84 177 34.04 0.18
84 178 28.69 0.20
84 179 25.89 0.25
84 180 21.31 0.28
84 181 18.97 0.32
84 182 14.60 0.30
84 183 12.27 0.30
84 184 8.62 0.32
84 185 7.31 0.31
84 186 3.19 0.30
84 187 1.75 0.31
84 188 -1.17 0.31
84 189 -2.33 0.31
84 190 -4.97 0.29
84 191 -5.41 0.27
84 192 -8.14 0.26
84 193 -8.66 -0.20
84 194 -11.18 -0.20
84 195 -11.18 -0.15
84 196 -13.41 -0.19
84 197 -13.67 -0.18
84 198 -15.23 -0.17
84 199 -15.01 -0.14
84 200 -16.68 -0.11
84 201 -16.49 0.08
84 202 -17.66 -0.09
84 203 -17.36 -0.07
84 204 -18.24 -0.06
84 205 -17.37 0.06
84 206 -18.13 -0.06
84 207 -16.87 0.04
84 208 -17.63 0.03
84 209 -16.29 0.00
84 210 -16.23 0.00
84 211 -11.95 0.00
84 212 -10.56 0.00
84 213 -6.75 0.03
84 214 -4.98 0.03
84 215 -0.62 -0.04
84 216 1.63 0.03
84 217 5.76 0.04
84 218 8.11 0.07
84 219 12.71 0.08
84 220 15.54 0.13
84 221 19.51 0.14
84 222 22.35 0.16
84 223 26.44 0.16
84 224 29.41 0.17
84 225 33.62 0.20
84 226 36.47 0.20
84 227 40.70 0.21
84 228 43.77 0.23
84 229 48.69 0.23
84 230 51.71 0.24
84 231 56.40 0.25
84 232 60.14 0.26
84 233 65.30 0.27
84 234 68.87 0.27
84 235 74.17 0.26
84 236 77.89 0.26
84 237 83.16 0.27
84 238 87.50 0.26
84 239 93.00 0.25
84 240 97.72 0.26
84 241 103.07 0.25
84 242 107.78 0.25
84 243 113.95 0.24
84 244 118.42 0.22
84 245 124.37 0.23
84 246 129.47 0.21
84 247 135.30 0.20
84 248 140.62 0.18
84 249 146.78 -0.14
84 250 151.84 -0.14
84 251 157.65 -0.15
84 252 163.52 -0.13
84 253 169.43 -0.16
84 254 174.80 -0.13
84 255 181.46 -0.10
84 256 186.95 -0.12
84 257 193.45 -0.08
84 258 199.24 -0.08
84 259 205.89 0.04
84 260 211.55 0.05
84 261 218.88 0.00
84 262 224.20 0.04
84 263 231.12 0.00
84 264 237.08 0.00
84 265 243.82 0.00
84 266 249.88 0.00
84 267 257.05 0.00
84 268 263.07 0.00
84 269 273.65 0.00
84 270 279.49 0.00
84 271 288.80 0.00
84 272 296.30 0.00
84 273 305.12 0.00
84 274 313.40 0.00
84 275 322.15 0.00
84 276 330.71 0.00
84 277 339.45 0.00
84 278 348.19 0.00
85 176 53.94 0.16
85 177 48.46 0.18
85 178 44.73 0.21
85 179 39.37 0.23
85 180 36.26 0.26
85 181 31.68 0.33
85 182 28.82 0.33
85 183 24.15 0.31
85 184 21.20 0.30
85 185 17.53 0.30
85 186 15.82 0.28
85 187 11.72 0.31
85 188 10.05 0.29
85 189 6.95 0.31
85 190 5.31 0.30
85 191 2.54 0.30
85 192 2.05 0.29
85 193 -0.84 0.27
85 194 -1.23 -0.17
85 195 -3.85 -0.17
85 196 -4.48 -0.17
85 197 -6.85 -0.17
85 198 -7.32 -0.16
85 199 -9.11 -0.16
85 200 -9.17 -0.15
85 201 -10.85 -0.16
85 202 -10.85 -0.15
85 203 -11.98 -0.14
85 204 -11.60 -0.07
85 205 -12.63 -0.08
85 206 -12.14 -0.07
85 207 -13.02 -0.06
85 208 -12.08 -0.05
85 209 -12.73 -0.04
85 210 -12.05 -0.03
85 211 -11.90 0.00
85 212 -8.37 -0.03
85 213 -6.71 0.00
85 214 -3.15 0.04
85 215 -1.25 -0.05
85 216 2.40 0.07
85 217 4.63 0.07
85 218 8.43 0.06
85 219 10.52 0.13
85 220 14.43 0.14
85 221 16.46 0.14
85 222 20.17 0.15
85 223 22.76 0.17
85 224 26.78 0.17
85 225 29.16 0.22
85 226 33.20 0.23
85 227 35.81 0.23
85 228 39.86 0.24
85 229 42.76 0.23
85 230 47.36 0.24
85 231 50.21 0.25
85 232 54.83 0.25
85 233 58.24 0.25
85 234 62.86 0.25
85 235 66.66 0.27
85 236 71.72 0.27
85 237 75.53 0.27
85 238 80.29 0.26
85 239 84.59 0.25
85 240 89.94 0.25
85 241 94.47 0.26
85 242 99.43 0.23
85 243 104.19 0.24
85 244 110.09 0.24
85 245 114.37 0.24
85 246 120.18 0.21
85 247 125.13 0.21
85 248 130.62 0.19
85 249 136.05 0.19
85 250 142.17 -0.14
85 251 147.14 -0.14
85 252 152.75 -0.15
85 253 158.06 -0.15
85 254 164.46 0.10
85 255 169.52 -0.13
85 256 176.05 0.09
85 257 180.91 -0.13
85 258 187.39 0.08
85 259 193.16 -0.07
85 260 199.62 0.05
85 261 205.11 -0.07
85 262 212.49 0.00
85 263 217.60 -0.04
85 264 224.26 -0.04
85 265 230.26 0.00
85 266 236.86 0.00
85 267 242.79 0.00
85 268 249.82 0.00
85 269 255.74 0.00
85 270 264.31 0.00
85 271 271.84 0.00
85 272 281.30 0.00
85 273 288.33 0.00
85 274 297.33 0.00
85 275 305.10 0.00
85 276 313.78 0.00
85 277 322.10 0.00
85 278 330.70 0.00
85 279 338.95 0.09
85 280 347.39 0.10
86 178 58.13 0.20
86 179 54.34 0.21
86 180 48.86 0.21
86 181 45.81 0.30
86 182 40.33 0.29
86 183 37.32 0.31
86 184 32.84 0.32
86 185 30.11 0.32
86 186 25.81 0.33
86 187 23.75 0.32
86 188 19.57 0.31
86 189 17.51 0.32
86 190 14.01 0.31
86 191 12.50 0.32
86 192 9.36 0.30
86 193 8.42 0.27
86 194 5.35 0.24
86 195 4.44 0.23
86 196 2.04 0.20
86 197 1.20 -0.19
86 198 -1.24 -0.20
86 199 -1.74 -0.18
86 200 -3.89 -0.17
86 201 -4.08 -0.18
86 202 -5.94 -0.16
86 203 -5.93 0.08
86 204 -7.73 -0.10
86 205 -7.68 -0.08
86 206 -8.81 -0.09
86 207 -8.37 0.07
86 208 -9.50 -0.08
86 209 -8.68 0.05
86 210 -9.61 0.04
86 211 -9.08 0.03
86 212 -8.89 0.00
86 213 -5.79 -0.03
86 214 -4.76 0.03
86 215 -0.88 0.04
86 216 0.31 0.04
86 217 3.94 0.07
86 218 5.71 0.10
86 219 9.15 0.11
86 220 10.85 0.13
86 221 14.43 0.15
86 222 16.23 0.16
86 223 19.86 0.17
86 224 21.83 0.18
86 225 25.81 0.17
86 226 27.85 0.20
86 227 31.76 0.21
86 228 34.41 0.21
86 229 38.21 0.23
86 230 40.94 0.22
86 231 45.45 0.23
86 232 48.32 0.26
86 233 52.41 0.25
86 234 55.70 0.26
86 235 60.11 0.25
86 236 63.72 0.26
86 237 68.85 0.26
86 238 71.93 0.26
86 239 76.72 0.26
86 240 80.72 0.25
86 241 86.07 0.24
86 242 90.19 0.25
86 243 95.58 0.25
86 244 99.80 0.25
86 245 105.46 0.19
86 246 109.77 0.23
86 247 115.46 0.20
86 248 120.00 0.21
86 249 125.56 0.18
86 250 130.45 0.18
86 251 136.53 0.17
86 252 141.07 0.15
86 253 147.61 -0.13
86 254 152.16 0.13
86 255 158.29 0.11
86 256 163.37 -0.11
86 257 169.67 -0.07
86 258 174.70 -0.10
86 259 180.79 -0.09
86 260 186.08 -0.09
86 261 192.84 0.06
86 262 198.15 -0.07
86 263 204.60 0.05
86 264 210.83 0.00
86 265 216.67 -0.05
86 266 222.78 0.00
86 267 229.25 0.00
86 268 235.06 0.00
86 269 241.96 0.00
86 270 247.77 0.00
86 271 256.55 0.00
86 272 263.56 0.00
86 273 273.15 0.00
86 274 279.73 0.00
86 275 288.92 0.00
86 276 296.17 0.00
86 277 304.71 0.00
86 278 312.84 0.00
86 279 321.49 0.00
86 280 329.09 0.10
86 281 337.64 0.10
86 282 345.41 0.11
87 188 33.43 0.34
87 189 28.85 0.34
87 190 26.63 0.34
87 191 23.05 0.34
87 192 21.16 0.32
87 193 17.64 0.31
87 194 16.79 0.32
87 195 13.51 0.28
87 196 12.39 0.28
87 197 9.68 0.24
87 198 8.64 0.20
87 199 6.56 0.20
87 200 5.72 0.17
87 201 3.44 0.15
87 202 2.92 0.13
87 203 0.79 -0.18
87 204 0.69 -0.12
87 205 -1.02 -0.12
87 206 -1.11 -0.11
87 207 -2.56 -0.09
87 208 -2.32 0.07
87 209 -3.72 0.06
87 210 -2.95 0.06
87 211 -4.31 0.04
87 212 -3.89 0.03
87 213 -3.89 0.00
87 214 -0.88 0.03
87 215 0.09 0.03
87 216 3.30 0.04
87 217 4.18 0.04
87 218 7.70 0.07
87 219 9.05 0.12
87 220 12.16 0.14
87 221 13.38 0.14
87 222 16.66 0.17
87 223 18.14 0.17
87 224 21.37 0.18
87 225 23.27 0.19
87 226 26.94 0.19
87 227 28.88 0.22
87 228 32.40 0.21
87 229 34.52 0.21
87 230 38.42 0.22
87 231 41.06 0.23
87 232 45.19 0.24
87 233 47.68 0.24
87 234 51.66 0.26
87 235 54.76 0.24
87 236 59.23 0.26
87 237 62.28 0.26
87 238 67.05 0.26
87 239 70.33 0.27
87 240 74.89 0.27
87 241 78.76 0.26
87 242 83.82 0.25
87 243 88.25 0.26
87 244 92.93 0.23
87 245 97.08 0.24
87 246 102.64 0.25
87 247 106.57 0.23
87 248 112.14 0.23
87 249 116.77 0.19
87 250 122.30 0.19
87 251 126.87 0.17
87 252 132.80 0.16
87 253 137.48 0.15
87 254 143.12 0.14
87 255 148.16 0.14
87 256 154.08 -0.10
87 257 159.04 0.12
87 258 164.92 -0.09
87 259 169.89 -0.11
87 260 175.99 -0.09
87 261 181.11 -0.08
87 262 187.37 0.07
87 263 192.73 -0.06
87 264 199.14 0.04
87 265 204.22 -0.07
87 266 211.11 0.00
87 267 216.68 0.00
87 268 223.03 0.00
87 269 228.71 0.00
87 270 235.47 0.00
87 271 241.17 0.00
87 272 249.69 0.00
87 273 256.64 0.00
87 274 266.31 0.00
87 275 272.48 0.00
87 276 281.00 0.00
87 277 288.58 0.00
87 278 296.97 0.00
87 279 304.89 0.00
87 280 313.18 0.00
87 281 320.65 0.09
87 282 329.13 0.11
87 283 336.65 0.12
87 284 344.14 0.12
88 190 37.42 0.35
88 191 34.97 0.33
88 192 31.04 0.34
88 193 28.93 0.34
88 194 25.31 0.31
88 195 23.70 0.30
88 196 20.46 0.30
88 197 19.33 0.29
88 198 16.13 0.22
88 199 14.89 0.20
88 200 12.71 0.17
88 201 11.68 0.19
88 202 9.22 0.17
88 203 8.61 0.15
88 204 6.53 -0.14
88 205 6.22 -0.18
88 206 3.93 -0.14
88 207 3.71 -0.10
88 208 2.14 -0.10
88 209 2.22 -0.10
88 210 0.65 -0.09
88 211 1.29 0.06
88 212 -0.03 0.05
88 213 0.20 0.03
88 214 0.04 0.00
88 215 2.70 -0.03
88 216 3.09 0.03
88 217 6.27 -0.06
88 218 7.15 0.06
88 219 10.11 0.10
88 220 11.01 0.12
88 221 13.81 0.15
88 222 14.73 0.15
88 223 17.65 0.17
88 224 19.05 0.17
88 225 21.84 0.20
88 226 23.52 0.20
88 227 26.82 0.20
88 228 28.77 0.23
88 229 31.96 0.22
88 230 34.05 0.23
88 231 37.52 0.23
88 232 40.04 0.25
88 233 44.05 0.24
88 234 46.25 0.24
88 235 50.28 0.25
88 236 53.05 0.26
88 237 57.27 0.26
88 238 60.30 0.25
88 239 64.94 0.27
88 240 68.02 0.27
88 241 72.47 0.26
88 242 76.12 0.26
88 243 80.87 0.24
88 244 84.66 0.25
88 245 89.72 0.24
88 246 93.55 0.23
88 247 98.95 0.19
88 248 102.91 0.24
88 249 107.95 0.21
88 250 112.33 0.21
88 251 117.39 0.19
88 252 122.20 0.18
88 253 127.89 0.16
88 254 132.31 0.16
88 255 137.81 0.15
88 256 142.77 0.14
88 257 148.38 0.12
88 258 153.33 0.12
88 259 159.14 -0.09
88 260 164.06 -0.09
88 261 169.89 -0.09
88 262 174.82 -0.08
88 263 181.02 0.07
88 264 186.13 -0.08
88 265 192.49 0.06
88 266 197.66 -0.07
88 267 203.93 -0.05
88 268 210.00 0.00
88 269 216.22 0.00
88 270 221.78 0.00
88 271 228.41 0.00
88 272 234.01 0.00
88 273 242.89 0.00
88 274 249.15 0.00
88 275 257.72 0.00
88 276 264.67 0.00
88 277 273.03 0.00
88 278 280.44 0.00
88 279 288.67 0.00
88 280 295.98 0.05
88 281 304.37 0.06
88 282 311.38 0.11
88 283 319.28 0.12
88 284 326.85 0.14
88 285 333.97 0.15
88 286 342.20 0.15
89 192 44.61 0.34
89 193 40.39 0.34
89 194 38.30 0.34
89 195 34.39 0.33
89 196 32.94 0.30
89 197 29.54 0.31
89 198 27.74 0.27
89 199 24.88 0.27
89 200 23.63 0.23
89 201 20.88 0.20
89 202 19.68 0.18
89 203 17.43 0.17
89 204 16.25 0.16
89 205 14.02 0.15
89 206 13.74 -0.18
89 207 11.25 -0.15
89 208 10.81 -0.13
89 209 9.01 -0.12
89 210 8.89 -0.11
89 211 7.22 -0.10
89 212 7.49 0.07
89 213 6.23 0.05
89 214 6.21 0.03
89 215 5.75 0.00
89 216 8.22 -0.03
89 217 8.51 0.03
89 218 11.35 -0.05
89 219 11.98 0.06
89 220 14.57 0.11
89 221 15.17 0.13
89 222 17.59 0.17
89 223 18.27 0.17
89 224 21.04 0.17
89 225 21.80 0.20
89 226 24.65 0.21
89 227 25.66 0.22
89 228 28.68 0.24
89 229 30.38 0.23
89 230 33.68 0.23
89 231 35.34 0.25
89 232 38.65 0.24
89 233 40.83 0.25
89 234 44.46 0.24
89 235 46.67 0.26
89 236 50.29 0.26
89 237 53.16 0.25
89 238 57.22 0.26
89 239 59.99 0.25
89 240 64.44 0.27
89 241 67.34 0.27
89 242 71.45 0.27
89 243 74.83 0.27
89 244 79.45 0.24
89 245 83.16 0.25
89 246 87.87 0.23
89 247 91.73 0.24
89 248 96.71 0.20
89 249 100.74 0.22
89 250 105.70 0.21
89 251 109.90 0.22
89 252 115.30 0.19
89 253 119.47 0.18
89 254 124.59 0.18
89 255 129.49 0.18
89 256 134.87 0.16
89 257 138.97 0.14
89 258 144.65 0.13
89 259 149.66 0.11
89 260 155.24 -0.09
89 261 160.29 -0.09
89 262 165.68 -0.08
89 263 170.76 -0.09
89 264 176.58 0.07
89 265 181.58 -0.07
89 266 187.62 -0.07
89 267 192.76 -0.06
89 268 199.04 -0.05
89 269 204.71 0.00
89 270 210.80 0.00
89 271 216.23 0.00
89 272 222.74 0.00
89 273 228.22 0.00
89 274 236.98 0.00
89 275 243.02 0.00
89 276 251.45 0.00
89 277 258.18 0.00
89 278 266.41 0.00
89 279 273.62 0.00
89 280 281.70 0.00
89 281 288.72 0.05
89 282 297.22 0.00
89 283 304.17 0.11
89 284 311.83 0.13
89 285 319.15 0.13
89 286 326.46 0.16
89 287 334.49 0.16
89 288 341.59 0.15
90 194 49.44 0.34
90 195 46.94 0.34
90 196 42.82 0.32
90 197 40.95 0.32
90 198 37.01 0.30
90 199 35.31 0.28
90 200 31.69 0.25
90 201 30.57 0.23
90 202 27.42 0.21
90 203 26.23 0.20
90 204 23.65 0.18
90 205 23.01 0.17
90 206 20.30 0.16
90 207 19.90 0.14
90 208 17.25 -0.15
90 209 16.52 -0.12
90 210 14.54 -0.11
90 211 14.26 -0.11
90 212 12.44 -0.10
90 213 12.77 -0.09
90 214 11.05 0.06
90 215 11.00 0.03
90 216 10.51 0.00
90 217 12.69 -0.04
90 218 12.43 0.05
90 219 15.16 -0.06
90 220 15.37 0.09
90 221 17.68 0.12
90 222 17.97 0.15
90 223 20.09 0.20
90 224 20.62 0.17
90 225 22.93 0.19
90 226 23.62 0.20
90 227 25.89 0.22
90 228 27.04 0.21
90 229 29.94 0.21
90 230 31.00 0.25
90 231 34.06 0.24
90 232 35.44 0.25
90 233 38.40 0.25
90 234 40.79 0.27
90 235 44.12 0.25
90 236 46.16 0.27
90 237 49.57 0.27
90 238 52.18 0.25
90 239 56.09 0.26
90 240 58.61 0.27
90 241 62.83 0.26
90 242 65.52 0.28
90 243 69.67 0.26
90 244 73.09 0.27
90 245 77.30 0.25
90 246 80.89 0.24
90 247 85.25 0.24
90 248 89.15 0.24
90 249 94.03 0.20
90 250 97.89 0.23
90 251 102.69 0.21
90 252 106.62 0.21
90 253 111.71 0.19
90 254 115.64 0.19
90 255 121.30 0.18
90 256 125.17 0.17
90 257 130.03 0.16
90 258 134.93 0.15
90 259 140.07 0.13
90 260 144.73 0.13
90 261 150.20 0.12
90 262 155.40 -0.11
90 263 160.98 -0.10
90 264 165.53 -0.08
90 265 171.37 0.07
90 266 176.21 -0.07
90 267 182.20 0.05
90 268 186.99 -0.06
90 269 193.12 -0.05
90 270 198.77 0.00
90 271 204.73 0.00
90 272 210.04 0.00
90 273 216.43 0.00
90 274 221.81 0.00
90 275 230.44 0.00
90 276 236.25 0.00
90 277 244.55 0.00
90 278 251.07 0.00
90 279 259.16 0.00
90 280 266.17 0.00
90 281 274.10 0.00
90 282 281.49 0.00
90 283 289.17 0.10
90 284 296.03 0.12
90 285 303.40 0.11
90 286 310.55 0.15
90 287 317.85 0.16
90 288 325.08 0.17
90 289 332.65 0.16
90 290 339.83 0.19
90 291 347.22 0.19
90 292 354.77 0.21
90 293 362.57 0.21
90 294 370.00 0.21
90 295 377.77 0.21
90 296 385.40 0.21
90 297 393.24 0.21
90 298 401.25 0.22
90 299 409.12 0.22
90 300 417.09 0.23
90 301 425.08 0.23
90 302 433.56 0.23
90 303 440.89 0.23
90 304 450.31 0.23
91 196 57.71 0.36
91 197 52.84 0.35
91 198 51.01 0.33
91 199 46.77 0.34
91 200 44.65 0.27
91 201 40.96 0.26
91 202 39.76 0.22
91 203 36.47 0.21
91 204 34.97 0.21
91 205 32.22 0.19
91 206 31.09 0.18
91 207 28.43 0.17
91 208 28.18 0.14
91 209 25.32 0.14
91 210 24.89 0.12
91 211 22.31 -0.11
91 212 21.56 -0.12
91 213 19.68 -0.09
91 214 19.66 0.08
91 215 17.82 0.04
91 216 17.50 0.04
91 217 16.94 0.00
91 218 18.84 -0.04
91 219 18.25 0.04
91 220 20.71 -0.06
91 221 20.79 0.08
91 222 23.05 0.10
91 223 22.90 0.15
91 224 24.82 0.17
91 225 25.08 0.17
91 226 27.08 0.24
91 227 27.49 0.20
91 228 30.27 0.21
91 229 30.43 0.21
91 230 32.72 0.22
91 231 33.98 0.26
91 232 36.30 0.26
91 233 37.78 0.24
91 234 40.72 0.27
91 235 42.41 0.27
91 236 45.58 0.25
91 237 47.76 0.28
91 238 51.03 0.27
91 239 53.27 0.26
91 240 57.05 0.29
91 241 59.33 0.27
91 242 63.40 0.26
91 243 66.01 0.27
91 244 70.07 0.27
91 245 73.08 0.27
91 246 76.94 0.25
91 247 80.35 0.25
91 248 84.72 0.25
91 249 88.19 0.25
91 250 93.24 0.25
91 251 96.44 0.23
91 252 101.34 0.22
91 253 105.07 0.21
91 254 110.09 0.20
91 255 113.90 0.19
91 256 118.85 0.19
91 257 122.94 0.18
91 258 127.93 0.16
91 259 132.44 0.15
91 260 137.77 0.14
91 261 142.06 0.14
91 262 147.37 0.13
91 263 152.43 -0.12
91 264 157.44 -0.09
91 265 162.12 -0.09
91 266 167.58 0.07
91 267 172.42 0.06
91 268 178.00 -0.07
91 269 182.97 0.06
91 270 188.85 -0.05
91 271 194.43 0.00
91 272 200.26 0.00
91 273 205.45 0.00
91 274 211.72 0.00
91 275 216.99 0.00
91 276 225.49 0.00
91 277 231.06 0.00
91 278 239.21 0.00
91 279 245.51 0.00
91 280 253.44 0.00
91 281 260.24 0.00
91 282 268.01 0.00
91 283 274.52 0.04
91 284 282.86 0.00
91 285 289.28 0.09
91 286 296.89 0.15
91 287 303.40 0.15
91 288 310.77 0.16
91 289 317.85 0.18
91 290 324.75 0.19
91 291 332.05 0.20
91 292 339.29 0.21
91 293 346.62 0.20
91 294 353.91 0.22
91 295 361.23 0.22
91 296 369.01 0.21
91 297 376.52 0.23
91 298 384.31 0.23
91 299 391.70 0.23
91 300 400.03 0.23
91 301 407.59 0.23
91 302 414.93 0.23
91 303 423.86 0.24
91 304 431.06 0.25
91 305 440.00 0.24
91 306 448.54 0.24
91 307 456.54 0.25
91 308 465.23 0.24
92 198 62.07 0.34
92 199 59.60 0.33
92 200 55.69 0.34
92 201 52.80 0.29
92 202 49.36 0.27
92 203 47.52 0.25
92 204 44.13 0.23
92 205 42.48 0.22
92 206 39.47 0.20
92 207 38.05 0.19
92 208 35.40 0.18
92 209 34.70 0.16
92 210 31.72 0.15
92 211 31.11 0.13
92 212 28.60 -0.11
92 213 28.02 -0.10
92 214 25.76 -0.09
92 215 25.66 0.06
92 216 23.62 0.06
92 217 23.28 0.03
92 218 22.45 0.00
92 219 24.19 -0.05
92 220 23.34 0.04
92 221 25.50 -0.06
92 222 25.20 0.09
92 223 26.42 0.19
92 224 26.53 0.17
92 225 27.60 0.21
92 226 28.12 0.20
92 227 29.57 0.24
92 228 29.88 0.21
92 229 31.95 0.24
92 230 32.21 0.24
92 231 34.47 0.25
92 232 35.11 0.26
92 233 37.42 0.27
92 234 38.72 0.27
92 235 41.22 0.26
92 236 43.00 0.27
92 237 45.61 0.28
92 238 47.81 0.27
92 239 51.01 0.26
92 240 53.09 0.28
92 241 56.64 0.27
92 242 58.88 0.26
92 243 62.85 0.27
92 244 64.96 0.28
92 245 68.89 0.27
92 246 71.75 0.26
92 247 75.82 0.27
92 248 78.86 0.25
92 249 83.15 0.25
92 250 86.29 0.25
92 251 90.82 0.22
92 252 94.17 0.23
92 253 98.91 0.23
92 254 102.48 0.22
92 255 107.22 0.21
92 256 111.21 0.21
92 257 115.84 0.19
92 258 120.14 0.17
92 259 124.75 0.18
92 260 128.95 0.16
92 261 134.15 0.14
92 262 138.56 0.15
92 263 143.52 0.13
92 264 148.14 0.12
92 265 153.43 -0.09
92 266 157.99 -0.09
92 267 163.38 0.07
92 268 167.70 -0.09
92 269 173.51 0.05
92 270 178.28 -0.07
92 271 184.25 0.00
92 272 189.18 0.00
92 273 194.88 0.00
92 274 199.95 0.00
92 275 206.11 0.00
92 276 211.27 0.00
92 277 219.64 0.00
92 278 224.98 0.00
92 279 232.99 0.00
92 280 239.06 0.00
92 281 246.85 0.00
92 282 253.44 0.00
92 283 261.06 0.00
92 284 268.08 0.00
92 285 275.57 0.00
92 286 281.88 0.11
92 287 289.15 0.15
92 288 295.69 0.16
92 289 303.12 0.17
92 290 309.58 0.20
92 291 316.71 0.21
92 292 323.37 0.20
92 293 330.32 0.21
92 294 337.70 0.21
92 295 345.19 0.22
92 296 352.27 0.22
92 297 359.44 0.23
92 298 366.91 0.23
92 299 374.51 0.23
92 300 382.00 0.23
92 301 390.07 0.24
92 302 397.36 0.23
92 303 405.19 0.24
92 304 413.23 0.25
92 305 421.18 0.24
92 306 429.52 0.24
92 307 437.40 0.24
92 308 445.52 0.25
92 309 454.23 0.24
92 310 461.95 0.23
93 200 70.33 0.34
93 201 65.60 0.32
93 202 63.71 0.36
93 203 60.08 0.38
93 204 57.15 0.28
93 205 53.53 0.25
93 206 51.60 0.24
93 207 48.73 0.22
93 208 47.51 0.20
93 209 44.40 0.19
93 210 43.39 0.17
93 211 40.43 0.16
93 212 39.73 0.12
93 213 36.61 -0.13
93 214 35.81 -0.11
93 215 33.64 -0.08
93 216 33.17 0.07
93 217 31.09 -0.07
93 218 31.39 0.00
93 219 29.70 0.00
93 220 31.08 -0.04
93 221 30.10 -0.05
93 222 31.85 -0.07
93 223 31.17 0.08
93 224 32.51 0.17
93 225 32.10 0.17
93 226 33.22 0.21
93 227 32.97 0.21
93 228 34.24 0.25
93 229 34.55 0.23
93 230 35.91 0.24
93 231 36.23 0.26
93 232 38.25 0.26
93 233 38.51 0.26
93 234 40.52 0.26
93 235 41.51 0.26
93 236 43.69 0.28
93 237 45.12 0.27
93 238 47.71 0.28
93 239 49.64 0.28
93 240 52.76 0.27
93 241 54.66 0.28
93 242 57.66 0.28
93 243 60.04 0.28
93 244 63.73 0.28
93 245 65.97 0.27
93 246 69.73 0.28
93 247 72.51 0.28
93 248 76.06 0.26
93 249 79.27 0.26
93 250 83.08 0.25
93 251 86.16 0.25
93 252 90.36 0.22
93 253 93.86 0.23
93 254 98.24 0.23
93 255 101.85 0.23
93 256 106.70 0.21
93 257 110.10 0.22
93 258 114.71 0.20
93 259 118.45 0.19
93 260 123.82 0.18
93 261 127.51 0.17
93 262 133.00 0.17
93 263 136.73 0.13
93 264 141.86 -0.11
93 265 146.13 -0.11
93 266 151.17 -0.10
93 267 155.46 -0.10
93 268 160.52 -0.09
93 269 165.20 -0.08
93 270 170.30 -0.07
93 271 175.13 -0.07
93 272 180.99 -0.05
93 273 185.74 -0.05
93 274 192.06 0.00
93 275 196.97 0.00
93 276 202.99 0.00
93 277 207.98 0.00
93 278 216.18 0.00
93 279 221.36 0.00
93 280 229.21 0.00
93 281 235.11 0.00
93 282 242.73 0.00
93 283 249.16 0.00
93 284 256.60 0.00
93 285 262.73 0.09
93 286 270.24 0.09
93 287 276.53 0.14
93 288 283.40 0.21
93 289 289.70 0.17
93 290 296.25 0.24
93 291 303.46 0.18
93 292 309.63 0.24
93 293 316.86 0.22
93 294 323.67 0.22
93 295 330.75 0.22
93 296 338.03 0.23
93 297 344.81 0.23
93 298 351.89 0.23
93 299 359.33 0.23
93 300 366.64 0.23
93 301 374.01 0.24
93 302 381.81 0.24
93 303 389.13 0.25
93 304 396.88 0.25
93 305 404.55 0.24
93 306 412.45 0.24
93 307 420.25 0.24
93 308 428.28 0.24
93 309 436.33 0.24
93 310 444.52 0.24
93 311 452.42 0.24
93 312 460.89 0.24
93 313 469.02 0.24
93 314 477.32 0.24
93 315 485.84 0.23
93 316 494.31 0.23
93 317 502.54 0.23
93 318 511.28 0.22
93 319 520.15 0.22
93 320 528.52 0.22
94 202 75.25 0.34
94 203 72.46 0.29
94 204 68.05 0.29
94 205 66.07 0.26
94 206 62.04 0.25
94 207 60.27 0.24
94 208 56.98 0.22
94 209 55.37 0.19
94 210 51.91 0.19
94 211 50.82 0.18
94 212 47.64 0.17
94 213 46.56 0.14
94 214 43.95 -0.12
94 215 42.87 -0.12
94 216 40.32 -0.10
94 217 39.98 0.07
94 218 37.51 0.06
94 219 37.62 0.00
94 220 35.77 0.00
94 221 38.06 0.00
94 222 35.45 0.05
94 223 37.28 -0.06
94 224 36.43 0.08
94 225 36.93 0.18
94 226 36.76 0.15
94 227 37.27 0.21
94 228 36.86 0.23
94 229 37.40 0.25
94 230 37.52 0.27
94 231 39.09 0.25
94 232 38.85 0.26
94 233 40.29 0.28
94 234 40.87 0.27
94 235 42.50 0.28
94 236 43.39 0.28
94 237 45.43 0.28
94 238 46.58 0.29
94 239 48.77 0.28
94 240 50.26 0.29
94 241 53.16 0.29
94 242 54.80 0.28
94 243 57.97 0.29
94 244 59.68 0.27
94 245 63.28 0.28
94 246 65.35 0.27
94 247 68.88 0.29
94 248 71.45 0.27
94 249 75.26 0.26
94 250 77.93 0.26
94 251 81.81 0.26
94 252 84.81 0.25
94 253 88.89 0.25
94 254 92.13 0.24
94 255 96.47 0.24
94 256 100.06 0.23
94 257 104.73 0.23
94 258 107.86 0.21
94 259 112.44 0.21
94 260 116.09 0.19
94 261 120.82 0.18
94 262 124.90 0.16
94 263 129.83 0.15
94 264 133.77 0.15
94 265 138.65 0.14
94 266 142.74 -0.13
94 267 147.92 -0.12
94 268 151.85 -0.11
94 269 157.10 -0.10
94 270 161.34 -0.08
94 271 166.86 0.05
94 272 171.17 -0.07
94 273 177.20 0.00
94 274 181.86 0.00
94 275 187.30 0.00
94 276 192.10 0.00
94 277 198.02 0.00
94 278 202.92 0.00
94 279 210.99 0.00
94 280 215.99 0.00
94 281 223.71 0.00
94 282 229.44 0.00
94 283 236.94 0.00
94 284 243.19 0.00
94 285 250.50 0.00
94 286 256.48 0.03
94 287 264.40 0.00
94 288 269.78 0.17
94 289 276.50 0.19
94 290 282.94 0.19
94 291 289.00 0.22
94 292 295.76 0.21
94 293 302.22 0.24
94 294 308.90 0.23
94 295 315.72 0.23
94 296 322.76 0.23
94 297 329.51 0.24
94 298 336.38 0.23
94 299 343.42 0.24
94 300 350.49 0.24
94 301 357.63 0.24
94 302 365.32 0.24
94 303 372.72 0.25
94 304 379.93 0.25
94 305 387.56 0.25
94 306 395.03 0.24
94 307 402.62 0.25
94 308 410.48 0.25
94 309 418.37 0.25
94 310 426.10 0.25
94 311 434.33 0.25
94 312 441.93 0.24
94 313 450.32 0.25
94 314 458.31 0.24
94 315 466.65 0.24
94 316 474.79 0.24
94 317 483.27 0.24
94 318 491.83 0.23
94 319 500.49 0.23
94 320 508.64 0.22
94 321 517.31 0.22
94 322 525.64 0.21
95 212 60.37 0.20
95 213 56.99 0.18
95 214 55.94 -0.15
95 215 53.04 -0.13
95 216 51.21 -0.13
95 217 48.59 -0.10
95 218 48.38 0.09
95 219 45.45 0.07
95 220 45.62 0.00
95 221 43.55 0.00
95 222 45.63 0.00
95 223 42.97 0.05
95 224 44.76 0.07
95 225 43.02 0.07
95 226 43.52 0.18
95 227 43.01 0.22
95 228 43.16 0.22
95 229 42.78 0.22
95 230 43.21 0.25
95 231 43.23 0.26
95 232 44.09 0.25
95 233 44.00 0.24
95 234 45.28 0.28
95 235 45.05 0.30
95 236 46.85 0.30
95 237 47.38 0.29
95 238 49.25 0.30
95 239 49.97 0.26
95 240 52.01 0.29
95 241 53.43 0.29
95 242 55.79 0.30
95 243 57.29 0.30
95 244 60.11 0.30
95 245 61.92 0.30
95 246 65.15 0.28
95 247 67.23 0.28
95 248 70.49 0.25
95 249 72.68 0.27
95 250 76.51 0.26
95 251 79.14 0.26
95 252 82.70 0.26
95 253 85.47 0.26
95 254 89.47 0.26
95 255 92.23 0.25
95 256 96.49 0.25
95 257 99.81 0.24
95 258 104.33 0.23
95 259 107.59 0.22
95 260 111.89 0.21
95 261 115.61 0.20
95 262 120.05 0.18
95 263 123.97 0.17
95 264 129.31 -0.13
95 265 133.00 -0.15
95 266 137.72 -0.11
95 267 141.34 -0.12
95 268 146.10 -0.11
95 269 149.95 -0.10
95 270 155.16 -0.11
95 271 159.28 -0.10
95 272 164.49 -0.09
95 273 168.95 -0.08
95 274 174.54 -0.04
95 275 179.15 0.04
95 276 184.94 0.00
95 277 189.59 0.00
95 278 195.38 0.00
95 279 200.12 0.00
95 280 208.03 0.00
95 281 212.86 0.00
95 282 220.42 0.00
95 283 225.99 0.00
95 284 233.32 0.00
95 285 239.40 0.00
95 286 246.56 0.00
95 287 252.51 0.09
95 288 259.20 0.23
95 289 264.73 0.17
95 290 271.50 0.22
95 291 277.35 0.21
95 292 283.24 0.23
95 293 290.06 0.23
95 294 296.19 0.25
95 295 303.36 0.22
95 296 309.56 0.23
95 297 316.39 0.24
95 298 322.86 0.24
95 299 329.84 0.24
95 300 336.89 0.25
95 301 343.71 0.24
95 302 351.37 0.26
95 303 357.88 0.25
95 304 365.54 0.25
95 305 372.26 0.25
95 306 380.12 0.26
95 307 387.15 0.25
95 308 395.11 0.25
95 309 402.00 0.25
95 310 410.42 0.25
95 311 417.79 0.26
95 312 426.26 0.25
95 313 433.60 0.25
95 314 441.53 0.25
95 315 449.31 0.24
95 316 457.35 0.25
95 317 465.70 0.24
95 318 473.60 0.24
95 319 482.05 0.24
95 320 490.37 0.23
95 321 498.64 0.23
95 322 507.40 0.22
95 323 515.60 0.21
95 324 523.84 0.21
96 214 65.11 0.18
96 215 63.74 -0.17
96 216 60.69 -0.14
96 217 59.10 -0.13
96 218 56.19 -0.11
96 219 55.01 -0.10
96 220 52.63 0.06
96 221 52.62 0.00
96 222 50.37 0.00
96 223 52.10 0.00
96 224 48.88 0.05
96 225 50.12 -0.07
96 226 48.98 0.07
96 227 48.65 0.18
96 228 47.78 0.20
96 229 47.74 0.22
96 230 47.09 0.22
96 231 47.62 0.24
96 232 46.80 0.26
96 233 47.52 0.28
96 234 47.33 0.27
96 235 48.16 0.29
96 236 48.45 0.27
96 237 49.68 0.30
96 238 49.93 0.28
96 239 51.46 0.28
96 240 52.12 0.27
96 241 54.08 0.29
96 242 55.26 0.28
96 243 57.41 0.29
96 244 58.54 0.28
96 245 61.22 0.29
96 246 62.69 0.30
96 247 66.02 0.28
96 248 67.58 0.29
96 249 70.81 0.28
96 250 72.97 0.28
96 251 76.33 0.27
96 252 78.96 0.27
96 253 82.54 0.27
96 254 85.01 0.26
96 255 89.23 0.27
96 256 91.71 0.25
96 257 95.36 0.24
96 258 98.80 0.24
96 259 103.28 0.24
96 260 106.20 0.21
96 261 110.40 0.21
96 262 113.99 0.21
96 263 118.27 0.19
96 264 122.13 0.19
96 265 127.07 0.16
96 266 130.86 -0.15
96 267 135.12 -0.13
96 268 138.76 -0.14
96 269 143.74 -0.12
96 270 147.25 -0.12
96 271 152.29 -0.11
96 272 156.26 -0.09
96 273 161.54 -0.07
96 274 165.89 -0.07
96 275 171.26 -0.05
96 276 176.16 0.00
96 277 181.34 0.00
96 278 185.87 0.00
96 279 191.55 0.00
96 280 196.19 0.00
96 281 203.96 0.00
96 282 208.60 0.00
96 283 216.02 0.00
96 284 221.40 0.00
96 285 228.60 0.00
96 286 234.50 0.00
96 287 241.51 0.00
96 288 247.01 0.17
96 289 252.50 0.23
96 290 258.57 0.23
96 291 265.17 0.25
96 292 270.91 0.23
96 293 276.72 0.23
96 294 283.17 0.22
96 295 289.16 0.24
96 296 295.97 0.23
96 297 302.03 0.26
96 298 309.05 0.23
96 299 315.39 0.26
96 300 322.34 0.25
96 301 329.02 0.26
96 302 335.73 0.24
96 303 342.86 0.25
96 304 349.67 0.26
96 305 357.10 0.25
96 306 363.79 0.25
96 307 371.31 0.26
96 308 378.53 0.25
96 309 385.95 0.25
96 310 393.40 0.25
96 311 401.07 0.25
96 312 408.48 0.25
96 313 416.01 0.25
96 314 423.93 0.25
96 315 431.95 0.27
96 316 439.75 0.24
96 317 447.71 0.24
96 318 455.64 0.25
96 319 463.51 0.25
96 320 471.72 0.24
96 321 479.98 0.23
96 322 488.51 0.23
96 323 496.64 0.23
96 324 505.23 0.23
96 325 513.00 0.22
96 326 522.02 0.21
97 216 73.49 0.16
97 217 70.43 -0.12
97 218 68.48 -0.12
97 219 65.55 -0.12
97 220 64.28 -0.11
97 221 61.54 0.05
97 222 61.11 0.00
97 223 58.64 0.00
97 224 60.12 0.00
97 225 56.99 0.04
97 226 57.74 -0.07
97 227 56.30 0.13
97 228 55.66 0.29
97 229 54.65 0.25
97 230 54.34 0.29
97 231 53.40 0.24
97 232 53.50 0.24
97 233 52.96 0.27
97 234 53.53 0.27
97 235 53.11 0.28
97 236 53.55 0.29
97 237 53.50 0.28
97 238 54.51 0.28
97 239 54.79 0.28
97 240 56.40 0.28
97 241 56.51 0.30
97 242 58.18 0.27
97 243 58.86 0.27
97 244 61.03 0.26
97 245 62.10 0.30
97 246 64.39 0.28
97 247 65.65 0.28
97 248 68.41 0.29
97 249 69.97 0.28
97 250 73.02 0.28
97 251 75.06 0.28
97 252 78.20 0.28
97 253 80.57 0.28
97 254 83.86 0.27
97 255 86.52 0.26
97 256 90.32 0.27
97 257 92.78 0.25
97 258 96.45 0.26
97 259 99.57 0.25
97 260 103.67 0.23
97 261 106.46 0.22
97 262 110.74 0.21
97 263 113.81 0.20
97 264 118.06 0.20
97 265 122.11 0.19
97 266 126.59 0.16
97 267 130.19 0.17
97 268 134.71 -0.13
97 269 138.20 -0.14
97 270 142.87 -0.13
97 271 146.58 -0.13
97 272 151.33 -0.12
97 273 155.08 -0.10
97 274 160.08 -0.08
97 275 164.12 -0.08
97 276 169.51 -0.07
97 277 174.09 -0.05
97 278 179.53 0.00
97 279 183.91 0.00
97 280 189.47 0.00
97 281 193.96 0.00
97 282 201.57 0.00
97 283 206.04 0.00
97 284 213.30 0.00
97 285 218.51 0.00
97 286 225.55 0.00
97 287 231.28 0.00
97 288 238.14 0.00
97 289 244.34 0.00
97 290 248.28 0.25
97 291 254.13 0.25
97 292 260.14 0.26
97 293 266.12 0.25
97 294 271.73 0.25
97 295 278.29 0.27
97 296 284.49 0.27
97 297 290.81 0.25
97 298 296.93 0.26
97 299 303.52 0.25
97 300 309.78 0.26
97 301 316.20 0.25
97 302 322.85 0.26
97 303 329.56 0.26
97 304 336.48 0.26
97 305 343.13 0.25
97 306 350.36 0.26
97 307 357.01 0.26
97 308 364.36 0.26
97 309 371.03 0.25
97 310 378.58 0.26
97 311 385.85 0.27
97 312 393.65 0.26
97 313 400.40 0.26
97 314 408.11 0.26
97 315 415.80 0.25
97 316 423.91 0.27
97 317 431.61 0.25
97 318 438.93 0.25
97 319 447.32 0.24
97 320 454.73 0.25
97 321 463.23 0.24
97 322 471.41 0.24
97 323 479.43 0.23
97 324 487.70 0.23
97 325 495.96 0.23
97 326 504.00 0.22
97 327 512.71 0.22
97 328 521.28 0.20
98 218 79.27 0.16
98 219 77.61 -0.12
98 220 73.50 -0.12
98 221 72.19 -0.10
98 222 69.05 0.07
98 223 68.81 0.00
98 224 66.15 0.00
98 225 67.35 0.00
98 226 63.62 0.05
98 227 64.45 0.09
98 228 62.81 0.11
98 229 62.02 0.29
98 230 60.30 0.28
98 231 60.20 0.30
98 232 58.99 0.30
98 233 58.56 0.26
98 234 58.12 0.28
98 235 58.30 0.26
98 236 57.58 0.25
98 237 58.12 0.28
98 238 57.75 0.30
98 239 58.53 0.31
98 240 58.55 0.27
98 241 59.92 0.28
98 242 59.90 0.29
98 243 61.26 0.28
98 244 61.86 0.29
98 245 63.67 0.29
98 246 64.53 0.31
98 247 66.65 0.30
98 248 67.75 0.28
98 249 70.26 0.29
98 250 71.47 0.28
98 251 74.17 0.29
98 252 76.02 0.28
98 253 79.14 0.27
98 254 81.27 0.28
98 255 84.36 0.28
98 256 86.92 0.27
98 257 90.65 0.27
98 258 92.55 0.26
98 259 96.33 0.26
98 260 99.05 0.25
98 261 103.08 0.24
98 262 106.00 0.24
98 263 110.05 0.23
98 264 113.20 0.22
98 265 117.16 0.21
98 266 120.92 0.20
98 267 125.16 0.18
98 268 129.09 -0.16
98 269 132.97 -0.15
98 270 136.58 -0.15
98 271 140.75 -0.14
98 272 144.37 -0.13
98 273 149.02 -0.12
98 274 152.66 -0.11
98 275 157.79 -0.09
98 276 161.70 -0.08
98 277 166.90 -0.07
98 278 171.11 -0.08
98 279 176.88 0.00
98 280 181.14 0.00
98 281 186.59 0.00
98 282 190.96 0.00
98 283 198.42 0.00
98 284 202.70 0.00
98 285 209.82 0.00
98 286 214.83 0.00
98 287 221.74 0.00
98 288 227.28 0.00
98 289 234.00 0.00
98 290 237.72 0.27
98 291 243.29 0.25
98 292 249.12 0.25
98 293 254.66 0.23
98 294 260.46 0.25
98 295 265.89 0.23
98 296 272.57 0.26
98 297 278.51 0.27
98 298 284.70 0.25
98 299 290.47 0.26
98 300 297.10 0.24
98 301 303.05 0.26
98 302 309.84 0.25
98 303 315.92 0.26
98 304 322.43 0.25
98 305 329.48 0.25
98 306 335.90 0.25
98 307 342.65 0.26
98 308 349.60 0.25
98 309 356.52 0.27
98 310 363.46 0.26
98 311 370.70 0.25
98 312 377.60 0.26
98 313 385.55 0.27
98 314 392.27 0.26
98 315 399.90 0.25
98 316 407.10 0.25
98 317 414.39 0.25
98 318 422.31 0.25
98 319 430.11 0.25
98 320 437.71 0.25
98 321 445.49 0.24
98 322 453.48 0.24
98 323 461.24 0.25
98 324 469.41 0.24
98 325 477.49 0.24
98 326 485.81 0.23
98 327 493.69 0.23
98 328 502.42 0.22
98 329 510.54 0.20
98 330 519.04 0.22
99 220 87.84 0.14
99 221 84.38 -0.14
99 222 81.76 -0.13
99 223 78.77 -0.11
99 224 77.75 0.00
99 225 74.88 0.00
99 226 75.86 0.00
99 227 72.99 0.05
99 228 72.45 0.27
99 229 71.18 0.08
99 230 69.71 0.26
99 231 68.40 0.33
99 232 67.97 0.30
99 233 66.30 0.30
99 234 66.54 0.31
99 235 65.02 0.29
99 236 65.29 0.29
99 237 64.42 0.28
99 238 64.93 0.27
99 239 64.08 0.28
99 240 64.65 0.29
99 241 64.46 0.30
99 242 65.44 0.31
99 243 65.24 0.29
99 244 66.50 0.30
99 245 66.80 0.29
99 246 68.59 0.29
99 247 68.89 0.28
99 248 71.01 0.29
99 249 71.84 0.27
99 250 74.14 0.29
99 251 75.03 0.27
99 252 77.68 0.27
99 253 79.33 0.26
99 254 82.00 0.27
99 255 83.90 0.26
99 256 87.02 0.25
99 257 89.03 0.26
99 258 92.23 0.25
99 259 94.80 0.26
99 260 98.18 0.26
99 261 100.53 0.26
99 262 104.50 0.23
99 263 107.21 0.24
99 264 110.99 0.23
99 265 114.17 0.23
99 266 118.16 0.21
99 267 121.42 0.20
99 268 125.68 0.18
99 269 129.09 0.18
99 270 133.16 -0.15
99 271 136.56 -0.15
99 272 140.80 -0.14
99 273 144.06 -0.13
99 274 148.59 -0.13
99 275 152.26 -0.11
99 276 157.22 -0.11
99 277 161.03 -0.09
99 278 165.92 -0.08
99 279 169.92 -0.07
99 280 175.68 0.00
99 281 179.69 0.03
99 282 185.12 0.00
99 283 189.35 0.00
99 284 196.65 0.00
99 285 200.75 0.00
99 286 207.72 0.00
99 287 212.57 0.00
99 288 219.31 0.00
99 289 224.67 0.00
99 290 231.23 0.00
99 291 234.34 0.32
99 292 239.71 0.28
99 293 245.17 0.27
99 294 250.95 0.30
99 295 256.53 0.27
99 296 262.48 0.26
99 297 268.18 0.27
99 298 273.83 0.27
99 299 280.20 0.24
99 300 286.28 0.26
99 301 292.34 0.25
99 302 298.05 0.26
99 303 304.51 0.26
99 304 310.65 0.26
99 305 317.43 0.24
99 306 323.42 0.27
99 307 330.03 0.24
99 308 337.29 0.25
99 309 343.42 0.26
99 310 350.25 0.27
99 311 357.23 0.27
99 312 364.32 0.27
99 313 371.18 0.26
99 314 378.37 0.26
99 315 385.19 0.25
99 316 392.54 0.26
99 317 400.05 0.26
99 318 407.37 0.26
99 319 414.94 0.26
99 320 422.79 0.25
99 321 430.20 0.25
99 322 438.07 0.25
99 323 445.38 0.25
99 324 453.08 0.24
99 325 461.55 0.23
99 326 469.29 0.25
99 327 477.48 0.24
99 328 485.48 0.24
99 329 493.72 0.22
99 330 502.03 0.20
99 331 510.18 0.22
99 332 518.54 0.20
100 222 93.89 0.11
100 223 91.98 0.10
100 224 87.10 0.07
100 225 86.27 0.00
100 226 83.20 0.00
100 227 83.93 0.00
100 228 79.89 0.05
100 229 79.40 0.28
100 230 78.14 0.10
100 231 76.64 0.28
100 232 74.86 0.35
100 233 74.40 0.33
100 234 72.95 0.32
100 235 71.81 0.30
100 236 71.19 0.32
100 237 70.34 0.32
100 238 69.92 0.30
100 239 69.86 0.28
100 240 68.74 0.30
100 241 69.28 0.28
100 242 68.90 0.30
100 243 69.17 0.31
100 244 69.22 0.28
100 245 70.24 0.30
100 246 70.16 0.30
100 247 71.77 0.29
100 248 72.15 0.30
100 249 73.79 0.29
100 250 74.30 0.28
100 251 76.53 0.29
100 252 77.26 0.29
100 253 79.56 0.28
100 254 80.89 0.28
100 255 83.60 0.28
100 256 85.21 0.28
100 257 88.28 0.27
100 258 90.08 0.28
100 259 92.89 0.26
100 260 95.24 0.26
100 261 98.71 0.26
100 262 101.17 0.26
100 263 104.79 0.25
100 264 107.35 0.25
100 265 111.05 0.24
100 266 114.06 0.22
100 267 117.82 0.23
100 268 120.81 0.21
100 269 125.07 0.20
100 270 128.42 0.17
100 271 132.39 -0.15
100 272 135.51 -0.15
100 273 139.40 -0.14
100 274 142.92 -0.13
100 275 147.28 -0.14
100 276 150.68 -0.12
100 277 155.31 -0.12
100 278 159.41 -0.09
100 279 164.23 -0.08
100 280 167.92 -0.08
100 281 173.88 0.00
100 282 177.87 0.00
100 283 183.07 0.00
100 284 187.19 0.00
100 285 194.32 0.00
100 286 198.24 0.00
100 287 205.06 0.00
100 288 209.72 0.00
100 289 216.32 0.00
100 290 221.49 0.00
100 291 224.64 0.28
100 292 229.88 0.29
100 293 235.51 0.29
100 294 240.65 0.27
100 295 246.58 0.27
100 296 251.80 0.27
100 297 257.07 0.25
100 298 263.18 0.26
100 299 268.61 0.26
100 300 274.73 0.27
100 301 280.54 0.26
100 302 286.71 0.27
100 303 292.33 0.26
100 304 298.86 0.26
100 305 304.81 0.26
100 306 311.18 0.27
100 307 317.23 0.27
100 308 323.95 0.25
100 309 330.24 0.26
100 310 336.72 0.25
100 311 343.48 0.27
100 312 349.89 0.26
100 313 357.51 0.26
100 314 363.66 0.26
100 315 370.27 0.26
100 316 377.66 0.26
100 317 384.83 0.26
100 318 392.10 0.25
100 319 399.33 0.26
100 320 406.73 0.25
100 321 414.25 0.26
100 322 421.78 0.25
100 323 428.97 0.25
100 324 436.66 0.25
100 325 444.29 0.25
100 326 452.14 0.24
100 327 460.08 0.24
100 328 468.13 0.23
100 329 475.72 0.24
100 330 483.94 0.23
100 331 492.01 0.22
100 332 500.32 0.22
100 333 508.67 0.22
100 334 516.86 0.22
101 224 102.44 -0.12
101 225 97.88 0.08
101 226 96.29 0.00
101 227 93.06 0.00
101 228 93.53 0.00
101 229 89.40 -0.05
101 230 89.28 -0.14
101 231 86.35 0.35
101 232 85.09 0.34
101 233 83.14 0.34
101 234 82.53 0.31
101 235 80.72 0.33
101 236 80.00 0.32
101 237 78.73 0.31
101 238 77.93 0.32
101 239 76.91 0.30
101 240 76.79 0.33
101 241 75.51 0.30
101 242 76.71 0.30
101 243 75.31 0.30
101 244 76.04 0.29
101 245 75.57 0.29
101 246 76.06 0.30
101 247 75.92 0.31
101 248 77.06 0.30
101 249 77.21 0.29
101 250 78.89 0.30
101 251 78.92 0.30
101 252 80.85 0.29
101 253 81.63 0.29
101 254 83.69 0.29
101 255 84.80 0.28
101 256 87.20 0.27
101 257 88.74 0.28
101 258 91.45 0.29
101 259 93.13 0.28
101 260 95.98 0.28
101 261 97.92 0.28
101 262 100.75 0.26
101 263 103.50 0.26
101 264 106.97 0.25
101 265 109.47 0.26
101 266 113.03 0.23
101 267 115.78 0.23
101 268 119.54 0.23
101 269 122.51 0.22
101 270 126.41 0.21
101 271 129.66 0.19
101 272 133.41 -0.15
101 273 136.53 -0.15
101 274 140.26 -0.15
101 275 143.60 -0.13
101 276 147.72 -0.14
101 277 151.14 -0.12
101 278 155.60 -0.11
101 279 159.30 -0.11
101 280 163.89 -0.08
101 281 167.69 -0.07
101 282 172.80 -0.05
101 283 177.38 0.00
101 284 182.45 0.00
101 285 186.46 0.00
101 286 193.42 0.00
101 287 197.16 0.00
101 288 203.82 0.00
101 289 208.30 0.00
101 290 214.74 0.00
101 291 217.17 0.36
101 292 222.60 0.38
101 293 227.66 0.36
101 294 232.88 0.34
101 295 238.03 0.34
101 296 243.48 0.29
101 297 248.78 0.31
101 298 254.25 0.25
101 299 259.75 0.28
101 300 265.11 0.26
101 301 271.42 0.27
101 302 277.43 0.28
101 303 282.75 0.27
101 304 288.45 0.28
101 305 294.81 0.27
101 306 300.93 0.25
101 307 306.88 0.26
101 308 312.74 0.27
101 309 318.94 0.27
101 310 325.70 0.29
101 311 331.81 0.25
101 312 338.53 0.25
101 313 344.78 0.26
101 314 351.38 0.26
101 315 358.14 0.26
101 316 365.06 0.26
101 317 371.65 0.26
101 318 378.96 0.26
101 319 385.90 0.26
101 320 393.10 0.26
101 321 400.12 0.25
101 322 407.80 0.26
101 323 414.91 0.25
101 324 422.14 0.26
101 325 429.73 0.25
101 326 437.14 0.25
101 327 444.94 0.24
101 328 452.95 0.24
101 329 460.39 0.24
101 330 468.17 0.24
101 331 476.27 0.24
101 332 484.03 0.22
101 333 492.51 0.22
101 334 500.59 0.23
101 335 508.79 0.23
101 336 516.93 0.20
101 337 525.17 0.21
101 338 533.30 0.22
101 339 541.79 0.18
101 340 549.77 0.18
101 341 558.30 -0.15
101 342 565.98 -0.16
102 226 108.50 0.07
102 227 105.35 0.00
102 228 101.94 0.00
102 229 100.77 0.15
102 230 97.61 0.05
102 231 97.35 -0.11
102 232 94.15 0.37
102 233 92.69 0.37
102 234 90.70 0.35
102 235 89.72 0.30
102 236 87.70 0.35
102 237 86.84 0.32
102 238 85.16 0.33
102 239 84.14 0.30
102 240 82.99 0.29
102 241 82.58 0.33
102 242 81.63 0.30
102 243 81.43 0.30
102 244 80.80 0.30
102 245 80.88 0.30
102 246 80.32 0.30
102 247 80.92 0.30
102 248 80.71 0.29
102 249 81.66 0.29
102 250 81.30 0.29
102 251 82.56 0.30
102 252 82.89 0.29
102 253 84.52 0.30
102 254 84.86 0.30
102 255 86.93 0.29
102 256 87.75 0.28
102 257 89.92 0.30
102 258 91.21 0.28
102 259 93.53 0.28
102 260 95.09 0.27
102 261 97.45 0.27
102 262 99.47 0.27
102 263 102.01 0.26
102 264 104.57 0.26
102 265 107.85 0.25
102 266 110.14 0.26
102 267 113.69 0.24
102 268 115.94 0.23
102 269 119.98 0.22
102 270 122.82 0.22
102 271 126.49 0.22
102 272 129.55 0.18
102 273 133.79 0.18
102 274 136.39 -0.15
102 275 140.01 -0.14
102 276 142.96 -0.15
102 277 147.00 -0.12
102 278 150.21 -0.14
102 279 154.52 -0.12
102 280 158.13 -0.12
102 281 162.88 -0.10
102 282 166.47 -0.08
102 283 171.72 0.04
102 284 176.01 0.00
102 285 180.94 0.00
102 286 184.83 0.00
102 287 191.61 0.00
102 288 195.18 0.00
102 289 201.69 0.00
102 290 205.99 0.00
102 291 210.83 0.09
102 292 214.21 0.37
102 293 219.03 0.32
102 294 224.11 0.35
102 295 228.93 0.34
102 296 234.16 0.34
102 297 239.47 0.30
102 298 244.62 0.29
102 299 249.55 0.31
102 300 255.41 0.30
102 301 260.24 0.26
102 302 266.48 0.28
102 303 272.13 0.27
102 304 277.64 0.28
102 305 283.02 0.27
102 306 289.47 0.27
102 307 295.33 0.28
102 308 301.34 0.27
102 309 306.85 0.27
102 310 313.25 0.26
102 311 319.53 0.28
102 312 325.73 0.26
102 313 331.94 0.27
102 314 338.26 0.27
102 315 345.14 0.26
102 316 351.36 0.26
102 317 357.94 0.26
102 318 364.57 0.26
102 319 371.53 0.25
102 320 378.44 0.27
102 321 385.63 0.27
102 322 392.46 0.26
102 323 399.84 0.25
102 324 406.81 0.26
102 325 414.07 0.25
102 326 421.70 0.25
102 327 428.80 0.25
102 328 436.45 0.25
102 329 444.17 0.25
102 330 451.66 0.25
102 331 459.38 0.25
102 332 467.43 0.25
102 333 475.36 0.22
102 334 483.27 0.23
102 335 491.27 0.23
102 336 499.21 0.22
102 337 507.55 0.23
102 338 515.57 0.21
102 339 523.67 0.22
102 340 531.97 0.18
102 341 539.79 0.19
102 342 548.40 -0.16
102 343 556.62 0.15
102 344 564.39 -0.15
103 236 98.43 0.30
103 237 96.80 0.37
103 238 95.56 0.30
103 239 93.67 0.35
103 240 92.82 0.32
103 241 90.84 0.31
103 242 91.28 0.34
103 243 89.45 0.31
103 244 88.73 0.28
103 245 87.84 0.30
103 246 88.18 0.29
103 247 87.30 0.27
103 248 87.56 0.29
103 249 87.09 0.28
103 250 87.60 0.28
103 251 87.45 0.28
103 252 88.80 0.28
103 253 88.47 0.28
103 254 90.13 0.28
103 255 90.13 0.27
103 256 91.92 0.28
103 257 92.44 0.28
103 258 94.44 0.28
103 259 95.54 0.27
103 260 97.47 0.27
103 261 98.86 0.28
103 262 101.08 0.27
103 263 102.98 0.27
103 264 105.45 0.26
103 265 107.43 0.26
103 266 110.64 0.24
103 267 112.81 0.26
103 268 116.01 0.24
103 269 118.57 0.23
103 270 122.04 0.24
103 271 124.62 0.22
103 272 128.12 0.23
103 273 131.14 0.18
103 274 135.09 0.18
103 275 137.59 -0.16
103 276 141.46 -0.14
103 277 144.27 -0.15
103 278 147.94 -0.14
103 279 151.04 -0.14
103 280 155.44 -0.12
103 281 158.79 -0.11
103 282 163.26 -0.08
103 283 167.42 0.05
103 284 171.78 0.05
103 285 176.15 0.00
103 286 180.95 0.00
103 287 184.72 0.00
103 288 191.32 0.00
103 289 194.72 0.00
103 290 201.08 0.00
103 291 205.19 0.00
103 292 210.27 0.08
103 293 212.62 0.39
103 294 217.77 0.40
103 295 222.54 0.40
103 296 227.31 0.35
103 297 232.16 0.34
103 298 237.11 0.29
103 299 242.17 0.31
103 300 247.09 0.29
103 301 252.72 0.31
103 302 257.59 0.30
103 303 263.62 0.30
103 304 269.31 0.30
103 305 274.80 0.28
103 306 280.17 0.26
103 307 286.14 0.28
103 308 292.20 0.28
103 309 297.46 0.27
103 310 303.35 0.27
103 311 309.26 0.27
103 312 315.00 0.27
103 313 321.13 0.26
103 314 327.77 0.26
103 315 333.86 0.27
103 316 340.23 0.26
103 317 346.37 0.26
103 318 352.92 0.26
103 319 359.38 0.26
103 320 365.92 0.26
103 321 373.03 0.26
103 322 380.03 0.26
103 323 386.52 0.26
103 324 393.91 0.26
103 325 400.65 0.25
103 326 407.86 0.25
103 327 415.02 0.26
103 328 422.31 0.25
103 329 429.91 0.25
103 330 437.33 0.25
103 331 445.17 0.24
103 332 452.22 0.25
103 333 460.25 0.23
103 334 467.64 0.23
103 335 475.64 0.24
103 336 483.59 0.25
103 337 491.46 0.21
103 338 499.89 0.24
103 339 507.75 0.22
103 340 515.58 0.25
103 341 523.85 0.17
103 342 532.18 0.18
103 343 540.33 -0.16
103 344 548.21 -0.15
103 345 556.16 -0.15
103 346 564.20 -0.14
103 347 572.03 -0.14
104 238 104.52 0.37
104 239 103.16 0.34
104 240 101.45 0.37
104 241 100.13 0.32
104 242 98.54 0.34
104 243 98.02 0.35
104 244 96.18 0.31
104 245 95.10 0.29
104 246 94.34 0.30
104 247 94.06 0.30
104 248 92.97 0.30
104 249 92.79 0.30
104 250 92.53 0.29
104 251 93.14 0.29
104 252 92.61 0.29
104 253 93.50 0.28
104 254 93.08 0.29
104 255 94.32 0.30
104 256 94.39 0.29
104 257 95.80 0.29
104 258 96.10 0.28
104 259 98.18 0.28
104 260 98.78 0.29
104 261 100.57 0.28
104 262 101.86 0.27
104 263 103.88 0.27
104 264 105.45 0.26
104 265 107.73 0.27
104 266 109.61 0.27
104 267 112.58 0.26
104 268 114.55 0.25
104 269 117.56 0.25
104 270 120.06 0.23
104 271 123.40 0.22
104 272 125.89 0.23
104 273 129.30 0.23
104 274 132.06 0.21
104 275 135.63 0.21
104 276 138.54 -0.15
104 277 141.85 -0.16
104 278 144.55 -0.15
104 279 148.14 -0.15
104 280 151.34 -0.13
104 281 155.13 -0.13
104 282 158.57 -0.12
104 283 163.01 -0.10
104 284 166.49 -0.08
104 285 171.45 0.05
104 286 175.53 0.00
104 287 180.19 0.00
104 288 183.83 0.00
104 289 190.26 0.00
104 290 193.50 0.00
104 291 199.69 0.00
104 292 203.64 0.00
104 293 208.09 0.09
104 294 210.40 0.41
104 295 214.75 0.38
104 296 219.43 0.37
104 297 224.43 0.35
104 298 229.16 0.35
104 299 234.01 0.34
104 300 239.27 0.36
104 301 244.10 0.29
104 302 249.51 0.35
104 303 254.34 0.31
104 304 259.72 0.30
104 305 265.54 0.31
104 306 270.53 0.30
104 307 276.24 0.27
104 308 281.67 0.29
104 309 287.22 0.28
104 310 293.13 0.27
104 311 298.68 0.27
104 312 304.60 0.25
104 313 309.99 0.28
104 314 316.01 0.27
104 315 322.42 0.29
104 316 328.17 0.26
104 317 334.73 0.27
104 318 340.52 0.26
104 319 347.15 0.25
104 320 353.30 0.26
104 321 360.01 0.26
104 322 366.42 0.26
104 323 373.42 0.26
104 324 379.84 0.26
104 325 387.13 0.26
104 326 393.64 0.26
104 327 400.92 0.25
104 328 408.26 0.25
104 329 415.09 0.26
104 330 422.44 0.26
104 331 429.61 0.25
104 332 437.26 0.25
104 333 444.37 0.24
104 334 452.05 0.24
104 335 459.89 0.23
104 336 467.56 0.24
104 337 475.21 0.22
104 338 483.10 0.23
104 339 490.77 0.25
104 340 498.83 0.22
104 341 506.40 0.19
104 342 514.93 0.20
104 343 523.20 -0.15
104 344 531.24 0.16
104 345 539.12 -0.15
104 346 547.16 -0.14
104 347 555.03 -0.15
104 348 562.78 -0.15
104 349 571.01 -0.14
105 240 112.54 0.28
105 241 110.75 0.37
105 242 109.20 0.31
105 243 107.60 0.34
105 244 106.94 0.34
105 245 104.66 0.31
105 246 104.14 0.33
105 247 102.50 0.28
105 248 102.39 0.29
105 249 100.95 0.31
105 250 100.71 0.30
105 251 99.93 0.29
105 252 100.37 0.29
105 253 99.67 0.29
105 254 100.45 0.30
105 255 99.72 0.30
105 256 100.96 0.29
105 257 100.48 0.29
105 258 101.90 0.29
105 259 102.07 0.28
105 260 103.88 0.28
105 261 104.04 0.28
105 262 106.05 0.25
105 263 106.75 0.27
105 264 108.79 0.27
105 265 109.91 0.27
105 266 112.36 0.27
105 267 113.76 0.27
105 268 116.14 0.23
105 269 118.12 0.24
105 270 120.88 0.24
105 271 123.24 0.24
105 272 126.57 0.24
105 273 128.96 0.23
105 274 132.69 0.25
105 275 134.69 0.20
105 276 138.36 0.18
105 277 140.85 -0.16
105 278 144.13 -0.15
105 279 146.67 -0.15
105 280 150.29 -0.14
105 281 153.09 -0.14
105 282 156.94 -0.14
105 283 160.16 -0.13
105 284 164.29 -0.12
105 285 167.58 -0.08
105 286 173.04 0.00
105 287 176.34 0.00
105 288 180.90 0.00
105 289 184.37 0.00
105 290 190.63 0.00
105 291 193.70 0.00
105 292 199.73 0.00
105 293 202.66 0.05
105 294 207.48 0.11
105 295 209.26 0.39
105 296 213.77 0.38
105 297 218.31 0.38
105 298 223.16 0.36
105 299 227.71 0.38
105 300 232.63 0.37
105 301 237.49 0.36
105 302 242.57 0.31
105 303 247.54 0.36
105 304 252.36 0.31
105 305 257.68 0.33
105 306 263.16 0.31
105 307 268.13 0.31
105 308 273.45 0.32
105 309 279.26 0.27
105 310 284.65 0.27
105 311 290.09 0.27
105 312 295.32 0.27
105 313 301.23 0.27
105 314 306.89 0.28
105 315 312.88 0.27
105 316 318.98 0.29
105 317 324.48 0.26
105 318 330.78 0.27
105 319 336.58 0.25
105 320 342.94 0.26
105 321 349.11 0.26
105 322 355.31 0.26
105 323 361.78 0.26
105 324 368.56 0.26
105 325 375.08 0.26
105 326 382.11 0.26
105 327 388.50 0.26
105 328 395.50 0.25
105 329 402.22 0.25
105 330 409.47 0.26
105 331 416.64 0.25
105 332 423.77 0.26
105 333 431.21 0.25
105 334 438.53 0.25
105 335 445.81 0.24
105 336 453.31 0.22
105 337 461.06 0.24
105 338 468.56 0.23
105 339 476.23 0.23
105 340 484.16 0.24
105 341 491.84 0.22
105 342 499.54 0.24
105 343 507.52 0.19
105 344 515.61 0.22
105 345 523.50 0.16
105 346 531.85 0.18
105 347 539.53 -0.16
105 348 547.46 -0.15
105 349 555.27 -0.15
105 350 562.96 -0.17
105 351 571.13 -0.15
105 352 579.11 -0.12
105 353 589.40 0.00
106 242 118.57 0.39
106 243 117.61 0.35
106 244 115.26 0.34
106 245 114.11 0.36
106 246 112.18 0.34
106 247 111.40 0.33
106 248 109.42 0.34
106 249 109.03 0.33
106 250 107.18 0.30
106 251 107.12 0.29
106 252 105.82 0.29
106 253 106.36 0.30
106 254 105.62 0.29
106 255 105.91 0.30
106 256 105.33 0.30
106 257 106.17 0.29
106 258 105.47 0.29
106 259 106.59 0.29
106 260 106.47 0.29
106 261 108.14 0.27
106 262 108.11 0.28
106 263 109.67 0.26
106 264 110.41 0.27
106 265 112.06 0.26
106 266 113.05 0.27
106 267 115.25 0.27
106 268 116.58 0.27
106 269 119.12 0.26
106 270 120.60 0.26
106 271 123.31 0.24
106 272 125.27 0.24
106 273 128.31 0.23
106 274 130.50 0.23
106 275 133.65 0.24
106 276 136.16 0.20
106 277 139.93 0.20
106 278 142.01 0.18
106 279 145.37 0.18
106 280 147.71 -0.14
106 281 151.75 0.12
106 282 153.67 -0.15
106 283 157.39 -0.12
106 284 160.38 -0.13
106 285 165.31 0.07
106 286 167.78 -0.09
106 287 173.26 0.00
106 288 176.42 0.00
106 289 180.80 0.00
106 290 184.17 0.00
106 291 190.27 0.00
106 292 193.17 0.00
106 293 199.04 0.00
106 294 202.63 0.00
106 295 206.44 0.09
106 296 207.67 0.42
106 297 211.88 0.39
106 298 216.65 0.40
106 299 221.22 0.40
106 300 225.89 0.39
106 301 230.84 0.38
106 302 235.03 0.37
106 303 239.58 0.32
106 304 244.60 0.35
106 305 249.51 0.32
106 306 254.65 0.34
106 307 259.88 0.31
106 308 264.59 0.31
106 309 270.02 0.31
106 310 275.59 0.30
106 311 280.68 0.30
106 312 286.30 0.28
106 313 291.48 0.27
106 314 297.17 0.29
106 315 302.58 0.27
106 316 308.56 0.28
106 317 313.96 0.29
106 318 319.77 0.26
106 319 325.64 0.27
106 320 331.41 0.26
106 321 337.75 0.28
106 322 343.69 0.26
106 323 350.04 0.26
106 324 356.11 0.26
106 325 362.62 0.26
106 326 368.80 0.26
106 327 375.92 0.25
106 328 382.30 0.25
106 329 388.66 0.25
106 330 395.88 0.25
106 331 402.78 0.26
106 332 409.57 0.25
106 333 416.96 0.25
106 334 424.09 0.25
106 335 430.89 0.23
106 336 438.59 0.24
106 337 445.93 0.24
106 338 453.21 0.23
106 339 460.77 0.23
106 340 468.41 0.22
106 341 476.00 0.22
106 342 483.61 0.22
106 343 491.31 0.21
106 344 499.40 0.20
106 345 507.34 0.18
106 346 515.10 0.17
106 347 522.85 0.17
106 348 530.82 -0.15
106 349 538.63 -0.15
106 350 546.50 -0.16
106 351 554.29 -0.17
106 352 562.28 -0.14
106 353 570.28 -0.14
106 354 580.49 0.00
106 355 588.09 0.00
107 244 127.36 0.37
107 245 124.96 0.35
107 246 124.21 0.37
107 247 121.66 0.35
107 248 120.52 0.34
107 249 118.80 0.34
107 250 118.09 0.34
107 251 116.04 0.31
107 252 115.44 0.30
107 253 114.24 0.30
107 254 114.16 0.30
107 255 113.32 0.30
107 256 113.22 0.30
107 257 112.70 0.30
107 258 113.22 0.29
107 259 112.45 0.29
107 260 113.24 0.28
107 261 113.12 0.29
107 262 114.39 0.27
107 263 114.41 0.28
107 264 115.38 0.27
107 265 115.78 0.27
107 266 117.36 0.27
107 267 118.28 0.27
107 268 119.86 0.27
107 269 121.15 0.26
107 270 123.66 0.25
107 271 124.86 0.25
107 272 127.50 0.25
107 273 129.20 0.25
107 274 132.08 0.24
107 275 134.13 0.23
107 276 137.50 0.21
107 277 139.90 0.17
107 278 143.02 0.17
107 279 145.21 0.16
107 280 148.57 0.16
107 281 151.22 0.16
107 282 154.37 0.15
107 283 156.14 -0.14
107 284 160.67 0.08
107 285 162.47 -0.12
107 286 166.09 -0.17
107 287 169.39 -0.10
107 288 174.93 0.00
107 289 177.95 0.00
107 290 182.16 0.00
107 291 185.42 0.00
107 292 191.34 0.00
107 293 194.07 0.00
107 294 199.78 0.00
107 295 203.19 0.00
107 296 203.72 0.44
107 297 207.96 0.44
107 298 211.88 0.42
107 299 216.44 0.42
107 300 220.75 0.40
107 301 225.50 0.41
107 302 229.87 0.37
107 303 234.38 0.38
107 304 239.40 0.38
107 305 243.78 0.36
107 306 248.53 0.33
107 307 253.13 0.35
107 308 258.43 0.31
107 309 263.40 0.32
107 310 268.43 0.31
107 311 273.62 0.30
107 312 278.84 0.30
107 313 284.24 0.27
107 314 289.33 0.27
107 315 294.84 0.27
107 316 299.83 0.27
107 317 305.59 0.26
107 318 311.28 0.28
107 319 316.69 0.26
107 320 322.73 0.28
107 321 328.28 0.26
107 322 334.06 0.27
107 323 340.13 0.26
107 324 346.09 0.26
107 325 352.20 0.25
107 326 358.59 0.25
107 327 364.58 0.25
107 328 371.28 0.26
107 329 377.51 0.25
107 330 384.28 0.25
107 331 390.76 0.25
107 332 397.82 0.23
107 333 404.62 0.25
107 334 411.89 0.25
107 335 418.60 0.24
107 336 426.06 0.25
107 337 433.24 0.25
107 338 440.19 0.22
107 339 447.40 0.24
107 340 454.67 0.22
107 341 462.17 0.22
107 342 469.71 0.20
107 343 477.24 0.22
107 344 484.70 0.20
107 345 493.13 0.17
107 346 500.41 0.18
107 347 507.99 0.17
107 348 516.00 0.16
107 349 523.78 -0.14
107 350 531.64 0.14
107 351 539.40 0.16
107 352 546.79 -0.15
107 353 555.34 0.11
107 354 562.86 0.11
107 355 572.78 0.00
107 356 580.29 0.00
107 357 588.39 0.00
107 358 595.97 0.00
107 359 604.11 0.00
107 360 612.07 0.00
108 246 133.73 0.41
108 247 132.26 0.36
108 248 130.16 0.38
108 249 128.52 0.35
108 250 126.55 0.34
108 251 125.91 0.35
108 252 123.97 0.33
108 253 122.83 0.30
108 254 121.71 0.30
108 255 121.22 0.31
108 256 120.19 0.30
108 257 120.25 0.30
108 258 118.95 0.30
108 259 119.39 0.29
108 260 118.61 0.28
108 261 119.49 0.28
108 262 118.75 0.28
108 263 119.50 0.27
108 264 119.59 0.27
108 265 120.54 0.27
108 266 120.86 0.27
108 267 122.08 0.27
108 268 122.65 0.26
108 269 124.40 0.26
108 270 125.23 0.26
108 271 127.33 0.25
108 272 128.37 0.25
108 273 130.73 0.25
108 274 132.27 0.25
108 275 135.06 0.24
108 276 137.03 0.23
108 277 139.67 0.21
108 278 142.11 0.19
108 279 145.10 0.19
108 280 147.15 0.17
108 281 150.20 0.17
108 282 152.77 0.15
108 283 155.65 0.12
108 284 158.54 0.13
108 285 161.03 -0.17
108 286 164.70 0.08
108 287 168.44 0.07
108 288 171.17 0.06
108 289 175.80 0.00
108 290 178.68 0.00
108 291 182.72 0.00
108 292 185.87 0.00
108 293 191.62 0.00
108 294 194.18 0.00
108 295 199.73 0.00
108 296 202.97 0.00
108 297 205.38 0.14
108 298 206.85 0.43
108 299 210.78 0.42
108 300 215.16 0.42
108 301 219.37 0.40
108 302 223.70 0.42
108 303 228.42 0.41
108 304 232.51 0.40
108 305 237.31 0.39
108 306 241.74 0.38
108 307 246.62 0.34
108 308 251.41 0.37
108 309 256.18 0.35
108 310 260.82 0.33
108 311 265.74 0.32
108 312 270.97 0.32
108 313 276.01 0.30
108 314 281.23 0.26
108 315 286.17 0.28
108 316 291.58 0.29
108 317 297.01 0.27
108 318 302.46 0.27
108 319 307.21 0.26
108 320 313.17 0.26
108 321 318.79 0.28
108 322 324.29 0.25
108 323 330.10 0.27
108 324 335.94 0.25
108 325 341.88 0.25
108 326 347.83 0.26
108 327 354.05 0.25
108 328 359.84 0.25
108 329 366.51 0.25
108 330 372.50 0.25
108 331 379.14 0.24
108 332 385.41 0.24
108 333 392.29 0.24
108 334 398.99 0.23
108 335 405.80 0.24
108 336 412.49 0.23
108 337 419.61 0.22
108 338 426.37 0.22
108 339 433.44 0.22
108 340 440.69 0.23
108 341 447.84 0.23
108 342 455.11 0.22
108 343 462.52 0.22
108 344 470.13 0.21
108 345 477.67 0.21
108 346 485.16 0.18
108 347 493.00 0.16
108 348 500.56 0.17
108 349 508.02 0.17
108 350 515.81 0.14
108 351 523.76 -0.15
108 352 531.26 -0.14
108 353 538.91 0.12
108 354 547.09 0.11
108 355 554.49 0.09
108 356 562.60 0.08
108 357 570.57 0.10
108 358 579.87 0.00
108 359 587.37 0.00
108 360 595.42 0.00
108 361 603.29 0.00
109 248 142.63 0.40
109 249 140.19 0.40
109 250 138.02 0.36
109 251 136.09 0.35
109 252 135.08 0.36
109 253 133.60 0.37
109 254 132.04 0.31
109 255 130.53 0.31
109 256 130.11 0.32
109 257 128.84 0.29
109 258 128.70 0.29
109 259 127.44 0.27
109 260 127.39 0.27
109 261 126.52 0.27
109 262 127.30 0.27
109 263 126.16 0.27
109 264 127.08 0.26
109 265 126.52 0.26
109 266 127.48 0.26
109 267 127.49 0.25
109 268 128.66 0.26
109 269 128.98 0.26
109 270 130.31 0.24
109 271 130.90 0.26
109 272 132.95 0.24
109 273 133.90 0.25
109 274 135.89 0.23
109 275 137.23 0.24
109 276 139.81 0.23
109 277 141.35 0.23
109 278 144.16 0.22
109 279 146.01 0.19
109 280 149.19 0.19
109 281 151.08 0.15
109 282 153.75 0.15
109 283 156.09 0.14
109 284 159.07 0.14
109 285 161.80 0.13
109 286 164.92 0.12
109 287 167.50 0.12
109 288 171.11 0.08
109 289 173.75 0.07
109 290 178.24 0.00
109 291 180.97 0.00
109 292 184.83 0.00
109 293 187.87 0.00
109 294 193.44 0.00
109 295 195.84 0.00
109 296 200.22 0.06
109 297 202.98 0.05
109 298 207.14 0.15
109 299 207.67 0.42
109 300 211.62 0.41
109 301 215.50 0.41
109 302 219.82 0.40
109 303 224.06 0.42
109 304 228.56 0.41
109 305 232.69 0.38
109 306 237.33 0.39
109 307 241.31 0.37
109 308 246.10 0.37
109 309 250.59 0.37
109 310 255.74 0.36
109 311 260.09 0.35
109 312 264.75 0.32
109 313 269.79 0.33
109 314 275.02 0.26
109 315 279.80 0.29
109 316 284.66 0.28
109 317 289.92 0.29
109 318 294.98 0.26
109 319 300.11 0.26
109 320 305.28 0.26
109 321 310.99 0.26
109 322 316.32 0.27
109 323 321.92 0.25
109 324 327.37 0.25
109 325 332.97 0.25
109 326 338.76 0.25
109 327 344.53 0.25
109 328 350.89 0.25
109 329 356.48 0.25
109 330 363.02 0.25
109 331 369.05 0.24
109 332 375.34 0.24
109 333 381.68 0.24
109 334 388.05 0.24
109 335 394.57 0.24
109 336 401.35 0.24
109 337 408.37 0.23
109 338 414.85 0.24
109 339 421.77 0.23
109 340 428.55 0.22
109 341 435.64 0.22
109 342 442.77 0.22
109 343 449.82 0.22
109 344 457.08 0.21
109 345 464.46 0.21
109 346 471.71 0.21
109 347 479.64 0.18
109 348 487.10 0.18
109 349 494.34 0.18
109 350 502.06 0.14
109 351 509.30 0.15
109 352 517.08 0.14
109 353 524.74 0.13
109 354 532.27 0.14
109 355 540.58 0.10
109 356 547.90 0.10
109 357 555.71 0.08
109 358 563.20 0.09
109 359 572.67 0.00
110 250 148.84 0.39
110 251 147.42 0.38
110 252 144.95 0.38
110 253 143.77 0.36
110 254 141.98 0.37
110 255 140.51 0.34
110 256 138.72 0.29
110 257 137.89 0.29
110 258 136.19 0.29
110 259 135.60 0.30
110 260 134.70 0.29
110 261 134.48 0.28
110 262 133.18 0.28
110 263 133.81 0.28
110 264 132.82 0.27
110 265 133.10 0.27
110 266 132.99 0.27
110 267 133.32 0.27
110 268 133.12 0.26
110 269 134.27 0.26
110 270 134.15 0.26
110 271 135.37 0.23
110 272 135.81 0.25
110 273 137.49 0.24
110 274 138.18 0.24
110 275 140.15 0.24
110 276 141.31 0.23
110 277 143.51 0.23
110 278 144.99 0.22
110 279 147.37 0.22
110 280 149.23 0.21
110 281 152.12 0.21
110 282 154.16 0.18
110 283 156.59 0.17
110 284 158.79 0.15
110 285 161.36 0.15
110 286 163.85 0.13
110 287 166.82 0.11
110 288 169.39 0.09
110 289 172.95 0.08
110 290 175.38 0.07
110 291 178.83 0.05
110 292 182.30 0.00
110 293 186.00 0.00
110 294 188.92 0.00
110 295 194.32 0.00
110 296 196.55 0.00
110 297 201.77 0.00
110 298 203.56 0.05
110 299 207.46 0.15
110 300 207.54 0.44
110 301 211.33 0.42
110 302 215.12 0.44
110 303 219.33 0.43
110 304 223.32 0.42
110 305 227.65 0.40
110 306 231.53 0.39
110 307 236.03 0.39
110 308 240.16 0.38
110 309 244.77 0.39
110 310 249.16 0.37
110 311 253.95 0.36
110 312 258.63 0.37
110 313 263.08 0.33
110 314 268.08 0.34
110 315 272.87 0.35
110 316 277.74 0.29
110 317 282.09 0.26
110 318 287.55 0.28
110 319 292.88 0.26
110 320 297.63 0.26
110 321 302.82 0.27
110 322 308.12 0.25
110 323 313.45 0.25
110 324 318.60 0.25
110 325 324.14 0.28
110 326 329.54 0.25
110 327 335.32 0.25
110 328 341.13 0.24
110 329 346.84 0.24
110 330 352.69 0.24
110 331 358.90 0.23
110 332 364.56 0.24
110 333 370.72 0.24
110 334 376.89 0.23
110 335 383.33 0.23
110 336 389.67 0.22
110 337 396.08 0.23
110 338 402.69 0.23
110 339 409.43 0.22
110 340 415.98 0.22
110 341 422.82 0.22
110 342 429.59 0.21
110 343 436.98 0.21
110 344 443.52 0.21
110 345 450.62 0.20
110 346 457.70 0.20
110 347 465.16 0.20
110 348 472.32 0.19
110 349 479.73 0.19
110 350 487.19 0.17
110 351 494.53 0.17
110 352 502.15 0.16
110 353 510.13 0.15
110 354 517.39 -0.15
110 355 524.78 0.11
110 356 532.90 0.11
110 357 540.13 0.11
110 358 548.25 0.12
110 359 555.30 0.10
110 360 563.45 0.09
