# KTUY05: Z A atomic-ME(MeV) beta2; - = unavailable (alpha2 is not beta2)
2 4 6.29 -
2 5 13.81 -
2 6 16.98 -
2 7 25.32 -
2 8 31.00 -
2 9 41.75 -
2 10 50.99 -
2 11 62.77 -
3 5 14.14 -
3 6 14.76 -
3 7 15.42 -
3 8 21.06 -
3 9 24.50 -
3 10 33.28 -
3 11 40.57 -
3 12 49.71 -
3 13 56.83 -
3 14 69.57 -
4 6 18.35 -
4 7 16.53 -
4 8 7.51 -
4 9 12.23 -
4 10 12.25 -
4 11 19.69 -
4 12 24.32 -
4 13 33.62 -
4 14 40.28 -
4 15 50.55 -
4 16 58.49 -
4 17 69.46 -
4 18 78.41 -
4 19 90.09 -
5 7 28.22 -
5 8 23.39 -
5 9 13.47 -
5 10 11.14 -
5 11 8.58 -
5 12 13.36 -
5 13 16.36 -
5 14 23.68 -
5 15 29.31 -
5 16 37.36 -
5 17 43.96 -
5 18 52.66 -
5 19 60.61 -
5 20 70.40 -
6 8 36.14 -
6 9 28.69 -
6 10 15.44 -
6 11 10.70 -
6 12 0.78 -
6 13 4.30 -
6 14 4.11 -
6 15 10.47 -
6 16 13.45 -
6 17 20.66 -
6 18 24.93 -
6 19 33.04 -
6 20 38.53 -
6 21 47.85 -
6 22 54.98 -
6 23 65.85 -
6 24 75.01 -
6 25 86.99 -
7 9 47.99 -
7 10 39.11 -
7 11 24.90 -
7 12 17.59 -
7 13 6.61 -
7 14 4.06 -
7 15 1.71 -
7 16 5.61 -
7 17 7.33 -
7 18 12.13 -
7 19 15.13 -
7 20 20.83 -
7 21 25.01 -
7 22 32.33 -
7 23 38.55 -
7 24 48.39 -
7 25 56.81 -
7 26 67.12 -
7 27 76.07 -
7 28 87.10 -
8 12 32.12 -
8 13 23.17 -
8 14 9.17 -
8 15 4.62 -
8 16 -3.68 -
8 17 -0.75 -
8 18 -1.71 -
8 19 2.13 -
8 20 2.62 -
8 21 7.37 -
8 22 9.23 -
8 23 15.93 -
8 24 20.38 -
8 25 29.64 -
8 26 36.31 -
8 27 46.05 -
8 28 53.37 -
8 29 63.89 -
8 30 72.22 -
8 31 83.30 -
8 32 92.02 -
8 33 103.24 -
8 34 112.26 -
9 13 44.35 -
9 14 33.19 -
9 15 18.28 -
9 16 11.40 -
9 17 2.18 -
9 18 0.18 -
9 19 -2.33 -
9 20 -0.48 -
9 21 -0.81 -
9 22 2.01 -
9 23 3.09 -
9 24 8.04 -
9 25 11.84 -
9 26 19.22 -
9 27 25.09 -
9 28 33.31 -
9 29 40.12 -
9 30 49.11 -
9 31 56.74 -
9 32 66.25 -
9 33 74.42 -
9 34 84.42 -
9 35 93.10 -
9 36 103.46 -
9 37 112.50 -
10 16 24.58 -
10 17 16.49 -
10 18 4.56 -
10 19 1.04 -
10 20 -6.56 -
10 21 -5.46 -
10 22 -7.74 -
10 23 -5.38 -
10 24 -6.23 -
10 25 -1.91 -
10 26 0.17 -
10 27 6.75 -
10 28 10.75 -
10 29 18.34 -
10 30 23.47 -
10 31 32.13 -
10 32 38.14 -
10 33 47.15 -
10 34 53.87 -
10 35 63.55 -
10 36 71.03 -
10 37 81.31 -
10 38 89.30 -
10 39 99.77 -
10 40 108.33 -
10 41 119.26 -
11 17 35.35 -
11 18 24.97 -
11 19 11.93 -
11 20 6.41 -
11 21 -1.94 -
11 22 -5.18 -
11 23 -8.70 -
11 24 -8.07 -
11 25 -9.74 -
11 26 -7.06 -
11 27 -5.69 -
11 28 -0.81 -
11 29 2.39 -
11 30 8.27 -
11 31 12.63 -
11 32 19.92 -
11 33 25.39 -
11 34 33.00 -
11 35 39.20 -
11 36 47.53 -
11 37 54.48 -
11 38 63.54 -
11 39 71.26 -
11 40 80.53 -
11 41 88.65 -
11 42 98.60 -
11 43 107.41 -
11 44 117.78 -
12 18 43.60 -
12 19 32.21 -
12 20 16.42 -
12 21 10.08 -
12 22 -0.18 -
12 23 -4.69 -
12 24 -12.59 -
12 25 -12.71 -
12 26 -16.34 -
12 27 -14.24 -
12 28 -14.68 -
12 29 -10.45 -
12 30 -9.10 -
12 31 -3.80 -
12 32 -1.22 -
12 33 5.54 -
12 34 9.63 -
12 35 16.79 -
12 36 21.59 -
12 37 29.56 -
12 38 35.26 -
12 39 43.75 -
12 40 49.89 -
12 41 59.18 -
12 42 66.29 -
12 43 76.05 -
12 44 83.76 -
12 45 93.83 -
12 46 102.89 -
12 47 115.25 -
13 19 56.26 -
13 20 42.57 -
13 21 25.43 -
13 22 17.15 -
13 23 6.45 -
13 24 0.29 -
13 25 -8.40 -
13 26 -12.57 -
13 27 -17.50 -
13 28 -17.05 -
13 29 -18.11 -
13 30 -15.55 -
13 31 -14.86 -
13 32 -11.27 -
13 33 -9.34 -
13 34 -4.12 -
13 35 -0.61 -
13 36 5.23 -
13 37 9.49 -
13 38 15.89 -
13 39 20.78 -
13 40 27.78 -
13 41 33.29 -
13 42 41.41 -
13 43 48.26 -
13 44 57.10 -
13 45 64.66 -
13 46 74.13 -
13 47 82.85 -
13 48 94.19 -
14 22 32.05 -
14 23 22.98 -
14 24 10.35 -
14 25 3.44 -
14 26 -7.20 -
14 27 -12.66 -
14 28 -21.45 -
14 29 -21.58 -
14 30 -24.43 -
14 31 -22.39 -
14 32 -23.32 -
14 33 -20.41 -
14 34 -20.30 -
14 35 -15.49 -
14 36 -13.38 -
14 37 -7.97 -
14 38 -5.20 -
14 39 0.71 -
14 40 4.13 -
14 41 10.51 -
14 42 14.52 -
14 43 22.48 -
14 44 28.21 -
14 45 36.71 -
14 46 43.03 -
14 47 52.78 -
14 48 60.45 -
14 49 71.78 -
14 50 80.67 -
14 51 91.56 -
14 52 100.28 -
14 53 111.25 -
14 54 120.13 -
14 55 131.65 -
15 23 44.46 -
15 24 32.74 -
15 25 19.36 -
15 26 10.79 -
15 27 -0.34 -
15 28 -7.36 -
15 29 -16.62 -
15 30 -19.95 -
15 31 -23.85 -
15 32 -23.38 -
15 33 -24.93 -
15 34 -23.53 -
15 35 -23.99 -
15 36 -20.62 -
15 37 -19.12 -
15 38 -15.12 -
15 39 -12.86 -
15 40 -8.31 -
15 41 -5.37 -
15 42 -0.25 -
15 43 3.31 -
15 44 10.20 -
15 45 15.61 -
15 46 23.10 -
15 47 29.19 -
15 48 37.71 -
15 49 44.98 -
15 50 54.97 -
15 51 63.06 -
15 52 72.96 -
15 53 81.55 -
15 54 91.79 -
15 55 100.43 -
15 56 110.72 -
15 57 119.70 -
15 58 130.32 -
16 26 26.55 -
16 27 17.27 -
16 28 4.39 -
16 29 -3.17 -
16 30 -14.13 -
16 31 -18.47 -
16 32 -25.54 -
16 33 -25.61 -
16 34 -28.86 -
16 35 -27.95 -
16 36 -29.96 -
16 37 -27.14 -
16 38 -27.27 -
16 39 -23.96 -
16 40 -23.16 -
16 41 -18.90 -
16 42 -17.18 -
16 43 -12.38 -
16 44 -10.03 -
16 45 -3.49 -
16 46 0.78 -
16 47 8.04 -
16 48 13.14 -
16 49 21.47 -
16 50 27.93 -
16 51 37.12 -
16 52 43.96 -
16 53 53.45 -
16 54 60.80 -
16 55 70.62 -
16 56 78.34 -
16 57 88.40 -
16 58 96.45 -
16 59 106.87 -
16 60 115.25 -
16 61 125.87 -
16 62 134.50 -
16 63 145.40 -
17 27 38.75 -
17 28 27.70 -
17 29 14.05 -
17 30 4.81 -
17 31 -6.62 -
17 32 -12.49 -
17 33 -20.07 -
17 34 -23.44 -
17 35 -27.79 -
17 36 -28.28 -
17 37 -30.78 -
17 38 -29.50 -
17 39 -30.27 -
17 40 -28.40 -
17 41 -28.25 -
17 42 -25.22 -
17 43 -23.90 -
17 44 -20.32 -
17 45 -18.48 -
17 46 -13.05 -
17 47 -9.12 -
17 48 -2.97 -
17 49 1.76 -
17 50 9.16 -
17 51 15.26 -
17 52 23.15 -
17 53 29.64 -
17 54 38.07 -
17 55 45.05 -
17 56 53.85 -
17 57 61.24 -
17 58 70.37 -
17 59 78.09 -
17 60 87.48 -
17 61 95.62 -
17 62 105.41 -
17 63 113.86 -
17 64 123.90 -
17 65 132.66 -
17 66 142.83 -
17 67 151.61 -
18 30 21.29 -
18 31 11.35 -
18 32 -1.69 -
18 33 -8.14 -
18 34 -17.38 -
18 35 -21.83 -
18 36 -29.23 -
18 37 -30.20 -
18 38 -34.23 -
18 39 -33.46 -
18 40 -35.69 -
18 41 -34.19 -
18 42 -35.40 -
18 43 -33.07 -
18 44 -33.13 -
18 45 -29.94 -
18 46 -29.39 -
18 47 -24.31 -
18 48 -21.56 -
18 49 -15.68 -
18 50 -12.01 -
18 51 -4.87 -
18 52 0.06 -
18 53 7.67 -
18 54 13.06 -
18 55 21.24 -
18 56 27.29 -
18 57 35.92 -
18 58 42.27 -
18 59 51.37 -
18 60 58.17 -
18 61 67.38 -
18 62 74.48 -
18 63 83.89 -
18 64 91.37 -
18 65 101.20 -
18 66 109.06 -
18 67 119.00 -
18 68 126.84 -
18 69 136.80 -
18 70 145.59 -
19 31 32.71 -
19 32 21.01 -
19 33 7.29 -
19 34 -0.62 -
19 35 -10.32 -
19 36 -16.15 -
19 37 -24.03 -
19 38 -28.08 -
19 39 -33.15 -
19 40 -33.71 -
19 41 -36.27 -
19 42 -35.99 -
19 43 -37.58 -
19 44 -36.59 -
19 45 -37.42 -
19 46 -35.69 -
19 47 -35.66 -
19 48 -31.69 -
19 49 -29.28 -
19 50 -24.51 -
19 51 -21.25 -
19 52 -15.08 -
19 53 -10.42 -
19 54 -3.78 -
19 55 1.35 -
19 56 8.40 -
19 57 14.03 -
19 58 21.51 -
19 59 27.47 -
19 60 35.75 -
19 61 42.46 -
19 62 50.83 -
19 63 57.87 -
19 64 66.46 -
19 65 73.65 -
19 66 82.48 -
19 67 89.96 -
19 68 99.04 -
19 69 106.70 -
19 70 115.88 -
19 71 124.48 -
19 72 134.72 -
20 33 29.39 -
20 34 13.85 -
20 35 5.42 -
20 36 -5.76 -
20 37 -12.08 -
20 38 -21.46 -
20 39 -26.55 -
20 40 -34.63 -
20 41 -35.46 -
20 42 -39.32 -
20 43 -39.48 -
20 44 -42.48 -
20 45 -41.94 -
20 46 -44.11 -
20 47 -42.93 -
20 48 -44.29 -
20 49 -40.62 -
20 50 -39.33 -
20 51 -34.86 -
20 52 -32.71 -
20 53 -26.78 -
20 54 -23.12 -
20 55 -16.65 -
20 56 -12.56 -
20 57 -5.77 -
20 58 -1.29 -
20 59 5.82 -
20 60 10.75 -
20 61 18.89 -
20 62 24.85 -
20 63 33.18 -
20 64 39.29 -
20 65 47.74 -
20 66 54.09 -
20 67 62.73 -
20 68 69.29 -
20 69 78.12 -
20 70 84.87 -
20 71 93.91 -
20 72 101.73 -
20 73 111.84 -
20 74 120.46 -
20 75 131.29 -
20 76 140.26 -
20 77 151.39 -
21 34 41.18 -
21 35 25.28 -
21 36 15.37 -
21 37 3.57 -
21 38 -4.28 -
21 39 -14.24 -
21 40 -20.65 -
21 41 -28.97 -
21 42 -32.58 -
21 43 -37.34 -
21 44 -38.85 -
21 45 -42.16 -
21 46 -42.73 -
21 47 -45.20 -
21 48 -45.06 -
21 49 -46.62 -
21 50 -44.23 -
21 51 -43.29 -
21 52 -39.84 -
21 53 -37.90 -
21 54 -33.21 -
21 55 -30.11 -
21 56 -24.77 -
21 57 -21.05 -
21 58 -15.23 -
21 59 -10.96 -
21 60 -4.72 -
21 61 0.01 -
21 62 6.95 -
21 63 12.36 -
21 64 19.61 -
21 65 25.47 -
21 66 33.05 -
21 67 39.31 -
21 68 47.26 -
21 69 53.73 -
21 70 61.91 -
21 71 68.68 -
21 72 77.01 -
21 73 84.54 -
21 74 94.00 -
21 75 102.34 -
21 76 112.38 -
21 77 121.22 -
21 78 131.69 -
22 37 23.84 -
22 38 10.38 -
22 39 1.84 -
22 40 -9.61 -
22 41 -16.33 -
22 42 -25.95 -
22 43 -30.49 -
22 44 -38.08 -
22 45 -40.04 -
22 46 -44.62 -
22 47 -45.34 -
22 48 -48.87 -
22 49 -48.85 -
22 50 -51.57 -
22 51 -49.44 -
22 52 -49.75 -
22 53 -46.50 -
22 54 -45.63 -
22 55 -41.28 -
22 56 -39.54 -
22 57 -34.72 -
22 58 -32.09 -
22 59 -26.48 -
22 60 -23.23 -
22 61 -17.23 -
22 62 -13.43 -
22 63 -6.89 -
22 64 -2.49 -
22 65 4.40 -
22 66 9.20 -
22 67 16.56 -
22 68 21.99 -
22 69 29.79 -
22 70 35.56 -
22 71 43.58 -
22 72 49.48 -
22 73 58.29 -
22 74 65.19 -
22 75 74.53 -
22 76 82.13 -
22 77 92.05 -
22 78 100.14 -
22 79 110.48 -
22 80 119.05 -
22 81 131.09 -
22 84 160.85 -
22 85 172.10 -
23 38 35.00 -
23 39 20.86 -
23 40 10.87 -
23 41 -1.05 -
23 42 -9.00 -
23 43 -19.04 -
23 44 -24.82 -
23 45 -32.93 -
23 46 -37.42 -
23 47 -42.79 -
23 48 -44.61 -
23 49 -48.26 -
23 50 -49.27 -
23 51 -52.33 -
23 52 -51.29 -
23 53 -51.92 -
23 54 -49.74 -
23 55 -49.18 -
23 56 -46.22 -
23 57 -44.77 -
23 58 -41.02 -
23 59 -38.79 -
23 60 -34.38 -
23 61 -31.45 -
23 62 -26.47 -
23 63 -22.99 -
23 64 -17.54 -
23 65 -13.41 -
23 66 -7.33 -
23 67 -2.75 -
23 68 3.71 -
23 69 8.87 -
23 70 15.84 -
23 71 21.44 -
23 72 28.53 -
23 73 34.10 -
23 74 42.38 -
23 75 49.41 -
23 76 58.18 -
23 77 65.62 -
23 78 74.91 -
23 79 82.84 -
23 80 92.44 -
23 81 100.87 -
23 82 112.17 -
23 83 121.40 -
23 84 131.73 -
23 85 140.71 -
23 86 151.20 -
23 87 160.38 -
23 88 171.07 -
24 40 29.16 -
24 41 18.55 -
24 42 5.20 -
24 43 -3.17 -
24 44 -14.62 -
24 45 -20.74 -
24 46 -30.11 -
24 47 -35.35 -
24 48 -43.30 -
24 49 -45.35 -
24 50 -50.07 -
24 51 -51.35 -
24 52 -55.59 -
24 53 -54.82 -
24 54 -56.59 -
24 55 -54.66 -
24 56 -55.20 -
24 57 -52.60 -
24 58 -52.35 -
24 59 -48.87 -
24 60 -47.70 -
24 61 -43.55 -
24 62 -41.68 -
24 63 -36.94 -
24 64 -34.41 -
24 65 -29.24 -
24 66 -26.29 -
24 67 -20.53 -
24 68 -16.79 -
24 69 -10.48 -
24 70 -6.18 -
24 71 0.56 -
24 72 5.28 -
24 73 12.13 -
24 74 16.81 -
24 75 25.15 -
24 76 31.48 -
24 77 40.14 -
24 78 46.88 -
24 79 56.12 -
24 80 63.37 -
24 81 72.86 -
24 82 80.55 -
24 83 91.79 -
24 84 100.37 -
24 85 110.67 -
24 86 118.93 -
24 87 129.28 -
24 88 137.74 -
24 89 148.30 -
24 90 157.01 -
24 91 167.79 -
24 92 176.72 -
25 41 41.11 -
25 42 29.12 -
25 43 15.18 -
25 44 5.44 -
25 45 -6.49 -
25 46 -13.79 -
25 47 -23.30 -
25 48 -29.59 -
25 49 -37.79 -
25 50 -42.44 -
25 51 -47.83 -
25 52 -50.27 -
25 53 -54.82 -
25 54 -55.13 -
25 55 -57.18 -
25 56 -56.33 -
25 57 -57.14 -
25 58 -55.43 -
25 59 -55.40 -
25 60 -53.06 -
25 61 -52.19 -
25 62 -49.00 -
25 63 -47.37 -
25 64 -43.57 -
25 65 -41.35 -
25 66 -37.06 -
25 67 -34.34 -
25 68 -29.64 -
25 69 -26.53 -
25 70 -21.24 -
25 71 -17.14 -
25 72 -11.31 -
25 73 -6.85 -
25 74 -0.89 -
25 75 3.52 -
25 76 11.20 -
25 77 17.44 -
25 78 25.37 -
25 79 31.99 -
25 80 40.52 -
25 81 47.67 -
25 82 56.44 -
25 83 63.98 -
25 84 74.50 -
25 85 82.96 -
25 86 92.83 -
25 87 101.14 -
25 88 110.77 -
25 89 119.08 -
25 90 129.00 -
25 91 137.61 -
25 92 147.74 -
25 93 156.59 -
25 94 166.95 -
25 95 176.10 -
25 96 186.69 -
26 44 23.14 -
26 45 12.60 -
26 46 -0.68 -
26 47 -8.31 -
26 48 -18.87 -
26 49 -25.29 -
26 50 -34.51 -
26 51 -39.89 -
26 52 -47.98 -
26 53 -50.75 -
26 54 -56.49 -
26 55 -57.04 -
26 56 -60.20 -
26 57 -59.61 -
26 58 -61.52 -
26 59 -59.89 -
26 60 -60.83 -
26 61 -58.64 -
26 62 -58.86 -
26 63 -56.04 -
26 64 -55.37 -
26 65 -51.75 -
26 66 -50.46 -
26 67 -46.37 -
26 68 -44.58 -
26 69 -40.07 -
26 70 -37.81 -
26 71 -32.92 -
26 72 -30.23 -
26 73 -24.70 -
26 74 -21.14 -
26 75 -15.38 -
26 76 -11.84 -
26 77 -4.24 -
26 78 1.29 -
26 79 9.15 -
26 80 15.03 -
26 81 23.43 -
26 82 29.94 -
26 83 38.65 -
26 84 45.37 -
26 85 55.76 -
26 86 63.61 -
26 87 73.46 -
26 88 81.28 -
26 89 91.17 -
26 90 98.78 -
26 91 108.56 -
26 92 116.52 -
26 93 126.60 -
26 94 134.84 -
26 95 145.14 -
26 96 153.64 -
26 97 164.18 -
26 98 172.93 -
26 99 183.69 -
27 45 34.65 -
27 46 22.51 -
27 47 8.68 -
27 48 -0.03 -
27 49 -10.70 -
27 50 -18.15 -
27 51 -27.63 -
27 52 -34.13 -
27 53 -42.58 -
27 54 -47.79 -
27 55 -54.21 -
27 56 -55.82 -
27 57 -59.13 -
27 58 -59.74 -
27 59 -61.92 -
27 60 -61.30 -
27 61 -62.40 -
27 62 -61.09 -
27 63 -61.50 -
27 64 -59.67 -
27 65 -59.50 -
27 66 -57.07 -
27 67 -56.14 -
27 68 -52.86 -
27 69 -51.19 -
27 70 -47.45 -
27 71 -45.33 -
27 72 -41.22 -
27 73 -38.70 -
27 74 -34.31 -
27 75 -31.47 -
27 76 -26.59 -
27 77 -23.26 -
27 78 -16.38 -
27 79 -10.91 -
27 80 -3.63 -
27 81 2.26 -
27 82 9.93 -
27 83 16.23 -
27 84 24.30 -
27 85 31.08 -
27 86 40.58 -
27 87 48.30 -
27 88 57.48 -
27 89 65.41 -
27 90 74.74 -
27 91 82.42 -
27 92 91.55 -
27 93 99.34 -
27 94 108.74 -
27 95 116.88 -
27 96 126.58 -
27 97 135.02 -
27 98 144.94 -
27 99 153.59 -
27 100 163.74 -
27 101 172.58 -
27 102 182.98 -
27 103 191.80 -
28 47 31.10 -
28 48 15.85 -
28 49 6.94 -
28 50 -4.89 -
28 51 -12.68 -
28 52 -23.33 -
28 53 -30.14 -
28 54 -39.76 -
28 55 -45.66 -
28 56 -54.32 -
28 57 -56.07 -
28 58 -60.37 -
28 59 -61.30 -
28 60 -64.71 -
28 61 -64.23 -
28 62 -66.28 -
28 63 -65.24 -
28 64 -66.69 -
28 65 -65.13 -
28 66 -66.02 -
28 67 -63.97 -
28 68 -64.16 -
28 69 -60.99 -
28 70 -60.12 -
28 71 -56.54 -
28 72 -55.30 -
28 73 -51.42 -
28 74 -49.80 -
28 75 -45.61 -
28 76 -43.64 -
28 77 -39.18 -
28 78 -36.83 -
28 79 -29.96 -
28 80 -25.14 -
28 81 -17.86 -
28 82 -12.69 -
28 83 -5.13 -
28 84 0.44 -
28 85 8.47 -
28 86 14.62 -
28 87 23.94 -
28 88 31.13 -
28 89 40.33 -
28 90 47.39 -
28 91 56.58 -
28 92 63.82 -
28 93 73.18 -
28 94 80.38 -
28 95 89.71 -
28 96 97.18 -
28 97 106.77 -
28 98 114.56 -
28 99 124.40 -
28 100 132.45 -
28 101 142.52 -
28 102 150.78 -
28 103 160.97 -
28 104 168.95 -
28 105 178.87 -
28 106 186.97 -
28 107 197.01 -
29 48 43.73 -
29 49 28.12 -
29 50 17.87 -
29 51 5.72 -
29 52 -3.19 -
29 53 -14.11 -
29 54 -21.98 -
29 55 -31.83 -
29 56 -38.74 -
29 57 -47.49 -
29 58 -51.18 -
29 59 -56.12 -
29 60 -57.95 -
29 61 -61.49 -
29 62 -62.18 -
29 63 -64.54 -
29 64 -64.48 -
29 65 -66.18 -
29 66 -65.58 -
29 67 -66.65 -
29 68 -65.44 -
29 69 -65.80 -
29 70 -63.67 -
29 71 -63.16 -
29 72 -60.47 -
29 73 -59.43 -
29 74 -56.40 -
29 75 -54.98 -
29 76 -51.60 -
29 77 -49.81 -
29 78 -46.03 -
29 79 -43.82 -
29 80 -37.82 -
29 81 -33.29 -
29 82 -26.78 -
29 83 -21.71 -
29 84 -14.81 -
29 85 -9.32 -
29 86 -1.95 -
29 87 4.21 -
29 88 12.32 -
29 89 18.90 -
29 90 27.22 -
29 91 34.21 -
29 92 42.85 -
29 93 49.68 -
29 94 58.07 -
29 95 65.14 -
29 96 73.84 -
29 97 81.20 -
29 98 90.13 -
29 99 97.76 -
29 100 106.95 -
29 101 114.86 -
29 102 124.36 -
29 103 132.51 -
29 104 142.08 -
29 105 150.24 -
29 106 159.64 -
29 107 167.78 -
29 108 177.29 -
29 109 185.54 -
29 110 195.22 -
30 52 14.25 -
30 53 4.98 -
30 54 -7.10 -
30 55 -15.26 -
30 56 -26.20 -
30 57 -33.20 -
30 58 -42.92 -
30 59 -47.22 -
30 60 -54.13 -
30 61 -56.06 -
30 62 -60.51 -
30 63 -61.54 -
30 64 -65.10 -
30 65 -65.39 -
30 66 -68.05 -
30 67 -67.63 -
30 68 -69.54 -
30 69 -68.41 -
30 70 -69.64 -
30 71 -67.86 -
30 72 -68.47 -
30 73 -66.20 -
30 74 -66.08 -
30 75 -63.20 -
30 76 -62.54 -
30 77 -59.20 -
30 78 -58.06 -
30 79 -54.36 -
30 80 -52.91 -
30 81 -47.10 -
30 82 -43.39 -
30 83 -37.19 -
30 84 -32.84 -
30 85 -25.97 -
30 86 -21.15 -
30 87 -13.85 -
30 88 -8.44 -
30 89 -0.81 -
30 90 4.84 -
30 91 12.83 -
30 92 18.90 -
30 93 27.22 -
30 94 33.31 -
30 95 41.62 -
30 96 48.03 -
30 97 56.65 -
30 98 63.39 -
30 99 72.23 -
30 100 79.21 -
30 101 88.30 -
30 102 95.57 -
30 103 104.90 -
30 104 112.41 -
30 105 121.87 -
30 106 129.43 -
30 107 138.93 -
30 108 146.59 -
30 109 156.17 -
30 110 163.96 -
30 111 173.63 -
30 112 181.56 -
30 113 191.43 -
31 53 26.54 -
31 54 16.15 -
31 55 3.81 -
31 56 -5.42 -
31 57 -16.62 -
31 58 -24.79 -
31 59 -34.78 -
31 60 -39.99 -
31 61 -47.01 -
31 62 -50.79 -
31 63 -55.86 -
31 64 -57.93 -
31 65 -61.81 -
31 66 -63.11 -
31 67 -66.05 -
31 68 -66.46 -
31 69 -68.57 -
31 70 -68.37 -
31 71 -69.87 -
31 72 -69.16 -
31 73 -70.03 -
31 74 -68.67 -
31 75 -68.84 -
31 76 -66.82 -
31 77 -66.23 -
31 78 -63.61 -
31 79 -62.55 -
31 80 -59.61 -
31 81 -58.36 -
31 82 -53.31 -
31 83 -49.76 -
31 84 -44.36 -
31 85 -40.19 -
31 86 -34.08 -
31 87 -29.44 -
31 88 -22.93 -
31 89 -17.85 -
31 90 -11.01 -
31 91 -5.59 -
31 92 1.56 -
31 93 7.28 -
31 94 14.71 -
31 95 20.71 -
31 96 28.35 -
31 97 34.65 -
31 98 42.59 -
31 99 49.20 -
31 100 57.42 -
31 101 64.29 -
31 102 72.79 -
31 103 79.97 -
31 104 88.67 -
31 105 96.00 -
31 106 104.74 -
31 107 112.21 -
31 108 121.22 -
31 109 128.83 -
31 110 137.95 -
31 111 145.76 -
31 112 154.87 -
31 113 162.72 -
31 114 172.01 -
32 56 12.59 -
32 57 3.09 -
32 58 -9.17 -
32 59 -17.62 -
32 60 -28.83 -
32 61 -34.17 -
32 62 -42.06 -
32 63 -46.49 -
32 64 -53.53 -
32 65 -55.96 -
32 66 -60.81 -
32 67 -62.32 -
32 68 -66.27 -
32 69 -67.01 -
32 70 -70.09 -
32 71 -70.13 -
32 72 -72.65 -
32 73 -72.07 -
32 74 -73.81 -
32 75 -72.61 -
32 76 -73.66 -
32 77 -71.78 -
32 78 -72.02 -
32 79 -69.43 -
32 80 -69.16 -
32 81 -66.40 -
32 82 -65.99 -
32 83 -61.08 -
32 84 -58.32 -
32 85 -53.03 -
32 86 -49.64 -
32 87 -43.69 -
32 88 -39.97 -
32 89 -33.76 -
32 90 -29.52 -
32 91 -22.82 -
32 92 -18.14 -
32 93 -11.21 -
32 94 -6.23 -
32 95 0.97 -
32 96 6.26 -
32 97 13.80 -
32 98 19.42 -
32 99 27.26 -
32 100 33.17 -
32 101 41.30 -
32 102 47.53 -
32 103 55.98 -
32 104 62.56 -
32 105 71.20 -
32 106 77.88 -
32 107 86.57 -
32 108 93.44 -
32 109 102.31 -
32 110 109.36 -
32 111 118.46 -
32 112 125.68 -
32 113 134.71 -
32 114 141.98 -
32 115 151.20 -
32 116 160.47 -
32 117 171.66 -
33 57 24.99 -
33 58 14.57 -
33 59 2.06 -
33 60 -7.45 -
33 61 -18.80 -
33 62 -25.32 -
33 63 -33.56 -
33 64 -39.01 -
33 65 -46.42 -
33 66 -50.71 -
33 67 -56.22 -
33 68 -58.68 -
33 69 -62.88 -
33 70 -64.59 -
33 71 -68.01 -
33 72 -68.96 -
33 73 -71.64 -
33 74 -71.97 -
33 75 -73.88 -
33 76 -73.53 -
33 77 -74.73 -
33 78 -73.63 -
33 79 -74.02 -
33 80 -72.23 -
33 81 -72.11 -
33 82 -70.17 -
33 83 -69.97 -
33 84 -65.85 -
33 85 -63.27 -
33 86 -58.73 -
33 87 -55.49 -
33 88 -50.31 -
33 89 -46.74 -
33 90 -41.25 -
33 91 -37.30 -
33 92 -31.51 -
33 93 -27.18 -
33 94 -20.93 -
33 95 -16.20 -
33 96 -9.63 -
33 97 -4.50 -
33 98 2.35 -
33 99 7.87 -
33 100 15.06 -
33 101 20.84 -
33 102 28.33 -
33 103 34.45 -
33 104 42.24 -
33 105 48.69 -
33 106 56.74 -
33 107 63.38 -
33 108 71.55 -
33 109 78.37 -
33 110 86.69 -
33 111 93.67 -
33 112 102.08 -
33 113 109.00 -
33 114 117.40 -
33 115 124.54 -
33 116 133.17 -
33 117 142.35 -
33 118 153.04 -
34 60 11.10 -
34 61 1.36 -
34 62 -10.98 -
34 63 -17.81 -
34 64 -27.26 -
34 65 -33.04 -
34 66 -41.43 -
34 67 -46.39 -
34 68 -53.71 -
34 69 -56.50 -
34 70 -61.70 -
34 71 -63.69 -
34 72 -68.06 -
34 73 -69.23 -
34 74 -72.80 -
34 75 -73.26 -
34 76 -76.03 -
34 77 -75.82 -
34 78 -77.85 -
34 79 -76.95 -
34 80 -78.16 -
34 81 -76.55 -
34 82 -77.26 -
34 83 -75.48 -
34 84 -76.07 -
34 85 -72.13 -
34 86 -70.36 -
34 87 -65.96 -
34 88 -63.49 -
34 89 -58.44 -
34 90 -55.58 -
34 91 -50.19 -
34 92 -46.97 -
34 93 -41.32 -
34 94 -37.96 -
34 95 -32.08 -
34 96 -28.12 -
34 97 -21.64 -
34 98 -17.20 -
34 99 -10.39 -
34 100 -5.54 -
34 101 1.55 -
34 102 6.67 -
34 103 14.08 -
34 104 19.57 -
34 105 27.27 -
34 106 33.09 -
34 107 41.06 -
34 108 47.11 -
34 109 55.24 -
34 110 61.54 -
34 111 69.82 -
34 112 76.24 -
34 113 84.43 -
34 114 90.66 -
34 115 98.96 -
34 116 105.41 -
34 117 113.85 -
34 118 122.47 -
34 119 133.12 -
34 120 142.05 -
34 121 152.92 -
34 122 161.94 -
34 123 172.90 -
34 124 182.11 -
34 125 193.22 -
35 61 23.45 -
35 62 12.77 -
35 63 0.13 -
35 64 -7.70 -
35 65 -17.52 -
35 66 -24.32 -
35 67 -32.95 -
35 68 -38.87 -
35 69 -46.51 -
35 70 -51.16 -
35 71 -57.14 -
35 72 -60.01 -
35 73 -64.53 -
35 74 -66.56 -
35 75 -70.26 -
35 76 -71.56 -
35 77 -74.47 -
35 78 -75.07 -
35 79 -77.30 -
35 80 -77.21 -
35 81 -78.71 -
35 82 -78.00 -
35 83 -78.86 -
35 84 -77.88 -
35 85 -78.67 -
35 86 -75.49 -
35 87 -73.90 -
35 88 -70.27 -
35 89 -67.95 -
35 90 -63.62 -
35 91 -60.84 -
35 92 -56.19 -
35 93 -53.07 -
35 94 -48.23 -
35 95 -44.94 -
35 96 -39.91 -
35 97 -36.22 -
35 98 -30.60 -
35 99 -26.32 -
35 100 -20.15 -
35 101 -15.43 -
35 102 -8.93 -
35 103 -3.88 -
35 104 2.88 -
35 105 8.29 -
35 106 15.38 -
35 107 21.13 -
35 108 28.49 -
35 109 34.46 -
35 110 42.00 -
35 111 48.16 -
35 112 55.82 -
35 113 62.12 -
35 114 69.83 -
35 115 76.08 -
35 116 83.80 -
35 117 90.22 -
35 118 98.13 -
35 119 106.64 -
35 120 116.66 -
35 121 125.39 -
35 122 135.59 -
35 123 144.57 -
35 124 155.02 -
35 125 164.20 -
35 126 174.78 -
36 64 9.07 -
36 65 0.96 -
36 66 -9.85 -
36 67 -16.94 -
36 68 -26.60 -
36 69 -32.76 -
36 70 -41.41 -
36 71 -46.83 -
36 72 -54.60 -
36 73 -57.80 -
36 74 -63.20 -
36 75 -65.34 -
36 76 -69.86 -
36 77 -71.28 -
36 78 -74.97 -
36 79 -75.70 -
36 80 -78.72 -
36 81 -78.88 -
36 82 -81.29 -
36 83 -80.83 -
36 84 -82.64 -
36 85 -81.82 -
36 86 -83.44 -
36 87 -80.40 -
36 88 -79.57 -
36 89 -76.08 -
36 90 -74.58 -
36 91 -70.32 -
36 92 -68.28 -
36 93 -63.60 -
36 94 -61.22 -
36 95 -56.53 -
36 96 -53.96 -
36 97 -49.05 -
36 98 -46.09 -
36 99 -40.74 -
36 100 -37.22 -
36 101 -31.29 -
36 102 -27.20 -
36 103 -20.80 -
36 104 -16.33 -
36 105 -9.60 -
36 106 -4.80 -
36 107 2.24 -
36 108 7.34 -
36 109 14.67 -
36 110 20.07 -
36 111 27.55 -
36 112 33.04 -
36 113 40.57 -
36 114 46.18 -
36 115 53.84 -
36 116 59.61 -
36 117 67.34 -
36 118 73.24 -
36 119 81.11 -
36 120 89.04 -
36 121 98.99 -
36 122 107.14 -
36 123 117.19 -
36 124 125.53 -
36 125 135.89 -
36 126 144.57 -
36 127 155.20 -
36 128 164.06 -
36 129 174.82 -
36 130 183.66 -
36 131 194.19 -
36 132 202.99 -
36 133 213.67 -
36 134 222.58 -
36 135 233.43 -
37 65 21.23 -
37 66 12.11 -
37 67 1.09 -
37 68 -6.87 -
37 69 -16.89 -
37 70 -24.01 -
37 71 -32.91 -
37 72 -39.31 -
37 73 -47.41 -
37 74 -52.34 -
37 75 -58.40 -
37 76 -61.39 -
37 77 -65.99 -
37 78 -68.16 -
37 79 -71.96 -
37 80 -73.41 -
37 81 -76.58 -
37 82 -77.59 -
37 83 -80.28 -
37 84 -80.68 -
37 85 -82.77 -
37 86 -82.91 -
37 87 -84.73 -
37 88 -82.43 -
37 89 -81.67 -
37 90 -78.89 -
37 91 -77.58 -
37 92 -74.18 -
37 93 -72.30 -
37 94 -68.12 -
37 95 -65.89 -
37 96 -61.99 -
37 97 -59.58 -
37 98 -55.38 -
37 99 -52.56 -
37 100 -47.88 -
37 101 -44.54 -
37 102 -39.42 -
37 103 -35.55 -
37 104 -29.84 -
37 105 -25.44 -
37 106 -19.34 -
37 107 -14.56 -
37 108 -8.11 -
37 109 -3.08 -
37 110 3.66 -
37 111 8.96 -
37 112 15.80 -
37 113 21.12 -
37 114 27.98 -
37 115 33.44 -
37 116 40.42 -
37 117 46.03 -
37 118 53.14 -
37 119 58.88 -
37 120 66.79 -
37 121 74.66 -
37 122 84.11 -
37 123 92.22 -
37 124 101.77 -
37 125 110.04 -
37 126 119.82 -
37 127 128.40 -
37 128 138.47 -
37 129 147.26 -
37 130 157.30 -
37 131 165.90 -
37 132 175.94 -
37 133 184.69 -
37 134 194.85 -
37 135 203.78 -
37 136 214.19 -
37 137 223.25 -
37 138 233.70 -
38 68 10.01 -
38 69 1.78 -
38 70 -9.22 -
38 71 -16.67 -
38 72 -26.54 -
38 73 -33.13 -
38 74 -42.16 -
38 75 -47.74 -
38 76 -55.51 -
38 77 -58.83 -
38 78 -64.32 -
38 79 -66.54 -
38 80 -71.11 -
38 81 -72.60 -
38 82 -76.63 -
38 83 -77.79 -
38 84 -81.28 -
38 85 -81.92 -
38 86 -84.91 -
38 87 -85.37 -
38 88 -88.15 -
38 89 -85.92 -
38 90 -85.84 -
38 91 -83.10 -
38 92 -82.57 -
38 93 -79.42 -
38 94 -78.37 -
38 95 -74.25 -
38 96 -72.67 -
38 97 -68.86 -
38 98 -67.19 -
38 99 -63.07 -
38 100 -61.04 -
38 101 -56.50 -
38 102 -53.94 -
38 103 -48.85 -
38 104 -45.66 -
38 105 -40.11 -
38 106 -36.42 -
38 107 -30.36 -
38 108 -26.18 -
38 109 -19.81 -
38 110 -15.33 -
38 111 -8.65 -
38 112 -3.99 -
38 113 2.69 -
38 114 7.36 -
38 115 14.13 -
38 116 18.98 -
38 117 25.88 -
38 118 30.83 -
38 119 37.71 -
38 120 42.76 -
38 121 51.15 -
38 122 58.48 -
38 123 67.92 -
38 124 75.55 -
38 125 85.09 -
38 126 92.85 -
38 127 102.58 -
38 128 110.62 -
38 129 120.62 -
38 130 128.61 -
38 131 138.39 -
38 132 146.47 -
38 133 156.42 -
38 134 164.64 -
38 135 174.77 -
38 136 183.21 -
38 137 193.50 -
38 138 202.12 -
38 139 212.63 -
38 140 221.41 -
38 141 232.10 -
38 142 241.13 -
39 69 22.13 -
39 70 12.89 -
39 71 1.65 -
39 72 -6.76 -
39 73 -16.90 -
39 74 -24.29 -
39 75 -33.46 -
39 76 -39.97 -
39 77 -48.03 -
39 78 -53.12 -
39 79 -59.17 -
39 80 -62.24 -
39 81 -66.91 -
39 82 -69.15 -
39 83 -73.25 -
39 84 -75.22 -
39 85 -78.84 -
39 86 -80.22 -
39 87 -83.54 -
39 88 -84.75 -
39 89 -87.64 -
39 90 -86.19 -
39 91 -86.31 -
39 92 -84.35 -
39 93 -83.92 -
39 94 -81.45 -
39 95 -80.51 -
39 96 -77.16 -
39 97 -75.96 -
39 98 -72.82 -
39 99 -71.27 -
39 100 -67.80 -
39 101 -65.86 -
39 102 -62.05 -
39 103 -59.68 -
39 104 -55.36 -
39 105 -52.35 -
39 106 -47.47 -
39 107 -43.92 -
39 108 -38.51 -
39 109 -34.39 -
39 110 -28.61 -
39 111 -24.21 -
39 112 -18.18 -
39 113 -13.60 -
39 114 -7.56 -
39 115 -2.92 -
39 116 3.28 -
39 117 8.08 -
39 118 14.36 -
39 119 19.16 -
39 120 25.50 -
39 121 30.46 -
39 122 38.62 -
39 123 45.87 -
39 124 54.71 -
39 125 62.19 -
39 126 71.19 -
39 127 78.87 -
39 128 88.13 -
39 129 96.12 -
39 130 105.41 -
39 131 113.22 -
39 132 122.35 -
39 133 130.27 -
39 134 139.68 -
39 135 147.86 -
39 136 157.44 -
39 137 165.79 -
39 138 175.56 -
39 139 184.13 -
39 140 194.15 -
39 141 202.91 -
39 142 213.20 -
39 143 222.18 -
39 144 232.56 -
39 145 241.71 -
39 146 252.40 -
40 72 10.35 -
40 73 1.76 -
40 74 -9.31 -
40 75 -16.89 -
40 76 -26.84 -
40 77 -33.45 -
40 78 -42.47 -
40 79 -48.09 -
40 80 -55.99 -
40 81 -59.30 -
40 82 -64.80 -
40 83 -67.15 -
40 84 -72.00 -
40 85 -74.10 -
40 86 -78.50 -
40 87 -80.00 -
40 88 -84.04 -
40 89 -85.36 -
40 90 -89.09 -
40 91 -87.73 -
40 92 -88.66 -
40 93 -86.85 -
40 94 -87.11 -
40 95 -84.75 -
40 96 -84.58 -
40 97 -81.71 -
40 98 -81.20 -
40 99 -78.15 -
40 100 -77.27 -
40 101 -73.91 -
40 102 -72.66 -
40 103 -68.98 -
40 104 -67.32 -
40 105 -63.10 -
40 106 -60.92 -
40 107 -56.26 -
40 108 -53.38 -
40 109 -48.00 -
40 110 -44.57 -
40 111 -38.78 -
40 112 -35.08 -
40 113 -29.11 -
40 114 -25.19 -
40 115 -19.15 -
40 116 -15.06 -
40 117 -8.89 -
40 118 -4.66 -
40 119 1.56 -
40 120 5.82 -
40 121 12.10 -
40 122 16.48 -
40 123 24.87 -
40 124 31.53 -
40 125 40.24 -
40 126 47.04 -
40 127 55.98 -
40 128 63.12 -
40 129 72.36 -
40 130 79.70 -
40 131 88.82 -
40 132 96.07 -
40 133 105.26 -
40 134 112.66 -
40 135 121.92 -
40 136 129.48 -
40 137 138.98 -
40 138 146.81 -
40 139 156.57 -
40 140 164.53 -
40 141 174.44 -
40 142 182.70 -
40 143 192.96 -
40 144 201.48 -
40 145 211.78 -
40 146 220.59 -
40 147 231.21 -
40 148 240.23 -
40 149 251.04 -
41 73 22.27 -
41 74 12.77 -
41 75 1.60 -
41 76 -6.90 -
41 77 -17.01 -
41 78 -24.38 -
41 79 -33.48 -
41 80 -39.99 -
41 81 -48.12 -
41 82 -53.16 -
41 83 -59.22 -
41 84 -62.41 -
41 85 -67.38 -
41 86 -70.32 -
41 87 -74.83 -
41 88 -77.05 -
41 89 -81.14 -
41 90 -83.12 -
41 91 -86.85 -
41 92 -86.40 -
41 93 -87.57 -
41 94 -86.54 -
41 95 -86.96 -
41 96 -85.37 -
41 97 -85.39 -
41 98 -83.41 -
41 99 -83.00 -
41 100 -80.64 -
41 101 -79.83 -
41 102 -77.12 -
41 103 -75.93 -
41 104 -72.91 -
41 105 -71.37 -
41 106 -67.93 -
41 107 -65.94 -
41 108 -62.16 -
41 109 -59.42 -
41 110 -54.75 -
41 111 -51.42 -
41 112 -46.25 -
41 113 -42.62 -
41 114 -37.26 -
41 115 -33.43 -
41 116 -27.94 -
41 117 -23.89 -
41 118 -18.32 -
41 119 -14.14 -
41 120 -8.48 -
41 121 -4.22 -
41 122 1.50 -
41 123 5.83 -
41 124 13.74 -
41 125 20.31 -
41 126 28.38 -
41 127 35.11 -
41 128 43.46 -
41 129 50.49 -
41 130 59.21 -
41 131 66.32 -
41 132 74.96 -
41 133 82.20 -
41 134 90.92 -
41 135 98.31 -
41 136 107.04 -
41 137 114.55 -
41 138 123.50 -
41 139 131.17 -
41 140 140.32 -
41 141 148.24 -
41 142 157.68 -
41 143 165.84 -
41 144 175.40 -
41 145 183.89 -
41 146 193.87 -
41 147 202.50 -
41 148 212.63 -
41 149 221.69 -
41 150 232.06 -
41 151 241.28 -
41 152 251.82 -
42 76 10.39 -
42 77 1.79 -
42 78 -9.19 -
42 79 -16.68 -
42 80 -26.54 -
42 81 -33.18 -
42 82 -42.15 -
42 83 -47.78 -
42 84 -55.61 -
42 85 -59.08 -
42 86 -64.89 -
42 87 -67.98 -
42 88 -73.26 -
42 89 -75.57 -
42 90 -80.32 -
42 91 -82.35 -
42 92 -86.79 -
42 93 -86.46 -
42 94 -88.51 -
42 95 -87.66 -
42 96 -88.92 -
42 97 -87.62 -
42 98 -88.37 -
42 99 -86.48 -
42 100 -86.76 -
42 101 -84.47 -
42 102 -84.32 -
42 103 -81.65 -
42 104 -81.12 -
42 105 -78.13 -
42 106 -77.28 -
42 107 -73.96 -
42 108 -72.63 -
42 109 -68.96 -
42 110 -67.13 -
42 111 -62.87 -
42 112 -60.22 -
42 113 -55.13 -
42 114 -52.12 -
42 115 -46.82 -
42 116 -43.59 -
42 117 -38.13 -
42 118 -34.71 -
42 119 -29.14 -
42 120 -25.52 -
42 121 -19.90 -
42 122 -16.18 -
42 123 -10.50 -
42 124 -6.76 -
42 125 1.18 -
42 126 7.20 -
42 127 15.17 -
42 128 21.34 -
42 129 29.59 -
42 130 36.10 -
42 131 44.64 -
42 132 51.23 -
42 133 59.86 -
42 134 66.61 -
42 135 75.32 -
42 136 82.19 -
42 137 90.98 -
42 138 97.99 -
42 139 106.87 -
42 140 114.06 -
42 141 123.17 -
42 142 130.53 -
42 143 139.85 -
42 144 147.47 -
42 145 157.07 -
42 146 164.91 -
42 147 174.74 -
42 148 182.75 -
42 149 192.82 -
42 150 201.41 -
42 151 211.82 -
42 152 220.53 -
42 153 231.14 -
42 154 239.98 -
42 155 250.67 -
42 156 259.58 -
43 78 12.93 -
43 79 1.83 -
43 80 -6.45 -
43 81 -16.39 -
43 82 -23.77 -
43 83 -32.87 -
43 84 -39.36 -
43 85 -47.47 -
43 86 -52.80 -
43 87 -59.23 -
43 88 -63.03 -
43 89 -68.41 -
43 90 -71.44 -
43 91 -76.24 -
43 92 -78.93 -
43 93 -83.51 -
43 94 -83.92 -
43 95 -86.11 -
43 96 -86.08 -
43 97 -87.58 -
43 98 -86.97 -
43 99 -87.94 -
43 100 -86.80 -
43 101 -87.17 -
43 102 -85.52 -
43 103 -85.45 -
43 104 -83.45 -
43 105 -82.86 -
43 106 -80.53 -
43 107 -79.75 -
43 108 -77.08 -
43 109 -75.89 -
43 110 -72.81 -
43 111 -71.09 -
43 112 -67.59 -
43 113 -65.51 -
43 114 -61.35 -
43 115 -58.40 -
43 116 -53.71 -
43 117 -50.51 -
43 118 -45.58 -
43 119 -42.26 -
43 120 -37.24 -
43 121 -33.67 -
43 122 -28.62 -
43 123 -24.97 -
43 124 -19.87 -
43 125 -16.22 -
43 126 -8.82 -
43 127 -2.84 -
43 128 4.58 -
43 129 10.71 -
43 130 18.34 -
43 131 24.83 -
43 132 32.80 -
43 133 39.38 -
43 134 47.52 -
43 135 54.24 -
43 136 62.46 -
43 137 69.32 -
43 138 77.64 -
43 139 84.60 -
43 140 93.02 -
43 141 100.17 -
43 142 108.81 -
43 143 116.08 -
43 144 124.89 -
43 145 132.43 -
43 146 141.47 -
43 147 149.31 -
43 148 158.57 -
43 149 166.59 -
43 150 176.09 -
43 151 184.37 -
43 152 194.10 -
43 153 202.79 -
43 154 213.00 -
43 155 221.82 -
43 156 232.07 -
43 157 241.01 -
43 158 251.29 -
43 159 260.41 -
43 160 270.83 -
44 80 10.84 -
44 81 2.44 -
44 82 -8.28 -
44 83 -15.76 -
44 84 -25.68 -
44 85 -32.28 -
44 86 -41.33 -
44 87 -47.30 -
44 88 -55.55 -
44 89 -59.51 -
44 90 -65.65 -
44 91 -68.76 -
44 92 -74.26 -
44 93 -77.03 -
44 94 -82.37 -
44 95 -82.91 -
44 96 -85.84 -
44 97 -85.93 -
44 98 -88.20 -
44 99 -87.73 -
44 100 -89.41 -
44 101 -88.36 -
44 102 -89.53 -
44 103 -87.96 -
44 104 -88.53 -
44 105 -86.51 -
44 106 -86.58 -
44 107 -84.21 -
44 108 -84.12 -
44 109 -81.53 -
44 110 -80.94 -
44 111 -77.93 -
44 112 -76.92 -
44 113 -73.52 -
44 114 -72.10 -
44 115 -68.23 -
44 116 -66.47 -
44 117 -62.01 -
44 118 -59.36 -
44 119 -54.46 -
44 120 -51.75 -
44 121 -46.74 -
44 122 -43.77 -
44 123 -38.74 -
44 124 -35.68 -
44 125 -30.67 -
44 126 -27.64 -
44 127 -20.25 -
44 128 -14.78 -
44 129 -7.35 -
44 130 -1.70 -
44 131 5.95 -
44 132 11.92 -
44 133 19.78 -
44 134 25.86 -
44 135 33.91 -
44 136 40.17 -
44 137 48.50 -
44 138 54.84 -
44 139 63.14 -
44 140 69.58 -
44 141 77.99 -
44 142 84.63 -
44 143 93.21 -
44 144 100.04 -
44 145 108.84 -
44 146 115.90 -
44 147 124.89 -
44 148 132.22 -
44 149 141.46 -
44 150 148.99 -
44 151 158.39 -
44 152 166.25 -
44 153 175.83 -
44 154 183.92 -
44 155 193.71 -
44 156 202.02 -
44 157 212.24 -
44 158 220.82 -
44 159 231.12 -
44 160 239.83 -
44 161 250.21 -
44 162 258.87 -
44 163 269.18 -
45 82 13.62 -
45 83 2.64 -
45 84 -5.67 -
45 85 -15.68 -
45 86 -23.14 -
45 87 -32.32 -
45 88 -39.02 -
45 89 -47.44 -
45 90 -53.10 -
45 91 -59.69 -
45 92 -63.53 -
45 93 -69.08 -
45 94 -72.60 -
45 95 -78.08 -
45 96 -79.34 -
45 97 -82.40 -
45 98 -83.21 -
45 99 -85.59 -
45 100 -85.72 -
45 101 -87.49 -
45 102 -87.23 -
45 103 -88.43 -
45 104 -87.54 -
45 105 -88.15 -
45 106 -86.78 -
45 107 -86.97 -
45 108 -85.15 -
45 109 -85.07 -
45 110 -83.13 -
45 111 -82.62 -
45 112 -80.28 -
45 113 -79.38 -
45 114 -76.60 -
45 115 -75.27 -
45 116 -72.11 -
45 117 -70.53 -
45 118 -67.17 -
45 119 -64.98 -
45 120 -60.69 -
45 121 -58.05 -
45 122 -53.59 -
45 123 -50.73 -
45 124 -46.22 -
45 125 -43.26 -
45 126 -38.85 -
45 127 -35.91 -
45 128 -29.07 -
45 129 -23.66 -
45 130 -16.73 -
45 131 -11.10 -
45 132 -3.93 -
45 133 1.96 -
45 134 9.35 -
45 135 15.51 -
45 136 23.02 -
45 137 29.33 -
45 138 37.01 -
45 139 43.60 -
45 140 51.40 -
45 141 57.76 -
45 142 65.65 -
45 143 72.23 -
45 144 80.33 -
45 145 87.10 -
45 146 95.41 -
45 147 102.45 -
45 148 110.97 -
45 149 118.32 -
45 150 127.02 -
45 151 134.50 -
45 152 143.46 -
45 153 151.19 -
45 154 160.36 -
45 155 168.33 -
45 156 177.69 -
45 157 185.85 -
45 158 195.33 -
45 159 203.61 -
45 160 213.40 -
45 161 222.15 -
45 162 232.04 -
45 163 240.70 -
45 164 250.67 -
45 165 259.24 -
45 166 268.99 -
45 167 277.59 -
46 84 11.52 -
46 85 3.05 -
46 86 -7.76 -
46 87 -15.35 -
46 88 -25.30 -
46 89 -32.11 -
46 90 -41.26 -
46 91 -47.36 -
46 92 -55.74 -
46 93 -59.73 -
46 94 -66.00 -
46 95 -69.64 -
46 96 -75.90 -
46 97 -77.27 -
46 98 -81.05 -
46 99 -81.98 -
46 100 -84.99 -
46 101 -85.19 -
46 102 -87.63 -
46 103 -87.37 -
46 104 -89.24 -
46 105 -88.46 -
46 106 -89.76 -
46 107 -88.44 -
46 108 -89.28 -
46 109 -87.59 -
46 110 -88.00 -
46 111 -86.10 -
46 112 -86.23 -
46 113 -83.97 -
46 114 -83.67 -
46 115 -80.94 -
46 116 -80.25 -
46 117 -77.25 -
46 118 -76.29 -
46 119 -73.03 -
46 120 -71.71 -
46 121 -68.20 -
46 122 -66.31 -
46 123 -61.96 -
46 124 -59.61 -
46 125 -55.15 -
46 126 -52.77 -
46 127 -48.44 -
46 128 -46.11 -
46 129 -39.31 -
46 130 -34.45 -
46 131 -27.53 -
46 132 -22.41 -
46 133 -15.21 -
46 134 -9.77 -
46 135 -2.42 -
46 136 3.27 -
46 137 10.84 -
46 138 16.71 -
46 139 24.49 -
46 140 30.49 -
46 141 38.40 -
46 142 44.28 -
46 143 52.14 -
46 144 58.20 -
46 145 66.23 -
46 146 72.50 -
46 147 80.76 -
46 148 87.30 -
46 149 95.80 -
46 150 102.63 -
46 151 111.37 -
46 152 118.42 -
46 153 127.39 -
46 154 134.58 -
46 155 143.76 -
46 156 151.21 -
46 157 160.61 -
46 158 168.24 -
46 159 177.76 -
46 160 185.46 -
46 161 195.06 -
46 162 202.86 -
46 163 212.62 -
46 164 220.81 -
46 165 230.74 -
46 166 238.99 -
46 167 248.78 -
46 168 256.96 -
46 169 266.78 -
46 170 275.07 -
47 86 14.09 -
47 87 3.13 -
47 88 -5.22 -
47 89 -15.24 -
47 90 -22.74 -
47 91 -31.94 -
47 92 -38.75 -
47 93 -47.27 -
47 94 -53.10 -
47 95 -59.82 -
47 96 -64.21 -
47 97 -70.58 -
47 98 -72.69 -
47 99 -76.54 -
47 100 -78.17 -
47 101 -81.28 -
47 102 -82.12 -
47 103 -84.55 -
47 104 -84.86 -
47 105 -86.75 -
47 106 -86.60 -
47 107 -88.04 -
47 108 -87.47 -
47 109 -88.39 -
47 110 -87.35 -
47 111 -87.85 -
47 112 -86.45 -
47 113 -86.58 -
47 114 -84.90 -
47 115 -84.67 -
47 116 -82.58 -
47 117 -82.00 -
47 118 -79.61 -
47 119 -78.75 -
47 120 -76.06 -
47 121 -74.94 -
47 122 -72.19 -
47 123 -70.82 -
47 124 -67.71 -
47 125 -65.44 -
47 126 -61.53 -
47 127 -59.21 -
47 128 -55.45 -
47 129 -53.20 -
47 130 -46.97 -
47 131 -42.17 -
47 132 -35.77 -
47 133 -30.69 -
47 134 -23.94 -
47 135 -18.50 -
47 136 -11.54 -
47 137 -5.87 -
47 138 1.27 -
47 139 7.13 -
47 140 14.55 -
47 141 20.62 -
47 142 28.10 -
47 143 33.94 -
47 144 41.31 -
47 145 47.31 -
47 146 54.85 -
47 147 61.09 -
47 148 68.80 -
47 149 75.28 -
47 150 83.40 -
47 151 90.05 -
47 152 98.31 -
47 153 105.35 -
47 154 113.85 -
47 155 121.02 -
47 156 129.73 -
47 157 137.17 -
47 158 146.09 -
47 159 153.69 -
47 160 162.74 -
47 161 170.40 -
47 162 179.38 -
47 163 187.11 -
47 164 196.23 -
47 165 204.06 -
47 166 213.29 -
47 167 221.51 -
47 168 230.98 -
47 169 239.13 -
47 170 248.52 -
47 171 256.79 -
47 172 266.44 -
47 173 275.00 -
47 174 284.77 -
48 89 3.36 -
48 90 -7.33 -
48 91 -14.87 -
48 92 -24.76 -
48 93 -31.62 -
48 94 -40.82 -
48 95 -47.09 -
48 96 -55.70 -
48 97 -60.24 -
48 98 -67.36 -
48 99 -69.56 -
48 100 -74.09 -
48 101 -75.75 -
48 102 -79.58 -
48 103 -80.47 -
48 104 -83.51 -
48 105 -83.89 -
48 106 -86.45 -
48 107 -86.38 -
48 108 -88.49 -
48 109 -88.03 -
48 110 -89.66 -
48 111 -88.70 -
48 112 -89.78 -
48 113 -88.41 -
48 114 -89.17 -
48 115 -87.48 -
48 116 -87.88 -
48 117 -85.89 -
48 118 -85.97 -
48 119 -83.66 -
48 120 -83.41 -
48 121 -80.89 -
48 122 -80.37 -
48 123 -77.57 -
48 124 -76.79 -
48 125 -73.80 -
48 126 -72.79 -
48 127 -69.35 -
48 128 -67.59 -
48 129 -63.90 -
48 130 -62.24 -
48 131 -56.04 -
48 132 -51.78 -
48 133 -45.36 -
48 134 -40.85 -
48 135 -34.10 -
48 136 -29.17 -
48 137 -22.10 -
48 138 -16.87 -
48 139 -9.65 -
48 140 -4.25 -
48 141 3.19 -
48 142 8.81 -
48 143 16.42 -
48 144 21.86 -
48 145 29.18 -
48 146 34.71 -
48 147 42.22 -
48 148 47.97 -
48 149 55.65 -
48 150 61.63 -
48 151 69.67 -
48 152 75.88 -
48 153 84.02 -
48 154 90.60 -
48 155 99.06 -
48 156 105.78 -
48 157 114.48 -
48 158 121.48 -
48 159 130.38 -
48 160 137.52 -
48 161 146.53 -
48 162 153.75 -
48 163 162.43 -
48 164 169.59 -
48 165 178.69 -
48 166 186.15 -
48 167 195.39 -
48 168 202.85 -
48 169 211.84 -
48 170 219.56 -
48 171 228.97 -
48 172 236.79 -
48 173 246.43 -
48 174 254.57 -
48 175 264.32 -
49 91 3.50 -
49 92 -4.69 -
49 93 -14.67 -
49 94 -22.25 -
49 95 -31.58 -
49 96 -38.59 -
49 97 -47.35 -
49 98 -53.52 -
49 99 -61.08 -
49 100 -63.96 -
49 101 -68.43 -
49 102 -70.70 -
49 103 -74.62 -
49 104 -76.38 -
49 105 -79.61 -
49 106 -80.62 -
49 107 -83.22 -
49 108 -83.77 -
49 109 -85.91 -
49 110 -86.07 -
49 111 -87.85 -
49 112 -87.65 -
49 113 -88.95 -
49 114 -88.24 -
49 115 -89.07 -
49 116 -88.00 -
49 117 -88.48 -
49 118 -87.07 -
49 119 -87.19 -
49 120 -85.51 -
49 121 -85.33 -
49 122 -83.37 -
49 123 -82.93 -
49 124 -80.73 -
49 125 -80.03 -
49 126 -77.61 -
49 127 -76.66 -
49 128 -74.01 -
49 129 -72.83 -
49 130 -69.80 -
49 131 -68.23 -
49 132 -62.56 -
49 133 -58.33 -
49 134 -52.34 -
49 135 -47.80 -
49 136 -41.60 -
49 137 -36.78 -
49 138 -30.23 -
49 139 -25.04 -
49 140 -18.23 -
49 141 -12.81 -
49 142 -5.81 -
49 143 -0.23 -
49 144 6.92 -
49 145 12.74 -
49 146 19.67 -
49 147 25.16 -
49 148 32.19 -
49 149 37.91 -
49 150 45.14 -
49 151 51.06 -
49 152 58.56 -
49 153 64.77 -
49 154 72.43 -
49 155 78.92 -
49 156 86.79 -
49 157 93.53 -
49 158 101.76 -
49 159 108.76 -
49 160 117.20 -
49 161 124.35 -
49 162 132.90 -
49 163 140.15 -
49 164 148.44 -
49 165 155.41 -
49 166 163.77 -
49 167 170.75 -
49 168 179.25 -
49 169 186.54 -
49 170 195.09 -
49 171 202.80 -
49 172 211.83 -
49 173 219.58 -
49 174 228.79 -
49 175 236.90 -
49 176 246.24 -
50 93 3.91 -
50 94 -6.84 -
50 95 -14.56 -
50 96 -24.67 -
50 97 -31.79 -
50 98 -41.29 -
50 99 -47.90 -
50 100 -56.83 -
50 101 -59.70 -
50 102 -64.83 -
50 103 -67.21 -
50 104 -71.82 -
50 105 -73.73 -
50 106 -77.84 -
50 107 -78.85 -
50 108 -82.09 -
50 109 -82.72 -
50 110 -85.58 -
50 111 -85.86 -
50 112 -88.33 -
50 113 -88.29 -
50 114 -90.37 -
50 115 -89.80 -
50 116 -91.21 -
50 117 -90.13 -
50 118 -91.20 -
50 119 -89.91 -
50 120 -90.70 -
50 121 -89.10 -
50 122 -89.57 -
50 123 -87.68 -
50 124 -87.83 -
50 125 -85.70 -
50 126 -85.62 -
50 127 -83.28 -
50 128 -82.95 -
50 129 -80.39 -
50 130 -79.80 -
50 131 -76.98 -
50 132 -76.14 -
50 133 -70.47 -
50 134 -66.68 -
50 135 -60.73 -
50 136 -56.70 -
50 137 -50.53 -
50 138 -46.27 -
50 139 -39.90 -
50 140 -35.36 -
50 141 -28.49 -
50 142 -23.48 -
50 143 -16.44 -
50 144 -11.30 -
50 145 -4.19 -
50 146 1.02 -
50 147 8.20 -
50 148 13.58 -
50 149 20.91 -
50 150 26.23 -
50 151 33.29 -
50 152 38.75 -
50 153 46.27 -
50 154 51.95 -
50 155 59.60 -
50 156 65.60 -
50 157 73.45 -
50 158 79.69 -
50 159 87.79 -
50 160 94.31 -
50 161 102.76 -
50 162 109.39 -
50 163 117.53 -
50 164 123.94 -
50 165 132.18 -
50 166 138.66 -
50 167 146.96 -
50 168 153.58 -
50 169 162.02 -
50 170 168.64 -
50 171 177.04 -
50 172 184.37 -
50 173 193.50 -
50 174 200.93 -
50 175 210.10 -
50 176 217.59 -
50 177 226.86 -
50 178 236.43 -
51 95 5.85 -
51 96 -2.62 -
51 97 -12.85 -
51 98 -20.71 -
51 99 -30.31 -
51 100 -37.59 -
51 101 -46.47 -
51 102 -50.63 -
51 103 -56.17 -
51 104 -59.20 -
51 105 -63.91 -
51 106 -66.43 -
51 107 -70.49 -
51 108 -72.41 -
51 109 -75.77 -
51 110 -77.08 -
51 111 -80.03 -
51 112 -80.99 -
51 113 -83.57 -
51 114 -84.12 -
51 115 -86.21 -
51 116 -86.32 -
51 117 -87.92 -
51 118 -87.53 -
51 119 -88.67 -
51 120 -87.96 -
51 121 -88.83 -
51 122 -87.87 -
51 123 -88.44 -
51 124 -87.19 -
51 125 -87.46 -
51 126 -85.93 -
51 127 -85.92 -
51 128 -84.17 -
51 129 -83.91 -
51 130 -81.90 -
51 131 -81.40 -
51 132 -79.09 -
51 133 -78.22 -
51 134 -73.24 -
51 135 -69.68 -
51 136 -64.31 -
51 137 -60.34 -
51 138 -54.71 -
51 139 -50.50 -
51 140 -44.58 -
51 141 -40.07 -
51 142 -33.96 -
51 143 -29.18 -
51 144 -22.71 -
51 145 -17.65 -
51 146 -11.08 -
51 147 -5.90 -
51 148 0.48 -
51 149 5.50 -
51 150 12.06 -
51 151 17.34 -
51 152 23.97 -
51 153 29.48 -
51 154 36.45 -
51 155 42.11 -
51 156 49.37 -
51 157 55.25 -
51 158 62.70 -
51 159 68.85 -
51 160 76.52 -
51 161 82.97 -
51 162 90.84 -
51 163 97.49 -
51 164 105.58 -
51 165 111.98 -
51 166 119.77 -
51 167 126.26 -
51 168 134.18 -
51 169 140.71 -
51 170 148.78 -
51 171 155.47 -
51 172 163.51 -
51 173 170.74 -
51 174 179.26 -
51 175 186.62 -
51 176 195.49 -
51 177 203.04 -
51 178 211.93 -
51 179 221.46 -
52 100 -21.38 -
52 101 -28.60 -
52 102 -38.15 -
52 103 -42.69 -
52 104 -49.65 -
52 105 -52.74 -
52 106 -58.06 -
52 107 -60.61 -
52 108 -65.37 -
52 109 -67.43 -
52 110 -71.66 -
52 111 -73.15 -
52 112 -76.74 -
52 113 -77.74 -
52 114 -80.90 -
52 115 -81.50 -
52 116 -84.25 -
52 117 -84.47 -
52 118 -86.82 -
52 119 -86.64 -
52 120 -88.49 -
52 121 -87.86 -
52 122 -89.31 -
52 123 -88.40 -
52 124 -89.60 -
52 125 -88.43 -
52 126 -89.29 -
52 127 -87.82 -
52 128 -88.38 -
52 129 -86.62 -
52 130 -86.91 -
52 131 -84.93 -
52 132 -84.86 -
52 133 -82.55 -
52 134 -82.25 -
52 135 -77.34 -
52 136 -74.41 -
52 137 -69.36 -
52 138 -66.02 -
52 139 -60.44 -
52 140 -56.76 -
52 141 -50.98 -
52 142 -47.08 -
52 143 -41.06 -
52 144 -36.93 -
52 145 -30.72 -
52 146 -26.33 -
52 147 -19.84 -
52 148 -15.46 -
52 149 -9.14 -
52 150 -4.62 -
52 151 1.98 -
52 152 6.72 -
52 153 13.42 -
52 154 18.40 -
52 155 25.36 -
52 156 30.57 -
52 157 37.80 -
52 158 43.24 -
52 159 50.68 -
52 160 56.36 -
52 161 64.04 -
52 162 70.01 -
52 163 77.90 -
52 164 84.02 -
52 165 91.96 -
52 166 98.10 -
52 167 105.92 -
52 168 112.04 -
52 169 119.98 -
52 170 126.25 -
52 171 134.30 -
52 172 140.66 -
52 173 148.70 -
52 174 155.47 -
52 175 163.96 -
52 176 170.87 -
52 177 179.64 -
52 178 186.85 -
52 179 195.73 -
52 180 204.83 -
52 181 215.75 -
52 182 224.82 -
52 183 235.48 -
52 184 244.47 -
52 185 255.33 -
52 188 284.85 -
52 189 295.93 -
52 190 305.08 -
52 191 315.91 -
53 101 -9.42 -
53 102 -17.24 -
53 103 -26.89 -
53 104 -32.10 -
53 105 -39.11 -
53 106 -43.55 -
53 107 -49.30 -
53 108 -52.54 -
53 109 -57.43 -
53 110 -60.16 -
53 111 -64.50 -
53 112 -66.72 -
53 113 -70.51 -
53 114 -72.14 -
53 115 -75.39 -
53 116 -76.64 -
53 117 -79.50 -
53 118 -80.38 -
53 119 -82.86 -
53 120 -83.38 -
53 121 -85.45 -
53 122 -85.53 -
53 123 -87.15 -
53 124 -86.81 -
53 125 -87.99 -
53 126 -87.34 -
53 127 -88.20 -
53 128 -87.23 -
53 129 -87.91 -
53 130 -86.69 -
53 131 -86.91 -
53 132 -85.37 -
53 133 -85.30 -
53 134 -83.53 -
53 135 -83.32 -
53 136 -78.98 -
53 137 -76.13 -
53 138 -71.65 -
53 139 -68.61 -
53 140 -63.96 -
53 141 -60.47 -
53 142 -55.26 -
53 143 -51.44 -
53 144 -45.99 -
53 145 -41.94 -
53 146 -36.27 -
53 147 -32.06 -
53 148 -26.44 -
53 149 -22.13 -
53 150 -16.32 -
53 151 -11.80 -
53 152 -5.74 -
53 153 -1.01 -
53 154 5.21 -
53 155 10.19 -
53 156 16.68 -
53 157 21.91 -
53 158 28.62 -
53 159 34.04 -
53 160 41.04 -
53 161 46.72 -
53 162 53.94 -
53 163 59.90 -
53 164 67.34 -
53 165 73.34 -
53 166 80.65 -
53 167 86.65 -
53 168 94.04 -
53 169 100.18 -
53 170 107.74 -
53 171 114.06 -
53 172 121.79 -
53 173 128.26 -
53 174 136.15 -
53 175 142.85 -
53 176 150.95 -
53 177 157.90 -
53 178 166.20 -
53 179 173.39 -
53 180 181.84 -
53 181 190.91 -
53 182 201.41 -
53 183 210.46 -
53 184 220.71 -
53 185 229.72 -
53 186 240.03 -
53 187 248.95 -
53 188 259.33 -
53 189 268.39 -
53 190 279.01 -
53 191 288.21 -
53 192 298.68 -
54 104 -17.61 -
54 105 -22.92 -
54 106 -30.55 -
54 107 -35.40 -
54 108 -42.60 -
54 109 -46.05 -
54 110 -51.62 -
54 111 -54.44 -
54 112 -59.46 -
54 113 -61.79 -
54 114 -66.30 -
54 115 -68.15 -
54 116 -72.07 -
54 117 -73.56 -
54 118 -77.13 -
54 119 -78.10 -
54 120 -81.12 -
54 121 -81.75 -
54 122 -84.43 -
54 123 -84.63 -
54 124 -86.86 -
54 125 -86.57 -
54 126 -88.32 -
54 127 -87.69 -
54 128 -89.11 -
54 129 -88.20 -
54 130 -89.31 -
54 131 -88.02 -
54 132 -88.78 -
54 133 -87.24 -
54 134 -87.67 -
54 135 -85.95 -
54 136 -86.30 -
54 137 -82.05 -
54 138 -79.78 -
54 139 -75.36 -
54 140 -72.91 -
54 141 -68.32 -
54 142 -65.83 -
54 143 -61.01 -
54 144 -57.78 -
54 145 -52.48 -
54 146 -49.01 -
54 147 -43.59 -
54 148 -39.94 -
54 149 -34.38 -
54 150 -30.57 -
54 151 -24.81 -
54 152 -20.76 -
54 153 -14.72 -
54 154 -10.45 -
54 155 -4.17 -
54 156 0.24 -
54 157 6.72 -
54 158 11.43 -
54 159 18.17 -
54 160 23.14 -
54 161 30.10 -
54 162 35.33 -
54 163 42.59 -
54 164 48.09 -
54 165 55.41 -
54 166 60.77 -
54 167 68.07 -
54 168 73.64 -
54 169 81.05 -
54 170 86.80 -
54 171 94.35 -
54 172 100.18 -
54 173 107.96 -
54 174 114.08 -
54 175 122.00 -
54 176 128.23 -
54 177 136.41 -
54 178 143.00 -
54 179 151.43 -
54 180 158.21 -
54 181 166.64 -
54 182 175.28 -
54 183 185.75 -
54 184 194.40 -
54 185 204.70 -
54 186 213.35 -
54 187 223.63 -
54 188 232.19 -
54 189 242.53 -
54 190 251.02 -
54 191 261.06 -
54 192 269.91 -
54 193 280.34 -
54 194 289.21 -
54 195 299.67 -
54 196 308.76 -
54 197 319.33 -
54 198 328.29 -
55 105 -5.46 -
55 106 -11.39 -
55 107 -19.07 -
55 108 -24.60 -
55 109 -32.00 -
55 110 -36.83 -
55 111 -42.91 -
55 112 -46.41 -
55 113 -51.54 -
55 114 -54.56 -
55 115 -59.23 -
55 116 -61.90 -
55 117 -66.12 -
55 118 -68.25 -
55 119 -71.89 -
55 120 -73.47 -
55 121 -76.54 -
55 122 -77.62 -
55 123 -80.36 -
55 124 -81.16 -
55 125 -83.49 -
55 126 -83.89 -
55 127 -85.69 -
55 128 -85.65 -
55 129 -87.06 -
55 130 -86.60 -
55 131 -87.60 -
55 132 -86.90 -
55 133 -87.64 -
55 134 -86.61 -
55 135 -87.06 -
55 136 -85.92 -
55 137 -86.37 -
55 138 -82.67 -
55 139 -80.48 -
55 140 -76.62 -
55 141 -74.26 -
55 142 -70.24 -
55 143 -67.81 -
55 144 -63.68 -
55 145 -61.06 -
55 146 -56.60 -
55 147 -53.18 -
55 148 -48.40 -
55 149 -44.80 -
55 150 -39.79 -
55 151 -36.01 -
55 152 -30.75 -
55 153 -26.73 -
55 154 -21.18 -
55 155 -16.97 -
55 156 -11.22 -
55 157 -6.74 -
55 158 -0.73 -
55 159 3.97 -
55 160 10.25 -
55 161 15.19 -
55 162 21.70 -
55 163 26.93 -
55 164 33.68 -
55 165 39.14 -
55 166 45.97 -
55 167 51.38 -
55 168 58.13 -
55 169 63.65 -
55 170 70.65 -
55 171 76.36 -
55 172 83.53 -
55 173 89.28 -
55 174 96.44 -
55 175 102.53 -
55 176 110.13 -
55 177 116.42 -
55 178 124.17 -
55 179 130.78 -
55 180 138.82 -
55 181 145.67 -
55 182 153.77 -
55 183 162.37 -
55 184 172.42 -
55 185 181.10 -
55 186 191.04 -
55 187 199.69 -
55 188 209.60 -
55 189 218.18 -
55 190 228.11 -
55 191 236.63 -
55 192 246.24 -
55 193 254.77 -
55 194 264.62 -
55 195 273.25 -
55 196 283.41 -
55 197 292.44 -
55 198 302.59 -
55 199 311.66 -
55 200 322.03 -
55 201 331.10 -
56 108 -9.53 -
56 109 -15.20 -
56 110 -23.28 -
56 111 -28.62 -
56 112 -36.11 -
56 113 -39.92 -
56 114 -45.78 -
56 115 -49.04 -
56 116 -54.49 -
56 117 -57.25 -
56 118 -62.11 -
56 119 -64.31 -
56 120 -68.57 -
56 121 -70.21 -
56 122 -73.90 -
56 123 -74.98 -
56 124 -78.25 -
56 125 -79.10 -
56 126 -82.03 -
56 127 -82.51 -
56 128 -85.02 -
56 129 -84.97 -
56 130 -86.92 -
56 131 -86.39 -
56 132 -87.95 -
56 133 -87.16 -
56 134 -88.42 -
56 135 -87.34 -
56 136 -88.39 -
56 137 -87.31 -
56 138 -88.35 -
56 139 -84.72 -
56 140 -83.10 -
56 141 -79.30 -
56 142 -77.52 -
56 143 -73.55 -
56 144 -71.66 -
56 145 -67.61 -
56 146 -65.49 -
56 147 -61.40 -
56 148 -59.13 -
56 149 -54.42 -
56 150 -51.42 -
56 151 -46.41 -
56 152 -43.19 -
56 153 -37.94 -
56 154 -34.45 -
56 155 -28.89 -
56 156 -25.22 -
56 157 -19.44 -
56 158 -15.46 -
56 159 -9.44 -
56 160 -5.19 -
56 161 1.05 -
56 162 5.56 -
56 163 12.08 -
56 164 16.86 -
56 165 23.59 -
56 166 28.56 -
56 167 35.41 -
56 168 40.33 -
56 169 47.26 -
56 170 52.32 -
56 171 59.26 -
56 172 64.46 -
56 173 71.57 -
56 174 76.82 -
56 175 83.93 -
56 176 89.53 -
56 177 97.09 -
56 178 102.98 -
56 179 110.73 -
56 180 116.89 -
56 181 124.94 -
56 182 131.40 -
56 183 139.57 -
56 184 147.74 -
56 185 157.82 -
56 186 166.12 -
56 187 176.13 -
56 188 184.41 -
56 189 194.33 -
56 190 202.52 -
56 191 212.45 -
56 192 220.57 -
56 193 230.18 -
56 194 238.28 -
56 195 248.16 -
56 196 256.36 -
56 197 266.24 -
56 198 274.62 -
56 199 284.73 -
56 200 293.50 -
56 201 303.81 -
56 202 312.49 -
56 203 323.02 -
56 204 331.90 -
56 205 342.42 -
57 109 2.87 -
57 110 -3.49 -
57 111 -11.68 -
57 112 -17.71 -
57 113 -25.50 -
57 114 -30.78 -
57 115 -37.27 -
57 116 -41.22 -
57 117 -46.80 -
57 118 -50.19 -
57 119 -55.15 -
57 120 -57.97 -
57 121 -62.33 -
57 122 -64.57 -
57 123 -68.30 -
57 124 -69.95 -
57 125 -73.20 -
57 126 -74.60 -
57 127 -77.58 -
57 128 -78.64 -
57 129 -81.17 -
57 130 -81.78 -
57 131 -83.71 -
57 132 -83.72 -
57 133 -85.22 -
57 134 -85.01 -
57 135 -86.27 -
57 136 -85.68 -
57 137 -86.80 -
57 138 -86.29 -
57 139 -87.41 -
57 140 -84.34 -
57 141 -82.81 -
57 142 -79.56 -
57 143 -77.85 -
57 144 -74.46 -
57 145 -72.59 -
57 146 -69.10 -
57 147 -67.05 -
57 148 -63.57 -
57 149 -61.35 -
57 150 -57.67 -
57 151 -55.07 -
57 152 -50.43 -
57 153 -47.43 -
57 154 -42.56 -
57 155 -39.24 -
57 156 -34.14 -
57 157 -30.53 -
57 158 -25.18 -
57 159 -21.27 -
57 160 -15.69 -
57 161 -11.46 -
57 162 -5.68 -
57 163 -1.16 -
57 164 4.87 -
57 165 9.67 -
57 166 15.93 -
57 167 20.85 -
57 168 27.25 -
57 169 32.23 -
57 170 38.64 -
57 171 43.79 -
57 172 50.34 -
57 173 55.63 -
57 174 62.07 -
57 175 67.15 -
57 176 73.86 -
57 177 79.42 -
57 178 86.44 -
57 179 92.25 -
57 180 99.54 -
57 181 105.64 -
57 182 113.21 -
57 183 119.62 -
57 184 127.67 -
57 185 135.81 -
57 186 145.56 -
57 187 153.88 -
57 188 163.62 -
57 189 171.88 -
57 190 181.40 -
57 191 189.58 -
57 192 199.11 -
57 193 207.07 -
57 194 216.37 -
57 195 224.49 -
57 196 233.88 -
57 197 242.08 -
57 198 251.58 -
57 199 259.87 -
57 200 269.54 -
57 201 278.01 -
57 202 287.89 -
57 203 296.66 -
57 204 306.80 -
57 205 315.64 -
57 206 325.81 -
57 207 334.95 -
57 208 345.27 -
58 112 -2.04 -
58 113 -8.21 -
58 114 -16.75 -
58 115 -22.56 -
58 116 -30.58 -
58 117 -34.69 -
58 118 -41.01 -
58 119 -44.51 -
58 120 -50.10 -
58 121 -53.01 -
58 122 -57.99 -
58 123 -60.30 -
58 124 -64.63 -
58 125 -66.33 -
58 126 -70.06 -
58 127 -71.49 -
58 128 -75.05 -
58 129 -76.09 -
58 130 -79.14 -
58 131 -79.77 -
58 132 -82.34 -
58 133 -82.46 -
58 134 -84.55 -
58 135 -84.27 -
58 136 -86.02 -
58 137 -85.44 -
58 138 -87.15 -
58 139 -86.69 -
58 140 -88.36 -
58 141 -85.37 -
58 142 -84.42 -
58 143 -81.25 -
58 144 -80.07 -
58 145 -76.72 -
58 146 -75.38 -
58 147 -71.96 -
58 148 -70.45 -
58 149 -67.04 -
58 150 -65.48 -
58 151 -61.74 -
58 152 -59.88 -
58 153 -55.86 -
58 154 -53.37 -
58 155 -48.59 -
58 156 -45.78 -
58 157 -40.70 -
58 158 -37.55 -
58 159 -32.26 -
58 160 -28.81 -
58 161 -23.26 -
58 162 -19.51 -
58 163 -13.69 -
58 164 -9.68 -
58 165 -3.61 -
58 166 0.72 -
58 167 6.99 -
58 168 11.42 -
58 169 17.81 -
58 170 22.39 -
58 171 28.84 -
58 172 33.50 -
58 173 40.13 -
58 174 44.95 -
58 175 51.21 -
58 176 55.78 -
58 177 62.54 -
58 178 67.67 -
58 179 74.70 -
58 180 80.04 -
58 181 87.24 -
58 182 92.73 -
58 183 100.09 -
58 184 105.80 -
58 185 114.49 -
58 186 122.19 -
58 187 132.05 -
58 188 140.17 -
58 189 149.87 -
58 190 157.70 -
58 191 167.23 -
58 192 174.90 -
58 193 184.24 -
58 194 191.83 -
58 195 201.13 -
58 196 208.85 -
58 197 218.25 -
58 198 226.09 -
58 199 235.65 -
58 200 243.54 -
58 201 253.22 -
58 202 261.24 -
58 203 270.99 -
58 204 279.23 -
58 205 289.21 -
58 206 297.82 -
58 207 308.04 -
58 208 316.66 -
58 209 327.05 -
58 210 335.94 -
58 211 346.43 -
58 212 355.42 -
59 114 3.57 -
59 115 -5.26 -
59 116 -11.86 -
59 117 -19.96 -
59 118 -25.57 -
59 119 -32.19 -
59 120 -36.43 -
59 121 -42.14 -
59 122 -45.68 -
59 123 -50.74 -
59 124 -53.65 -
59 125 -58.05 -
59 126 -60.33 -
59 127 -64.09 -
59 128 -65.91 -
59 129 -69.50 -
59 130 -71.06 -
59 131 -74.19 -
59 132 -75.29 -
59 133 -77.93 -
59 134 -78.63 -
59 135 -80.89 -
59 136 -81.12 -
59 137 -82.86 -
59 138 -82.83 -
59 139 -84.61 -
59 140 -84.70 -
59 141 -86.44 -
59 142 -84.01 -
59 143 -83.13 -
59 144 -80.52 -
59 145 -79.38 -
59 146 -76.58 -
59 147 -75.29 -
59 148 -72.41 -
59 149 -71.01 -
59 150 -68.13 -
59 151 -66.67 -
59 152 -63.42 -
59 153 -61.69 -
59 154 -58.13 -
59 155 -56.04 -
59 156 -52.13 -
59 157 -49.27 -
59 158 -44.81 -
59 159 -41.70 -
59 160 -36.87 -
59 161 -33.43 -
59 162 -28.34 -
59 163 -24.63 -
59 164 -19.28 -
59 165 -15.26 -
59 166 -9.62 -
59 167 -5.33 -
59 168 0.52 -
59 169 4.94 -
59 170 10.91 -
59 171 15.48 -
59 172 21.55 -
59 173 26.26 -
59 174 32.42 -
59 175 37.29 -
59 176 43.40 -
59 177 48.04 -
59 178 54.34 -
59 179 59.35 -
59 180 65.90 -
59 181 71.21 -
59 182 77.97 -
59 183 83.50 -
59 184 90.44 -
59 185 96.13 -
59 186 104.63 -
59 187 112.30 -
59 188 121.44 -
59 189 129.24 -
59 190 138.48 -
59 191 146.24 -
59 192 155.31 -
59 193 162.93 -
59 194 171.85 -
59 195 179.42 -
59 196 188.35 -
59 197 196.06 -
59 198 205.07 -
59 199 212.91 -
59 200 222.08 -
59 201 229.98 -
59 202 239.28 -
59 203 247.29 -
59 204 256.69 -
59 205 264.87 -
59 206 274.39 -
59 207 282.76 -
59 208 292.50 -
59 209 301.15 -
59 210 311.25 -
59 211 320.05 -
59 212 330.19 -
59 213 339.27 -
59 214 349.55 -
59 215 358.64 -
60 116 4.25 -
60 117 -2.46 -
60 118 -11.28 -
60 119 -17.22 -
60 120 -25.34 -
60 121 -29.64 -
60 122 -36.06 -
60 123 -39.71 -
60 124 -45.40 -
60 125 -48.39 -
60 126 -53.39 -
60 127 -55.74 -
60 128 -60.07 -
60 129 -61.80 -
60 130 -65.95 -
60 131 -67.49 -
60 132 -71.08 -
60 133 -72.22 -
60 134 -75.38 -
60 135 -76.14 -
60 136 -78.96 -
60 137 -79.37 -
60 138 -81.61 -
60 139 -81.66 -
60 140 -83.99 -
60 141 -84.13 -
60 142 -86.44 -
60 143 -84.07 -
60 144 -83.75 -
60 145 -81.19 -
60 146 -80.58 -
60 147 -77.82 -
60 148 -77.08 -
60 149 -74.28 -
60 150 -73.39 -
60 151 -70.60 -
60 152 -69.68 -
60 153 -66.48 -
60 154 -65.28 -
60 155 -61.77 -
60 156 -60.21 -
60 157 -56.45 -
60 158 -54.51 -
60 159 -50.23 -
60 160 -47.50 -
60 161 -42.82 -
60 162 -39.79 -
60 163 -34.77 -
60 164 -31.46 -
60 165 -26.18 -
60 166 -22.57 -
60 167 -16.96 -
60 168 -13.09 -
60 169 -7.23 -
60 170 -3.21 -
60 171 2.74 -
60 172 6.89 -
60 173 13.01 -
60 174 17.29 -
60 175 23.51 -
60 176 28.00 -
60 177 34.31 -
60 178 38.55 -
60 179 44.85 -
60 180 49.38 -
60 181 55.86 -
60 182 60.69 -
60 183 67.47 -
60 184 72.61 -
60 185 79.60 -
60 186 84.85 -
60 187 93.45 -
60 188 100.71 -
60 189 109.81 -
60 190 116.95 -
60 191 125.86 -
60 192 133.18 -
60 193 142.13 -
60 194 149.36 -
60 195 158.27 -
60 196 165.41 -
60 197 174.35 -
60 198 181.66 -
60 199 190.69 -
60 200 198.17 -
60 201 207.28 -
60 202 214.80 -
60 203 224.09 -
60 204 231.76 -
60 205 241.17 -
60 206 248.96 -
60 207 258.49 -
60 208 266.51 -
60 209 276.19 -
60 210 284.34 -
60 211 294.23 -
60 212 302.71 -
60 213 312.86 -
60 214 321.60 -
60 215 331.94 -
60 216 340.67 -
60 217 351.15 -
60 218 360.01 -
60 219 370.53 -
61 118 9.24 -
61 119 0.31 -
61 120 -6.35 -
61 121 -14.55 -
61 122 -20.24 -
61 123 -27.02 -
61 124 -31.36 -
61 125 -37.16 -
61 126 -40.80 -
61 127 -45.87 -
61 128 -48.80 -
61 129 -53.23 -
61 130 -55.53 -
61 131 -59.30 -
61 132 -61.51 -
61 133 -65.12 -
61 134 -66.77 -
61 135 -69.93 -
61 136 -71.23 -
61 137 -74.05 -
61 138 -74.97 -
61 139 -77.49 -
61 140 -78.16 -
61 141 -80.53 -
61 142 -81.21 -
61 143 -83.57 -
61 144 -81.77 -
61 145 -81.49 -
61 146 -79.45 -
61 147 -78.90 -
61 148 -76.66 -
61 149 -76.01 -
61 150 -73.77 -
61 151 -73.12 -
61 152 -70.69 -
61 153 -69.81 -
61 154 -67.12 -
61 155 -66.01 -
61 156 -63.13 -
61 157 -61.56 -
61 158 -58.32 -
61 159 -56.42 -
61 160 -52.85 -
61 161 -50.50 -
61 162 -46.33 -
61 163 -43.36 -
61 164 -38.83 -
61 165 -35.54 -
61 166 -30.66 -
61 167 -27.05 -
61 168 -21.91 -
61 169 -18.02 -
61 170 -12.62 -
61 171 -8.59 -
61 172 -3.05 -
61 173 1.12 -
61 174 6.86 -
61 175 11.17 -
61 176 17.00 -
61 177 21.51 -
61 178 27.40 -
61 179 31.78 -
61 180 37.57 -
61 181 42.12 -
61 182 48.16 -
61 183 52.98 -
61 184 59.33 -
61 185 64.47 -
61 186 71.04 -
61 187 76.28 -
61 188 84.54 -
61 189 91.78 -
61 190 100.44 -
61 191 107.56 -
61 192 115.99 -
61 193 122.94 -
61 194 131.31 -
61 195 138.53 -
61 196 146.99 -
61 197 154.11 -
61 198 162.65 -
61 199 169.95 -
61 200 178.60 -
61 201 186.03 -
61 202 194.78 -
61 203 202.32 -
61 204 211.24 -
61 205 218.87 -
61 206 227.87 -
61 207 235.68 -
61 208 244.84 -
61 209 252.83 -
61 210 262.13 -
61 211 270.30 -
61 212 279.81 -
61 213 288.20 -
61 214 297.83 -
61 215 306.46 -
61 216 316.47 -
61 217 325.32 -
61 218 335.47 -
61 219 344.36 -
61 220 354.53 -
61 221 363.55 -
61 222 373.86 -
62 121 3.22 -
62 122 -5.66 -
62 123 -11.72 -
62 124 -19.84 -
62 125 -24.28 -
62 126 -30.78 -
62 127 -34.53 -
62 128 -40.23 -
62 129 -43.24 -
62 130 -48.27 -
62 131 -50.65 -
62 132 -55.02 -
62 133 -56.80 -
62 134 -61.03 -
62 135 -62.65 -
62 136 -66.41 -
62 137 -67.70 -
62 138 -71.02 -
62 139 -71.98 -
62 140 -75.06 -
62 141 -76.01 -
62 142 -78.99 -
62 143 -79.71 -
62 144 -82.64 -
62 145 -80.87 -
62 146 -81.11 -
62 147 -79.08 -
62 148 -79.01 -
62 149 -76.89 -
62 150 -76.82 -
62 151 -74.64 -
62 152 -74.54 -
62 153 -72.17 -
62 154 -71.78 -
62 155 -69.16 -
62 156 -68.56 -
62 157 -65.74 -
62 158 -64.69 -
62 159 -61.53 -
62 160 -60.13 -
62 161 -56.63 -
62 162 -54.81 -
62 163 -50.96 -
62 164 -48.61 -
62 165 -44.05 -
62 166 -41.34 -
62 167 -36.42 -
62 168 -33.30 -
62 169 -28.16 -
62 170 -24.73 -
62 171 -19.30 -
62 172 -15.68 -
62 173 -10.12 -
62 174 -6.37 -
62 175 -0.64 -
62 176 3.28 -
62 177 9.19 -
62 178 13.25 -
62 179 19.16 -
62 180 23.18 -
62 181 28.98 -
62 182 33.11 -
62 183 39.14 -
62 184 43.55 -
62 185 49.87 -
62 186 54.58 -
62 187 61.14 -
62 188 65.96 -
62 189 74.29 -
62 190 81.11 -
62 191 89.74 -
62 192 96.46 -
62 193 104.86 -
62 194 111.40 -
62 195 119.74 -
62 196 126.19 -
62 197 134.52 -
62 198 141.21 -
62 199 149.71 -
62 200 156.63 -
62 201 165.27 -
62 202 172.32 -
62 203 181.05 -
62 204 188.20 -
62 205 197.10 -
62 206 204.34 -
62 207 213.34 -
62 208 220.77 -
62 209 229.97 -
62 210 237.56 -
62 211 246.89 -
62 212 254.67 -
62 213 264.19 -
62 214 272.14 -
62 215 281.94 -
62 216 290.10 -
62 217 300.00 -
62 218 308.51 -
62 219 318.66 -
62 220 327.16 -
62 221 337.33 -
62 222 346.02 -
62 223 356.38 -
62 224 365.20 -
62 225 375.64 -
63 123 6.11 -
63 124 -0.62 -
63 125 -8.84 -
63 126 -14.56 -
63 127 -21.42 -
63 128 -25.92 -
63 129 -31.73 -
63 130 -35.34 -
63 131 -40.44 -
63 132 -43.42 -
63 133 -47.86 -
63 134 -50.21 -
63 135 -54.07 -
63 136 -56.30 -
63 137 -60.03 -
63 138 -61.79 -
63 139 -65.13 -
63 140 -66.64 -
63 141 -69.81 -
63 142 -71.27 -
63 143 -74.42 -
63 144 -75.89 -
63 145 -78.88 -
63 146 -77.63 -
63 147 -77.83 -
63 148 -76.31 -
63 149 -76.31 -
63 150 -74.74 -
63 151 -74.74 -
63 152 -73.16 -
63 153 -73.12 -
63 154 -71.33 -
63 155 -70.93 -
63 156 -68.93 -
63 157 -68.24 -
63 158 -65.91 -
63 159 -64.96 -
63 160 -62.36 -
63 161 -61.05 -
63 162 -58.06 -
63 163 -56.32 -
63 164 -52.90 -
63 165 -50.80 -
63 166 -46.86 -
63 167 -44.15 -
63 168 -39.79 -
63 169 -36.76 -
63 170 -32.01 -
63 171 -28.61 -
63 172 -23.67 -
63 173 -19.98 -
63 174 -14.84 -
63 175 -11.05 -
63 176 -5.75 -
63 177 -1.82 -
63 178 3.73 -
63 179 7.76 -
63 180 13.24 -
63 181 17.31 -
63 182 22.72 -
63 183 26.87 -
63 184 32.48 -
63 185 36.86 -
63 186 42.74 -
63 187 47.38 -
63 188 53.51 -
63 189 58.32 -
63 190 66.27 -
63 191 73.11 -
63 192 81.30 -
63 193 88.02 -
63 194 95.96 -
63 195 102.53 -
63 196 110.36 -
63 197 116.80 -
63 198 124.65 -
63 199 131.12 -
63 200 139.10 -
63 201 146.01 -
63 202 154.23 -
63 203 161.26 -
63 204 169.61 -
63 205 176.72 -
63 206 185.23 -
63 207 192.48 -
63 208 201.08 -
63 209 208.51 -
63 210 217.31 -
63 211 224.89 -
63 212 233.86 -
63 213 241.67 -
63 214 250.81 -
63 215 258.74 -
63 216 268.09 -
63 217 276.26 -
63 218 285.87 -
63 219 294.27 -
63 220 303.98 -
63 221 312.61 -
63 222 322.44 -
63 223 331.12 -
63 224 341.12 -
63 225 349.97 -
63 226 360.02 -
63 227 369.02 -
63 228 379.29 -
63 229 387.88 -
64 126 0.29 -
64 127 -5.81 -
64 128 -13.97 -
64 129 -18.55 -
64 130 -25.06 -
64 131 -28.76 -
64 132 -34.44 -
64 133 -37.48 -
64 134 -42.54 -
64 135 -44.95 -
64 136 -49.38 -
64 137 -51.32 -
64 138 -55.50 -
64 139 -57.31 -
64 140 -61.17 -
64 141 -62.72 -
64 142 -66.41 -
64 143 -67.92 -
64 144 -71.66 -
64 145 -73.32 -
64 146 -77.03 -
64 147 -75.75 -
64 148 -76.42 -
64 149 -74.94 -
64 150 -75.50 -
64 151 -73.99 -
64 152 -74.56 -
64 153 -73.01 -
64 154 -73.51 -
64 155 -71.77 -
64 156 -71.91 -
64 157 -69.92 -
64 158 -69.74 -
64 159 -67.49 -
64 160 -67.04 -
64 161 -64.47 -
64 162 -63.71 -
64 163 -60.79 -
64 164 -59.66 -
64 165 -56.23 -
64 166 -54.62 -
64 167 -50.71 -
64 168 -48.67 -
64 169 -44.48 -
64 170 -41.89 -
64 171 -37.17 -
64 172 -34.24 -
64 173 -29.30 -
64 174 -26.08 -
64 175 -20.91 -
64 176 -17.50 -
64 177 -12.22 -
64 178 -8.66 -
64 179 -3.05 -
64 180 0.51 -
64 181 6.00 -
64 182 9.64 -
64 183 15.13 -
64 184 18.91 -
64 185 24.49 -
64 186 28.45 -
64 187 34.30 -
64 188 38.54 -
64 189 44.60 -
64 190 48.93 -
64 191 56.96 -
64 192 63.38 -
64 193 71.54 -
64 194 77.84 -
64 195 85.77 -
64 196 91.93 -
64 197 99.75 -
64 198 105.81 -
64 199 113.66 -
64 200 119.76 -
64 201 127.66 -
64 202 133.90 -
64 203 142.04 -
64 204 148.61 -
64 205 156.95 -
64 206 163.67 -
64 207 172.16 -
64 208 179.02 -
64 209 187.60 -
64 210 194.63 -
64 211 203.41 -
64 212 210.63 -
64 213 219.63 -
64 214 227.03 -
64 215 236.16 -
64 216 243.79 -
64 217 253.10 -
64 218 260.91 -
64 219 270.48 -
64 220 278.55 -
64 221 288.22 -
64 222 296.44 -
64 223 306.25 -
64 224 314.72 -
64 225 324.66 -
64 226 333.17 -
64 227 343.25 -
64 228 351.94 -
64 229 362.21 -
64 230 370.82 -
64 231 380.62 -
64 232 388.84 -
65 128 5.49 -
65 129 -2.72 -
65 130 -8.50 -
65 131 -15.46 -
65 132 -19.81 -
65 133 -25.58 -
65 134 -29.21 -
65 135 -34.33 -
65 136 -37.32 -
65 137 -41.84 -
65 138 -44.33 -
65 139 -48.34 -
65 140 -50.43 -
65 141 -54.47 -
65 142 -56.53 -
65 143 -60.30 -
65 144 -62.30 -
65 145 -66.08 -
65 146 -68.20 -
65 147 -71.84 -
65 148 -71.26 -
65 149 -72.15 -
65 150 -71.24 -
65 151 -71.89 -
65 152 -70.94 -
65 153 -71.50 -
65 154 -70.51 -
65 155 -71.03 -
65 156 -69.77 -
65 157 -70.03 -
65 158 -68.53 -
65 159 -68.43 -
65 160 -66.64 -
65 161 -66.28 -
65 162 -64.18 -
65 163 -63.48 -
65 164 -61.07 -
65 165 -60.07 -
65 166 -57.21 -
65 167 -55.72 -
65 168 -52.30 -
65 169 -50.35 -
65 170 -46.57 -
65 171 -44.09 -
65 172 -39.96 -
65 173 -37.08 -
65 174 -32.60 -
65 175 -29.39 -
65 176 -24.61 -
65 177 -21.22 -
65 178 -16.34 -
65 179 -12.74 -
65 180 -7.57 -
65 181 -4.00 -
65 182 1.07 -
65 183 4.70 -
65 184 9.84 -
65 185 13.62 -
65 186 18.78 -
65 187 22.74 -
65 188 28.15 -
65 189 32.38 -
65 190 38.00 -
65 191 42.39 -
65 192 50.10 -
65 193 56.45 -
65 194 64.09 -
65 195 70.34 -
65 196 77.84 -
65 197 83.99 -
65 198 91.39 -
65 199 97.47 -
65 200 104.94 -
65 201 111.03 -
65 202 118.56 -
65 203 124.80 -
65 204 132.39 -
65 205 138.77 -
65 206 146.64 -
65 207 153.31 -
65 208 161.36 -
65 209 168.22 -
65 210 176.40 -
65 211 183.41 -
65 212 191.80 -
65 213 199.01 -
65 214 207.61 -
65 215 215.01 -
65 216 223.77 -
65 217 231.41 -
65 218 240.37 -
65 219 248.24 -
65 220 257.33 -
65 221 265.46 -
65 222 274.74 -
65 223 282.94 -
65 224 292.41 -
65 225 300.80 -
65 226 310.48 -
65 227 318.98 -
65 228 328.72 -
65 229 337.37 -
65 230 347.33 -
65 231 356.12 -
65 232 365.92 -
65 233 374.17 -
65 234 383.57 -
65 235 391.76 -
65 236 401.09 -
66 130 6.72 -
66 131 0.44 -
66 132 -7.52 -
66 133 -12.06 -
66 134 -18.47 -
66 135 -22.21 -
66 136 -27.95 -
66 137 -31.03 -
66 138 -36.10 -
66 139 -38.65 -
66 140 -43.21 -
66 141 -45.32 -
66 142 -49.62 -
66 143 -51.72 -
66 144 -56.09 -
66 145 -58.07 -
66 146 -62.38 -
66 147 -64.45 -
66 148 -68.59 -
66 149 -68.05 -
66 150 -69.68 -
66 151 -68.92 -
66 152 -70.14 -
66 153 -69.26 -
66 154 -70.43 -
66 155 -69.41 -
66 156 -70.38 -
66 157 -69.21 -
66 158 -69.89 -
66 159 -68.47 -
66 160 -68.90 -
66 161 -67.13 -
66 162 -67.28 -
66 163 -65.20 -
66 164 -65.05 -
66 165 -62.70 -
66 166 -62.17 -
66 167 -59.52 -
66 168 -58.57 -
66 169 -55.36 -
66 170 -53.62 -
66 171 -49.94 -
66 172 -48.04 -
66 173 -43.94 -
66 174 -41.60 -
66 175 -37.16 -
66 176 -34.41 -
66 177 -29.67 -
66 178 -26.71 -
66 179 -21.76 -
66 180 -18.58 -
66 181 -13.47 -
66 182 -10.27 -
66 183 -5.20 -
66 184 -1.99 -
66 185 3.20 -
66 186 6.57 -
66 187 11.73 -
66 188 15.25 -
66 189 20.67 -
66 190 24.48 -
66 191 30.11 -
66 192 34.07 -
66 193 41.81 -
66 194 47.74 -
66 195 55.26 -
66 196 61.11 -
66 197 68.58 -
66 198 74.32 -
66 199 81.72 -
66 200 87.42 -
66 201 94.92 -
66 202 100.65 -
66 203 108.22 -
66 204 114.03 -
66 205 121.63 -
66 206 127.56 -
66 207 135.32 -
66 208 141.45 -
66 209 149.42 -
66 210 155.85 -
66 211 164.04 -
66 212 170.61 -
66 213 178.99 -
66 214 185.79 -
66 215 194.37 -
66 216 201.41 -
66 217 210.17 -
66 218 217.40 -
66 219 226.36 -
66 220 233.92 -
66 221 243.03 -
66 222 250.77 -
66 223 260.07 -
66 224 267.96 -
66 225 277.39 -
66 226 285.40 -
66 227 295.05 -
66 228 303.29 -
66 229 313.02 -
66 230 321.30 -
66 231 331.29 -
66 232 339.73 -
66 233 349.81 -
66 234 357.82 -
66 235 367.25 -
66 236 375.15 -
66 237 384.53 -
66 238 392.40 -
66 239 401.88 -
67 132 12.26 -
67 133 4.09 -
67 134 -1.57 -
67 135 -8.50 -
67 136 -12.83 -
67 137 -18.70 -
67 138 -22.38 -
67 139 -27.54 -
67 140 -30.66 -
67 141 -35.27 -
67 142 -37.90 -
67 143 -42.05 -
67 144 -44.77 -
67 145 -49.12 -
67 146 -51.58 -
67 147 -55.90 -
67 148 -58.41 -
67 149 -62.59 -
67 150 -62.60 -
67 151 -64.28 -
67 152 -64.14 -
67 153 -65.60 -
67 154 -65.27 -
67 155 -66.51 -
67 156 -65.99 -
67 157 -66.94 -
67 158 -66.23 -
67 159 -66.98 -
67 160 -65.99 -
67 161 -66.53 -
67 162 -65.26 -
67 163 -65.43 -
67 164 -63.88 -
67 165 -63.73 -
67 166 -61.90 -
67 167 -61.39 -
67 168 -59.24 -
67 169 -58.30 -
67 170 -55.76 -
67 171 -54.23 -
67 172 -51.04 -
67 173 -49.13 -
67 174 -45.59 -
67 175 -43.31 -
67 176 -39.32 -
67 177 -36.72 -
67 178 -32.43 -
67 179 -29.45 -
67 180 -24.92 -
67 181 -21.71 -
67 182 -17.04 -
67 183 -13.85 -
67 184 -9.18 -
67 185 -5.97 -
67 186 -1.18 -
67 187 2.20 -
67 188 6.94 -
67 189 10.45 -
67 190 15.44 -
67 191 19.21 -
67 192 24.43 -
67 193 28.40 -
67 194 35.71 -
67 195 41.59 -
67 196 48.71 -
67 197 54.55 -
67 198 61.78 -
67 199 67.29 -
67 200 74.28 -
67 201 80.03 -
67 202 87.07 -
67 203 92.91 -
67 204 100.08 -
67 205 105.89 -
67 206 113.13 -
67 207 119.04 -
67 208 126.36 -
67 209 132.41 -
67 210 139.92 -
67 211 146.20 -
67 212 153.97 -
67 213 160.52 -
67 214 168.47 -
67 215 175.25 -
67 216 183.43 -
67 217 190.45 -
67 218 198.81 -
67 219 206.02 -
67 220 214.66 -
67 221 222.12 -
67 222 230.96 -
67 223 238.59 -
67 224 247.62 -
67 225 255.43 -
67 226 264.62 -
67 227 272.57 -
67 228 281.88 -
67 229 290.10 -
67 230 299.47 -
67 231 307.74 -
67 232 317.43 -
67 233 325.90 -
67 234 335.75 -
67 235 343.93 -
67 236 353.07 -
67 237 361.02 -
67 238 370.09 -
67 239 377.99 -
67 240 387.12 -
67 241 395.86 -
67 242 405.83 -
68 135 7.80 -
68 136 -0.15 -
68 137 -4.82 -
68 138 -11.23 -
68 139 -14.99 -
68 140 -20.75 -
68 141 -23.95 -
68 142 -29.13 -
68 143 -31.80 -
68 144 -36.50 -
68 145 -39.21 -
68 146 -44.04 -
68 147 -46.50 -
68 148 -51.30 -
68 149 -53.80 -
68 150 -58.52 -
68 151 -58.57 -
68 152 -60.80 -
68 153 -60.70 -
68 154 -62.72 -
68 155 -62.65 -
68 156 -64.40 -
68 157 -63.87 -
68 158 -65.33 -
68 159 -64.62 -
68 160 -65.85 -
68 161 -64.88 -
68 162 -65.89 -
68 163 -64.68 -
68 164 -65.37 -
68 165 -63.84 -
68 166 -64.16 -
68 167 -62.34 -
68 168 -62.35 -
68 169 -60.17 -
68 170 -59.87 -
68 171 -57.23 -
68 172 -56.55 -
68 173 -53.47 -
68 174 -52.09 -
68 175 -48.53 -
68 176 -46.72 -
68 177 -42.80 -
68 178 -40.65 -
68 179 -36.40 -
68 180 -33.93 -
68 181 -29.39 -
68 182 -26.61 -
68 183 -21.97 -
68 184 -19.18 -
68 185 -14.51 -
68 186 -11.70 -
68 187 -6.88 -
68 188 -3.95 -
68 189 0.81 -
68 190 3.89 -
68 191 8.87 -
68 192 12.23 -
68 193 17.40 -
68 194 20.90 -
68 195 28.24 -
68 196 33.71 -
68 197 40.83 -
68 198 46.20 -
68 199 53.47 -
68 200 58.60 -
68 201 65.56 -
68 202 70.95 -
68 203 78.05 -
68 204 83.51 -
68 205 90.64 -
68 206 96.10 -
68 207 103.35 -
68 208 108.90 -
68 209 116.20 -
68 210 121.86 -
68 211 129.34 -
68 212 135.17 -
68 213 142.84 -
68 214 148.93 -
68 215 156.82 -
68 216 163.17 -
68 217 171.35 -
68 218 177.94 -
68 219 186.31 -
68 220 193.17 -
68 221 201.76 -
68 222 208.81 -
68 223 217.68 -
68 224 224.94 -
68 225 233.97 -
68 226 241.39 -
68 227 250.60 -
68 228 258.21 -
68 229 267.55 -
68 230 275.38 -
68 231 284.79 -
68 232 292.70 -
68 233 302.35 -
68 234 310.44 -
68 235 320.31 -
68 236 328.40 -
68 237 337.64 -
68 238 345.30 -
68 239 354.39 -
68 240 361.95 -
68 241 371.10 -
68 242 379.50 -
68 243 389.49 -
68 244 398.10 -
68 245 408.26 -
68 246 416.99 -
69 137 11.67 -
69 138 5.94 -
69 139 -0.97 -
69 140 -5.35 -
69 141 -11.14 -
69 142 -14.91 -
69 143 -20.17 -
69 144 -23.42 -
69 145 -28.17 -
69 146 -31.39 -
69 147 -36.22 -
69 148 -39.18 -
69 149 -43.97 -
69 150 -46.97 -
69 151 -51.75 -
69 152 -52.33 -
69 153 -54.59 -
69 154 -55.04 -
69 155 -57.10 -
69 156 -57.55 -
69 157 -59.48 -
69 158 -59.48 -
69 159 -60.95 -
69 160 -60.70 -
69 161 -61.92 -
69 162 -61.44 -
69 163 -62.45 -
69 164 -61.74 -
69 165 -62.41 -
69 166 -61.44 -
69 167 -61.81 -
69 168 -60.42 -
69 169 -60.46 -
69 170 -58.76 -
69 171 -58.47 -
69 172 -56.41 -
69 173 -55.72 -
69 174 -53.25 -
69 175 -52.25 -
69 176 -49.15 -
69 177 -47.41 -
69 178 -43.99 -
69 179 -41.82 -
69 180 -38.05 -
69 181 -35.60 -
69 182 -31.55 -
69 183 -28.87 -
69 184 -24.63 -
69 185 -21.94 -
69 186 -17.63 -
69 187 -14.72 -
69 188 -10.33 -
69 189 -7.42 -
69 190 -3.08 -
69 191 -0.02 -
69 192 4.52 -
69 193 7.85 -
69 194 12.57 -
69 195 16.07 -
69 196 22.97 -
69 197 28.42 -
69 198 35.13 -
69 199 40.52 -
69 200 47.35 -
69 201 52.52 -
69 202 59.14 -
69 203 64.56 -
69 204 71.24 -
69 205 76.72 -
69 206 83.47 -
69 207 88.94 -
69 208 95.82 -
69 209 101.37 -
69 210 108.34 -
69 211 114.02 -
69 212 121.07 -
69 213 126.90 -
69 214 134.16 -
69 215 140.15 -
69 216 147.61 -
69 217 153.89 -
69 218 161.59 -
69 219 168.17 -
69 220 176.16 -
69 221 182.97 -
69 222 191.15 -
69 223 198.27 -
69 224 206.63 -
69 225 213.90 -
69 226 222.53 -
69 227 229.96 -
69 228 238.79 -
69 229 246.38 -
69 230 255.39 -
69 231 263.24 -
69 232 272.27 -
69 233 280.20 -
69 234 289.47 -
69 235 297.58 -
69 236 307.03 -
69 237 315.26 -
69 238 324.34 -
69 239 332.03 -
69 240 340.78 -
69 241 348.34 -
69 242 357.15 -
69 243 365.56 -
69 244 375.21 -
69 245 383.83 -
69 246 393.65 -
69 247 402.39 -
69 248 412.43 -
69 249 421.30 -
70 139 15.71 -
70 140 7.66 -
70 141 3.05 -
70 142 -3.36 -
70 143 -7.19 -
70 144 -12.99 -
70 145 -16.30 -
70 146 -21.66 -
70 147 -24.97 -
70 148 -30.29 -
70 149 -33.25 -
70 150 -38.50 -
70 151 -41.54 -
70 152 -46.87 -
70 153 -47.50 -
70 154 -50.29 -
70 155 -50.78 -
70 156 -53.38 -
70 157 -53.82 -
70 158 -56.25 -
70 159 -56.39 -
70 160 -58.39 -
70 161 -58.14 -
70 162 -59.84 -
70 163 -59.35 -
70 164 -60.80 -
70 165 -60.08 -
70 166 -61.25 -
70 167 -60.24 -
70 168 -61.14 -
70 169 -59.77 -
70 170 -60.27 -
70 171 -58.60 -
70 172 -58.76 -
70 173 -56.77 -
70 174 -56.51 -
70 175 -54.13 -
70 176 -53.66 -
70 177 -50.94 -
70 178 -49.86 -
70 179 -46.46 -
70 180 -44.80 -
70 181 -41.08 -
70 182 -39.07 -
70 183 -34.99 -
70 184 -32.79 -
70 185 -28.68 -
70 186 -26.48 -
70 187 -22.12 -
70 188 -19.80 -
70 189 -15.28 -
70 190 -12.66 -
70 191 -8.30 -
70 192 -5.69 -
70 193 -1.17 -
70 194 1.71 -
70 195 6.40 -
70 196 9.47 -
70 197 16.36 -
70 198 21.38 -
70 199 28.10 -
70 200 33.10 -
70 201 39.90 -
70 202 44.71 -
70 203 51.41 -
70 204 56.49 -
70 205 63.22 -
70 206 68.29 -
70 207 75.07 -
70 208 80.15 -
70 209 87.02 -
70 210 92.23 -
70 211 99.20 -
70 212 104.51 -
70 213 111.63 -
70 214 117.09 -
70 215 124.31 -
70 216 129.96 -
70 217 137.36 -
70 218 143.25 -
70 219 150.91 -
70 220 157.01 -
70 221 164.94 -
70 222 171.35 -
70 223 179.56 -
70 224 186.21 -
70 225 194.63 -
70 226 201.47 -
70 227 209.97 -
70 228 217.00 -
70 229 225.80 -
70 230 233.05 -
70 231 242.00 -
70 232 249.50 -
70 233 258.52 -
70 234 266.13 -
70 235 275.40 -
70 236 283.19 -
70 237 292.64 -
70 238 300.54 -
70 239 309.75 -
70 240 317.14 -
70 241 325.91 -
70 242 333.12 -
70 243 341.95 -
70 244 350.01 -
70 245 359.67 -
70 246 367.95 -
70 247 377.79 -
70 248 386.19 -
70 249 396.24 -
70 250 404.76 -
70 251 414.95 -
70 252 423.74 -
71 142 14.05 -
71 143 7.17 -
71 144 2.75 -
71 145 -3.13 -
71 146 -6.93 -
71 147 -12.61 -
71 148 -16.35 -
71 149 -21.66 -
71 150 -25.08 -
71 151 -30.35 -
71 152 -33.94 -
71 153 -39.30 -
71 154 -40.47 -
71 155 -43.31 -
71 156 -44.35 -
71 157 -46.98 -
71 158 -47.89 -
71 159 -50.31 -
71 160 -50.93 -
71 161 -53.02 -
71 162 -53.29 -
71 163 -55.00 -
71 164 -54.96 -
71 165 -56.38 -
71 166 -56.08 -
71 167 -57.29 -
71 168 -56.70 -
71 169 -57.58 -
71 170 -56.72 -
71 171 -57.30 -
71 172 -56.12 -
71 173 -56.23 -
71 174 -54.71 -
71 175 -54.54 -
71 176 -52.67 -
71 177 -52.21 -
71 178 -50.00 -
71 179 -49.12 -
71 180 -46.56 -
71 181 -45.00 -
71 182 -41.80 -
71 183 -39.83 -
71 184 -36.16 -
71 185 -34.02 -
71 186 -30.37 -
71 187 -28.23 -
71 188 -24.41 -
71 189 -22.09 -
71 190 -17.99 -
71 191 -15.34 -
71 192 -11.31 -
71 193 -8.74 -
71 194 -4.66 -
71 195 -1.82 -
71 196 2.44 -
71 197 5.49 -
71 198 11.95 -
71 199 16.97 -
71 200 23.28 -
71 201 28.33 -
71 202 34.66 -
71 203 39.54 -
71 204 45.88 -
71 205 50.98 -
71 206 57.35 -
71 207 62.49 -
71 208 68.93 -
71 209 74.02 -
71 210 80.50 -
71 211 85.73 -
71 212 92.33 -
71 213 97.65 -
71 214 104.39 -
71 215 109.86 -
71 216 116.76 -
71 217 122.38 -
71 218 129.47 -
71 219 135.31 -
71 220 142.59 -
71 221 148.70 -
71 222 156.18 -
71 223 162.55 -
71 224 170.32 -
71 225 176.93 -
71 226 184.93 -
71 227 191.71 -
71 228 199.87 -
71 229 206.85 -
71 230 215.22 -
71 231 222.32 -
71 232 230.89 -
71 233 238.37 -
71 234 247.01 -
71 235 254.60 -
71 236 263.49 -
71 237 271.32 -
71 238 280.41 -
71 239 288.34 -
71 240 297.23 -
71 241 304.69 -
71 242 313.11 -
71 243 320.33 -
71 244 328.81 -
71 245 336.88 -
71 246 346.21 -
71 247 354.50 -
71 248 364.00 -
71 249 372.41 -
71 250 382.12 -
71 251 390.67 -
71 252 400.51 -
71 253 409.31 -
71 254 419.34 -
71 255 428.23 -
71 256 438.30 -
72 144 15.99 -
72 145 11.47 -
72 146 5.00 -
72 147 0.83 -
72 148 -5.39 -
72 149 -9.12 -
72 150 -14.91 -
72 151 -18.32 -
72 152 -24.05 -
72 153 -27.72 -
72 154 -33.63 -
72 155 -34.82 -
72 156 -38.20 -
72 157 -39.31 -
72 158 -42.46 -
72 159 -43.34 -
72 160 -46.22 -
72 161 -46.85 -
72 162 -49.41 -
72 163 -49.72 -
72 164 -51.97 -
72 165 -51.87 -
72 166 -53.74 -
72 167 -53.40 -
72 168 -55.05 -
72 169 -54.47 -
72 170 -55.82 -
72 171 -55.01 -
72 172 -56.00 -
72 173 -54.91 -
72 174 -55.51 -
72 175 -54.02 -
72 176 -54.29 -
72 177 -52.49 -
72 178 -52.46 -
72 179 -50.27 -
72 180 -49.90 -
72 181 -47.47 -
72 182 -46.75 -
72 183 -43.79 -
72 184 -42.27 -
72 185 -38.67 -
72 186 -37.01 -
72 187 -33.37 -
72 188 -31.67 -
72 189 -27.92 -
72 190 -26.04 -
72 191 -22.02 -
72 192 -19.83 -
72 193 -15.68 -
72 194 -13.56 -
72 195 -9.49 -
72 196 -7.10 -
72 197 -2.87 -
72 198 -0.25 -
72 199 6.20 -
72 200 10.77 -
72 201 17.11 -
72 202 21.65 -
72 203 28.03 -
72 204 32.56 -
72 205 38.93 -
72 206 43.60 -
72 207 50.07 -
72 208 54.83 -
72 209 61.34 -
72 210 66.14 -
72 211 72.65 -
72 212 77.46 -
72 213 84.09 -
72 214 89.04 -
72 215 95.83 -
72 216 100.93 -
72 217 107.83 -
72 218 113.13 -
72 219 120.22 -
72 220 125.70 -
72 221 133.03 -
72 222 138.72 -
72 223 146.24 -
72 224 152.19 -
72 225 159.89 -
72 226 166.08 -
72 227 174.04 -
72 228 180.43 -
72 229 188.56 -
72 230 195.14 -
72 231 203.43 -
72 232 210.20 -
72 233 218.72 -
72 234 225.66 -
72 235 234.28 -
72 236 241.51 -
72 237 250.42 -
72 238 257.82 -
72 239 266.91 -
72 240 274.51 -
72 241 283.44 -
72 242 290.62 -
72 243 299.07 -
72 244 305.94 -
72 245 314.43 -
72 246 322.16 -
72 247 331.50 -
72 248 339.45 -
72 249 348.96 -
72 250 357.04 -
72 251 366.76 -
72 252 374.96 -
72 253 384.83 -
72 254 393.29 -
72 255 403.35 -
72 256 411.91 -
72 257 421.99 -
73 147 15.56 -
73 148 10.72 -
73 149 4.49 -
73 150 0.25 -
73 151 -5.50 -
73 152 -9.41 -
73 153 -15.12 -
73 154 -19.30 -
73 155 -25.28 -
73 156 -27.00 -
73 157 -30.44 -
73 158 -32.07 -
73 159 -35.25 -
73 160 -36.59 -
73 161 -39.45 -
73 162 -40.55 -
73 163 -43.19 -
73 164 -43.87 -
73 165 -46.18 -
73 166 -46.42 -
73 167 -48.29 -
73 168 -48.43 -
73 169 -50.05 -
73 170 -49.98 -
73 171 -51.25 -
73 172 -50.99 -
73 173 -52.00 -
73 174 -51.33 -
73 175 -52.04 -
73 176 -50.93 -
73 177 -51.29 -
73 178 -49.94 -
73 179 -49.91 -
73 180 -48.22 -
73 181 -47.93 -
73 182 -45.96 -
73 183 -45.31 -
73 184 -42.95 -
73 185 -42.02 -
73 186 -38.98 -
73 187 -37.28 -
73 188 -34.11 -
73 189 -32.43 -
73 190 -29.17 -
73 191 -27.28 -
73 192 -23.70 -
73 193 -21.57 -
73 194 -17.84 -
73 195 -15.76 -
73 196 -12.12 -
73 197 -9.76 -
73 198 -5.98 -
73 199 -3.38 -
73 200 2.63 -
73 201 7.19 -
73 202 13.11 -
73 203 17.65 -
73 204 23.57 -
73 205 28.17 -
73 206 34.18 -
73 207 38.88 -
73 208 45.03 -
73 209 49.77 -
73 210 55.95 -
73 211 60.84 -
73 212 67.02 -
73 213 71.87 -
73 214 78.11 -
73 215 83.08 -
73 216 89.48 -
73 217 94.61 -
73 218 101.16 -
73 219 106.46 -
73 220 113.19 -
73 221 118.70 -
73 222 125.65 -
73 223 131.37 -
73 224 138.52 -
73 225 144.47 -
73 226 151.79 -
73 227 157.92 -
73 228 165.43 -
73 229 171.81 -
73 230 179.50 -
73 231 186.06 -
73 232 193.97 -
73 233 200.69 -
73 234 208.76 -
73 235 215.70 -
73 236 224.00 -
73 237 231.03 -
73 238 239.53 -
73 239 246.91 -
73 240 255.66 -
73 241 263.19 -
73 242 271.75 -
73 243 278.98 -
73 244 287.11 -
73 245 293.97 -
73 246 302.12 -
73 247 309.86 -
73 248 318.87 -
73 249 326.82 -
73 250 336.00 -
73 251 344.08 -
73 252 353.46 -
73 253 361.68 -
73 254 371.21 -
73 255 379.69 -
73 256 389.41 -
73 257 397.98 -
73 258 407.73 -
73 263 457.27 -
74 149 19.29 -
74 150 12.55 -
74 151 8.28 -
74 152 2.03 -
74 153 -1.87 -
74 154 -8.07 -
74 155 -12.27 -
74 156 -18.75 -
74 157 -20.56 -
74 158 -24.53 -
74 159 -26.20 -
74 160 -29.87 -
74 161 -31.22 -
74 162 -34.55 -
74 163 -35.62 -
74 164 -38.60 -
74 165 -39.47 -
74 166 -42.11 -
74 167 -42.49 -
74 168 -44.70 -
74 169 -44.75 -
74 170 -46.86 -
74 171 -46.77 -
74 172 -48.60 -
74 173 -48.28 -
74 174 -49.80 -
74 175 -49.09 -
74 176 -50.28 -
74 177 -49.22 -
74 178 -50.04 -
74 179 -48.70 -
74 180 -49.16 -
74 181 -47.47 -
74 182 -47.65 -
74 183 -45.71 -
74 184 -45.52 -
74 185 -43.22 -
74 186 -42.73 -
74 187 -40.16 -
74 188 -39.27 -
74 189 -36.15 -
74 190 -35.00 -
74 191 -31.80 -
74 192 -30.26 -
74 193 -26.69 -
74 194 -24.98 -
74 195 -21.27 -
74 196 -19.69 -
74 197 -16.10 -
74 198 -14.19 -
74 199 -10.43 -
74 200 -8.25 -
74 201 -2.28 -
74 202 1.88 -
74 203 7.81 -
74 204 11.95 -
74 205 17.88 -
74 206 22.11 -
74 207 28.15 -
74 208 32.46 -
74 209 38.59 -
74 210 43.02 -
74 211 49.30 -
74 212 53.79 -
74 213 60.08 -
74 214 64.57 -
74 215 70.86 -
74 216 75.46 -
74 217 81.90 -
74 218 86.64 -
74 219 93.22 -
74 220 98.15 -
74 221 104.92 -
74 222 110.05 -
74 223 117.03 -
74 224 122.38 -
74 225 129.56 -
74 226 135.12 -
74 227 142.45 -
74 228 148.21 -
74 229 155.73 -
74 230 161.65 -
74 231 169.32 -
74 232 175.46 -
74 233 183.29 -
74 234 189.62 -
74 235 197.73 -
74 236 204.26 -
74 237 212.50 -
74 238 219.22 -
74 239 227.71 -
74 240 234.59 -
74 241 243.26 -
74 242 250.37 -
74 243 258.80 -
74 244 265.67 -
74 245 273.85 -
74 246 280.42 -
74 247 288.58 -
74 248 295.97 -
74 249 304.99 -
74 250 312.60 -
74 251 321.81 -
74 252 329.56 -
74 253 338.94 -
74 254 346.81 -
74 255 356.36 -
74 256 364.50 -
74 257 374.24 -
74 258 382.48 -
74 259 392.25 -
74 260 401.52 -
74 261 412.23 -
74 262 421.35 -
74 263 432.04 -
74 264 440.97 -
74 265 451.52 -
74 266 460.32 -
75 152 18.46 -
75 153 12.19 -
75 154 7.79 -
75 155 1.58 -
75 156 -3.11 -
75 157 -9.62 -
75 158 -11.94 -
75 159 -15.98 -
75 160 -18.16 -
75 161 -21.82 -
75 162 -23.68 -
75 163 -27.00 -
75 164 -28.50 -
75 165 -31.54 -
75 166 -32.64 -
75 167 -35.33 -
75 168 -36.11 -
75 169 -38.35 -
75 170 -38.88 -
75 171 -40.93 -
75 172 -41.33 -
75 173 -43.21 -
75 174 -43.34 -
75 175 -44.87 -
75 176 -44.63 -
75 177 -45.73 -
75 178 -45.20 -
75 179 -45.99 -
75 180 -45.16 -
75 181 -45.65 -
75 182 -44.45 -
75 183 -44.62 -
75 184 -43.13 -
75 185 -42.95 -
75 186 -41.15 -
75 187 -40.72 -
75 188 -38.61 -
75 189 -38.06 -
75 190 -35.89 -
75 191 -34.87 -
75 192 -32.08 -
75 193 -30.60 -
75 194 -27.49 -
75 195 -25.77 -
75 196 -22.46 -
75 197 -20.92 -
75 198 -17.79 -
75 199 -16.01 -
75 200 -12.70 -
75 201 -10.55 -
75 202 -4.96 -
75 203 -0.81 -
75 204 4.71 -
75 205 8.84 -
75 206 14.42 -
75 207 18.65 -
75 208 24.34 -
75 209 28.64 -
75 210 34.43 -
75 211 38.89 -
75 212 44.79 -
75 213 49.27 -
75 214 55.14 -
75 215 59.70 -
75 216 65.62 -
75 217 70.25 -
75 218 76.29 -
75 219 81.09 -
75 220 87.29 -
75 221 92.25 -
75 222 98.66 -
75 223 103.80 -
75 224 110.42 -
75 225 115.78 -
75 226 122.58 -
75 227 128.16 -
75 228 135.14 -
75 229 140.92 -
75 230 148.03 -
75 231 153.96 -
75 232 161.26 -
75 233 167.35 -
75 234 174.81 -
75 235 181.13 -
75 236 188.70 -
75 237 195.24 -
75 238 203.25 -
75 239 209.88 -
75 240 217.98 -
75 241 224.85 -
75 242 233.07 -
75 243 239.91 -
75 244 247.92 -
75 245 254.50 -
75 246 262.43 -
75 247 269.19 -
75 248 277.11 -
75 249 284.50 -
75 250 293.18 -
75 251 300.77 -
75 252 309.69 -
75 253 317.48 -
75 254 326.54 -
75 255 334.46 -
75 256 343.66 -
75 257 351.72 -
75 258 361.12 -
75 259 369.36 -
75 260 378.81 -
75 263 407.72 -
75 264 418.06 -
75 265 427.10 -
75 266 437.36 -
75 267 446.40 -
75 268 456.38 -
75 269 465.17 -
76 154 20.49 -
76 155 16.08 -
76 156 9.37 -
76 157 4.67 -
76 158 -2.37 -
76 159 -4.72 -
76 160 -9.26 -
76 161 -11.46 -
76 162 -15.60 -
76 163 -17.48 -
76 164 -21.03 -
76 165 -22.75 -
76 166 -26.08 -
76 167 -27.29 -
76 168 -30.38 -
76 169 -31.17 -
76 170 -33.90 -
76 171 -34.37 -
76 172 -36.80 -
76 173 -37.22 -
76 174 -39.57 -
76 175 -39.72 -
76 176 -41.70 -
76 177 -41.41 -
76 178 -43.05 -
76 179 -42.50 -
76 180 -43.81 -
76 181 -42.95 -
76 182 -43.90 -
76 183 -42.70 -
76 184 -43.32 -
76 185 -41.80 -
76 186 -42.10 -
76 187 -40.34 -
76 188 -40.41 -
76 189 -38.63 -
76 190 -38.62 -
76 191 -36.48 -
76 192 -36.16 -
76 193 -33.64 -
76 194 -32.61 -
76 195 -29.55 -
76 196 -28.29 -
76 197 -24.99 -
76 198 -23.88 -
76 199 -20.78 -
76 200 -19.59 -
76 201 -16.26 -
76 202 -14.59 -
76 203 -8.94 -
76 204 -5.21 -
76 205 0.33 -
76 206 4.07 -
76 207 9.69 -
76 208 13.55 -
76 209 19.22 -
76 210 23.16 -
76 211 29.06 -
76 212 33.22 -
76 213 39.11 -
76 214 43.18 -
76 215 49.04 -
76 216 53.20 -
76 217 59.18 -
76 218 63.43 -
76 219 69.52 -
76 220 73.97 -
76 221 80.17 -
76 222 84.79 -
76 223 91.19 -
76 224 96.02 -
76 225 102.62 -
76 226 107.65 -
76 227 114.43 -
76 228 119.64 -
76 229 126.64 -
76 230 132.04 -
76 231 139.19 -
76 232 144.75 -
76 233 152.03 -
76 234 157.75 -
76 235 165.21 -
76 236 171.10 -
76 237 178.77 -
76 238 184.93 -
76 239 192.69 -
76 240 198.92 -
76 241 206.86 -
76 242 213.29 -
76 243 221.41 -
76 244 227.79 -
76 245 235.63 -
76 246 241.95 -
76 247 249.99 -
76 248 256.40 -
76 249 264.38 -
76 250 271.49 -
76 251 280.23 -
76 252 287.45 -
76 253 296.31 -
76 254 303.82 -
76 255 312.94 -
76 256 320.54 -
76 257 329.79 -
76 258 337.48 -
76 259 346.90 -
76 260 354.74 -
76 261 364.14 -
76 262 373.14 -
76 263 383.63 -
76 264 392.49 -
76 265 402.90 -
76 266 411.68 -
76 267 422.03 -
76 268 430.81 -
76 269 441.06 -
76 270 449.55 -
76 271 459.58 -
76 272 468.15 -
76 273 478.27 -
77 157 19.76 -
77 158 14.57 -
77 159 7.48 -
77 160 4.61 -
77 161 0.07 -
77 162 -2.58 -
77 163 -6.81 -
77 164 -8.91 -
77 165 -12.85 -
77 166 -14.73 -
77 167 -18.09 -
77 168 -19.66 -
77 169 -22.71 -
77 170 -24.05 -
77 171 -26.78 -
77 172 -27.71 -
77 173 -30.10 -
77 174 -30.83 -
77 175 -33.25 -
77 176 -33.88 -
77 177 -35.88 -
77 178 -36.03 -
77 179 -37.67 -
77 180 -37.60 -
77 181 -38.81 -
77 182 -38.49 -
77 183 -39.43 -
77 184 -38.69 -
77 185 -39.32 -
77 186 -38.28 -
77 187 -38.60 -
77 188 -37.48 -
77 189 -37.70 -
77 190 -36.32 -
77 191 -36.31 -
77 192 -34.71 -
77 193 -34.46 -
77 194 -32.53 -
77 195 -31.90 -
77 196 -29.36 -
77 197 -28.10 -
77 198 -25.31 -
77 199 -24.23 -
77 200 -21.55 -
77 201 -20.32 -
77 202 -17.45 -
77 203 -15.76 -
77 204 -10.66 -
77 205 -6.98 -
77 206 -1.83 -
77 207 1.94 -
77 208 7.21 -
77 209 11.06 -
77 210 16.37 -
77 211 20.37 -
77 212 25.82 -
77 213 30.01 -
77 214 35.60 -
77 215 39.76 -
77 216 45.23 -
77 217 49.41 -
77 218 55.00 -
77 219 59.29 -
77 220 65.01 -
77 221 69.44 -
77 222 75.32 -
77 223 79.94 -
77 224 86.04 -
77 225 90.82 -
77 226 97.06 -
77 227 102.09 -
77 228 108.52 -
77 229 113.75 -
77 230 120.36 -
77 231 125.75 -
77 232 132.55 -
77 233 138.11 -
77 234 145.06 -
77 235 150.78 -
77 236 157.91 -
77 237 163.80 -
77 238 171.04 -
77 239 176.81 -
77 240 184.11 -
77 241 190.33 -
77 242 197.94 -
77 243 204.25 -
77 244 211.77 -
77 245 217.99 -
77 246 225.56 -
77 247 231.98 -
77 248 239.75 -
77 249 246.26 -
77 250 254.02 -
77 251 261.09 -
77 252 269.45 -
77 253 276.72 -
77 254 285.28 -
77 255 292.75 -
77 256 301.48 -
77 257 309.08 -
77 258 318.01 -
77 259 325.80 -
77 260 334.81 -
77 261 342.69 -
77 262 351.81 -
77 263 360.77 -
77 264 370.85 -
77 265 379.71 -
77 266 389.83 -
77 267 398.70 -
77 268 408.77 -
77 269 417.65 -
77 270 427.61 -
77 271 436.34 -
77 272 446.08 -
77 273 454.67 -
77 274 464.49 -
77 275 473.16 -
77 276 483.08 -
78 159 23.09 -
78 160 15.48 -
78 161 12.57 -
78 162 7.56 -
78 163 4.89 -
78 164 0.34 -
78 165 -2.00 -
78 166 -6.16 -
78 167 -8.07 -
78 168 -11.91 -
78 169 -13.44 -
78 170 -16.96 -
78 171 -18.21 -
78 172 -21.41 -
78 173 -22.36 -
78 174 -25.15 -
78 175 -25.77 -
78 176 -28.65 -
78 177 -29.34 -
78 178 -31.81 -
78 179 -31.96 -
78 180 -34.06 -
78 181 -33.98 -
78 182 -35.72 -
78 183 -35.31 -
78 184 -36.74 -
78 185 -35.97 -
78 186 -37.07 -
78 187 -36.02 -
78 188 -37.01 -
78 189 -35.93 -
78 190 -36.63 -
78 191 -35.23 -
78 192 -35.66 -
78 193 -34.04 -
78 194 -34.27 -
78 195 -32.45 -
78 196 -32.35 -
78 197 -30.14 -
78 198 -29.61 -
78 199 -26.90 -
78 200 -26.27 -
78 201 -23.63 -
78 202 -22.76 -
78 203 -19.92 -
78 204 -18.64 -
78 205 -13.57 -
78 206 -10.32 -
78 207 -5.20 -
78 208 -1.85 -
78 209 3.43 -
78 210 6.95 -
78 211 12.31 -
78 212 16.00 -
78 213 21.55 -
78 214 25.32 -
78 215 30.95 -
78 216 34.76 -
78 217 40.24 -
78 218 44.04 -
78 219 49.64 -
78 220 53.56 -
78 221 59.30 -
78 222 63.37 -
78 223 69.27 -
78 224 73.51 -
78 225 79.62 -
78 226 84.06 -
78 227 90.32 -
78 228 94.94 -
78 229 101.41 -
78 230 106.24 -
78 231 112.90 -
78 232 117.92 -
78 233 124.70 -
78 234 129.91 -
78 235 136.88 -
78 236 142.26 -
78 237 149.40 -
78 238 154.79 -
78 239 161.91 -
78 240 167.43 -
78 241 174.65 -
78 242 180.28 -
78 243 187.73 -
78 244 193.45 -
78 245 200.87 -
78 246 206.72 -
78 247 214.34 -
78 248 220.45 -
78 249 228.28 -
78 250 234.57 -
78 251 242.47 -
78 252 249.18 -
78 253 257.54 -
78 254 264.46 -
78 255 273.06 -
78 256 280.14 -
78 257 288.92 -
78 258 296.14 -
78 259 305.04 -
78 260 312.48 -
78 261 321.58 -
78 262 329.17 -
78 263 338.31 -
78 264 346.91 -
78 265 357.04 -
78 266 365.60 -
78 267 375.70 -
78 268 384.27 -
78 269 394.41 -
78 270 403.00 -
78 271 413.04 -
78 272 421.54 -
78 273 431.42 -
78 274 439.74 -
78 275 449.59 -
78 276 457.97 -
78 277 467.90 -
78 278 476.35 -
79 161 26.05 -
79 162 22.65 -
79 163 17.65 -
79 164 14.59 -
79 165 9.93 -
79 166 7.26 -
79 167 3.06 -
79 168 0.74 -
79 169 -3.06 -
79 170 -5.05 -
79 171 -8.51 -
79 172 -10.19 -
79 173 -13.38 -
79 174 -14.79 -
79 175 -17.72 -
79 176 -18.76 -
79 177 -21.42 -
79 178 -22.54 -
79 179 -24.97 -
79 180 -25.69 -
79 181 -27.81 -
79 182 -28.16 -
79 183 -29.91 -
79 184 -29.91 -
79 185 -31.38 -
79 186 -31.05 -
79 187 -32.16 -
79 188 -31.66 -
79 189 -32.78 -
79 190 -32.13 -
79 191 -32.87 -
79 192 -31.97 -
79 193 -32.44 -
79 194 -31.25 -
79 195 -31.44 -
79 196 -30.03 -
79 197 -30.02 -
79 198 -28.41 -
79 199 -28.16 -
79 200 -26.26 -
79 201 -25.66 -
79 202 -23.48 -
79 203 -22.66 -
79 204 -20.23 -
79 205 -18.98 -
79 206 -14.28 -
79 207 -11.03 -
79 208 -6.28 -
79 209 -2.85 -
79 210 1.96 -
79 211 5.46 -
79 212 10.57 -
79 213 14.27 -
79 214 19.42 -
79 215 23.28 -
79 216 28.54 -
79 217 32.37 -
79 218 37.49 -
79 219 41.29 -
79 220 46.52 -
79 221 50.44 -
79 222 55.81 -
79 223 59.90 -
79 224 65.44 -
79 225 69.69 -
79 226 75.38 -
79 227 79.87 -
79 228 85.78 -
79 229 90.38 -
79 230 96.46 -
79 231 101.29 -
79 232 107.60 -
79 233 112.61 -
79 234 119.04 -
79 235 124.26 -
79 236 130.88 -
79 237 136.26 -
79 238 142.83 -
79 239 148.18 -
79 240 154.88 -
79 241 160.35 -
79 242 167.13 -
79 243 172.42 -
79 244 179.35 -
79 245 185.07 -
79 246 192.13 -
79 247 198.03 -
79 248 205.34 -
79 249 211.46 -
79 250 218.92 -
79 251 225.25 -
79 252 232.97 -
79 253 239.70 -
79 254 247.72 -
79 255 254.64 -
79 256 262.89 -
79 257 270.06 -
79 258 278.46 -
79 259 285.72 -
79 260 294.34 -
79 261 301.70 -
79 262 310.45 -
79 263 318.03 -
79 264 326.84 -
79 265 335.48 -
79 266 345.34 -
79 267 353.93 -
79 268 363.78 -
79 269 372.44 -
79 270 382.26 -
79 271 390.81 -
79 272 400.55 -
79 273 408.99 -
79 274 418.65 -
79 275 427.17 -
79 276 436.77 -
79 277 445.17 -
79 278 454.80 -
79 279 463.28 -
80 164 25.93 -
80 165 22.90 -
80 166 17.86 -
80 167 15.17 -
80 168 10.49 -
80 169 8.23 -
80 170 3.98 -
80 171 2.01 -
80 172 -1.95 -
80 173 -3.67 -
80 174 -7.34 -
80 175 -8.78 -
80 176 -12.18 -
80 177 -13.36 -
80 178 -16.41 -
80 179 -17.20 -
80 180 -19.98 -
80 181 -20.73 -
80 182 -23.30 -
80 183 -23.66 -
80 184 -25.85 -
80 185 -25.89 -
80 186 -27.77 -
80 187 -27.44 -
80 188 -29.13 -
80 189 -28.80 -
80 190 -30.35 -
80 191 -29.84 -
80 192 -31.09 -
80 193 -30.23 -
80 194 -31.21 -
80 195 -30.14 -
80 196 -30.86 -
80 197 -29.53 -
80 198 -30.00 -
80 199 -28.42 -
80 200 -28.65 -
80 201 -26.85 -
80 202 -26.73 -
80 203 -24.56 -
80 204 -24.27 -
80 205 -21.81 -
80 206 -21.04 -
80 207 -16.30 -
80 208 -13.42 -
80 209 -8.59 -
80 210 -5.55 -
80 211 -0.61 -
80 212 2.58 -
80 213 7.61 -
80 214 10.97 -
80 215 16.15 -
80 216 19.62 -
80 217 24.97 -
80 218 28.36 -
80 219 33.51 -
80 220 36.91 -
80 221 42.18 -
80 222 45.71 -
80 223 51.11 -
80 224 54.81 -
80 225 60.39 -
80 226 64.27 -
80 227 69.99 -
80 228 74.12 -
80 229 80.00 -
80 230 84.24 -
80 231 90.34 -
80 232 94.79 -
80 233 101.08 -
80 234 105.70 -
80 235 112.17 -
80 236 117.01 -
80 237 123.65 -
80 238 128.69 -
80 239 135.08 -
80 240 139.86 -
80 241 146.54 -
80 242 151.44 -
80 243 157.96 -
80 244 162.80 -
80 245 169.82 -
80 246 175.26 -
80 247 182.37 -
80 248 187.92 -
80 249 195.20 -
80 250 200.88 -
80 251 208.29 -
80 252 214.22 -
80 253 222.23 -
80 254 228.67 -
80 255 236.78 -
80 256 243.35 -
80 257 251.53 -
80 258 258.39 -
80 259 266.88 -
80 260 273.82 -
80 261 282.42 -
80 262 289.44 -
80 263 298.25 -
80 264 305.43 -
80 265 314.19 -
80 266 322.56 -
80 267 332.50 -
80 268 340.82 -
80 269 350.76 -
80 270 359.11 -
80 271 369.07 -
80 272 377.26 -
80 273 386.89 -
80 274 395.10 -
80 275 404.72 -
80 276 413.01 -
80 277 422.73 -
80 278 430.91 -
80 279 440.59 -
80 280 448.77 -
81 166 33.39 -
81 167 28.39 -
81 168 25.25 -
81 169 20.56 -
81 170 17.73 -
81 171 13.44 -
81 172 10.99 -
81 173 6.98 -
81 174 4.84 -
81 175 1.16 -
81 176 -0.75 -
81 177 -4.17 -
81 178 -5.83 -
81 179 -8.99 -
81 180 -10.39 -
81 181 -13.17 -
81 182 -14.14 -
81 183 -16.58 -
81 184 -17.32 -
81 185 -19.49 -
81 186 -19.97 -
81 187 -21.92 -
81 188 -22.22 -
81 189 -23.99 -
81 190 -24.11 -
81 191 -25.68 -
81 192 -25.62 -
81 193 -27.00 -
81 194 -26.69 -
81 195 -27.76 -
81 196 -27.15 -
81 197 -27.90 -
81 198 -26.98 -
81 199 -27.42 -
81 200 -26.25 -
81 201 -26.46 -
81 202 -25.10 -
81 203 -25.09 -
81 204 -23.44 -
81 205 -23.17 -
81 206 -21.15 -
81 207 -20.36 -
81 208 -16.05 -
81 209 -13.15 -
81 210 -8.68 -
81 211 -5.60 -
81 212 -1.01 -
81 213 2.24 -
81 214 6.95 -
81 215 10.30 -
81 216 15.12 -
81 217 18.58 -
81 218 23.50 -
81 219 26.94 -
81 220 31.72 -
81 221 35.11 -
81 222 40.03 -
81 223 43.56 -
81 224 48.62 -
81 225 52.31 -
81 226 57.52 -
81 227 61.41 -
81 228 66.84 -
81 229 70.90 -
81 230 76.44 -
81 231 80.71 -
81 232 86.40 -
81 233 90.84 -
81 234 96.72 -
81 235 101.38 -
81 236 107.46 -
81 237 112.31 -
81 238 118.58 -
81 239 123.59 -
81 240 129.50 -
81 241 134.16 -
81 242 140.15 -
81 243 144.92 -
81 244 151.09 -
81 245 155.97 -
81 246 162.64 -
81 247 168.08 -
81 248 174.86 -
81 249 180.45 -
81 250 187.41 -
81 251 193.16 -
81 252 200.26 -
81 253 206.20 -
81 254 213.77 -
81 255 220.18 -
81 256 227.95 -
81 257 234.59 -
81 258 242.56 -
81 259 249.39 -
81 260 257.49 -
81 261 264.44 -
81 262 272.76 -
81 263 279.84 -
81 264 288.24 -
81 265 295.47 -
81 266 303.95 -
81 267 312.29 -
81 268 321.88 -
81 269 330.23 -
81 270 339.90 -
81 271 348.33 -
81 272 357.98 -
81 273 366.15 -
81 274 375.48 -
81 275 383.72 -
81 276 393.05 -
81 277 401.30 -
81 278 410.65 -
81 279 418.88 -
81 280 428.41 -
81 281 436.64 -
82 169 33.87 -
82 170 28.69 -
82 171 25.82 -
82 172 20.96 -
82 173 18.52 -
82 174 14.07 -
82 175 11.87 -
82 176 7.70 -
82 177 5.76 -
82 178 1.85 -
82 179 0.15 -
82 180 -3.49 -
82 181 -4.93 -
82 182 -8.30 -
82 183 -9.21 -
82 184 -12.05 -
82 185 -12.75 -
82 186 -15.38 -
82 187 -15.89 -
82 188 -18.30 -
82 189 -18.59 -
82 190 -20.80 -
82 191 -20.93 -
82 192 -22.95 -
82 193 -22.91 -
82 194 -24.73 -
82 195 -24.49 -
82 196 -26.08 -
82 197 -25.44 -
82 198 -26.58 -
82 199 -25.67 -
82 200 -26.55 -
82 201 -25.38 -
82 202 -26.01 -
82 203 -24.63 -
82 204 -25.06 -
82 205 -23.51 -
82 206 -23.72 -
82 207 -21.69 -
82 208 -21.34 -
82 209 -17.00 -
82 210 -14.43 -
82 211 -9.95 -
82 212 -7.25 -
82 213 -2.66 -
82 214 0.15 -
82 215 4.87 -
82 216 7.82 -
82 217 12.64 -
82 218 15.69 -
82 219 20.61 -
82 220 23.78 -
82 221 28.68 -
82 222 31.69 -
82 223 36.64 -
82 224 39.78 -
82 225 44.86 -
82 226 48.19 -
82 227 53.45 -
82 228 56.95 -
82 229 62.41 -
82 230 66.09 -
82 231 71.68 -
82 232 75.59 -
82 233 81.31 -
82 234 85.41 -
82 235 91.33 -
82 236 95.56 -
82 237 101.62 -
82 238 106.08 -
82 239 112.28 -
82 240 116.48 -
82 241 122.40 -
82 242 126.69 -
82 243 132.70 -
82 244 137.07 -
82 245 143.15 -
82 246 147.63 -
82 247 154.37 -
82 248 159.54 -
82 249 166.41 -
82 250 171.67 -
82 251 178.63 -
82 252 184.02 -
82 253 191.17 -
82 254 196.80 -
82 255 204.39 -
82 256 210.43 -
82 257 218.18 -
82 258 224.39 -
82 259 232.44 -
82 260 238.98 -
82 261 247.18 -
82 262 253.81 -
82 263 262.05 -
82 264 268.76 -
82 265 277.31 -
82 266 284.17 -
82 267 292.58 -
82 268 300.63 -
82 269 310.30 -
82 270 318.42 -
82 271 328.11 -
82 272 336.12 -
82 273 345.64 -
82 274 353.55 -
82 275 362.92 -
82 276 370.90 -
82 277 380.25 -
82 278 388.20 -
82 279 397.62 -
82 280 405.51 -
82 281 415.04 -
82 282 422.99 -
83 171 41.44 -
83 172 38.10 -
83 173 33.23 -
83 174 30.19 -
83 175 25.70 -
83 176 23.02 -
83 177 18.79 -
83 178 16.37 -
83 179 12.42 -
83 180 10.26 -
83 181 6.62 -
83 182 4.75 -
83 183 1.43 -
83 184 -0.14 -
83 185 -3.04 -
83 186 -4.19 -
83 187 -6.84 -
83 188 -7.80 -
83 189 -10.24 -
83 190 -11.01 -
83 191 -13.23 -
83 192 -13.81 -
83 193 -15.85 -
83 194 -16.22 -
83 195 -18.04 -
83 196 -18.19 -
83 197 -19.74 -
83 198 -19.64 -
83 199 -20.85 -
83 200 -20.36 -
83 201 -21.30 -
83 202 -20.60 -
83 203 -21.27 -
83 204 -20.32 -
83 205 -20.77 -
83 206 -19.57 -
83 207 -19.75 -
83 208 -18.21 -
83 209 -17.84 -
83 210 -14.09 -
83 211 -11.72 -
83 212 -7.66 -
83 213 -4.99 -
83 214 -0.83 -
83 215 1.96 -
83 216 6.24 -
83 217 9.17 -
83 218 13.51 -
83 219 16.30 -
83 220 20.57 -
83 221 23.38 -
83 222 27.83 -
83 223 30.82 -
83 224 35.40 -
83 225 38.58 -
83 226 43.27 -
83 227 46.63 -
83 228 51.50 -
83 229 55.06 -
83 230 60.08 -
83 231 63.84 -
83 232 69.09 -
83 233 73.02 -
83 234 78.39 -
83 235 82.50 -
83 236 88.04 -
83 237 92.32 -
83 238 98.03 -
83 239 102.50 -
83 240 108.37 -
83 241 112.79 -
83 242 118.37 -
83 243 122.66 -
83 244 128.29 -
83 245 132.73 -
83 246 138.53 -
83 247 143.06 -
83 248 149.38 -
83 249 154.45 -
83 250 161.00 -
83 251 166.31 -
83 252 173.00 -
83 253 178.48 -
83 254 185.32 -
83 255 191.06 -
83 256 198.24 -
83 257 204.24 -
83 258 211.65 -
83 259 217.89 -
83 260 225.47 -
83 261 231.88 -
83 262 239.65 -
83 263 246.26 -
83 264 254.23 -
83 265 261.04 -
83 266 269.15 -
83 267 276.13 -
83 268 284.35 -
83 269 292.33 -
83 270 301.42 -
83 271 309.35 -
83 272 318.60 -
83 273 326.43 -
83 274 335.59 -
83 275 343.43 -
83 276 352.47 -
83 277 360.51 -
83 278 369.51 -
83 279 377.54 -
83 280 386.65 -
83 281 394.57 -
83 282 403.73 -
83 283 411.74 -
84 174 43.35 -
84 175 40.28 -
84 176 35.23 -
84 177 32.52 -
84 178 27.82 -
84 179 25.38 -
84 180 20.95 -
84 181 18.60 -
84 182 14.39 -
84 183 12.33 -
84 184 8.46 -
84 185 6.87 -
84 186 3.37 -
84 187 2.15 -
84 188 -0.97 -
84 189 -1.88 -
84 190 -4.65 -
84 191 -5.28 -
84 192 -7.77 -
84 193 -8.31 -
84 194 -10.74 -
84 195 -11.08 -
84 196 -13.29 -
84 197 -13.40 -
84 198 -15.37 -
84 199 -15.27 -
84 200 -16.99 -
84 201 -16.62 -
84 202 -17.97 -
84 203 -17.25 -
84 204 -18.35 -
84 205 -17.39 -
84 206 -18.22 -
84 207 -16.99 -
84 208 -17.54 -
84 209 -16.03 -
84 210 -16.10 -
84 211 -12.37 -
84 212 -10.57 -
84 213 -6.94 -
84 214 -4.92 -
84 215 -0.76 -
84 216 1.70 -
84 217 5.75 -
84 218 8.15 -
84 219 12.24 -
84 220 14.64 -
84 221 18.90 -
84 222 21.33 -
84 223 25.72 -
84 224 28.32 -
84 225 32.91 -
84 226 35.72 -
84 227 40.43 -
84 228 43.45 -
84 229 48.31 -
84 230 51.51 -
84 231 56.53 -
84 232 59.95 -
84 233 65.17 -
84 234 68.79 -
84 235 74.18 -
84 236 77.94 -
84 237 83.53 -
84 238 87.45 -
84 239 93.19 -
84 240 97.31 -
84 241 103.22 -
84 242 107.32 -
84 243 113.01 -
84 244 116.94 -
84 245 122.71 -
84 246 126.82 -
84 247 132.68 -
84 248 136.86 -
84 249 143.21 -
84 250 147.94 -
84 251 154.39 -
84 252 159.35 -
84 253 166.13 -
84 254 171.34 -
84 255 178.25 -
84 256 183.68 -
84 257 190.86 -
84 258 196.46 -
84 259 203.79 -
84 260 209.61 -
84 261 217.17 -
84 262 223.23 -
84 263 230.96 -
84 264 237.15 -
84 265 245.04 -
84 266 251.39 -
84 267 259.46 -
84 268 266.08 -
84 269 274.86 -
84 270 282.48 -
84 271 291.59 -
84 272 298.85 -
84 273 307.83 -
84 274 315.34 -
84 275 324.44 -
84 276 331.90 -
84 277 340.96 -
84 278 348.40 -
84 279 357.63 -
84 280 365.18 -
84 281 374.36 -
84 282 381.98 -
84 283 391.20 -
84 284 398.88 -
85 177 47.21 -
85 178 43.98 -
85 179 38.95 -
85 180 35.75 -
85 181 31.07 -
85 182 28.23 -
85 183 23.96 -
85 184 21.51 -
85 185 17.64 -
85 186 15.53 -
85 187 12.11 -
85 188 10.35 -
85 189 7.21 -
85 190 5.89 -
85 191 3.25 -
85 192 2.22 -
85 193 -0.23 -
85 194 -0.85 -
85 195 -3.28 -
85 196 -4.06 -
85 197 -6.24 -
85 198 -6.76 -
85 199 -8.69 -
85 200 -8.98 -
85 201 -10.66 -
85 202 -10.71 -
85 203 -12.13 -
85 204 -11.85 -
85 205 -12.93 -
85 206 -12.32 -
85 207 -13.14 -
85 208 -12.31 -
85 209 -12.81 -
85 210 -11.75 -
85 211 -11.86 -
85 212 -8.57 -
85 213 -6.80 -
85 214 -3.64 -
85 215 -1.95 -
85 216 1.34 -
85 217 3.65 -
85 218 7.18 -
85 219 9.45 -
85 220 13.15 -
85 221 15.51 -
85 222 19.42 -
85 223 21.84 -
85 224 25.84 -
85 225 28.45 -
85 226 32.56 -
85 227 35.41 -
85 228 39.70 -
85 229 42.76 -
85 230 47.20 -
85 231 50.46 -
85 232 55.06 -
85 233 58.49 -
85 234 63.33 -
85 235 66.98 -
85 236 72.02 -
85 237 75.79 -
85 238 81.04 -
85 239 84.98 -
85 240 90.38 -
85 241 94.52 -
85 242 100.09 -
85 243 104.42 -
85 244 109.72 -
85 245 113.78 -
85 246 119.21 -
85 247 123.38 -
85 248 128.90 -
85 249 133.08 -
85 250 139.08 -
85 251 143.84 -
85 252 149.95 -
85 253 154.94 -
85 254 161.35 -
85 255 166.57 -
85 256 173.18 -
85 257 178.60 -
85 258 185.39 -
85 259 190.96 -
85 260 197.91 -
85 261 203.66 -
85 262 210.84 -
85 263 216.89 -
85 264 224.23 -
85 265 230.41 -
85 266 237.94 -
85 267 244.26 -
85 268 251.86 -
85 269 258.31 -
85 270 267.19 -
85 271 274.75 -
85 272 283.38 -
85 273 290.73 -
85 274 299.36 -
85 275 306.64 -
85 276 315.30 -
85 277 322.69 -
85 278 331.39 -
85 279 338.86 -
85 280 347.68 -
85 281 355.26 -
85 282 364.15 -
85 283 371.81 -
85 284 380.75 -
85 285 388.49 -
86 179 53.26 -
86 180 47.76 -
86 181 44.56 -
86 182 39.43 -
86 183 36.56 -
86 184 31.79 -
86 185 29.38 -
86 186 25.00 -
86 187 22.94 -
86 188 19.01 -
86 189 17.33 -
86 190 13.75 -
86 191 12.45 -
86 192 9.38 -
86 193 8.35 -
86 194 5.55 -
86 195 4.90 -
86 196 2.27 -
86 197 1.53 -
86 198 -1.06 -
86 199 -1.52 -
86 200 -3.86 -
86 201 -4.08 -
86 202 -6.13 -
86 203 -6.18 -
86 204 -8.00 -
86 205 -7.74 -
86 206 -9.24 -
86 207 -8.64 -
86 208 -9.83 -
86 209 -8.97 -
86 210 -9.87 -
86 211 -8.83 -
86 212 -9.37 -
86 213 -6.10 -
86 214 -4.77 -
86 215 -1.61 -
86 216 -0.40 -
86 217 2.76 -
86 218 4.00 -
86 219 7.35 -
86 220 9.17 -
86 221 12.94 -
86 222 14.74 -
86 223 18.66 -
86 224 20.70 -
86 225 24.70 -
86 226 26.93 -
86 227 31.02 -
86 228 33.45 -
86 229 37.70 -
86 230 40.38 -
86 231 44.82 -
86 232 47.70 -
86 233 52.33 -
86 234 55.40 -
86 235 60.25 -
86 236 63.55 -
86 237 68.65 -
86 238 72.03 -
86 239 77.33 -
86 240 80.90 -
86 241 86.34 -
86 242 90.12 -
86 243 95.74 -
86 244 99.70 -
86 245 105.22 -
86 246 108.98 -
86 247 114.45 -
86 248 118.32 -
86 249 123.85 -
86 250 127.67 -
86 251 133.70 -
86 252 138.10 -
86 253 144.25 -
86 254 148.90 -
86 255 155.33 -
86 256 160.15 -
86 257 166.66 -
86 258 171.66 -
86 259 178.53 -
86 260 183.73 -
86 261 190.70 -
86 262 196.18 -
86 263 203.29 -
86 264 208.94 -
86 265 216.32 -
86 266 222.15 -
86 267 229.69 -
86 268 235.67 -
86 269 243.25 -
86 270 249.27 -
86 271 258.24 -
86 272 265.51 -
86 273 274.15 -
86 274 281.23 -
86 275 290.04 -
86 276 296.89 -
86 277 305.45 -
86 278 312.36 -
86 279 320.86 -
86 280 328.01 -
86 281 336.86 -
86 282 344.08 -
86 283 352.97 -
86 284 360.30 -
86 285 369.25 -
86 286 376.70 -
87 182 55.47 -
87 183 50.32 -
87 184 47.02 -
87 185 42.22 -
87 186 39.28 -
87 187 34.94 -
87 188 32.42 -
87 189 28.50 -
87 190 26.39 -
87 191 22.81 -
87 192 21.07 -
87 193 17.94 -
87 194 16.53 -
87 195 13.75 -
87 196 12.74 -
87 197 10.23 -
87 198 9.14 -
87 199 6.62 -
87 200 5.73 -
87 201 3.48 -
87 202 2.85 -
87 203 0.79 -
87 204 0.38 -
87 205 -1.32 -
87 206 -1.53 -
87 207 -3.02 -
87 208 -2.79 -
87 209 -4.00 -
87 210 -3.52 -
87 211 -4.40 -
87 212 -3.79 -
87 213 -4.39 -
87 214 -1.56 -
87 215 -0.25 -
87 216 2.50 -
87 217 3.69 -
87 218 6.43 -
87 219 7.65 -
87 220 10.21 -
87 221 11.48 -
87 222 14.85 -
87 223 16.59 -
87 224 20.04 -
87 225 22.10 -
87 226 25.66 -
87 227 27.94 -
87 228 31.61 -
87 229 34.04 -
87 230 37.91 -
87 231 40.50 -
87 232 44.58 -
87 233 47.44 -
87 234 51.73 -
87 235 54.78 -
87 236 59.30 -
87 237 62.59 -
87 238 67.38 -
87 239 70.78 -
87 240 75.73 -
87 241 79.32 -
87 242 84.42 -
87 243 88.22 -
87 244 93.50 -
87 245 97.48 -
87 246 102.71 -
87 247 106.56 -
87 248 111.77 -
87 249 115.69 -
87 250 120.86 -
87 251 124.67 -
87 252 130.35 -
87 253 134.76 -
87 254 140.57 -
87 255 145.25 -
87 256 151.31 -
87 257 156.16 -
87 258 162.34 -
87 259 167.36 -
87 260 173.71 -
87 261 178.93 -
87 262 185.54 -
87 263 191.04 -
87 264 197.88 -
87 265 203.54 -
87 266 210.56 -
87 267 216.42 -
87 268 223.62 -
87 269 229.61 -
87 270 236.85 -
87 271 242.87 -
87 272 251.50 -
87 273 258.77 -
87 274 267.11 -
87 275 274.35 -
87 276 282.71 -
87 277 289.65 -
87 278 297.93 -
87 279 304.76 -
87 280 312.97 -
87 281 319.93 -
87 282 328.27 -
87 283 335.48 -
87 284 344.04 -
87 285 351.36 -
87 286 359.96 -
87 287 367.40 -
88 184 59.47 -
88 185 56.15 -
88 186 50.90 -
88 187 47.93 -
88 188 43.12 -
88 189 40.61 -
88 190 36.22 -
88 191 34.11 -
88 192 30.20 -
88 193 28.48 -
88 194 24.82 -
88 195 23.53 -
88 196 20.33 -
88 197 19.27 -
88 198 16.45 -
88 199 15.40 -
88 200 12.46 -
88 201 11.64 -
88 202 8.96 -
88 203 8.36 -
88 204 5.92 -
88 205 5.63 -
88 206 3.46 -
88 207 3.41 -
88 208 1.52 -
88 209 1.68 -
88 210 0.09 -
88 211 0.61 -
88 212 -0.74 -
88 213 -0.16 -
88 214 -1.17 -
88 215 1.64 -
88 216 2.52 -
88 217 5.27 -
88 218 6.05 -
88 219 8.77 -
88 220 9.51 -
88 221 12.04 -
88 222 12.89 -
88 223 15.61 -
88 224 16.84 -
88 225 20.24 -
88 226 21.87 -
88 227 25.36 -
88 228 27.32 -
88 229 30.94 -
88 230 32.97 -
88 231 36.85 -
88 232 39.04 -
88 233 43.15 -
88 234 45.54 -
88 235 49.90 -
88 236 52.57 -
88 237 57.11 -
88 238 60.01 -
88 239 64.84 -
88 240 67.89 -
88 241 72.86 -
88 242 76.14 -
88 243 81.24 -
88 244 84.70 -
88 245 90.00 -
88 246 93.65 -
88 247 99.06 -
88 248 102.56 -
88 249 107.79 -
88 250 111.40 -
88 251 116.59 -
88 252 120.03 -
88 253 125.72 -
88 254 129.80 -
88 255 135.63 -
88 256 139.96 -
88 257 146.05 -
88 258 150.57 -
88 259 156.81 -
88 260 161.51 -
88 261 167.86 -
88 262 172.72 -
88 263 179.27 -
88 264 184.34 -
88 265 191.21 -
88 266 196.56 -
88 267 203.60 -
88 268 209.12 -
88 269 216.34 -
88 270 221.98 -
88 271 229.23 -
88 272 234.94 -
88 273 243.55 -
88 274 250.47 -
88 275 258.90 -
88 276 265.79 -
88 277 274.21 -
88 278 280.85 -
88 279 289.11 -
88 280 295.74 -
88 281 303.88 -
88 282 310.51 -
88 283 318.81 -
88 284 325.57 -
88 285 334.01 -
88 286 341.02 -
88 287 349.60 -
88 288 356.71 -
89 187 62.12 -
89 188 58.69 -
89 189 53.83 -
89 190 50.87 -
89 191 46.47 -
89 192 43.88 -
89 193 39.93 -
89 194 37.81 -
89 195 34.26 -
89 196 32.54 -
89 197 29.33 -
89 198 27.88 -
89 199 25.05 -
89 200 23.54 -
89 201 20.62 -
89 202 19.46 -
89 203 16.89 -
89 204 15.92 -
89 205 13.54 -
89 206 12.90 -
89 207 10.85 -
89 208 10.40 -
89 209 8.55 -
89 210 8.31 -
89 211 6.70 -
89 212 6.80 -
89 213 5.41 -
89 214 5.56 -
89 215 4.52 -
89 216 6.90 -
89 217 7.78 -
89 218 10.12 -
89 219 10.88 -
89 220 13.18 -
89 221 13.90 -
89 222 16.00 -
89 223 16.76 -
89 224 19.03 -
89 225 19.95 -
89 226 22.62 -
89 227 24.28 -
89 228 27.32 -
89 229 29.11 -
89 230 32.41 -
89 231 34.40 -
89 232 37.91 -
89 233 40.09 -
89 234 43.85 -
89 235 46.21 -
89 236 50.15 -
89 237 52.79 -
89 238 56.99 -
89 239 59.90 -
89 240 64.33 -
89 241 67.50 -
89 242 72.07 -
89 243 75.37 -
89 244 80.13 -
89 245 83.63 -
89 246 88.58 -
89 247 92.25 -
89 248 97.38 -
89 249 101.01 -
89 250 105.92 -
89 251 109.55 -
89 252 114.35 -
89 253 117.78 -
89 254 123.13 -
89 255 127.21 -
89 256 132.70 -
89 257 137.06 -
89 258 142.82 -
89 259 147.37 -
89 260 153.29 -
89 261 158.03 -
89 262 164.08 -
89 263 168.96 -
89 264 175.24 -
89 265 180.27 -
89 266 186.66 -
89 267 191.93 -
89 268 198.62 -
89 269 204.16 -
89 270 211.06 -
89 271 216.68 -
89 272 223.60 -
89 273 229.33 -
89 274 237.59 -
89 275 244.51 -
89 276 252.69 -
89 277 259.61 -
89 278 267.73 -
89 279 274.42 -
89 280 282.37 -
89 281 288.98 -
89 282 296.77 -
89 283 303.38 -
89 284 311.31 -
89 285 318.10 -
89 286 326.18 -
89 287 333.10 -
89 288 341.34 -
89 289 348.41 -
90 190 62.81 -
90 191 59.80 -
90 192 54.93 -
90 193 52.37 -
90 194 48.00 -
90 195 45.84 -
90 196 41.87 -
90 197 40.14 -
90 198 36.56 -
90 199 35.19 -
90 200 31.95 -
90 201 30.45 -
90 202 27.13 -
90 203 26.01 -
90 204 23.06 -
90 205 22.18 -
90 206 19.45 -
90 207 18.85 -
90 208 16.43 -
90 209 16.02 -
90 210 13.79 -
90 211 13.61 -
90 212 11.62 -
90 213 11.66 -
90 214 9.83 -
90 215 9.94 -
90 216 8.47 -
90 217 10.83 -
90 218 11.31 -
90 219 13.67 -
90 220 13.98 -
90 221 16.26 -
90 222 16.57 -
90 223 18.63 -
90 224 18.97 -
90 225 21.12 -
90 226 21.68 -
90 227 24.19 -
90 228 25.07 -
90 229 28.06 -
90 230 29.45 -
90 231 32.69 -
90 232 34.22 -
90 233 37.73 -
90 234 39.52 -
90 235 43.28 -
90 236 45.26 -
90 237 49.18 -
90 238 51.45 -
90 239 55.59 -
90 240 58.09 -
90 241 62.62 -
90 242 65.41 -
90 243 70.00 -
90 244 72.97 -
90 245 77.78 -
90 246 80.91 -
90 247 85.91 -
90 248 89.23 -
90 249 94.38 -
90 250 97.93 -
90 251 102.89 -
90 252 106.07 -
90 253 110.85 -
90 254 113.90 -
90 255 119.27 -
90 256 123.00 -
90 257 128.51 -
90 258 132.52 -
90 259 138.31 -
90 260 142.56 -
90 261 148.55 -
90 262 152.95 -
90 263 159.08 -
90 264 163.62 -
90 265 169.88 -
90 266 174.59 -
90 267 181.04 -
90 268 185.91 -
90 269 192.50 -
90 270 197.58 -
90 271 204.49 -
90 272 209.76 -
90 273 216.70 -
90 274 222.11 -
90 275 230.38 -
90 276 237.01 -
90 277 245.24 -
90 278 251.90 -
90 279 260.03 -
90 280 266.44 -
90 281 274.36 -
90 282 280.59 -
90 283 288.40 -
90 284 294.70 -
90 285 302.65 -
90 286 309.08 -
90 287 317.15 -
90 288 323.72 -
90 289 331.95 -
90 290 338.70 -
91 192 70.83 -
91 193 65.94 -
91 194 62.97 -
91 195 58.55 -
91 196 55.92 -
91 197 51.97 -
91 198 49.80 -
91 199 46.20 -
91 200 44.39 -
91 201 41.12 -
91 202 39.55 -
91 203 36.16 -
91 204 34.63 -
91 205 31.72 -
91 206 30.52 -
91 207 27.87 -
91 208 26.88 -
91 209 24.52 -
91 210 23.68 -
91 211 21.50 -
91 212 21.00 -
91 213 19.04 -
91 214 18.63 -
91 215 16.69 -
91 216 16.37 -
91 217 14.87 -
91 218 16.85 -
91 219 17.30 -
91 220 19.19 -
91 221 19.53 -
91 222 21.30 -
91 223 21.65 -
91 224 23.33 -
91 225 23.61 -
91 226 25.42 -
91 227 25.96 -
91 228 27.94 -
91 229 28.70 -
91 230 31.05 -
91 231 32.30 -
91 232 35.11 -
91 233 36.64 -
91 234 39.73 -
91 235 41.47 -
91 236 44.80 -
91 237 46.80 -
91 238 50.32 -
91 239 52.57 -
91 240 56.33 -
91 241 58.85 -
91 242 62.84 -
91 243 65.69 -
91 244 69.91 -
91 245 72.94 -
91 246 77.45 -
91 247 80.65 -
91 248 85.30 -
91 249 88.64 -
91 250 93.45 -
91 251 97.01 -
91 252 102.03 -
91 253 104.96 -
91 254 109.36 -
91 255 112.40 -
91 256 117.45 -
91 257 121.22 -
91 258 126.42 -
91 259 130.36 -
91 260 135.82 -
91 261 140.04 -
91 262 145.74 -
91 263 150.20 -
91 264 156.05 -
91 265 160.64 -
91 266 166.61 -
91 267 171.31 -
91 268 177.38 -
91 269 182.26 -
91 270 188.53 -
91 271 193.59 -
91 272 199.98 -
91 273 205.16 -
91 274 211.78 -
91 275 217.21 -
91 276 225.16 -
91 277 231.83 -
91 278 239.82 -
91 279 246.56 -
91 280 254.35 -
91 281 260.77 -
91 282 268.28 -
91 283 274.47 -
91 284 281.98 -
91 285 288.30 -
91 286 295.93 -
91 287 302.38 -
91 288 310.15 -
91 289 316.72 -
91 290 324.58 -
91 291 331.31 -
92 195 72.22 -
92 196 67.40 -
92 197 64.72 -
92 198 60.31 -
92 199 58.19 -
92 200 54.13 -
92 201 52.30 -
92 202 48.56 -
92 203 46.99 -
92 204 43.50 -
92 205 42.00 -
92 206 38.72 -
92 207 37.53 -
92 208 34.49 -
92 209 33.60 -
92 210 30.75 -
92 211 30.01 -
92 212 27.46 -
92 213 27.03 -
92 214 24.70 -
92 215 24.29 -
92 216 21.81 -
92 217 21.53 -
92 218 19.53 -
92 219 21.56 -
92 220 21.61 -
92 221 23.44 -
92 222 23.36 -
92 223 25.11 -
92 224 25.04 -
92 225 26.70 -
92 226 26.56 -
92 227 28.40 -
92 228 28.53 -
92 229 30.47 -
92 230 30.75 -
92 231 33.06 -
92 232 33.69 -
92 233 36.37 -
92 234 37.43 -
92 235 40.49 -
92 236 41.80 -
92 237 45.10 -
92 238 46.69 -
92 239 50.20 -
92 240 52.08 -
92 241 55.81 -
92 242 57.95 -
92 243 61.94 -
92 244 64.38 -
92 245 68.65 -
92 246 71.33 -
92 247 75.78 -
92 248 78.64 -
92 249 83.36 -
92 250 86.38 -
92 251 91.21 -
92 252 94.47 -
92 253 99.54 -
92 254 102.48 -
92 255 106.69 -
92 256 109.27 -
92 257 114.37 -
92 258 117.87 -
92 259 123.13 -
92 260 126.75 -
92 261 132.11 -
92 262 135.89 -
92 263 141.65 -
92 264 145.83 -
92 265 151.73 -
92 266 156.01 -
92 267 161.99 -
92 268 166.37 -
92 269 172.45 -
92 270 176.92 -
92 271 183.09 -
92 272 187.71 -
92 273 194.16 -
92 274 199.07 -
92 275 205.66 -
92 276 210.70 -
92 277 218.71 -
92 278 225.15 -
92 279 233.20 -
92 280 239.64 -
92 281 247.38 -
92 282 253.53 -
92 283 260.90 -
92 284 266.74 -
92 285 274.27 -
92 286 280.29 -
92 287 287.96 -
92 288 294.09 -
92 289 301.87 -
92 290 308.18 -
92 291 316.07 -
92 292 322.45 -
93 197 78.70 -
93 198 75.62 -
93 199 71.18 -
93 200 68.61 -
93 201 64.54 -
93 202 62.26 -
93 203 58.52 -
93 204 56.53 -
93 205 53.14 -
93 206 51.43 -
93 207 48.19 -
93 208 46.61 -
93 209 43.61 -
93 210 42.27 -
93 211 39.50 -
93 212 38.38 -
93 213 35.87 -
93 214 35.11 -
93 215 32.80 -
93 216 31.99 -
93 217 29.57 -
93 218 28.82 -
93 219 26.87 -
93 220 28.35 -
93 221 28.32 -
93 222 29.74 -
93 223 29.64 -
93 224 30.96 -
93 225 30.91 -
93 226 32.13 -
93 227 31.97 -
93 228 33.43 -
93 229 33.52 -
93 230 35.08 -
93 231 35.33 -
93 232 37.17 -
93 233 37.72 -
93 234 39.85 -
93 235 40.78 -
93 236 43.41 -
93 237 44.65 -
93 238 47.54 -
93 239 49.09 -
93 240 52.21 -
93 241 54.07 -
93 242 57.42 -
93 243 59.53 -
93 244 63.15 -
93 245 65.60 -
93 246 69.46 -
93 247 72.11 -
93 248 76.26 -
93 249 79.12 -
93 250 83.46 -
93 251 86.51 -
93 252 91.08 -
93 253 94.31 -
93 254 99.01 -
93 255 102.49 -
93 256 106.65 -
93 257 109.30 -
93 258 113.96 -
93 259 117.37 -
93 260 122.29 -
93 261 125.96 -
93 262 131.08 -
93 263 134.93 -
93 264 140.20 -
93 265 144.24 -
93 266 149.74 -
93 267 154.05 -
93 268 159.69 -
93 269 164.11 -
93 270 169.88 -
93 271 174.40 -
93 272 180.31 -
93 273 185.00 -
93 274 191.07 -
93 275 195.96 -
93 276 202.31 -
93 277 207.43 -
93 278 215.00 -
93 279 221.18 -
93 280 228.78 -
93 281 235.05 -
93 282 242.47 -
93 283 248.58 -
93 284 255.59 -
93 285 261.43 -
93 286 268.59 -
93 287 274.60 -
93 288 281.95 -
93 289 288.10 -
93 290 295.58 -
93 291 301.88 -
93 292 309.47 -
93 293 315.90 -
94 200 80.36 -
94 201 77.73 -
94 202 73.23 -
94 203 70.94 -
94 204 66.76 -
94 205 64.80 -
94 206 60.97 -
94 207 59.30 -
94 208 55.79 -
94 209 54.33 -
94 210 50.99 -
94 211 49.67 -
94 212 46.51 -
94 213 45.45 -
94 214 42.61 -
94 215 41.83 -
94 216 39.11 -
94 217 38.33 -
94 218 35.59 -
94 219 34.83 -
94 220 32.47 -
94 221 33.94 -
94 222 33.41 -
94 223 34.72 -
94 224 34.19 -
94 225 35.49 -
94 226 34.94 -
94 227 36.20 -
94 228 35.69 -
94 229 37.15 -
94 230 36.73 -
94 231 38.30 -
94 232 38.17 -
94 233 40.02 -
94 234 40.15 -
94 235 42.24 -
94 236 42.70 -
94 237 45.14 -
94 238 45.96 -
94 239 48.74 -
94 240 49.93 -
94 241 53.00 -
94 242 54.45 -
94 243 57.78 -
94 244 59.49 -
94 245 63.12 -
94 246 65.09 -
94 247 69.06 -
94 248 71.37 -
94 249 75.45 -
94 250 78.03 -
94 251 82.34 -
94 252 85.04 -
94 253 89.61 -
94 254 92.55 -
94 255 97.27 -
94 256 100.42 -
94 257 105.35 -
94 258 107.67 -
94 259 112.35 -
94 260 115.39 -
94 261 120.21 -
94 262 123.46 -
94 263 128.58 -
94 264 132.10 -
94 265 137.39 -
94 266 141.08 -
94 267 146.51 -
94 268 150.38 -
94 269 156.06 -
94 270 160.17 -
94 271 166.00 -
94 272 170.25 -
94 273 176.22 -
94 274 180.62 -
94 275 186.73 -
94 276 191.34 -
94 277 197.71 -
94 278 202.54 -
94 279 210.11 -
94 280 215.96 -
94 281 223.25 -
94 282 229.04 -
94 283 236.34 -
94 284 242.04 -
94 285 249.09 -
94 286 254.59 -
94 287 261.77 -
94 288 267.43 -
94 289 274.75 -
94 290 280.58 -
94 291 288.06 -
94 292 294.03 -
94 293 301.67 -
94 294 307.80 -
95 203 84.38 -
95 204 81.64 -
95 205 77.51 -
95 206 75.10 -
95 207 71.30 -
95 208 69.23 -
95 209 65.71 -
95 210 63.89 -
95 211 60.59 -
95 212 59.02 -
95 213 55.99 -
95 214 54.54 -
95 215 51.82 -
95 216 50.57 -
95 217 47.82 -
95 218 46.66 -
95 219 43.99 -
95 220 42.85 -
95 221 40.49 -
95 222 41.53 -
95 223 40.99 -
95 224 41.88 -
95 225 41.19 -
95 226 42.05 -
95 227 41.45 -
95 228 42.35 -
95 229 41.84 -
95 230 42.78 -
95 231 42.37 -
95 232 43.54 -
95 233 43.41 -
95 234 44.87 -
95 235 44.99 -
95 236 46.70 -
95 237 47.12 -
95 238 49.08 -
95 239 49.78 -
95 240 52.12 -
95 241 53.22 -
95 242 55.88 -
95 243 57.32 -
95 244 60.27 -
95 245 61.92 -
95 246 65.20 -
95 247 67.13 -
95 248 70.71 -
95 249 72.88 -
95 250 76.73 -
95 251 79.29 -
95 252 83.27 -
95 253 86.02 -
95 254 90.20 -
95 255 93.17 -
95 256 97.57 -
95 257 100.74 -
95 258 105.38 -
95 259 108.39 -
95 260 112.72 -
95 261 115.77 -
95 262 120.23 -
95 263 123.40 -
95 264 128.02 -
95 265 131.47 -
95 266 136.44 -
95 267 140.17 -
95 268 145.30 -
95 269 149.20 -
95 270 154.49 -
95 271 158.58 -
95 272 164.10 -
95 273 168.45 -
95 274 174.10 -
95 275 178.56 -
95 276 184.39 -
95 277 189.03 -
95 278 195.08 -
95 279 199.93 -
95 280 207.17 -
95 281 213.03 -
95 282 219.99 -
95 283 225.69 -
95 284 232.50 -
95 285 237.87 -
95 286 244.57 -
95 287 250.11 -
95 288 256.95 -
95 289 262.64 -
95 290 269.62 -
95 291 275.44 -
95 292 282.58 -
95 293 288.55 -
95 294 295.86 -
95 295 301.98 -
96 206 86.54 -
96 207 84.15 -
96 208 79.93 -
96 209 77.91 -
96 210 73.95 -
96 211 72.16 -
96 212 68.45 -
96 213 66.88 -
96 214 63.50 -
96 215 62.24 -
96 216 59.19 -
96 217 58.01 -
96 218 54.85 -
96 219 53.67 -
96 220 50.59 -
96 221 49.51 -
96 222 46.77 -
96 223 47.79 -
96 224 46.84 -
96 225 47.73 -
96 226 46.64 -
96 227 47.34 -
96 228 46.30 -
96 229 47.25 -
96 230 46.17 -
96 231 47.10 -
96 232 46.30 -
96 233 47.50 -
96 234 46.96 -
96 235 48.40 -
96 236 48.13 -
96 237 49.85 -
96 238 49.87 -
96 239 51.82 -
96 240 52.11 -
96 241 54.37 -
96 242 55.03 -
96 243 57.62 -
96 244 58.58 -
96 245 61.54 -
96 246 62.81 -
96 247 66.01 -
96 248 67.61 -
96 249 71.19 -
96 250 73.00 -
96 251 76.70 -
96 252 78.89 -
96 253 82.91 -
96 254 85.32 -
96 255 89.55 -
96 256 92.18 -
96 257 96.65 -
96 258 99.45 -
96 259 104.11 -
96 260 107.07 -
96 261 111.79 -
96 262 114.50 -
96 263 118.97 -
96 264 121.77 -
96 265 126.40 -
96 266 129.38 -
96 267 134.24 -
96 268 137.59 -
96 269 142.77 -
96 270 146.39 -
96 271 151.72 -
96 272 155.49 -
96 273 161.01 -
96 274 165.00 -
96 275 170.71 -
96 276 174.90 -
96 277 180.77 -
96 278 185.09 -
96 279 191.16 -
96 280 195.69 -
96 281 202.95 -
96 282 208.48 -
96 283 215.46 -
96 284 220.83 -
96 285 227.31 -
96 286 232.31 -
96 287 238.90 -
96 288 244.05 -
96 289 250.90 -
96 290 256.25 -
96 291 263.29 -
96 292 268.79 -
96 293 275.96 -
96 294 281.60 -
96 295 288.90 -
96 296 294.70 -
97 208 95.26 -
97 209 91.01 -
97 210 88.55 -
97 211 84.66 -
97 212 82.50 -
97 213 78.77 -
97 214 76.79 -
97 215 73.42 -
97 216 71.72 -
97 217 68.66 -
97 218 67.25 -
97 219 64.29 -
97 220 62.70 -
97 221 59.62 -
97 222 58.14 -
97 223 55.39 -
97 224 56.04 -
97 225 55.08 -
97 226 55.57 -
97 227 54.49 -
97 228 54.79 -
97 229 53.62 -
97 230 54.03 -
97 231 52.93 -
97 232 53.43 -
97 233 52.66 -
97 234 53.47 -
97 235 52.96 -
97 236 53.99 -
97 237 53.72 -
97 238 55.03 -
97 239 55.05 -
97 240 56.64 -
97 241 56.91 -
97 242 58.78 -
97 243 59.32 -
97 244 61.45 -
97 245 62.37 -
97 246 64.92 -
97 247 66.18 -
97 248 68.99 -
97 249 70.60 -
97 250 73.61 -
97 251 75.55 -
97 252 78.99 -
97 253 81.08 -
97 254 84.65 -
97 255 87.03 -
97 256 90.94 -
97 257 93.57 -
97 258 97.67 -
97 259 100.56 -
97 260 104.82 -
97 261 107.87 -
97 262 112.29 -
97 263 115.34 -
97 264 119.67 -
97 265 122.47 -
97 266 126.76 -
97 267 129.75 -
97 268 134.25 -
97 269 137.48 -
97 270 142.25 -
97 271 145.89 -
97 272 150.90 -
97 273 154.72 -
97 274 159.93 -
97 275 163.95 -
97 276 169.33 -
97 277 173.55 -
97 278 179.11 -
97 279 183.44 -
97 280 189.19 -
97 281 193.74 -
97 282 200.67 -
97 283 206.22 -
97 284 212.87 -
97 285 217.89 -
97 286 224.07 -
97 287 229.08 -
97 288 235.37 -
97 289 240.51 -
97 290 246.94 -
97 291 252.26 -
97 292 258.94 -
97 293 264.47 -
97 294 271.33 -
97 295 277.00 -
97 296 283.99 -
97 297 289.79 -
98 211 97.98 -
98 212 93.71 -
98 213 91.54 -
98 214 87.43 -
98 215 85.42 -
98 216 81.62 -
98 217 80.56 -
98 218 77.11 -
98 219 75.63 -
98 220 71.83 -
98 221 70.43 -
98 222 66.93 -
98 223 65.39 -
98 224 62.22 -
98 225 62.93 -
98 226 61.59 -
98 227 62.08 -
98 228 60.35 -
98 229 60.56 -
98 230 59.06 -
98 231 59.56 -
98 232 58.07 -
98 233 58.59 -
98 234 57.38 -
98 235 58.17 -
98 236 57.25 -
98 237 58.30 -
98 238 57.65 -
98 239 58.97 -
98 240 58.56 -
98 241 60.16 -
98 242 60.03 -
98 243 61.89 -
98 244 62.08 -
98 245 64.18 -
98 246 64.66 -
98 247 67.10 -
98 248 67.91 -
98 249 70.77 -
98 250 71.90 -
98 251 75.01 -
98 252 76.50 -
98 253 79.88 -
98 254 81.65 -
98 255 85.24 -
98 256 87.22 -
98 257 91.07 -
98 258 93.35 -
98 259 97.48 -
98 260 99.97 -
98 261 104.32 -
98 262 107.02 -
98 263 111.56 -
98 264 114.26 -
98 265 118.79 -
98 266 121.52 -
98 267 125.82 -
98 268 128.46 -
98 269 133.00 -
98 270 135.91 -
98 271 140.65 -
98 272 143.87 -
98 273 148.82 -
98 274 152.35 -
98 275 157.59 -
98 276 161.27 -
98 277 166.71 -
98 278 170.61 -
98 279 176.17 -
98 280 180.17 -
98 281 185.94 -
98 282 190.17 -
98 283 197.11 -
98 284 202.33 -
98 285 208.93 -
98 286 213.42 -
98 287 219.63 -
98 288 224.29 -
98 289 230.61 -
98 290 235.40 -
98 291 241.90 -
98 292 246.89 -
98 293 253.52 -
98 294 258.66 -
98 295 265.51 -
98 296 270.85 -
98 297 277.88 -
98 298 283.39 -
99 214 102.62 -
99 215 98.51 -
99 216 96.10 -
99 217 93.14 -
99 218 91.04 -
99 219 87.63 -
99 220 85.66 -
99 221 82.18 -
99 222 80.16 -
99 223 76.60 -
99 224 74.66 -
99 225 71.48 -
99 226 71.78 -
99 227 70.46 -
99 228 70.32 -
99 229 68.50 -
99 230 68.33 -
99 231 66.84 -
99 232 66.98 -
99 233 65.56 -
99 234 65.68 -
99 235 64.48 -
99 236 64.87 -
99 237 63.92 -
99 238 64.59 -
99 239 63.96 -
99 240 64.90 -
99 241 64.51 -
99 242 65.70 -
99 243 65.59 -
99 244 67.07 -
99 245 67.23 -
99 246 68.96 -
99 247 69.41 -
99 248 71.45 -
99 249 72.25 -
99 250 74.55 -
99 251 75.67 -
99 252 78.42 -
99 253 79.92 -
99 254 82.98 -
99 255 84.69 -
99 256 87.91 -
99 257 89.89 -
99 258 93.37 -
99 259 95.57 -
99 260 99.30 -
99 261 101.82 -
99 262 105.79 -
99 263 108.52 -
99 264 112.74 -
99 265 115.54 -
99 266 119.78 -
99 267 122.64 -
99 268 126.85 -
99 269 129.49 -
99 270 133.68 -
99 271 136.61 -
99 272 140.98 -
99 273 144.21 -
99 274 148.87 -
99 275 152.31 -
99 276 157.21 -
99 277 160.92 -
99 278 166.06 -
99 279 169.98 -
99 280 175.18 -
99 281 179.19 -
99 282 184.64 -
99 283 188.88 -
99 284 195.48 -
99 285 200.72 -
99 286 206.78 -
99 287 211.28 -
99 288 217.17 -
99 289 221.82 -
99 290 227.85 -
99 291 232.64 -
99 292 238.83 -
99 293 243.80 -
99 294 250.15 -
99 295 255.30 -
99 296 261.73 -
99 297 267.08 -
99 298 273.75 -
99 299 279.28 -
100 217 106.46 -
100 218 102.39 -
100 219 100.25 -
100 220 96.40 -
100 221 94.36 -
100 222 90.52 -
100 223 88.58 -
100 224 84.60 -
100 225 82.67 -
100 226 79.06 -
100 227 79.33 -
100 228 77.58 -
100 229 77.22 -
100 230 75.00 -
100 231 74.84 -
100 232 72.95 -
100 233 73.09 -
100 234 71.40 -
100 235 71.55 -
100 236 69.96 -
100 237 70.35 -
100 238 69.02 -
100 239 69.72 -
100 240 68.65 -
100 241 69.60 -
100 242 68.83 -
100 243 70.03 -
100 244 69.53 -
100 245 70.97 -
100 246 70.75 -
100 247 72.47 -
100 248 72.55 -
100 249 74.58 -
100 250 74.94 -
100 251 77.22 -
100 252 77.94 -
100 253 80.60 -
100 254 81.78 -
100 255 84.80 -
100 256 86.13 -
100 257 89.39 -
100 258 91.00 -
100 259 94.45 -
100 260 96.30 -
100 261 99.96 -
100 262 102.03 -
100 263 106.02 -
100 264 108.38 -
100 265 112.62 -
100 266 115.19 -
100 267 119.50 -
100 268 122.05 -
100 269 126.45 -
100 270 128.88 -
100 271 133.09 -
100 272 135.62 -
100 273 140.06 -
100 274 142.93 -
100 275 147.60 -
100 276 150.66 -
100 277 155.58 -
100 278 158.98 -
100 279 164.13 -
100 280 167.71 -
100 281 172.92 -
100 282 176.60 -
100 283 182.07 -
100 284 185.98 -
100 285 192.60 -
100 286 197.50 -
100 287 203.40 -
100 288 207.60 -
100 289 213.50 -
100 290 217.86 -
100 291 223.89 -
100 292 228.39 -
100 293 234.56 -
100 294 239.28 -
100 295 245.58 -
100 296 250.37 -
100 297 256.90 -
100 298 261.89 -
100 299 268.52 -
100 300 273.70 -
101 219 113.85 -
101 220 111.43 -
101 221 107.46 -
101 222 105.04 -
101 223 101.22 -
101 224 98.94 -
101 225 95.05 -
101 226 92.66 -
101 227 89.09 -
101 228 88.89 -
101 229 86.99 -
101 230 86.13 -
101 231 83.92 -
101 232 83.36 -
101 233 81.48 -
101 234 81.26 -
101 235 79.67 -
101 236 79.44 -
101 237 77.85 -
101 238 77.87 -
101 239 76.55 -
101 240 76.85 -
101 241 75.80 -
101 242 76.32 -
101 243 75.56 -
101 244 76.38 -
101 245 75.90 -
101 246 76.97 -
101 247 76.74 -
101 248 78.08 -
101 249 78.11 -
101 250 79.75 -
101 251 80.10 -
101 252 82.03 -
101 253 82.66 -
101 254 84.93 -
101 255 85.99 -
101 256 88.64 -
101 257 90.08 -
101 258 92.89 -
101 259 94.51 -
101 260 97.61 -
101 261 99.42 -
101 262 102.74 -
101 263 104.79 -
101 264 108.31 -
101 265 110.65 -
101 266 114.53 -
101 267 117.15 -
101 268 121.13 -
101 269 123.79 -
101 270 127.89 -
101 271 130.58 -
101 272 134.43 -
101 273 136.97 -
101 274 141.08 -
101 275 143.94 -
101 276 148.26 -
101 277 151.33 -
101 278 155.92 -
101 279 159.30 -
101 280 164.15 -
101 281 167.73 -
101 282 172.59 -
101 283 176.29 -
101 284 181.44 -
101 285 185.38 -
101 286 191.66 -
101 287 196.56 -
101 288 202.04 -
101 289 206.25 -
101 290 211.82 -
101 291 216.17 -
101 292 221.92 -
101 293 226.42 -
101 294 232.29 -
101 295 236.96 -
101 296 243.00 -
101 297 247.81 -
101 298 254.02 -
101 299 259.00 -
101 300 265.36 -
101 301 270.55 -
102 222 116.79 -
102 223 114.40 -
102 224 110.19 -
102 225 107.99 -
102 226 103.71 -
102 227 101.33 -
102 228 97.34 -
102 229 97.16 -
102 230 94.61 -
102 231 94.61 -
102 232 91.15 -
102 233 90.62 -
102 234 88.33 -
102 235 88.11 -
102 236 86.15 -
102 237 86.07 -
102 238 84.13 -
102 239 84.15 -
102 240 82.45 -
102 241 82.74 -
102 242 81.31 -
102 243 81.84 -
102 244 80.67 -
102 245 81.50 -
102 246 80.64 -
102 247 81.73 -
102 248 81.12 -
102 249 82.45 -
102 250 82.12 -
102 251 83.68 -
102 252 83.68 -
102 253 85.58 -
102 254 85.92 -
102 255 88.14 -
102 256 88.73 -
102 257 91.35 -
102 258 92.39 -
102 259 95.18 -
102 260 96.42 -
102 261 99.53 -
102 262 100.98 -
102 263 104.31 -
102 264 105.98 -
102 265 109.51 -
102 266 111.42 -
102 267 115.24 -
102 268 117.46 -
102 269 121.54 -
102 270 123.92 -
102 271 128.06 -
102 272 130.47 -
102 273 134.50 -
102 274 136.69 -
102 275 140.78 -
102 276 143.32 -
102 277 147.60 -
102 278 150.39 -
102 279 154.99 -
102 280 158.03 -
102 281 162.88 -
102 282 166.11 -
102 283 171.01 -
102 284 174.37 -
102 285 179.54 -
102 286 183.14 -
102 287 189.44 -
102 288 194.01 -
102 289 199.46 -
102 290 203.35 -
102 291 208.92 -
102 292 212.96 -
102 293 218.70 -
102 294 222.88 -
102 295 228.84 -
102 296 233.14 -
102 297 239.19 -
102 298 243.69 -
102 299 249.93 -
102 300 254.60 -
102 301 260.96 -
102 302 265.82 -
103 225 121.53 -
103 226 118.96 -
103 227 114.69 -
103 228 111.93 -
103 229 107.93 -
103 230 107.36 -
103 231 105.14 -
103 232 104.42 -
103 233 101.92 -
103 234 100.80 -
103 235 98.32 -
103 236 97.50 -
103 237 95.31 -
103 238 94.73 -
103 239 92.79 -
103 240 92.46 -
103 241 90.77 -
103 242 90.68 -
103 243 89.25 -
103 244 89.41 -
103 245 88.25 -
103 246 88.68 -
103 247 87.80 -
103 248 88.52 -
103 249 87.92 -
103 250 88.88 -
103 251 88.52 -
103 252 89.74 -
103 253 89.68 -
103 254 91.21 -
103 255 91.47 -
103 256 93.31 -
103 257 93.93 -
103 258 96.10 -
103 259 97.03 -
103 260 99.56 -
103 261 100.74 -
103 262 103.46 -
103 263 104.93 -
103 264 107.88 -
103 265 109.60 -
103 266 112.75 -
103 267 114.65 -
103 268 118.11 -
103 269 120.20 -
103 270 123.88 -
103 271 126.29 -
103 272 130.18 -
103 273 132.63 -
103 274 136.38 -
103 275 138.70 -
103 276 142.45 -
103 277 145.00 -
103 278 148.92 -
103 279 151.73 -
103 280 156.00 -
103 281 159.04 -
103 282 163.56 -
103 283 166.78 -
103 284 171.35 -
103 285 174.73 -
103 286 179.57 -
103 287 183.19 -
103 288 189.14 -
103 289 193.71 -
103 290 198.88 -
103 291 202.76 -
103 292 208.01 -
103 293 212.06 -
103 294 217.49 -
103 295 221.71 -
103 296 227.29 -
103 297 231.62 -
103 298 237.34 -
103 299 241.88 -
103 300 247.77 -
103 301 252.47 -
103 302 258.53 -
103 303 263.40 -
104 228 124.01 -
104 229 121.22 -
104 230 116.81 -
104 231 116.23 -
104 232 113.61 -
104 233 112.92 -
104 234 110.29 -
104 235 109.58 -
104 236 106.10 -
104 237 105.27 -
104 238 102.70 -
104 239 102.15 -
104 240 99.83 -
104 241 99.51 -
104 242 97.45 -
104 243 97.38 -
104 244 95.57 -
104 245 95.75 -
104 246 94.22 -
104 247 94.65 -
104 248 93.39 -
104 249 94.08 -
104 250 93.10 -
104 251 94.06 -
104 252 93.36 -
104 253 94.58 -
104 254 94.13 -
104 255 95.63 -
104 256 95.47 -
104 257 97.32 -
104 258 97.47 -
104 259 99.66 -
104 260 100.19 -
104 261 102.72 -
104 262 103.54 -
104 263 106.20 -
104 264 107.29 -
104 265 110.26 -
104 266 111.63 -
104 267 114.76 -
104 268 116.30 -
104 269 119.77 -
104 270 121.50 -
104 271 125.14 -
104 272 127.10 -
104 273 131.00 -
104 274 133.17 -
104 275 137.01 -
104 276 139.07 -
104 277 142.91 -
104 278 145.05 -
104 279 148.97 -
104 280 151.44 -
104 281 155.72 -
104 282 158.43 -
104 283 162.97 -
104 284 165.83 -
104 285 170.41 -
104 286 173.46 -
104 287 178.33 -
104 288 181.61 -
104 289 187.57 -
104 290 191.81 -
104 291 197.09 -
104 292 200.65 -
104 293 205.94 -
104 294 209.64 -
104 295 215.09 -
104 296 218.96 -
104 297 224.56 -
104 298 228.60 -
104 299 234.33 -
104 300 238.56 -
104 301 244.46 -
104 302 248.84 -
104 303 254.92 -
104 304 259.48 -
105 231 128.04 -
105 232 127.05 -
105 233 124.42 -
105 234 123.35 -
105 235 120.75 -
105 236 119.69 -
105 237 117.10 -
105 238 116.14 -
105 239 112.45 -
105 240 111.51 -
105 241 109.23 -
105 242 108.57 -
105 243 106.53 -
105 244 106.09 -
105 245 104.30 -
105 246 104.10 -
105 247 102.57 -
105 248 102.64 -
105 249 101.38 -
105 250 101.71 -
105 251 100.71 -
105 252 101.31 -
105 253 100.60 -
105 254 101.46 -
105 255 101.00 -
105 256 102.13 -
105 257 101.94 -
105 258 103.34 -
105 259 103.49 -
105 260 105.29 -
105 261 105.76 -
105 262 107.89 -
105 263 108.67 -
105 264 110.99 -
105 265 112.07 -
105 266 114.64 -
105 267 115.97 -
105 268 118.77 -
105 269 120.34 -
105 270 123.38 -
105 271 125.18 -
105 272 128.48 -
105 273 130.45 -
105 274 133.92 -
105 275 136.01 -
105 276 139.54 -
105 277 141.65 -
105 278 145.20 -
105 279 147.34 -
105 280 150.96 -
105 281 153.44 -
105 282 157.38 -
105 283 160.09 -
105 284 164.30 -
105 285 167.15 -
105 286 171.41 -
105 287 174.47 -
105 288 179.01 -
105 289 182.31 -
105 290 187.93 -
105 291 192.18 -
105 292 197.34 -
105 293 200.90 -
105 294 205.84 -
105 295 209.55 -
105 296 214.66 -
105 297 218.56 -
105 298 223.83 -
105 299 227.90 -
105 300 233.32 -
105 301 237.55 -
105 302 243.14 -
105 303 247.54 -
105 304 253.30 -
105 305 257.87 -
106 234 133.53 -
106 235 132.48 -
106 236 129.49 -
106 237 128.48 -
106 238 125.52 -
106 239 124.52 -
106 240 120.50 -
106 241 119.60 -
106 242 116.94 -
106 243 116.31 -
106 244 113.94 -
106 245 113.53 -
106 246 111.38 -
106 247 111.22 -
106 248 109.32 -
106 249 109.39 -
106 250 107.76 -
106 251 108.10 -
106 252 106.73 -
106 253 107.33 -
106 254 106.25 -
106 255 107.11 -
106 256 106.29 -
106 257 107.44 -
106 258 106.90 -
106 259 108.22 -
106 260 107.94 -
106 261 109.60 -
106 262 109.79 -
106 263 111.79 -
106 264 112.26 -
106 265 114.57 -
106 266 115.27 -
106 267 117.83 -
106 268 118.78 -
106 269 121.56 -
106 270 122.78 -
106 271 125.82 -
106 272 127.36 -
106 273 130.58 -
106 274 132.26 -
106 275 135.75 -
106 276 137.44 -
106 277 140.83 -
106 278 142.62 -
106 279 146.23 -
106 280 148.01 -
106 281 151.67 -
106 282 153.81 -
106 283 157.76 -
106 284 160.13 -
106 285 164.36 -
106 286 166.86 -
106 287 171.12 -
106 288 173.87 -
106 289 178.42 -
106 290 181.38 -
106 291 187.03 -
106 292 190.93 -
106 293 196.33 -
106 294 199.69 -
106 295 204.60 -
106 296 207.97 -
106 297 213.07 -
106 298 216.65 -
106 299 221.94 -
106 300 225.68 -
106 301 231.12 -
106 302 235.04 -
106 303 240.65 -
106 304 244.74 -
106 305 250.50 -
106 306 254.78 -
107 237 140.59 -
107 238 139.30 -
107 239 136.29 -
107 240 134.96 -
107 241 132.21 -
107 242 129.67 -
107 243 127.03 -
107 244 126.02 -
107 245 123.66 -
107 246 122.93 -
107 247 120.81 -
107 248 120.29 -
107 249 118.42 -
107 250 118.14 -
107 251 116.51 -
107 252 116.49 -
107 253 115.15 -
107 254 115.39 -
107 255 114.30 -
107 256 114.79 -
107 257 113.98 -
107 258 114.74 -
107 259 114.18 -
107 260 115.20 -
107 261 114.90 -
107 262 116.17 -
107 263 116.13 -
107 264 117.80 -
107 265 118.20 -
107 266 120.16 -
107 267 120.84 -
107 268 123.03 -
107 269 123.96 -
107 270 126.40 -
107 271 127.56 -
107 272 130.26 -
107 273 131.82 -
107 274 134.69 -
107 275 136.41 -
107 276 139.56 -
107 277 141.21 -
107 278 144.26 -
107 279 146.01 -
107 280 149.18 -
107 281 151.00 -
107 282 154.36 -
107 283 156.47 -
107 284 160.07 -
107 285 162.44 -
107 286 166.33 -
107 287 168.83 -
107 288 172.77 -
107 289 175.52 -
107 290 179.76 -
107 291 182.74 -
107 292 188.04 -
107 293 191.96 -
107 294 197.05 -
107 295 200.82 -
107 296 205.38 -
107 297 208.73 -
107 298 213.49 -
107 299 217.09 -
107 300 222.02 -
107 301 225.79 -
107 302 230.92 -
107 303 234.83 -
107 304 240.13 -
107 305 244.23 -
107 306 249.70 -
107 307 253.96 -
108 239 148.72 -
108 240 145.39 -
108 241 144.08 -
108 242 141.00 -
108 243 139.83 -
108 244 135.45 -
108 245 134.48 -
108 246 131.74 -
108 247 131.03 -
108 248 128.58 -
108 249 128.09 -
108 250 125.87 -
108 251 125.62 -
108 252 123.64 -
108 253 123.63 -
108 254 121.92 -
108 255 122.18 -
108 256 120.73 -
108 257 121.24 -
108 258 120.06 -
108 259 120.83 -
108 260 119.91 -
108 261 120.91 -
108 262 120.27 -
108 263 121.53 -
108 264 121.14 -
108 265 122.67 -
108 266 122.61 -
108 267 124.54 -
108 268 124.82 -
108 269 127.02 -
108 270 127.59 -
108 271 130.03 -
108 272 130.85 -
108 273 133.50 -
108 274 134.66 -
108 275 137.56 -
108 276 138.97 -
108 277 142.12 -
108 278 143.38 -
108 279 146.44 -
108 280 147.87 -
108 281 150.89 -
108 282 152.39 -
108 283 155.66 -
108 284 157.50 -
108 285 161.07 -
108 286 163.13 -
108 287 167.04 -
108 288 169.19 -
108 289 173.14 -
108 290 175.56 -
108 291 179.82 -
108 292 182.47 -
108 293 187.79 -
108 294 191.38 -
108 295 196.53 -
108 296 200.09 -
108 297 205.03 -
108 298 208.06 -
108 299 212.82 -
108 300 216.03 -
108 301 220.96 -
108 302 224.41 -
108 303 229.53 -
108 304 233.15 -
108 305 238.47 -
108 306 242.24 -
108 307 247.72 -
108 308 251.68 -
109 242 155.17 -
109 243 152.14 -
109 244 150.62 -
109 245 147.65 -
109 246 144.90 -
109 247 142.19 -
109 248 141.11 -
109 249 138.69 -
109 250 137.86 -
109 251 135.67 -
109 252 135.06 -
109 253 133.11 -
109 254 132.75 -
109 255 131.06 -
109 256 130.96 -
109 257 129.54 -
109 258 129.68 -
109 259 128.52 -
109 260 128.94 -
109 261 128.00 -
109 262 128.65 -
109 263 127.99 -
109 264 128.89 -
109 265 128.51 -
109 266 129.66 -
109 267 129.54 -
109 268 130.94 -
109 269 131.22 -
109 270 133.02 -
109 271 133.57 -
109 272 135.67 -
109 273 136.47 -
109 274 138.80 -
109 275 139.85 -
109 276 142.42 -
109 277 143.84 -
109 278 146.64 -
109 279 147.89 -
109 280 150.68 -
109 281 151.93 -
109 282 154.64 -
109 283 156.12 -
109 284 159.05 -
109 285 160.79 -
109 286 164.06 -
109 287 166.08 -
109 288 169.66 -
109 289 171.80 -
109 290 175.43 -
109 291 177.86 -
109 292 181.79 -
109 293 184.45 -
109 294 189.44 -
109 295 193.03 -
109 296 197.93 -
109 297 201.58 -
109 298 206.49 -
109 299 209.68 -
109 300 214.14 -
109 301 217.34 -
109 302 221.95 -
109 303 225.35 -
109 304 230.15 -
109 305 233.77 -
109 306 238.75 -
109 307 242.56 -
109 308 247.72 -
109 309 251.70 -
110 245 160.09 -
110 246 156.82 -
110 247 155.45 -
110 248 150.99 -
110 249 149.92 -
110 250 147.14 -
110 251 146.36 -
110 252 143.82 -
110 253 143.25 -
110 254 140.96 -
110 255 140.61 -
110 256 138.57 -
110 257 138.49 -
110 258 136.71 -
110 259 136.89 -
110 260 135.36 -
110 261 135.77 -
110 262 134.48 -
110 263 135.15 -
110 264 134.10 -
110 265 135.04 -
110 266 134.27 -
110 267 135.43 -
110 268 134.94 -
110 269 136.35 -
110 270 136.11 -
110 271 137.83 -
110 272 138.00 -
110 273 140.07 -
110 274 140.51 -
110 275 142.85 -
110 276 143.58 -
110 277 146.17 -
110 278 147.21 -
110 279 149.89 -
110 280 150.80 -
110 281 153.49 -
110 282 154.37 -
110 283 157.10 -
110 284 158.24 -
110 285 161.20 -
110 286 162.57 -
110 287 165.76 -
110 288 167.45 -
110 289 171.00 -
110 290 172.80 -
110 291 176.45 -
110 292 178.55 -
110 293 182.49 -
110 294 184.82 -
110 295 189.83 -
110 296 193.11 -
110 297 198.09 -
110 298 201.43 -
110 299 206.40 -
110 300 209.67 -
110 301 214.23 -
110 302 217.13 -
110 303 221.78 -
110 304 224.84 -
110 305 229.65 -
110 306 232.91 -
110 307 237.92 -
110 308 241.39 -
110 309 246.57 -
110 310 250.22 -
111 248 166.64 -
111 249 163.51 -
111 250 161.99 -
111 251 157.92 -
111 252 156.77 -
111 253 154.30 -
111 254 153.40 -
111 255 151.13 -
111 256 150.46 -
111 257 148.42 -
111 258 147.99 -
111 259 146.25 -
111 260 146.05 -
111 261 144.53 -
111 262 144.58 -
111 263 143.29 -
111 264 143.60 -
111 265 142.59 -
111 266 143.14 -
111 267 142.38 -
111 268 143.18 -
111 269 142.68 -
111 270 143.74 -
111 271 143.48 -
111 272 144.77 -
111 273 144.79 -
111 274 146.49 -
111 275 146.92 -
111 276 148.88 -
111 277 149.61 -
111 278 151.85 -
111 279 152.90 -
111 280 155.18 -
111 281 156.05 -
111 282 158.31 -
111 283 159.20 -
111 284 161.48 -
111 285 162.62 -
111 286 165.26 -
111 287 166.66 -
111 288 169.56 -
111 289 171.17 -
111 290 174.24 -
111 291 176.05 -
111 292 179.37 -
111 293 181.48 -
111 294 185.09 -
111 295 187.43 -
111 296 192.12 -
111 297 195.46 -
111 298 200.16 -
111 299 203.56 -
111 300 208.24 -
111 301 211.59 -
111 302 216.22 -
111 303 219.21 -
111 304 223.54 -
111 305 226.64 -
111 306 231.12 -
111 307 234.40 -
111 308 239.07 -
111 309 242.55 -
111 310 247.41 -
111 311 251.07 -
112 252 168.35 -
112 253 171.12 -
112 254 163.10 -
112 255 162.25 -
112 256 159.66 -
112 257 159.02 -
112 258 156.65 -
112 259 156.24 -
112 260 154.13 -
112 261 153.98 -
112 262 152.06 -
112 263 152.13 -
112 264 150.48 -
112 265 150.78 -
112 266 149.43 -
112 267 150.01 -
112 268 148.90 -
112 269 149.71 -
112 270 148.83 -
112 271 149.89 -
112 272 149.28 -
112 273 150.57 -
112 274 150.21 -
112 275 151.74 -
112 276 151.76 -
112 277 153.72 -
112 278 154.06 -
112 279 156.30 -
112 280 157.00 -
112 281 159.28 -
112 282 159.77 -
112 283 161.91 -
112 284 162.45 -
112 285 164.77 -
112 286 165.53 -
112 287 168.08 -
112 288 169.14 -
112 289 172.02 -
112 290 173.13 -
112 291 176.23 -
112 292 177.72 -
112 293 181.03 -
112 294 182.81 -
112 295 186.43 -
112 296 188.44 -
112 297 193.15 -
112 298 196.21 -
112 299 201.03 -
112 300 204.13 -
112 301 208.87 -
112 302 211.93 -
112 303 216.63 -
112 304 219.64 -
112 305 224.08 -
112 306 226.88 -
112 307 231.41 -
112 308 234.36 -
112 309 239.06 -
112 310 242.20 -
112 311 247.06 -
112 312 250.40 -
113 255 178.57 -
113 256 177.12 -
113 257 170.48 -
113 258 169.51 -
113 259 167.18 -
113 260 166.43 -
113 261 164.35 -
113 262 163.84 -
113 263 161.92 -
113 264 161.64 -
113 265 159.99 -
113 266 159.94 -
113 267 158.61 -
113 268 158.83 -
113 269 157.73 -
113 270 158.21 -
113 271 157.35 -
113 272 158.02 -
113 273 157.42 -
113 274 158.35 -
113 275 158.00 -
113 276 159.18 -
113 277 159.08 -
113 278 160.54 -
113 279 160.88 -
113 280 162.76 -
113 281 163.41 -
113 282 165.20 -
113 283 165.64 -
113 284 167.47 -
113 285 168.03 -
113 286 170.03 -
113 287 170.77 -
113 288 172.98 -
113 289 173.84 -
113 290 176.24 -
113 291 177.34 -
113 292 180.12 -
113 293 181.65 -
113 294 184.67 -
113 295 186.42 -
113 296 189.68 -
113 297 191.70 -
113 298 196.12 -
113 299 199.22 -
113 300 203.78 -
113 301 206.97 -
113 302 211.44 -
113 303 214.54 -
113 304 218.97 -
113 305 221.98 -
113 306 226.13 -
113 307 229.09 -
113 308 233.41 -
113 309 236.54 -
113 310 240.97 -
113 311 244.12 -
113 312 248.67 -
113 313 252.01 -
114 259 182.34 -
114 260 176.07 -
114 261 175.36 -
114 262 172.94 -
114 263 172.47 -
114 264 170.16 -
114 265 169.86 -
114 266 167.88 -
114 267 167.87 -
114 268 166.16 -
114 269 166.39 -
114 270 164.96 -
114 271 165.44 -
114 272 164.26 -
114 273 164.95 -
114 274 163.97 -
114 275 164.91 -
114 276 164.19 -
114 277 165.42 -
114 278 164.94 -
114 279 166.37 -
114 280 166.17 -
114 281 168.02 -
114 282 167.96 -
114 283 169.69 -
114 284 169.77 -
114 285 171.68 -
114 286 171.92 -
114 287 173.96 -
114 288 174.34 -
114 289 176.51 -
114 290 177.01 -
114 291 179.28 -
114 292 179.94 -
114 293 182.78 -
114 294 184.05 -
114 295 187.10 -
114 296 188.54 -
114 297 191.74 -
114 298 193.35 -
114 299 197.84 -
114 300 200.72 -
114 301 205.32 -
114 302 208.28 -
114 303 212.79 -
114 304 215.62 -
114 305 220.12 -
114 306 222.77 -
114 307 226.96 -
114 308 229.58 -
114 309 233.93 -
114 310 236.73 -
114 311 241.27 -
114 312 244.26 -
114 313 248.96 -
114 314 252.12 -
115 261 190.71 -
115 262 189.30 -
115 263 186.56 -
115 264 183.03 -
115 265 180.73 -
115 266 180.07 -
115 267 178.09 -
115 268 177.73 -
115 269 176.04 -
115 270 175.92 -
115 271 174.52 -
115 272 174.64 -
115 273 173.48 -
115 274 173.84 -
115 275 172.89 -
115 276 173.46 -
115 277 172.77 -
115 278 173.62 -
115 279 173.15 -
115 280 174.19 -
115 281 173.88 -
115 282 175.13 -
115 283 175.06 -
115 284 176.44 -
115 285 176.52 -
115 286 178.05 -
115 287 178.32 -
115 288 180.05 -
115 289 180.46 -
115 290 182.30 -
115 291 182.83 -
115 292 184.86 -
115 293 185.57 -
115 294 188.02 -
115 295 189.23 -
115 296 191.95 -
115 297 193.42 -
115 298 196.35 -
115 299 198.02 -
115 300 202.09 -
115 301 204.78 -
115 302 209.04 -
115 303 211.88 -
115 304 216.10 -
115 305 218.98 -
115 306 223.18 -
115 307 225.85 -
115 308 229.72 -
115 309 232.36 -
115 310 236.39 -
115 311 239.21 -
115 312 243.43 -
115 313 246.43 -
115 314 250.81 -
115 315 253.99 -
116 264 195.98 -
116 265 193.01 -
116 266 189.67 -
116 267 189.04 -
116 268 186.70 -
116 269 186.34 -
116 270 184.28 -
116 271 184.20 -
116 272 182.47 -
116 273 182.58 -
116 274 181.07 -
116 275 181.46 -
116 276 180.17 -
116 277 180.79 -
116 278 179.75 -
116 279 180.62 -
116 280 179.58 -
116 281 180.55 -
116 282 179.80 -
116 283 180.87 -
116 284 180.41 -
116 285 181.80 -
116 286 181.56 -
116 287 183.11 -
116 288 183.03 -
116 289 184.80 -
116 290 184.92 -
116 291 186.84 -
116 292 187.10 -
116 293 189.18 -
116 294 189.60 -
116 295 192.05 -
116 296 192.87 -
116 297 195.57 -
116 298 196.74 -
116 299 199.73 -
116 300 201.10 -
116 301 205.18 -
116 302 207.50 -
116 303 211.48 -
116 304 214.03 -
116 305 218.23 -
116 306 220.83 -
116 307 225.07 -
116 308 227.41 -
116 309 231.28 -
116 310 233.61 -
116 311 237.66 -
116 312 240.16 -
116 313 244.39 -
116 314 247.08 -
116 315 251.50 -
116 316 254.36 -
117 267 200.91 -
117 268 199.92 -
117 269 197.61 -
117 270 196.90 -
117 271 194.85 -
117 272 194.42 -
117 273 192.70 -
117 274 192.47 -
117 275 190.98 -
117 276 191.03 -
117 277 189.77 -
117 278 190.04 -
117 279 189.03 -
117 280 189.56 -
117 281 188.16 -
117 282 188.80 -
117 283 188.08 -
117 284 188.81 -
117 285 188.18 -
117 286 189.15 -
117 287 188.93 -
117 288 190.15 -
117 289 190.10 -
117 290 191.52 -
117 291 191.64 -
117 292 193.29 -
117 293 193.61 -
117 294 195.41 -
117 295 195.84 -
117 296 197.97 -
117 297 198.80 -
117 298 201.18 -
117 299 202.33 -
117 300 205.01 -
117 301 206.39 -
117 302 210.14 -
117 303 212.53 -
117 304 216.22 -
117 305 218.63 -
117 306 222.35 -
117 307 224.99 -
117 308 228.93 -
117 309 231.23 -
117 310 234.79 -
117 311 237.14 -
117 312 240.86 -
117 313 243.38 -
117 314 247.30 -
117 315 250.00 -
117 316 254.09 -
117 317 256.99 -
118 271 206.20 -
118 272 203.82 -
118 273 203.42 -
118 274 201.32 -
118 275 201.14 -
118 276 199.29 -
118 277 199.37 -
118 278 197.76 -
118 279 198.06 -
118 280 196.72 -
118 281 196.87 -
118 282 195.11 -
118 283 195.78 -
118 284 194.75 -
118 285 195.51 -
118 286 194.56 -
118 287 195.45 -
118 288 194.74 -
118 289 196.01 -
118 290 195.63 -
118 291 197.13 -
118 292 196.92 -
118 293 198.50 -
118 294 198.51 -
118 295 200.37 -
118 296 200.47 -
118 297 202.62 -
118 298 203.14 -
118 299 205.51 -
118 300 206.33 -
118 301 209.02 -
118 302 210.08 -
118 303 213.85 -
118 304 215.96 -
118 305 219.71 -
118 306 221.82 -
118 307 225.60 -
118 308 227.75 -
118 309 231.59 -
118 310 233.53 -
118 311 237.11 -
118 312 239.11 -
118 313 242.87 -
118 314 245.07 -
118 315 249.01 -
118 316 251.40 -
118 317 255.52 -
118 318 258.08 -
119 274 214.30 -
119 275 212.23 -
119 276 211.72 -
119 277 209.88 -
119 278 209.61 -
119 279 208.03 -
119 280 208.00 -
119 281 206.36 -
119 282 206.03 -
119 283 204.28 -
119 284 204.64 -
119 285 203.67 -
119 286 204.12 -
119 287 203.21 -
119 288 203.78 -
119 289 203.06 -
119 290 203.88 -
119 291 203.52 -
119 292 204.67 -
119 293 204.51 -
119 294 205.79 -
119 295 205.77 -
119 296 207.22 -
119 297 207.32 -
119 298 209.16 -
119 299 209.74 -
119 300 211.79 -
119 301 212.57 -
119 302 214.91 -
119 303 215.97 -
119 304 219.46 -
119 305 221.63 -
119 306 225.12 -
119 307 227.25 -
119 308 230.78 -
119 309 233.00 -
119 310 236.53 -
119 311 238.57 -
119 312 241.34 -
119 313 243.36 -
119 314 246.80 -
119 315 249.03 -
119 316 252.65 -
119 317 255.05 -
119 318 258.85 -
119 319 261.44 -
120 277 221.03 -
120 278 218.89 -
120 279 218.63 -
120 280 216.72 -
120 281 216.56 -
120 282 214.44 -
120 283 214.03 -
120 284 211.82 -
120 285 212.25 -
120 286 210.98 -
120 287 211.48 -
120 288 210.28 -
120 289 210.89 -
120 290 209.82 -
120 291 210.69 -
120 292 209.88 -
120 293 211.00 -
120 294 210.55 -
120 295 211.91 -
120 296 211.57 -
120 297 212.90 -
120 298 212.56 -
120 299 214.46 -
120 300 214.78 -
120 301 216.88 -
120 302 217.36 -
120 303 219.62 -
120 304 220.27 -
120 305 223.83 -
120 306 225.73 -
120 307 229.28 -
120 308 231.16 -
120 309 234.75 -
120 310 236.70 -
120 311 240.22 -
120 312 241.98 -
120 313 245.40 -
120 314 246.08 -
120 315 249.53 -
120 316 251.45 -
120 317 255.08 -
120 318 257.18 -
120 319 261.00 -
120 320 263.28 -
121 281 227.53 -
121 282 226.85 -
121 283 224.76 -
121 284 224.02 -
121 285 221.90 -
121 286 221.91 -
121 287 220.57 -
121 288 220.77 -
121 289 219.62 -
121 290 219.96 -
121 291 218.87 -
121 292 219.41 -
121 293 218.62 -
121 294 219.38 -
121 295 218.85 -
121 296 219.90 -
121 297 219.62 -
121 298 220.66 -
121 299 220.38 -
121 300 221.90 -
121 301 222.14 -
121 302 223.93 -
121 303 224.45 -
121 304 226.45 -
121 305 227.17 -
121 306 230.32 -
121 307 232.11 -
121 308 235.39 -
121 309 237.33 -
121 310 240.65 -
121 311 242.66 -
121 312 245.83 -
121 313 247.64 -
121 314 250.76 -
121 315 252.63 -
121 316 255.88 -
121 317 258.00 -
121 318 259.42 -
121 319 261.53 -
121 320 265.05 -
121 321 267.35 -
122 284 233.46 -
122 285 232.78 -
122 286 230.37 -
122 287 230.40 -
122 288 228.70 -
122 289 228.86 -
122 290 227.43 -
122 291 227.80 -
122 292 226.48 -
122 293 226.95 -
122 294 225.81 -
122 295 226.56 -
122 296 225.70 -
122 297 226.72 -
122 298 226.08 -
122 299 227.18 -
122 300 226.62 -
122 301 228.15 -
122 302 228.04 -
122 303 229.77 -
122 304 230.00 -
122 305 232.06 -
122 306 232.48 -
122 307 235.65 -
122 308 237.12 -
122 309 240.34 -
122 310 241.98 -
122 311 245.34 -
122 312 247.08 -
122 313 250.24 -
122 314 251.74 -
122 315 254.93 -
122 316 256.44 -
122 317 259.70 -
122 318 261.38 -
122 319 264.86 -
122 320 264.36 -
122 321 267.89 -
122 322 269.87 -
123 287 241.05 -
123 288 240.78 -
123 289 239.13 -
123 290 239.00 -
123 291 237.49 -
123 292 237.55 -
123 293 236.28 -
123 294 236.51 -
123 295 235.38 -
123 296 235.72 -
123 297 234.85 -
123 298 235.50 -
123 299 234.81 -
123 300 235.60 -
123 301 235.05 -
123 302 236.28 -
123 303 236.22 -
123 304 237.65 -
123 305 237.82 -
123 306 239.55 -
123 307 239.98 -
123 308 242.87 -
123 309 244.41 -
123 310 247.36 -
123 311 249.01 -
123 312 251.98 -
123 313 253.74 -
123 314 256.56 -
123 315 258.03 -
123 316 260.95 -
123 317 262.50 -
123 318 265.42 -
123 319 267.12 -
123 320 270.23 -
123 321 272.09 -
123 322 275.42 -
123 323 277.53 -
124 291 247.93 -
124 292 246.16 -
124 293 246.24 -
124 294 244.63 -
124 295 244.90 -
124 296 243.47 -
124 297 243.86 -
124 298 242.57 -
124 299 243.11 -
124 300 242.08 -
124 301 242.88 -
124 302 241.88 -
124 303 243.18 -
124 304 242.85 -
124 305 244.31 -
124 306 244.17 -
124 307 245.87 -
124 308 245.90 -
124 309 248.88 -
124 310 250.15 -
124 311 253.18 -
124 312 254.60 -
124 313 257.57 -
124 314 258.73 -
124 315 261.60 -
124 316 262.78 -
124 317 265.82 -
124 318 266.99 -
124 319 269.91 -
124 320 271.30 -
124 321 274.42 -
124 322 275.97 -
124 323 279.26 -
124 324 281.02 -
125 295 255.30 -
125 296 255.23 -
125 297 253.83 -
125 298 253.90 -
125 299 252.63 -
125 300 252.82 -
125 301 251.69 -
125 302 252.07 -
125 303 251.15 -
125 304 252.10 -
125 305 251.76 -
125 306 252.92 -
125 307 252.79 -
125 308 254.16 -
125 309 254.24 -
125 310 256.86 -
125 311 258.15 -
125 312 260.92 -
125 313 262.44 -
125 314 265.00 -
125 315 266.21 -
125 316 268.72 -
125 317 269.75 -
125 318 272.56 -
125 319 273.74 -
125 320 276.32 -
125 321 277.69 -
125 322 280.50 -
125 323 282.06 -
125 324 285.04 -
125 325 286.77 -
126 298 262.58 -
126 299 262.67 -
126 300 261.09 -
126 301 261.30 -
126 302 259.83 -
126 303 260.16 -
126 304 258.86 -
126 305 259.86 -
126 306 259.25 -
126 307 260.44 -
126 308 259.99 -
126 309 261.32 -
126 310 261.04 -
126 311 263.72 -
126 312 264.76 -
126 313 267.56 -
126 314 268.70 -
126 315 271.24 -
126 316 272.15 -
126 317 274.61 -
126 318 275.35 -
126 319 277.87 -
126 320 278.97 -
126 321 281.56 -
126 322 282.58 -
126 323 285.35 -
126 324 286.60 -
126 325 289.61 -
126 326 291.04 -
127 302 272.22 -
127 303 270.78 -
127 304 270.86 -
127 305 269.62 -
127 306 270.18 -
127 307 269.51 -
127 308 270.38 -
127 309 269.96 -
127 310 271.01 -
127 311 270.79 -
127 312 273.02 -
127 313 273.89 -
127 314 276.27 -
127 315 277.18 -
127 316 279.36 -
127 317 280.28 -
127 318 282.41 -
127 319 283.18 -
127 320 285.35 -
127 321 286.28 -
127 322 288.66 -
127 323 289.71 -
127 324 292.16 -
127 325 293.36 -
127 326 296.02 -
127 327 297.47 -
128 306 278.76 -
128 307 279.32 -
128 308 278.24 -
128 309 279.05 -
128 310 278.34 -
128 311 279.47 -
128 312 278.94 -
128 313 281.17 -
128 314 281.66 -
128 315 283.61 -
128 316 284.20 -
128 317 286.36 -
128 318 286.86 -
128 319 289.04 -
128 320 289.43 -
128 321 291.62 -
128 322 292.21 -
128 323 294.55 -
128 324 295.29 -
128 325 297.76 -
128 326 298.64 -
128 327 301.27 -
128 328 302.35 -
129 309 289.21 -
129 310 289.69 -
129 311 288.93 -
129 312 289.76 -
129 313 289.25 -
129 314 291.15 -
129 315 291.63 -
129 316 293.26 -
129 317 293.54 -
129 318 295.28 -
129 319 295.72 -
129 320 297.44 -
129 321 297.82 -
129 322 299.69 -
129 323 300.28 -
129 324 302.28 -
129 325 303.03 -
129 326 305.21 -
129 327 306.10 -
129 328 308.42 -
129 329 309.51 -
130 313 298.80 -
130 314 297.95 -
130 315 299.86 -
130 316 300.01 -
130 317 301.67 -
130 318 301.61 -
130 319 303.12 -
130 320 303.07 -
130 321 304.68 -
130 322 304.69 -
130 323 306.48 -
130 324 306.76 -
130 325 308.78 -
130 326 309.23 -
130 327 311.43 -
130 328 312.01 -
130 329 314.35 -
130 330 315.13 -
