# WS4 author table 2014-June-3: Z A atomic ME(MeV) beta2; - = unavailable
8 16 -4.3661 -
8 17 -1.0148 -
8 18 -1.4553 -
8 19 2.8658 -
8 20 3.2666 -
8 21 7.7977 -
8 22 8.8950 -
8 23 14.6137 -
8 24 18.0742 -
8 25 27.5973 -
8 26 35.0903 -
8 27 44.9658 -
8 28 52.9032 -
8 29 64.6994 -
8 30 74.2679 -
8 31 85.5814 -
8 32 95.5267 -
9 17 1.8046 -
9 18 -0.0744 -
9 19 -2.2846 -
9 20 0.0403 -
9 21 -0.6654 -
9 22 2.4570 -
9 23 3.0410 -
9 24 7.5050 -
9 25 10.3562 -
9 26 18.0263 -
9 27 24.2835 -
9 28 32.8854 -
9 29 39.9562 -
9 30 49.8772 -
9 31 57.8047 -
9 32 67.3650 -
9 33 75.8072 -
9 34 86.6568 -
9 35 96.6141 -
9 36 107.7783 -
10 18 4.8103 -
10 19 0.9438 -
10 20 -6.6245 -
10 21 -5.3147 -
10 22 -7.8955 -
10 23 -5.3162 -
10 24 -6.1834 -
10 25 -2.0248 -
10 26 -0.6471 -
10 27 6.1100 -
10 28 10.4309 -
10 29 18.5240 -
10 30 23.5966 -
10 31 31.9623 -
10 32 38.1568 -
10 33 47.0359 -
10 34 53.8363 -
10 35 63.8142 -
10 36 72.2520 -
10 37 82.6352 -
10 38 91.7339 -
10 39 103.4956 -
10 40 113.7915 -
11 19 13.0917 -
11 20 7.1032 -
11 21 -1.7105 -
11 22 -5.2200 -
11 23 -8.8908 -
11 24 -7.9653 -
11 25 -9.7505 -
11 26 -7.0870 -
11 27 -6.4730 -
11 28 -1.4545 -
11 29 1.8535 -
11 30 8.3536 -
11 31 12.6313 -
11 32 19.4781 -
11 33 24.7470 -
11 34 32.3863 -
11 35 38.3574 -
11 36 46.8288 -
11 37 54.1526 -
11 38 63.2424 -
11 39 71.3254 -
11 40 81.8197 -
11 41 91.2371 -
11 42 102.0749 -
11 43 111.9873 -
11 44 123.8326 -
12 20 17.9183 -
12 21 10.7154 -
12 22 -0.1544 -
12 23 -4.9501 -
12 24 -13.2065 -
12 25 -12.8996 -
12 26 -16.3783 -
12 27 -14.3557 -
12 28 -15.3474 -
12 29 -11.0569 -
12 30 -9.4973 -
12 31 -3.7330 -
12 32 -0.7437 -
12 33 5.6201 -
12 34 9.3547 -
12 35 16.2998 -
12 36 20.7708 -
12 37 28.5234 -
12 38 34.3204 -
12 39 42.8273 -
12 40 49.5441 -
12 41 59.1484 -
12 42 67.1366 -
12 43 77.4254 -
12 44 86.3598 -
12 45 97.8085 -
12 46 108.2193 -
12 47 121.7284 -
12 48 133.5921 -
13 21 27.3953 -
13 22 18.6732 -
13 23 7.1270 -
13 24 0.5201 -
13 25 -8.6195 -
13 26 -12.8227 -
13 27 -17.1595 -
13 28 -16.6674 -
13 29 -18.5714 -
13 30 -15.8438 -
13 31 -15.1872 -
13 32 -11.1899 -
13 33 -9.2165 -
13 34 -3.6573 -
13 35 -0.2168 -
13 36 5.3776 -
13 37 9.2448 -
13 38 15.7130 -
13 39 20.8254 -
13 40 28.4118 -
13 41 34.0744 -
13 42 42.1924 -
13 43 49.1014 -
13 44 57.9711 -
13 45 65.9124 -
13 46 76.3651 -
13 47 86.1592 -
13 48 98.9741 -
13 49 110.7976 -
13 50 123.6623 -
13 51 135.1835 -
13 52 147.7746 -
14 22 33.7656 -
14 23 24.4593 -
14 24 11.3370 -
14 25 3.7006 -
14 26 -7.2459 -
14 27 -12.5498 -
14 28 -21.2638 -
14 29 -21.2405 -
14 30 -24.6762 -
14 31 -22.6687 -
14 32 -23.6689 -
14 33 -20.4545 -
14 34 -20.1931 -
14 35 -15.0713 -
14 36 -12.7534 -
14 37 -7.4374 -
14 38 -4.8148 -
14 39 1.1383 -
14 40 4.7809 -
14 41 11.5075 -
14 42 15.5085 -
14 43 23.1412 -
14 44 28.9290 -
14 45 37.1877 -
14 46 43.6617 -
14 47 53.5410 -
14 48 62.2454 -
14 49 74.5954 -
14 50 85.2290 -
14 51 97.8089 -
14 52 108.8081 -
14 53 121.3404 -
14 54 132.2745 -
14 55 144.5081 -
14 56 155.5725 -
15 23 45.0047 -
15 24 34.4128 -
15 25 20.8825 -
15 26 11.6641 -
15 27 -0.0253 -
15 28 -6.9170 -
15 29 -16.2846 -
15 30 -20.2465 -
15 31 -24.1902 -
15 32 -23.6176 -
15 33 -25.4952 -
15 34 -23.7379 -
15 35 -24.2047 -
15 36 -20.4075 -
15 37 -18.7015 -
15 38 -14.6806 -
15 39 -12.7235 -
15 40 -8.1317 -
15 41 -5.1861 -
15 42 0.3276 -
15 43 4.1465 -
15 44 10.6113 -
15 45 15.7457 -
15 46 22.9776 -
15 47 29.0373 -
15 48 37.8595 -
15 49 45.9084 -
15 50 56.9442 -
15 51 66.8232 -
15 52 78.1833 -
15 53 88.3807 -
15 54 99.7954 -
15 55 109.7978 -
15 56 121.0574 -
15 57 131.4135 -
15 58 143.2302 -
15 59 154.0390 -
15 60 165.6901 -
16 24 54.2686 -
16 25 43.0140 -
16 26 27.9261 -
16 27 17.8417 -
16 28 4.4423 -
16 29 -3.4210 -
16 30 -14.4740 -
16 31 -18.9612 -
16 32 -26.6489 -
16 33 -26.5288 -
16 34 -29.8736 -
16 35 -28.7545 -
16 36 -30.6017 -
16 37 -27.3112 -
16 38 -26.9853 -
16 39 -23.4350 -
16 40 -22.8719 -
16 41 -18.7836 -
16 42 -17.2268 -
16 43 -12.1182 -
16 44 -9.4937 -
16 45 -3.4189 -
16 46 0.5129 -
16 47 7.5127 -
16 48 12.5757 -
16 49 20.9506 -
16 50 27.7585 -
16 51 38.0297 -
16 52 46.6713 -
16 53 57.1852 -
16 54 66.1087 -
16 55 76.8565 -
16 56 85.7751 -
16 57 96.4771 -
16 58 105.7800 -
16 59 116.9720 -
16 60 126.9624 -
16 61 138.4672 -
16 62 148.8019 -
16 63 160.9534 -
16 64 171.8429 -
17 25 70.6533 -
17 26 57.3498 -
17 27 41.1050 -
17 28 29.0991 -
17 29 14.7829 -
17 30 5.2392 -
17 31 -6.6634 -
17 32 -12.7329 -
17 33 -21.0386 -
17 34 -24.4918 -
17 35 -28.6255 -
17 36 -28.8414 -
17 37 -31.4277 -
17 38 -29.4988 -
17 39 -29.9294 -
17 40 -27.5145 -
17 41 -27.4780 -
17 42 -24.6095 -
17 43 -23.6398 -
17 44 -19.9269 -
17 45 -18.1148 -
17 46 -13.1127 -
17 47 -9.4910 -
17 48 -3.6231 -
17 49 0.9263 -
17 50 8.3012 -
17 51 14.6401 -
17 52 23.4617 -
17 53 30.9899 -
17 54 40.4660 -
17 55 48.9109 -
17 56 58.9212 -
17 57 67.7852 -
17 58 77.7732 -
17 59 86.6817 -
17 60 97.1018 -
17 61 106.5986 -
17 62 117.3006 -
17 63 127.0286 -
17 64 138.3200 -
17 65 148.7856 -
17 66 160.1192 -
17 67 170.4741 -
18 27 70.6968 -
18 28 52.1780 -
18 29 38.9837 -
18 30 22.7877 -
18 31 12.2379 -
18 32 -1.4816 -
18 33 -8.5224 -
18 34 -18.3806 -
18 35 -22.8205 -
18 36 -30.3660 -
18 37 -31.1991 -
18 38 -35.1221 -
18 39 -33.7694 -
18 40 -35.5487 -
18 41 -33.5292 -
18 42 -34.7047 -
18 43 -32.2616 -
18 44 -32.5978 -
18 45 -29.5305 -
18 46 -29.1726 -
18 47 -24.5586 -
18 48 -22.1331 -
18 49 -16.5964 -
18 50 -13.1720 -
18 51 -6.1435 -
18 52 -0.9523 -
18 53 7.2409 -
18 54 13.3969 -
18 55 22.2186 -
18 56 29.3274 -
18 57 38.7107 -
18 58 46.4021 -
18 59 56.2394 -
18 60 64.5498 -
18 61 74.7282 -
18 62 83.4851 -
18 63 93.8861 -
18 64 102.8465 -
18 65 113.3167 -
18 66 122.5000 -
18 67 133.0716 -
18 68 142.5605 -
18 69 153.8557 -
18 70 164.1804 -
19 28 86.9599 -
19 29 66.6597 -
19 30 52.0856 -
19 31 35.2474 -
19 32 23.1369 -
19 33 8.3957 -
19 34 -0.2566 -
19 35 -10.8797 -
19 36 -16.7336 -
19 37 -25.0907 -
19 38 -29.2181 -
19 39 -33.9454 -
19 40 -33.6938 -
19 41 -36.0953 -
19 42 -35.2800 -
19 43 -37.0623 -
19 44 -35.8515 -
19 45 -36.8357 -
19 46 -35.0968 -
19 47 -35.2937 -
19 48 -31.7390 -
19 49 -29.7001 -
19 50 -25.3555 -
19 51 -22.5022 -
19 52 -16.5887 -
19 53 -11.8346 -
19 54 -4.5778 -
19 55 1.1953 -
19 56 8.9266 -
19 57 15.4496 -
19 58 23.6205 -
19 59 30.5453 -
19 60 39.3869 -
19 61 47.1671 -
19 62 56.3403 -
19 63 64.3574 -
19 64 73.6583 -
19 65 82.0653 -
19 66 91.7963 -
19 67 100.5857 -
19 68 110.4703 -
19 69 119.4007 -
19 70 130.1986 -
19 71 140.2815 -
19 72 151.5018 -
19 73 161.9526 -
19 74 173.2918 -
20 30 78.5956 -
20 31 62.9700 -
20 32 44.6450 -
20 33 32.3189 -
20 34 15.6047 -
20 35 6.0747 -
20 36 -6.0585 -
20 37 -12.7074 -
20 38 -22.5009 -
20 39 -27.6059 -
20 40 -35.3958 -
20 41 -35.4793 -
20 42 -39.1246 -
20 43 -38.9060 -
20 44 -41.9480 -
20 45 -41.2420 -
20 46 -43.5171 -
20 47 -42.3318 -
20 48 -43.8176 -
20 49 -40.5968 -
20 50 -39.6759 -
20 51 -35.7279 -
20 52 -34.0852 -
20 53 -28.5231 -
20 54 -24.8711 -
20 55 -17.9128 -
20 56 -13.2104 -
20 57 -5.9240 -
20 58 -0.7316 -
20 59 6.6748 -
20 60 12.1640 -
20 61 20.6235 -
20 62 27.3608 -
20 63 36.1231 -
20 64 43.0408 -
20 65 51.9226 -
20 66 59.2605 -
20 67 68.4941 -
20 68 76.1988 -
20 69 85.5015 -
20 70 93.4584 -
20 71 104.2698 -
20 72 113.8732 -
20 73 124.8018 -
20 74 134.5453 -
20 75 145.6131 -
20 76 155.5232 -
20 77 166.9208 -
21 31 94.5310 -
21 32 77.2232 -
21 33 58.1227 -
21 34 45.0085 -
21 35 28.1236 -
21 36 17.1039 -
21 37 4.3264 -
21 38 -3.8699 -
21 39 -14.3353 -
21 40 -20.6470 -
21 41 -28.9700 -
21 42 -32.8088 -
21 43 -36.8216 -
21 44 -37.7474 -
21 45 -41.4413 -
21 46 -41.8070 -
21 47 -44.5422 -
21 48 -44.3155 -
21 49 -46.1528 -
21 50 -43.9864 -
21 51 -43.4765 -
21 52 -40.4549 -
21 53 -39.0803 -
21 54 -34.4819 -
21 55 -31.2019 -
21 56 -25.4910 -
21 57 -21.4025 -
21 58 -15.1737 -
21 59 -10.4046 -
21 60 -3.9139 -
21 61 1.1247 -
21 62 8.3511 -
21 63 14.3759 -
21 64 21.8092 -
21 65 28.0906 -
21 66 35.9783 -
21 67 42.8979 -
21 68 51.3619 -
21 69 58.7770 -
21 70 67.4784 -
21 71 75.1826 -
21 72 85.1332 -
21 73 94.2969 -
21 74 104.6308 -
21 75 114.1284 -
21 76 124.6776 -
21 77 134.3355 -
21 78 145.3312 -
21 79 155.6775 -
21 80 167.9898 -
22 33 90.3194 -
22 34 69.5072 -
22 35 55.8155 -
22 36 37.9007 -
22 37 26.1454 -
22 38 11.8050 -
22 39 2.8465 -
22 40 -9.0854 -
22 41 -16.0145 -
22 42 -25.6893 -
22 43 -30.0444 -
22 44 -37.9274 -
22 45 -39.1231 -
22 46 -43.8784 -
22 47 -44.6104 -
22 48 -48.3425 -
22 49 -48.2928 -
22 50 -51.0463 -
22 51 -49.1853 -
22 52 -49.7270 -
22 53 -46.8803 -
22 54 -46.4364 -
22 55 -42.0799 -
22 56 -39.9933 -
22 57 -34.6453 -
22 58 -31.8252 -
22 59 -25.9922 -
22 60 -22.3033 -
22 61 -15.9579 -
22 62 -11.8162 -
22 63 -5.3283 -
22 64 -0.8590 -
22 65 6.0915 -
22 66 11.2165 -
22 67 18.7370 -
22 68 24.6831 -
22 69 32.8983 -
22 70 39.5431 -
22 71 48.1649 -
22 72 55.0930 -
22 73 64.7621 -
22 74 73.0392 -
22 75 83.1924 -
22 76 92.0709 -
22 77 102.4546 -
22 78 111.5504 -
22 79 122.5249 -
22 80 132.3861 -
22 81 144.4110 -
22 82 155.4248 -
22 83 167.9048 -
22 84 179.4020 -
23 35 85.2108 -
23 36 69.6814 -
23 37 51.1520 -
23 38 37.9017 -
23 39 22.8911 -
23 40 12.7097 -
23 41 0.3496 -
23 42 -7.8604 -
23 43 -18.1978 -
23 44 -23.7492 -
23 45 -32.0697 -
23 46 -36.8256 -
23 47 -41.9335 -
23 48 -43.6298 -
23 49 -47.8361 -
23 50 -48.7020 -
23 51 -51.7402 -
23 52 -50.8986 -
23 53 -51.9094 -
23 54 -49.9169 -
23 55 -49.7615 -
23 56 -46.5663 -
23 57 -45.0208 -
23 58 -40.6807 -
23 59 -38.1051 -
23 60 -33.3320 -
23 61 -30.1246 -
23 62 -25.0528 -
23 63 -21.4591 -
23 64 -16.0263 -
23 65 -11.9971 -
23 66 -6.0420 -
23 67 -1.3548 -
23 68 5.1274 -
23 69 10.5772 -
23 70 17.8416 -
23 71 24.0834 -
23 72 31.9579 -
23 73 38.7362 -
23 74 47.5315 -
23 75 55.4199 -
23 76 64.8874 -
23 77 73.4910 -
23 78 83.5101 -
23 79 92.4246 -
23 80 102.8418 -
23 81 112.3793 -
23 82 123.7131 -
23 83 134.2916 -
23 84 146.2208 -
23 85 157.4541 -
23 86 169.8211 -
23 87 181.1042 -
24 37 82.1218 -
24 38 62.0952 -
24 39 47.9589 -
24 40 31.3321 -
24 41 20.5438 -
24 42 6.8959 -
24 43 -2.0046 -
24 44 -13.6292 -
24 45 -19.9068 -
24 46 -29.3567 -
24 47 -34.6163 -
24 48 -43.0193 -
24 49 -44.9292 -
24 50 -50.1022 -
24 51 -51.2893 -
24 52 -55.2610 -
24 53 -54.7599 -
24 54 -56.7885 -
24 55 -55.0183 -
24 56 -55.8152 -
24 57 -52.9884 -
24 58 -52.5989 -
24 59 -48.6397 -
24 60 -47.0063 -
24 61 -42.6607 -
24 62 -40.6788 -
24 63 -35.9462 -
24 64 -33.4308 -
24 65 -28.1762 -
24 66 -25.0344 -
24 67 -19.3706 -
24 68 -15.6962 -
24 69 -9.5922 -
24 70 -5.2249 -
24 71 1.6492 -
24 72 6.8944 -
24 73 14.5266 -
24 74 20.4602 -
24 75 29.0015 -
24 76 36.0414 -
24 77 45.3216 -
24 78 53.1948 -
24 79 63.1092 -
24 80 71.5694 -
24 81 81.7220 -
24 82 90.6272 -
24 83 101.6526 -
24 84 111.4803 -
24 85 123.1311 -
24 86 133.6807 -
24 87 145.4711 -
24 88 155.8736 -
24 89 167.4768 -
24 90 178.0366 -
25 39 77.0892 -
25 40 61.3077 -
25 41 43.8953 -
25 42 31.7389 -
25 43 17.5102 -
25 44 7.2412 -
25 45 -5.0101 -
25 46 -12.3381 -
25 47 -22.2601 -
25 48 -28.5482 -
25 49 -37.3322 -
25 50 -42.3095 -
25 51 -47.8606 -
25 52 -49.9871 -
25 53 -54.4293 -
25 54 -54.8669 -
25 55 -57.3086 -
25 56 -56.4702 -
25 57 -57.6541 -
25 58 -55.8344 -
25 59 -55.8846 -
25 60 -52.9884 -
25 61 -51.7821 -
25 62 -48.1907 -
25 63 -46.5842 -
25 64 -42.8277 -
25 65 -40.6658 -
25 66 -36.3113 -
25 67 -33.4408 -
25 68 -28.7406 -
25 69 -25.4918 -
25 70 -20.3986 -
25 71 -16.5141 -
25 72 -10.7232 -
25 73 -6.0058 -
25 74 0.6361 -
25 75 6.1580 -
25 76 13.9651 -
25 77 20.7872 -
25 78 29.2832 -
25 79 36.8443 -
25 80 46.0597 -
25 81 54.2548 -
25 82 63.7660 -
25 83 72.4261 -
25 84 82.8325 -
25 85 92.3851 -
25 86 103.3451 -
25 87 113.5334 -
25 88 124.8951 -
25 89 134.9519 -
25 90 145.9897 -
25 91 156.2186 -
25 92 167.7364 -
25 93 178.5778 -
26 41 73.3730 -
26 42 54.2739 -
26 43 41.4290 -
26 44 25.7122 -
26 45 14.6376 -
26 46 0.9413 -
26 47 -6.8908 -
26 48 -17.7777 -
26 49 -24.6622 -
26 50 -34.4819 -
26 51 -39.9761 -
26 52 -48.4396 -
26 53 -50.8885 -
26 54 -56.2985 -
26 55 -57.0622 -
26 56 -60.4243 -
26 57 -59.9026 -
26 58 -62.0733 -
26 59 -60.5468 -
26 60 -61.6108 -
26 61 -59.0760 -
26 62 -58.9438 -
26 63 -55.6281 -
26 64 -54.7615 -
26 65 -51.1510 -
26 66 -49.9447 -
26 67 -45.8116 -
26 68 -43.8847 -
26 69 -39.4624 -
26 70 -37.2236 -
26 71 -32.4594 -
26 72 -29.6185 -
26 73 -24.2249 -
26 74 -20.6054 -
26 75 -14.4070 -
26 76 -9.8969 -
26 77 -2.2516 -
26 78 3.7943 -
26 79 12.0620 -
26 80 18.7886 -
26 81 27.7880 -
26 82 35.2107 -
26 83 44.5678 -
26 84 52.5385 -
26 85 62.8048 -
26 86 71.6782 -
26 87 82.3847 -
26 88 91.8313 -
26 89 103.0746 -
26 90 112.5491 -
26 91 123.3747 -
26 92 132.9904 -
26 93 144.1820 -
26 94 154.3338 -
26 95 165.8441 -
26 96 176.2922 -
26 97 187.9711 -
27 43 68.7532 -
27 44 54.5775 -
27 45 37.6693 -
27 46 25.2283 -
27 47 10.7387 -
27 48 1.8997 -
27 49 -9.2152 -
27 50 -17.0543 -
27 51 -27.2565 -
27 52 -33.7652 -
27 53 -42.7068 -
27 54 -47.9824 -
27 55 -53.8990 -
27 56 -55.4855 -
27 57 -59.2311 -
27 58 -59.6731 -
27 59 -62.3146 -
27 60 -61.6364 -
27 61 -63.0145 -
27 62 -61.4551 -
27 63 -61.7474 -
27 64 -59.4825 -
27 65 -59.1634 -
27 66 -56.4620 -
27 67 -55.6666 -
27 68 -52.1856 -
27 69 -50.3497 -
27 70 -46.7672 -
27 71 -44.7897 -
27 72 -40.9135 -
27 73 -38.4457 -
27 74 -34.0127 -
27 75 -30.8807 -
27 76 -25.8788 -
27 77 -21.9697 -
27 78 -15.0607 -
27 79 -9.1500 -
27 80 -1.6408 -
27 81 4.8100 -
27 82 12.8916 -
27 83 19.8985 -
27 84 28.5250 -
27 85 36.2839 -
27 86 46.0109 -
27 87 54.7470 -
27 88 64.8179 -
27 89 74.0213 -
27 90 84.6901 -
27 91 94.2886 -
27 92 104.4278 -
27 93 113.5928 -
27 94 123.9953 -
27 95 133.6443 -
27 96 144.5853 -
27 97 154.7191 -
27 98 165.8400 -
27 99 176.1461 -
27 100 187.4379 -
28 45 65.6740 -
28 46 47.1971 -
28 47 34.0442 -
28 48 18.0574 -
28 49 8.8210 -
28 50 -3.2225 -
28 51 -11.2944 -
28 52 -22.5496 -
28 53 -29.5635 -
28 54 -39.5381 -
28 55 -45.4473 -
28 56 -54.0152 -
28 57 -55.8604 -
28 58 -60.4597 -
28 59 -61.3223 -
28 60 -64.9009 -
28 61 -64.4820 -
28 62 -66.7542 -
28 63 -65.4980 -
28 64 -66.8408 -
28 65 -65.0234 -
28 66 -65.7132 -
28 67 -63.3621 -
28 68 -63.5663 -
28 69 -60.3046 -
28 70 -59.3611 -
28 71 -55.7483 -
28 72 -54.5750 -
28 73 -50.8236 -
28 74 -49.2153 -
28 75 -45.0331 -
28 76 -42.9054 -
28 77 -38.3766 -
28 78 -35.5944 -
28 79 -28.8681 -
28 80 -23.7123 -
28 81 -16.3921 -
28 82 -10.7750 -
28 83 -3.0404 -
28 84 3.0152 -
28 85 11.4533 -
28 86 18.4996 -
28 87 28.1775 -
28 88 36.2849 -
28 89 46.2063 -
28 90 54.7250 -
28 91 65.1558 -
28 92 73.9690 -
28 93 84.1873 -
28 94 92.6539 -
28 95 102.6466 -
28 96 111.4686 -
28 97 122.1134 -
28 98 131.5651 -
28 99 142.5420 -
28 100 152.3084 -
28 101 163.2701 -
28 102 173.0139 -
28 103 184.0179 -
29 47 61.1442 -
29 48 46.8049 -
29 49 30.3666 -
29 50 20.0134 -
29 51 7.6279 -
29 52 -1.5064 -
29 53 -13.0502 -
29 54 -21.0121 -
29 55 -31.3367 -
29 56 -38.1106 -
29 57 -47.0988 -
29 58 -51.4312 -
29 59 -56.3901 -
29 60 -58.0292 -
29 61 -62.0272 -
29 62 -62.5682 -
29 63 -65.3110 -
29 64 -64.9775 -
29 65 -66.6088 -
29 66 -65.6735 -
29 67 -66.6692 -
29 68 -65.1122 -
29 69 -65.5309 -
29 70 -63.1053 -
29 71 -62.4353 -
29 72 -59.8497 -
29 73 -59.0280 -
29 74 -56.1480 -
29 75 -54.8000 -
29 76 -51.3739 -
29 77 -49.3940 -
29 78 -45.5247 -
29 79 -42.9144 -
29 80 -37.1109 -
29 81 -32.4130 -
29 82 -25.9261 -
29 83 -20.5636 -
29 84 -13.4690 -
29 85 -7.5131 -
29 86 0.2582 -
29 87 7.0945 -
29 88 15.8151 -
29 89 23.4400 -
29 90 32.5755 -
29 91 40.7710 -
29 92 50.1475 -
29 93 58.2546 -
29 94 67.4027 -
29 95 75.6356 -
29 96 85.0593 -
29 97 93.6964 -
29 98 103.6698 -
29 99 112.8175 -
29 100 123.1459 -
29 101 132.5710 -
29 102 142.9422 -
29 103 152.4956 -
29 104 163.1043 -
29 105 172.9802 -
29 106 183.9258 -
29 107 193.9327 -
30 49 58.2027 -
30 50 40.5110 -
30 51 29.7424 -
30 52 16.2230 -
30 53 6.5896 -
30 54 -5.9954 -
30 55 -14.3728 -
30 56 -25.5409 -
30 57 -32.6746 -
30 58 -42.5456 -
30 59 -47.3677 -
30 60 -54.7229 -
30 61 -56.5660 -
30 62 -61.4194 -
30 63 -62.4075 -
30 64 -66.1311 -
30 65 -66.1268 -
30 66 -68.6322 -
30 67 -67.8578 -
30 68 -69.7233 -
30 69 -68.3129 -
30 70 -69.5284 -
30 71 -67.3463 -
30 72 -67.6485 -
30 73 -65.4013 -
30 74 -65.5355 -
30 75 -62.8954 -
30 76 -62.4333 -
30 77 -59.1200 -
30 78 -57.8861 -
30 79 -53.9782 -
30 80 -52.0409 -
30 81 -46.6083 -
30 82 -42.9590 -
30 83 -36.7193 -
30 84 -32.2040 -
30 85 -25.1826 -
30 86 -19.9178 -
30 87 -12.3397 -
30 88 -6.3606 -
30 89 1.9520 -
30 90 8.6949 -
30 91 17.4773 -
30 92 24.6042 -
30 93 33.4164 -
30 94 40.4584 -
30 95 49.4166 -
30 96 56.9742 -
30 97 66.2673 -
30 98 74.2516 -
30 99 84.0268 -
30 100 92.5031 -
30 101 102.5554 -
30 102 111.2770 -
30 103 121.4139 -
30 104 130.3564 -
30 105 140.8461 -
30 106 150.1346 -
30 107 160.6314 -
30 108 169.9704 -
30 109 180.7915 -
30 110 190.6488 -
31 51 53.9537 -
31 52 42.1667 -
31 53 28.5043 -
31 54 18.0144 -
31 55 5.1952 -
31 56 -4.1245 -
31 57 -15.5577 -
31 58 -23.6637 -
31 59 -33.9818 -
31 60 -39.5837 -
31 61 -47.2832 -
31 62 -51.4931 -
31 63 -56.7685 -
31 64 -58.5481 -
31 65 -62.6723 -
31 66 -63.5283 -
31 67 -66.4153 -
31 68 -66.5304 -
31 69 -68.7443 -
31 70 -68.2223 -
31 71 -69.7727 -
31 72 -68.3570 -
31 73 -68.9575 -
31 74 -67.4818 -
31 75 -67.9044 -
31 76 -66.1329 -
31 77 -65.9288 -
31 78 -63.4446 -
31 79 -62.4397 -
31 80 -59.2615 -
31 81 -57.4782 -
31 82 -52.8902 -
31 83 -49.5242 -
31 84 -44.1331 -
31 85 -39.9102 -
31 86 -33.6544 -
31 87 -28.6130 -
31 88 -21.8493 -
31 89 -16.1832 -
31 90 -8.6511 -
31 91 -2.1542 -
31 92 5.7892 -
31 93 12.5851 -
31 94 20.5601 -
31 95 27.3706 -
31 96 35.6301 -
31 97 42.9328 -
31 98 51.5046 -
31 99 59.1450 -
31 100 68.2186 -
31 101 76.3867 -
31 102 85.7987 -
31 103 94.2726 -
31 104 103.6993 -
31 105 112.2667 -
31 106 122.1642 -
31 107 131.2146 -
31 108 141.1810 -
31 109 150.2734 -
31 110 160.3832 -
31 111 169.8569 -
31 112 180.5127 -
31 113 190.4404 -
32 53 53.1574 -
32 54 38.5548 -
32 55 27.8142 -
32 56 14.0383 -
32 57 4.3103 -
32 58 -8.2828 -
32 59 -16.6660 -
32 60 -27.9360 -
32 61 -33.9066 -
32 62 -42.4702 -
32 63 -47.2150 -
32 64 -54.6956 -
32 65 -56.8250 -
32 66 -61.7625 -
32 67 -62.9618 -
32 68 -66.7154 -
32 69 -67.1521 -
32 70 -70.2327 -
32 71 -69.9940 -
32 72 -72.4153 -
32 73 -71.2978 -
32 74 -72.8638 -
32 75 -71.3248 -
32 76 -72.5532 -
32 77 -70.9891 -
32 78 -71.6462 -
32 79 -69.3554 -
32 80 -69.1970 -
32 81 -66.1326 -
32 82 -65.1213 -
32 83 -60.6904 -
32 84 -58.1527 -
32 85 -52.9557 -
32 86 -49.6056 -
32 87 -43.5033 -
32 88 -39.5266 -
32 89 -32.8226 -
32 90 -27.9279 -
32 91 -20.6524 -
32 92 -15.2032 -
32 93 -7.8033 -
32 94 -1.9932 -
32 95 5.9298 -
32 96 12.2778 -
32 97 20.5192 -
32 98 27.1707 -
32 99 35.5379 -
32 100 42.4115 -
32 101 51.2361 -
32 102 58.6607 -
32 103 67.7278 -
32 104 75.4092 -
32 105 84.6751 -
32 106 92.6545 -
32 107 102.4116 -
32 108 110.8716 -
32 109 120.6324 -
32 110 129.0246 -
32 111 138.8074 -
32 112 147.5525 -
32 113 157.9641 -
32 114 167.3406 -
32 115 178.3159 -
32 116 188.2494 -
32 117 199.5318 -
33 55 52.9853 -
33 56 41.2020 -
33 57 27.0255 -
33 58 16.2450 -
33 59 3.2960 -
33 60 -6.1891 -
33 61 -17.5268 -
33 62 -24.4618 -
33 63 -33.4963 -
33 64 -39.0460 -
33 65 -46.9801 -
33 66 -51.2096 -
33 67 -56.9000 -
33 68 -58.9775 -
33 69 -63.1763 -
33 70 -64.4629 -
33 71 -67.8718 -
33 72 -68.3911 -
33 73 -71.0922 -
33 74 -71.0520 -
33 75 -72.9123 -
33 76 -72.2081 -
33 77 -73.5036 -
33 78 -72.7598 -
33 79 -73.7003 -
33 80 -72.2690 -
33 81 -72.3745 -
33 82 -70.0956 -
33 83 -69.2805 -
33 84 -65.6356 -
33 85 -63.3009 -
33 86 -58.9169 -
33 87 -55.8515 -
33 88 -50.5690 -
33 89 -46.6548 -
33 90 -40.8540 -
33 91 -36.3636 -
33 92 -30.0382 -
33 93 -25.0897 -
33 94 -18.4750 -
33 95 -12.8995 -
33 96 -5.6967 -
33 97 0.4684 -
33 98 7.9434 -
33 99 14.3121 -
33 100 22.0225 -
33 101 28.5905 -
33 102 36.7222 -
33 103 43.8867 -
33 104 52.1733 -
33 105 59.5441 -
33 106 68.2165 -
33 107 76.0209 -
33 108 85.1896 -
33 109 93.4592 -
33 110 102.6391 -
33 111 110.7534 -
33 112 119.8342 -
33 113 128.2486 -
33 114 138.1398 -
33 115 147.3410 -
33 116 157.8328 -
33 117 167.5842 -
33 118 178.3466 -
33 119 188.4835 -
33 120 199.7880 -
34 57 53.3395 -
34 58 37.9471 -
34 59 26.6811 -
34 60 12.6429 -
34 61 2.7934 -
34 62 -9.7223 -
34 63 -16.9355 -
34 64 -26.9800 -
34 65 -32.9211 -
34 66 -41.6999 -
34 67 -46.7747 -
34 68 -54.3796 -
34 69 -56.9891 -
34 70 -62.1164 -
34 71 -63.7873 -
34 72 -68.0556 -
34 73 -68.8429 -
34 74 -72.3433 -
34 75 -72.5376 -
34 76 -75.2258 -
34 77 -74.7345 -
34 78 -76.7760 -
34 79 -76.2093 -
34 80 -78.0005 -
34 81 -76.7735 -
34 82 -77.7441 -
34 83 -75.6394 -
34 84 -75.6373 -
34 85 -72.1064 -
34 86 -70.5642 -
34 87 -66.3513 -
34 88 -64.1113 -
34 89 -59.0022 -
34 90 -55.8604 -
34 91 -50.3160 -
34 92 -46.6413 -
34 93 -40.6663 -
34 94 -36.6722 -
34 95 -30.2624 -
34 96 -25.4915 -
34 97 -18.5105 -
34 98 -13.1346 -
34 99 -5.8113 -
34 100 -0.1705 -
34 101 7.2436 -
34 102 13.0245 -
34 103 20.9419 -
34 104 27.3331 -
34 105 35.4447 -
34 106 42.1433 -
34 107 50.7131 -
34 108 57.9077 -
34 109 66.8660 -
34 110 74.4613 -
34 111 83.5477 -
34 112 91.0912 -
34 113 99.8980 -
34 114 107.6036 -
34 115 117.3090 -
34 116 125.9566 -
34 117 136.3354 -
34 118 145.5522 -
34 119 156.1901 -
34 120 165.7794 -
34 121 176.8733 -
34 122 186.9613 -
34 123 198.2813 -
35 59 52.7936 -
35 60 40.5141 -
35 61 26.1336 -
35 62 15.2021 -
35 63 2.2697 -
35 64 -5.9382 -
35 65 -16.3756 -
35 66 -23.2189 -
35 67 -32.3510 -
35 68 -38.3686 -
35 69 -46.6516 -
35 70 -51.1355 -
35 71 -56.8673 -
35 72 -59.3884 -
35 73 -64.0913 -
35 74 -65.6107 -
35 75 -69.4272 -
35 76 -70.4127 -
35 77 -73.4092 -
35 78 -73.7001 -
35 79 -76.1168 -
35 80 -76.2818 -
35 81 -78.2844 -
35 82 -77.8441 -
35 83 -79.0792 -
35 84 -77.8636 -
35 85 -78.1659 -
35 86 -75.3299 -
35 87 -73.8704 -
35 88 -70.3600 -
35 89 -68.2661 -
35 90 -63.9378 -
35 91 -61.0131 -
35 92 -56.1822 -
35 93 -52.6928 -
35 94 -47.7313 -
35 95 -44.1938 -
35 96 -38.5944 -
35 97 -34.0699 -
35 98 -27.9197 -
35 99 -22.8386 -
35 100 -16.1838 -
35 101 -10.6759 -
35 102 -4.0407 -
35 103 1.5204 -
35 104 8.8161 -
35 105 15.0645 -
35 106 22.5657 -
35 107 29.0968 -
35 108 37.1527 -
35 109 44.2933 -
35 110 52.6813 -
35 111 60.0312 -
35 112 68.5836 -
35 113 75.6111 -
35 114 83.6963 -
35 115 91.1034 -
35 116 99.9907 -
35 117 108.0207 -
35 118 117.9944 -
35 119 127.2103 -
35 120 137.4054 -
35 121 146.8576 -
35 122 157.4252 -
35 123 167.2968 -
35 124 178.1951 -
35 125 188.3452 -
35 126 199.5437 -
36 61 52.4711 -
36 62 37.2839 -
36 63 25.9031 -
36 64 11.6625 -
36 65 3.0548 -
36 66 -8.0067 -
36 67 -15.2860 -
36 68 -25.3257 -
36 69 -31.8315 -
36 70 -41.0384 -
36 71 -46.2364 -
36 72 -53.8532 -
36 73 -56.9628 -
36 74 -62.5279 -
36 75 -64.4067 -
36 76 -69.0996 -
36 77 -70.2317 -
36 78 -74.0008 -
36 79 -74.4993 -
36 80 -77.7765 -
36 81 -78.0939 -
36 82 -80.8561 -
36 83 -80.6057 -
36 84 -82.6667 -
36 85 -81.7425 -
36 86 -82.9414 -
36 87 -80.1821 -
36 88 -79.3906 -
36 89 -75.9548 -
36 90 -74.5962 -
36 91 -70.4708 -
36 92 -68.4008 -
36 93 -63.6344 -
36 94 -60.7855 -
36 95 -56.0742 -
36 96 -53.5001 -
36 97 -48.1248 -
36 98 -44.4280 -
36 99 -38.5880 -
36 100 -34.4625 -
36 101 -28.0749 -
36 102 -23.3772 -
36 103 -16.8119 -
36 104 -11.8746 -
36 105 -4.6683 -
36 106 0.9460 -
36 107 8.3366 -
36 108 14.2272 -
36 109 22.2834 -
36 110 28.8625 -
36 111 36.7047 -
36 112 43.1811 -
36 113 51.6988 -
36 114 58.3191 -
36 115 66.2203 -
36 116 72.8487 -
36 117 80.9697 -
36 118 88.1178 -
36 119 98.0673 -
36 120 106.8919 -
36 121 117.0970 -
36 122 126.1010 -
36 123 136.5642 -
36 124 145.9278 -
36 125 156.7581 -
36 126 166.2736 -
36 127 177.2566 -
36 128 187.1775 -
36 129 198.3616 -
36 130 208.5472 -
37 64 39.5770 -
37 65 24.8597 -
37 66 15.2864 -
37 67 3.8432 -
37 68 -4.2446 -
37 69 -14.6496 -
37 70 -22.0439 -
37 71 -31.6883 -
37 72 -37.7630 -
37 73 -46.0369 -
37 74 -50.9376 -
37 75 -57.1838 -
37 76 -59.9207 -
37 77 -65.0655 -
37 78 -66.8412 -
37 79 -70.8395 -
37 80 -72.0902 -
37 81 -75.6372 -
37 82 -76.6806 -
37 83 -79.6869 -
37 84 -80.2320 -
37 85 -82.6045 -
37 86 -82.6163 -
37 87 -84.1826 -
37 88 -82.1327 -
37 89 -81.4517 -
37 90 -78.7180 -
37 91 -77.5495 -
37 92 -74.2836 -
37 93 -72.5152 -
37 94 -68.4429 -
37 95 -65.6734 -
37 96 -61.3681 -
37 97 -59.0115 -
37 98 -54.6426 -
37 99 -51.4884 -
37 100 -46.5487 -
37 101 -42.7343 -
37 102 -37.0815 -
37 103 -32.5561 -
37 104 -26.6366 -
37 105 -21.8219 -
37 106 -15.3054 -
37 107 -9.8694 -
37 108 -3.1141 -
37 109 2.5980 -
37 110 9.9736 -
37 111 16.3954 -
37 112 24.1021 -
37 113 30.3022 -
37 114 37.6183 -
37 115 43.9623 -
37 116 51.1240 -
37 117 57.3714 -
37 118 64.6292 -
37 119 71.3865 -
37 120 80.8982 -
37 121 89.7194 -
37 122 99.4941 -
37 123 108.4272 -
37 124 118.4085 -
37 125 127.6116 -
37 126 137.7349 -
37 127 147.0439 -
37 128 157.5328 -
37 129 167.3370 -
37 130 178.0388 -
37 131 188.0666 -
37 132 199.1191 -
37 133 209.5510 -
38 66 35.8835 -
38 67 25.8964 -
38 68 13.2873 -
38 69 4.7583 -
38 70 -6.4908 -
38 71 -14.3374 -
38 72 -24.8098 -
38 73 -31.2226 -
38 74 -40.4083 -
38 75 -46.0396 -
38 76 -54.1007 -
38 77 -57.5373 -
38 78 -63.4982 -
38 79 -65.5521 -
38 80 -70.2657 -
38 81 -71.8646 -
38 82 -75.8957 -
38 83 -77.2282 -
38 84 -80.8942 -
38 85 -81.6731 -
38 86 -84.8903 -
38 87 -85.2374 -
38 88 -87.7209 -
38 89 -85.8222 -
38 90 -85.8783 -
38 91 -83.1915 -
38 92 -82.7538 -
38 93 -79.7369 -
38 94 -78.8499 -
38 95 -74.9047 -
38 96 -72.8004 -
38 97 -68.3820 -
38 98 -66.8660 -
38 99 -62.6936 -
38 100 -60.3477 -
38 101 -55.6417 -
38 102 -52.6712 -
38 103 -47.1616 -
38 104 -43.3705 -
38 105 -37.5624 -
38 106 -33.4542 -
38 107 -27.1348 -
38 108 -22.4514 -
38 109 -15.7823 -
38 110 -10.7075 -
38 111 -3.5047 -
38 112 2.2116 -
38 113 9.4808 -
38 114 14.8360 -
38 115 21.9859 -
38 116 27.6924 -
38 117 34.8661 -
38 118 40.3388 -
38 119 47.2605 -
38 120 53.2745 -
38 121 62.7053 -
38 122 71.0788 -
38 123 80.8513 -
38 124 89.2887 -
38 125 99.1777 -
38 126 107.8121 -
38 127 117.7346 -
38 128 126.5159 -
38 129 136.9041 -
38 130 146.2074 -
38 131 156.7918 -
38 132 166.2291 -
38 133 177.1830 -
38 134 187.2006 -
38 135 198.9088 -
38 136 209.3466 -
39 68 39.3259 -
39 69 25.9533 -
39 70 16.4041 -
39 71 4.9257 -
39 72 -3.6848 -
39 73 -14.4581 -
39 74 -21.5544 -
39 75 -30.9223 -
39 76 -37.3069 -
39 77 -46.1087 -
39 78 -51.4054 -
39 79 -57.9938 -
39 80 -60.6956 -
39 81 -65.6220 -
39 82 -68.0077 -
39 83 -72.5459 -
39 84 -74.3984 -
39 85 -78.3393 -
39 86 -79.8752 -
39 87 -83.3834 -
39 88 -84.5534 -
39 89 -87.3086 -
39 90 -86.1052 -
39 91 -86.2813 -
39 92 -84.3382 -
39 93 -84.1187 -
39 94 -81.8726 -
39 95 -81.1977 -
39 96 -77.9522 -
39 97 -75.9702 -
39 98 -72.1859 -
39 99 -70.6148 -
39 100 -67.1890 -
39 101 -65.0686 -
39 102 -61.1500 -
39 103 -58.4311 -
39 104 -53.6567 -
39 105 -50.0746 -
39 106 -44.9871 -
39 107 -41.0931 -
39 108 -35.5783 -
39 109 -31.1444 -
39 110 -25.1147 -
39 111 -20.1720 -
39 112 -13.6226 -
39 113 -8.0954 -
39 114 -1.8587 -
39 115 3.3235 -
39 116 9.8405 -
39 117 15.3683 -
39 118 21.9187 -
39 119 27.1188 -
39 120 33.3493 -
39 121 39.1402 -
39 122 48.0119 -
39 123 56.2893 -
39 124 65.5137 -
39 125 73.8552 -
39 126 83.2132 -
39 127 91.6995 -
39 128 101.1331 -
39 129 109.7429 -
39 130 119.6305 -
39 131 128.7879 -
39 132 138.8110 -
39 133 148.0797 -
39 134 158.5895 -
39 135 168.4752 -
39 136 179.7510 -
39 137 190.2261 -
39 138 201.4344 -
39 139 211.7600 -
39 140 222.9874 -
40 70 36.4418 -
40 71 26.4702 -
40 72 14.0189 -
40 73 5.2931 -
40 74 -6.3869 -
40 75 -13.8425 -
40 76 -23.9790 -
40 77 -30.6813 -
40 78 -40.3813 -
40 79 -46.3841 -
40 80 -54.5050 -
40 81 -57.4467 -
40 82 -63.5333 -
40 83 -66.1847 -
40 84 -71.4399 -
40 85 -73.4901 -
40 86 -78.0853 -
40 87 -79.7725 -
40 88 -84.0471 -
40 89 -85.4337 -
40 90 -88.9255 -
40 91 -87.8914 -
40 92 -88.7979 -
40 93 -86.9984 -
40 94 -87.5129 -
40 95 -85.4058 -
40 96 -85.4532 -
40 97 -82.2976 -
40 98 -81.0220 -
40 99 -77.5733 -
40 100 -76.4513 -
40 101 -72.9936 -
40 102 -71.6098 -
40 103 -67.8335 -
40 104 -65.8750 -
40 105 -61.2430 -
40 106 -58.4164 -
40 107 -53.5264 -
40 108 -50.4328 -
40 109 -45.1136 -
40 110 -41.4477 -
40 111 -35.5350 -
40 112 -31.2499 -
40 113 -24.8445 -
40 114 -20.5308 -
40 115 -14.4419 -
40 116 -9.9329 -
40 117 -3.5304 -
40 118 1.3395 -
40 119 7.9503 -
40 120 12.4705 -
40 121 18.5534 -
40 122 23.6658 -
40 123 32.4395 -
40 124 40.1300 -
40 125 49.2834 -
40 126 57.0475 -
40 127 66.3009 -
40 128 74.2318 -
40 129 83.5290 -
40 130 91.6062 -
40 131 101.4011 -
40 132 110.0366 -
40 133 119.9452 -
40 134 128.7123 -
40 135 139.1387 -
40 136 148.5410 -
40 137 159.6889 -
40 138 169.6559 -
40 139 180.7814 -
40 140 190.5285 -
40 141 201.5076 -
40 142 211.4446 -
40 143 222.5793 -
41 72 39.5772 -
41 73 26.7804 -
41 74 17.1356 -
41 75 5.2480 -
41 76 -2.9918 -
41 77 -13.3718 -
41 78 -20.8542 -
41 79 -30.6694 -
41 80 -37.3665 -
41 81 -45.8305 -
41 82 -51.0938 -
41 83 -57.3979 -
41 84 -60.9855 -
41 85 -66.6337 -
41 86 -69.3795 -
41 87 -74.2458 -
41 88 -76.4508 -
41 89 -80.9122 -
41 90 -82.9420 -
41 91 -86.6278 -
41 92 -86.3398 -
41 93 -87.4345 -
41 94 -86.3556 -
41 95 -87.0365 -
41 96 -85.5711 -
41 97 -85.7896 -
41 98 -83.3552 -
41 99 -82.4477 -
41 100 -79.9436 -
41 101 -79.0581 -
41 102 -76.1253 -
41 103 -74.6557 -
41 104 -71.5187 -
41 105 -69.6835 -
41 106 -65.7584 -
41 107 -63.1571 -
41 108 -59.1193 -
41 109 -56.3351 -
41 110 -51.8334 -
41 111 -48.4531 -
41 112 -43.3000 -
41 113 -39.2802 -
41 114 -33.8029 -
41 115 -29.5591 -
41 116 -24.1377 -
41 117 -19.8010 -
41 118 -14.0419 -
41 119 -9.3154 -
41 120 -3.3041 -
41 121 1.5525 -
41 122 7.0716 -
41 123 12.0738 -
41 124 20.1852 -
41 125 27.6853 -
41 126 36.2464 -
41 127 43.8767 -
41 128 52.6198 -
41 129 60.4739 -
41 130 69.2113 -
41 131 77.1655 -
41 132 86.4748 -
41 133 95.0221 -
41 134 104.5360 -
41 135 113.2303 -
41 136 123.1325 -
41 137 132.3189 -
41 138 142.8383 -
41 139 152.5858 -
41 140 162.9723 -
41 141 172.5206 -
41 142 182.9826 -
41 143 192.7083 -
41 144 203.2413 -
41 145 213.0183 -
41 146 223.8719 -
42 74 37.3466 -
42 75 27.2802 -
42 76 14.5416 -
42 77 5.9807 -
42 78 -5.2331 -
42 79 -13.0350 -
42 80 -23.4628 -
42 81 -30.2782 -
42 82 -39.7701 -
42 83 -45.6273 -
42 84 -54.0530 -
42 85 -57.7988 -
42 86 -64.0031 -
42 87 -67.2107 -
42 88 -72.8731 -
42 89 -75.2615 -
42 90 -80.2168 -
42 91 -82.3381 -
42 92 -86.6953 -
42 93 -86.4915 -
42 94 -88.4110 -
42 95 -87.4693 -
42 96 -88.8238 -
42 97 -87.4064 -
42 98 -88.2084 -
42 99 -86.0437 -
42 100 -86.1323 -
42 101 -83.8050 -
42 102 -83.6669 -
42 103 -80.8714 -
42 104 -80.0989 -
42 105 -76.8914 -
42 106 -75.6497 -
42 107 -72.0170 -
42 108 -70.3201 -
42 109 -66.4596 -
42 110 -64.4639 -
42 111 -60.1396 -
42 112 -57.5292 -
42 113 -52.5527 -
42 114 -49.2767 -
42 115 -43.9073 -
42 116 -40.3529 -
42 117 -34.9919 -
42 118 -31.3378 -
42 119 -25.6894 -
42 120 -21.6160 -
42 121 -15.7194 -
42 122 -11.2517 -
42 123 -5.7844 -
42 124 -1.3446 -
42 125 6.6207 -
42 126 13.4451 -
42 127 21.9309 -
42 128 28.9665 -
42 129 37.6733 -
42 130 45.0022 -
42 131 53.6321 -
42 132 61.0631 -
42 133 70.6136 -
42 134 78.4039 -
42 135 87.9173 -
42 136 96.1626 -
42 137 105.9014 -
42 138 114.4811 -
42 139 124.8484 -
42 140 133.8346 -
42 141 144.0691 -
42 142 153.1403 -
42 143 163.4737 -
42 144 172.5870 -
42 145 182.9003 -
42 146 192.1111 -
42 147 202.7344 -
42 148 212.3780 -
42 149 223.2436 -
42 150 233.1193 -
43 77 27.4118 -
43 78 17.9387 -
43 79 6.4665 -
43 80 -2.0112 -
43 81 -12.7632 -
43 82 -20.4158 -
43 83 -30.2201 -
43 84 -36.8258 -
43 85 -45.6081 -
43 86 -51.1268 -
43 87 -58.0559 -
43 88 -61.9361 -
43 89 -67.9139 -
43 90 -70.9745 -
43 91 -76.1646 -
43 92 -78.8793 -
43 93 -83.3528 -
43 94 -83.9485 -
43 95 -86.0880 -
43 96 -85.8287 -
43 97 -87.3524 -
43 98 -86.5439 -
43 99 -87.5233 -
43 100 -85.9511 -
43 101 -86.2904 -
43 102 -84.6632 -
43 103 -84.7115 -
43 104 -82.6125 -
43 105 -81.9992 -
43 106 -79.4752 -
43 107 -78.3984 -
43 108 -75.4479 -
43 109 -73.9186 -
43 110 -70.7697 -
43 111 -68.9568 -
43 112 -65.3559 -
43 113 -62.9370 -
43 114 -58.6873 -
43 115 -55.6157 -
43 116 -50.9438 -
43 117 -47.5643 -
43 118 -42.8858 -
43 119 -39.4132 -
43 120 -34.4284 -
43 121 -30.5153 -
43 122 -25.2555 -
43 123 -21.1074 -
43 124 -16.1091 -
43 125 -11.7550 -
43 126 -4.3984 -
43 127 2.1891 -
43 128 10.0388 -
43 129 16.9388 -
43 130 25.1280 -
43 131 32.3845 -
43 132 40.6510 -
43 133 47.9704 -
43 134 56.9394 -
43 135 64.8662 -
43 136 73.7633 -
43 137 81.9513 -
43 138 91.1361 -
43 139 99.5303 -
43 140 109.2493 -
43 141 118.1280 -
43 142 127.5953 -
43 143 136.3854 -
43 144 146.1375 -
43 145 155.0946 -
43 146 165.0827 -
43 147 174.3280 -
43 148 184.5140 -
43 149 193.9528 -
43 150 204.2064 -
43 151 213.7852 -
43 152 224.3903 -
43 153 234.3342 -
44 79 28.2778 -
44 80 15.9129 -
44 81 7.1609 -
44 82 -4.5346 -
44 83 -12.5021 -
44 84 -22.9964 -
44 85 -29.9629 -
44 86 -39.4764 -
44 87 -45.6239 -
44 88 -54.2391 -
44 89 -58.4372 -
44 90 -65.1693 -
44 91 -68.5745 -
44 92 -74.5172 -
44 93 -77.3615 -
44 94 -82.4002 -
44 95 -83.1941 -
44 96 -86.1053 -
44 97 -86.0048 -
44 98 -88.1925 -
44 99 -87.4557 -
44 100 -89.0186 -
44 101 -87.8238 -
44 102 -88.8113 -
44 103 -87.0785 -
44 104 -87.8098 -
44 105 -85.8285 -
44 106 -85.9909 -
44 107 -83.5743 -
44 108 -83.1651 -
44 109 -80.3024 -
44 110 -79.4444 -
44 111 -76.3992 -
44 112 -75.2961 -
44 113 -71.8040 -
44 114 -70.0949 -
44 115 -65.9876 -
44 116 -63.6454 -
44 117 -59.1131 -
44 118 -56.4505 -
44 119 -51.9230 -
44 120 -49.1591 -
44 121 -44.3065 -
44 122 -41.0763 -
44 123 -35.9758 -
44 124 -32.7751 -
44 125 -27.7770 -
44 126 -23.9397 -
44 127 -16.7184 -
44 128 -10.8035 -
44 129 -3.0524 -
44 130 3.2405 -
44 131 11.3821 -
44 132 18.0925 -
44 133 26.4245 -
44 134 33.2815 -
44 135 41.9966 -
44 136 49.4120 -
44 137 58.2665 -
44 138 65.8143 -
44 139 74.8832 -
44 140 82.7102 -
44 141 92.2903 -
44 142 100.5690 -
44 143 109.8835 -
44 144 118.1360 -
44 145 127.7891 -
44 146 136.2315 -
44 147 146.0954 -
44 148 154.8150 -
44 149 164.8588 -
44 150 173.7743 -
44 151 183.9865 -
44 152 193.1488 -
44 153 203.6172 -
44 154 213.0807 -
44 155 223.7345 -
44 156 233.3690 -
45 81 28.6560 -
45 82 18.9384 -
45 83 6.8606 -
45 84 -1.8177 -
45 85 -12.5994 -
45 86 -20.0521 -
45 87 -29.8670 -
45 88 -36.9364 -
45 89 -45.9860 -
45 90 -51.9093 -
45 91 -59.0283 -
45 92 -63.1411 -
45 93 -69.3799 -
45 94 -72.8381 -
45 95 -78.0835 -
45 96 -79.5285 -
45 97 -82.6769 -
45 98 -83.2409 -
45 99 -85.6453 -
45 100 -85.6006 -
45 101 -87.4236 -
45 102 -86.9051 -
45 103 -88.0236 -
45 104 -86.9954 -
45 105 -87.6395 -
45 106 -86.3499 -
45 107 -86.6708 -
45 108 -84.9273 -
45 109 -84.6692 -
45 110 -82.4728 -
45 111 -81.7378 -
45 112 -79.1982 -
45 113 -78.1931 -
45 114 -75.3558 -
45 115 -73.7889 -
45 116 -70.5690 -
45 117 -68.5829 -
45 118 -64.7355 -
45 119 -62.2329 -
45 120 -58.3107 -
45 121 -55.6533 -
45 122 -51.4592 -
45 123 -48.6226 -
45 124 -44.4132 -
45 125 -41.3366 -
45 126 -36.9039 -
45 127 -33.1522 -
45 128 -26.5069 -
45 129 -20.6889 -
45 130 -13.5301 -
45 131 -7.3553 -
45 132 0.2154 -
45 133 6.8207 -
45 134 14.6352 -
45 135 21.5091 -
45 136 29.6887 -
45 137 36.9345 -
45 138 45.2615 -
45 139 52.6935 -
45 140 61.2161 -
45 141 68.8956 -
45 142 77.9470 -
45 143 85.9443 -
45 144 94.8251 -
45 145 102.9348 -
45 146 112.0802 -
45 147 120.3850 -
45 148 129.7444 -
45 149 138.3151 -
45 150 147.8318 -
45 151 156.5798 -
45 152 166.3582 -
45 153 175.3992 -
45 154 185.4134 -
45 155 194.7068 -
45 156 204.8962 -
45 157 214.3497 -
45 158 224.6177 -
45 159 234.2629 -
46 83 28.8499 -
46 84 16.0828 -
46 85 6.9848 -
46 86 -4.5850 -
46 87 -12.3417 -
46 88 -22.8494 -
46 89 -30.2032 -
46 90 -40.0317 -
46 91 -46.3957 -
46 92 -55.2000 -
46 93 -59.6346 -
46 94 -66.5517 -
46 95 -70.2262 -
46 96 -76.0962 -
46 97 -77.7200 -
46 98 -81.5175 -
46 99 -82.2559 -
46 100 -85.3431 -
46 101 -85.5059 -
46 102 -88.0573 -
46 103 -87.6198 -
46 104 -89.3997 -
46 105 -88.5214 -
46 106 -89.8598 -
46 107 -88.5107 -
46 108 -89.4658 -
46 109 -87.8426 -
46 110 -88.2804 -
46 111 -86.1814 -
46 112 -86.1052 -
46 113 -83.6487 -
46 114 -83.2097 -
46 115 -80.4959 -
46 116 -79.7582 -
46 117 -76.6712 -
46 118 -75.4268 -
46 119 -71.7917 -
46 120 -70.0681 -
46 121 -66.2961 -
46 122 -64.3573 -
46 123 -60.3207 -
46 124 -58.1559 -
46 125 -54.0509 -
46 126 -51.6372 -
46 127 -47.2624 -
46 128 -44.1155 -
46 129 -37.5193 -
46 130 -32.2796 -
46 131 -25.1895 -
46 132 -19.6195 -
46 133 -12.1221 -
46 134 -6.1046 -
46 135 1.6779 -
46 136 8.0145 -
46 137 16.1632 -
46 138 22.8612 -
46 139 31.1223 -
46 140 38.0167 -
46 141 46.4554 -
46 142 53.5698 -
46 143 62.5385 -
46 144 69.9476 -
46 145 78.7413 -
46 146 86.3319 -
46 147 95.3463 -
46 148 103.1380 -
46 149 112.3669 -
46 150 120.3942 -
46 151 129.7967 -
46 152 138.0326 -
46 153 147.7579 -
46 154 156.3475 -
46 155 166.2436 -
46 156 175.0281 -
46 157 185.0843 -
46 158 194.0345 -
46 159 204.1527 -
46 160 213.3122 -
46 161 223.8259 -
46 162 233.3794 -
46 163 244.0611 -
47 86 18.5301 -
47 87 6.6790 -
47 88 -1.7692 -
47 89 -12.4402 -
47 90 -20.3772 -
47 91 -30.5150 -
47 92 -37.6178 -
47 93 -46.8151 -
47 94 -52.8328 -
47 95 -60.1558 -
47 96 -64.5081 -
47 97 -70.6676 -
47 98 -72.8849 -
47 99 -76.8812 -
47 100 -78.2534 -
47 101 -81.5606 -
47 102 -82.3675 -
47 103 -85.1006 -
47 104 -85.3276 -
47 105 -87.3158 -
47 106 -87.1196 -
47 107 -88.6384 -
47 108 -87.8347 -
47 109 -88.8225 -
47 110 -87.8351 -
47 111 -88.4440 -
47 112 -87.0166 -
47 113 -87.1013 -
47 114 -85.3004 -
47 115 -84.9923 -
47 116 -82.9428 -
47 117 -82.3649 -
47 118 -79.9677 -
47 119 -78.9086 -
47 120 -76.0033 -
47 121 -74.4960 -
47 122 -71.4094 -
47 123 -69.6462 -
47 124 -66.3547 -
47 125 -64.3498 -
47 126 -60.9441 -
47 127 -58.7277 -
47 128 -55.0068 -
47 129 -51.9973 -
47 130 -45.9558 -
47 131 -40.7524 -
47 132 -34.2099 -
47 133 -28.7343 -
47 134 -21.8336 -
47 135 -15.9464 -
47 136 -8.7218 -
47 137 -2.4677 -
47 138 5.1699 -
47 139 11.8227 -
47 140 19.5854 -
47 141 26.3900 -
47 142 34.3034 -
47 143 41.3410 -
47 144 49.8269 -
47 145 57.2165 -
47 146 65.4985 -
47 147 72.9672 -
47 148 81.4975 -
47 149 89.1862 -
47 150 97.8642 -
47 151 105.7182 -
47 152 114.6127 -
47 153 122.7259 -
47 154 131.9583 -
47 155 140.4153 -
47 156 149.8162 -
47 157 158.4603 -
47 158 167.9996 -
47 159 176.7354 -
47 160 186.3340 -
47 161 195.2679 -
47 162 205.3006 -
47 163 214.6996 -
47 164 224.8841 -
47 165 234.3896 -
47 166 244.6672 -
48 88 15.6233 -
48 89 6.9402 -
48 90 -4.3723 -
48 91 -12.5420 -
48 92 -23.3153 -
48 93 -30.7527 -
48 94 -40.6669 -
48 95 -47.1489 -
48 96 -55.9703 -
48 97 -60.7015 -
48 98 -67.5466 -
48 99 -69.9426 -
48 100 -74.5173 -
48 101 -76.0655 -
48 102 -79.9910 -
48 103 -80.9372 -
48 104 -84.2894 -
48 105 -84.6753 -
48 106 -87.3105 -
48 107 -87.3175 -
48 108 -89.5223 -
48 109 -88.8696 -
48 110 -90.3577 -
48 111 -89.3858 -
48 112 -90.6043 -
48 113 -89.2864 -
48 114 -90.0498 -
48 115 -88.3477 -
48 116 -88.7236 -
48 117 -86.7798 -
48 118 -86.8707 -
48 119 -84.5825 -
48 120 -84.2179 -
48 121 -81.4705 -
48 122 -80.7032 -
48 123 -77.7390 -
48 124 -76.6744 -
48 125 -73.5743 -
48 126 -72.2997 -
48 127 -69.0373 -
48 128 -67.5515 -
48 129 -63.9726 -
48 130 -61.6410 -
48 131 -55.6321 -
48 132 -50.9722 -
48 133 -44.4568 -
48 134 -39.5584 -
48 135 -32.7398 -
48 136 -27.4727 -
48 137 -20.3110 -
48 138 -14.6282 -
48 139 -7.0230 -
48 140 -0.8705 -
48 141 6.8760 -
48 142 13.1481 -
48 143 21.0450 -
48 144 27.5509 -
48 145 35.9746 -
48 146 42.9381 -
48 147 51.2483 -
48 148 58.1286 -
48 149 66.6054 -
48 150 73.7709 -
48 151 82.3461 -
48 152 89.6210 -
48 153 98.4271 -
48 154 106.0122 -
48 155 115.1230 -
48 156 123.0326 -
48 157 132.3490 -
48 158 140.4958 -
48 159 149.8811 -
48 160 158.0907 -
48 161 167.4806 -
48 162 175.8427 -
48 163 185.7738 -
48 164 194.6928 -
48 165 204.7291 -
48 166 213.7162 -
48 167 223.8271 -
48 168 232.7861 -
48 169 242.9189 -
49 90 18.3468 -
49 91 6.9093 -
49 92 -1.8599 -
49 93 -12.7916 -
49 94 -20.8701 -
49 95 -31.0361 -
49 96 -38.2384 -
49 97 -47.5030 -
49 98 -53.6826 -
49 99 -61.0009 -
49 100 -63.9741 -
49 101 -68.7382 -
49 102 -70.8656 -
49 103 -75.0197 -
49 104 -76.5633 -
49 105 -80.0929 -
49 106 -81.0023 -
49 107 -83.9269 -
49 108 -84.5359 -
49 109 -86.9194 -
49 110 -86.9204 -
49 111 -88.5991 -
49 112 -88.1503 -
49 113 -89.3551 -
49 114 -88.5083 -
49 115 -89.4260 -
49 116 -88.3356 -
49 117 -88.8625 -
49 118 -87.5245 -
49 119 -87.6831 -
49 120 -86.0131 -
49 121 -85.7933 -
49 122 -83.7873 -
49 123 -83.2929 -
49 124 -81.0708 -
49 125 -80.2744 -
49 126 -77.8925 -
49 127 -76.8471 -
49 128 -74.3598 -
49 129 -73.1113 -
49 130 -70.2923 -
49 131 -68.1973 -
49 132 -62.7638 -
49 133 -58.1257 -
49 134 -52.1342 -
49 135 -47.2744 -
49 136 -41.0221 -
49 137 -35.8610 -
49 138 -29.3179 -
49 139 -23.8097 -
49 140 -16.7231 -
49 141 -10.6036 -
49 142 -3.3311 -
49 143 2.8946 -
49 144 10.3233 -
49 145 16.8041 -
49 146 24.7349 -
49 147 31.7044 -
49 148 39.5921 -
49 149 46.3354 -
49 150 54.2356 -
49 151 61.3102 -
49 152 69.4692 -
49 153 76.8107 -
49 154 85.0719 -
49 155 92.5061 -
49 156 101.1159 -
49 157 108.9346 -
49 158 117.7954 -
49 159 125.8505 -
49 160 134.8146 -
49 161 142.9365 -
49 162 151.8413 -
49 163 160.0921 -
49 164 169.4934 -
49 165 178.2277 -
49 166 187.7741 -
49 167 196.5393 -
49 168 205.9614 -
49 169 214.6269 -
49 170 224.2595 -
49 171 233.2012 -
49 172 242.6919 -
49 173 251.4550 -
50 92 16.0837 -
50 93 7.1999 -
50 94 -4.3117 -
50 95 -12.6135 -
50 96 -23.4238 -
50 97 -30.9376 -
50 98 -40.9243 -
50 99 -47.6263 -
50 100 -56.2905 -
50 101 -59.5557 -
50 102 -64.9040 -
50 103 -67.2182 -
50 104 -71.9837 -
50 105 -73.7698 -
50 106 -77.9838 -
50 107 -79.0495 -
50 108 -82.5035 -
50 109 -83.2216 -
50 110 -86.2166 -
50 111 -86.3634 -
50 112 -88.7003 -
50 113 -88.3461 -
50 114 -90.2299 -
50 115 -89.6473 -
50 116 -91.2776 -
50 117 -90.2594 -
50 118 -91.2719 -
50 119 -89.7909 -
50 120 -90.4246 -
50 121 -88.7924 -
50 122 -89.2887 -
50 123 -87.4587 -
50 124 -87.6167 -
50 125 -85.6078 -
50 126 -85.4975 -
50 127 -83.2452 -
50 128 -82.9632 -
50 129 -80.6214 -
50 130 -80.0689 -
50 131 -77.4413 -
50 132 -76.0841 -
50 133 -70.7372 -
50 134 -66.6839 -
50 135 -60.7019 -
50 136 -56.4080 -
50 137 -50.2010 -
50 138 -45.6405 -
50 139 -39.2384 -
50 140 -34.4001 -
50 141 -27.3100 -
50 142 -21.7134 -
50 143 -14.4837 -
50 144 -8.7724 -
50 145 -1.3205 -
50 146 4.6681 -
50 147 12.5671 -
50 148 19.0071 -
50 149 26.8766 -
50 150 33.2364 -
50 151 40.7240 -
50 152 47.2720 -
50 153 55.3519 -
50 154 62.1484 -
50 155 70.4299 -
50 156 77.4246 -
50 157 85.9667 -
50 158 93.2961 -
50 159 102.0957 -
50 160 109.6695 -
50 161 118.6325 -
50 162 126.3273 -
50 163 135.1576 -
50 164 142.9241 -
50 165 152.2186 -
50 166 160.4366 -
50 167 169.7049 -
50 168 177.8038 -
50 169 187.0264 -
50 170 195.2046 -
50 171 204.6196 -
50 172 212.7945 -
50 173 222.0339 -
50 174 230.2248 -
50 175 239.4617 -
50 176 248.1181 -
51 95 8.7632 -
51 96 -0.2127 -
51 97 -11.2308 -
51 98 -19.3649 -
51 99 -29.5707 -
51 100 -36.9040 -
51 101 -45.9621 -
51 102 -50.5264 -
51 103 -56.2346 -
51 104 -59.1506 -
51 105 -64.1331 -
51 106 -66.4714 -
51 107 -70.8667 -
51 108 -72.6389 -
51 109 -76.4148 -
51 110 -77.7793 -
51 111 -80.9783 -
51 112 -81.7224 -
51 113 -84.2151 -
51 114 -84.4627 -
51 115 -86.6057 -
51 116 -86.7326 -
51 117 -88.5275 -
51 118 -88.1434 -
51 119 -89.3028 -
51 120 -88.4128 -
51 121 -89.2846 -
51 122 -88.2480 -
51 123 -88.7616 -
51 124 -87.4860 -
51 125 -87.6811 -
51 126 -86.1333 -
51 127 -86.0760 -
51 128 -84.3423 -
51 129 -84.0605 -
51 130 -82.2523 -
51 131 -81.7356 -
51 132 -79.6440 -
51 133 -78.3630 -
51 134 -73.7194 -
51 135 -69.9216 -
51 136 -64.6189 -
51 137 -60.4529 -
51 138 -54.7852 -
51 139 -50.2541 -
51 140 -44.3477 -
51 141 -39.5842 -
51 142 -33.1040 -
51 143 -27.7639 -
51 144 -21.1419 -
51 145 -15.5407 -
51 146 -8.6584 -
51 147 -2.7480 -
51 148 4.3270 -
51 149 9.9650 -
51 150 16.9124 -
51 151 22.9334 -
51 152 30.2690 -
51 153 36.7277 -
51 154 44.3109 -
51 155 51.0089 -
51 156 58.6898 -
51 157 65.5286 -
51 158 73.5804 -
51 159 80.8011 -
51 160 89.1165 -
51 161 96.5778 -
51 162 105.0680 -
51 163 112.6897 -
51 164 121.1024 -
51 165 128.8041 -
51 166 137.6756 -
51 167 145.8150 -
51 168 154.7235 -
51 169 162.7596 -
51 170 171.6035 -
51 171 179.6537 -
51 172 188.5377 -
51 173 196.6562 -
51 174 205.5828 -
51 175 213.7766 -
51 176 222.7468 -
51 177 231.3688 -
51 178 242.1916 -
51 179 252.5927 -
52 97 10.6347 -
52 98 -1.0451 -
52 99 -9.3809 -
52 100 -20.1801 -
52 101 -27.7212 -
52 102 -37.4088 -
52 103 -42.3942 -
52 104 -49.4174 -
52 105 -52.6282 -
52 106 -58.3089 -
52 107 -61.0110 -
52 108 -66.1212 -
52 109 -68.1106 -
52 110 -72.4194 -
52 111 -73.8851 -
52 112 -77.6659 -
52 113 -78.5279 -
52 114 -81.7803 -
52 115 -82.4461 -
52 116 -85.2861 -
52 117 -85.3728 -
52 118 -87.6215 -
52 119 -87.3481 -
52 120 -89.2244 -
52 121 -88.6843 -
52 122 -90.2354 -
52 123 -89.2669 -
52 124 -90.3193 -
52 125 -88.9593 -
52 126 -89.7044 -
52 127 -88.1062 -
52 128 -88.5379 -
52 129 -86.7368 -
52 130 -86.9269 -
52 131 -85.0592 -
52 132 -85.0568 -
52 133 -82.9045 -
52 134 -82.1815 -
52 135 -77.7711 -
52 136 -74.7939 -
52 137 -69.6562 -
52 138 -66.1557 -
52 139 -60.5201 -
52 140 -56.5228 -
52 141 -50.5701 -
52 142 -46.3488 -
52 143 -40.1050 -
52 144 -35.4721 -
52 145 -28.9753 -
52 146 -24.1478 -
52 147 -17.8577 -
52 148 -13.0264 -
52 149 -6.2929 -
52 150 -1.0301 -
52 151 5.9171 -
52 152 11.4200 -
52 153 18.6993 -
52 154 24.6126 -
52 155 32.0883 -
52 156 38.1390 -
52 157 45.7618 -
52 158 52.0997 -
52 159 60.0927 -
52 160 66.7934 -
52 161 75.0143 -
52 162 81.9719 -
52 163 90.3614 -
52 164 97.4501 -
52 165 105.8497 -
52 166 113.0889 -
52 167 121.9308 -
52 168 129.6583 -
52 169 138.6423 -
52 170 146.2526 -
52 171 155.0091 -
52 172 162.6365 -
52 173 171.6016 -
52 174 179.3656 -
52 175 188.3277 -
52 176 196.2164 -
52 177 205.2824 -
52 178 213.5730 -
52 179 224.2337 -
52 180 234.0117 -
52 181 244.9040 -
52 182 254.8328 -
52 183 266.0193 -
53 99 12.4689 -
53 100 3.4808 -
53 101 -7.5192 -
53 102 -15.6523 -
53 103 -25.5573 -
53 104 -31.1601 -
53 105 -38.5455 -
53 106 -42.9878 -
53 107 -49.0641 -
53 108 -52.4325 -
53 109 -57.9204 -
53 110 -60.5573 -
53 111 -65.1093 -
53 112 -67.1251 -
53 113 -71.0594 -
53 114 -72.7362 -
53 115 -76.3582 -
53 116 -77.6194 -
53 117 -80.6276 -
53 118 -81.3492 -
53 119 -83.7926 -
53 120 -84.1207 -
53 121 -86.1289 -
53 122 -86.1549 -
53 123 -87.8132 -
53 124 -87.4459 -
53 125 -88.6013 -
53 126 -87.7794 -
53 127 -88.5430 -
53 128 -87.4623 -
53 129 -87.9045 -
53 130 -86.6423 -
53 131 -86.9545 -
53 132 -85.6094 -
53 133 -85.5818 -
53 134 -83.7774 -
53 135 -83.1053 -
53 136 -79.3533 -
53 137 -76.5700 -
53 138 -72.0936 -
53 139 -68.7526 -
53 140 -63.7258 -
53 141 -59.8437 -
53 142 -54.5046 -
53 143 -50.3595 -
53 144 -44.7333 -
53 145 -40.2857 -
53 146 -34.7073 -
53 147 -30.2681 -
53 148 -24.5394 -
53 149 -19.7983 -
53 150 -13.6968 -
53 151 -8.5912 -
53 152 -2.2559 -
53 153 3.1132 -
53 154 9.8177 -
53 155 15.5932 -
53 156 22.5393 -
53 157 28.5794 -
53 158 35.6989 -
53 159 41.9136 -
53 160 49.3682 -
53 161 55.9702 -
53 162 63.6876 -
53 163 70.5365 -
53 164 78.3611 -
53 165 85.2623 -
53 166 93.1669 -
53 167 100.3305 -
53 168 108.7248 -
53 169 116.4065 -
53 170 124.9858 -
53 171 132.6510 -
53 172 141.0504 -
53 173 148.6005 -
53 174 157.2174 -
53 175 164.9302 -
53 176 173.5051 -
53 177 181.3390 -
53 178 190.0758 -
53 179 198.3070 -
53 180 208.4912 -
53 181 218.0892 -
53 182 228.5233 -
53 183 238.3137 -
53 184 249.0850 -
53 185 259.2424 -
53 186 270.2324 -
54 102 2.9703 -
54 103 -5.3953 -
54 104 -15.9306 -
54 105 -21.7406 -
54 106 -29.8035 -
54 107 -34.6994 -
54 108 -41.9433 -
54 109 -45.7257 -
54 110 -51.9221 -
54 111 -54.8246 -
54 112 -59.9988 -
54 113 -62.1762 -
54 114 -66.7949 -
54 115 -68.7091 -
54 116 -72.9897 -
54 117 -74.3982 -
54 118 -78.0254 -
54 119 -78.9139 -
54 120 -82.0097 -
54 121 -82.4756 -
54 122 -85.1042 -
54 123 -85.1935 -
54 124 -87.4329 -
54 125 -87.1485 -
54 126 -88.9035 -
54 127 -88.1164 -
54 128 -89.4273 -
54 129 -88.3308 -
54 130 -89.3041 -
54 131 -88.0901 -
54 132 -88.9626 -
54 133 -87.6228 -
54 134 -88.1275 -
54 135 -86.2347 -
54 136 -86.0623 -
54 137 -82.3873 -
54 138 -80.2344 -
54 139 -75.8815 -
54 140 -73.2155 -
54 141 -68.2992 -
54 142 -65.1090 -
54 143 -59.9290 -
54 144 -56.4111 -
54 145 -50.9563 -
54 146 -47.3287 -
54 147 -41.8873 -
54 148 -38.0634 -
54 149 -32.3986 -
54 150 -28.2559 -
54 151 -22.2734 -
54 152 -17.7920 -
54 153 -11.5663 -
54 154 -6.8236 -
54 155 -0.2331 -
54 156 4.8917 -
54 157 11.7519 -
54 158 17.2356 -
54 159 24.3646 -
54 160 30.1351 -
54 161 37.5771 -
54 162 43.6644 -
54 163 51.3384 -
54 164 57.6259 -
54 165 65.2691 -
54 166 71.6030 -
54 167 79.4519 -
54 168 86.1366 -
54 169 94.5040 -
54 170 101.7031 -
54 171 110.2656 -
54 172 117.5326 -
54 173 126.0054 -
54 174 133.2301 -
54 175 141.8315 -
54 176 149.1517 -
54 177 157.6904 -
54 178 165.0861 -
54 179 173.8044 -
54 180 181.5611 -
54 181 191.6534 -
54 182 200.8103 -
54 183 211.1522 -
54 184 220.4798 -
54 185 231.1247 -
54 186 240.8451 -
54 187 251.7559 -
54 188 261.7411 -
54 189 272.9082 -
55 104 7.7256 -
55 105 -3.0864 -
55 106 -9.3941 -
55 107 -17.7215 -
55 108 -23.3190 -
55 109 -31.0240 -
55 110 -36.0514 -
55 111 -42.7155 -
55 112 -46.2824 -
55 113 -51.7309 -
55 114 -54.4736 -
55 115 -59.3344 -
55 116 -61.8639 -
55 117 -66.3920 -
55 118 -68.4156 -
55 119 -72.2605 -
55 120 -73.8049 -
55 121 -77.1160 -
55 122 -78.2188 -
55 123 -81.0136 -
55 124 -81.6665 -
55 125 -84.0104 -
55 126 -84.3306 -
55 127 -86.2143 -
55 128 -85.9917 -
55 129 -87.3717 -
55 130 -86.7949 -
55 131 -87.7980 -
55 132 -87.0513 -
55 133 -87.7875 -
55 134 -86.8524 -
55 135 -87.3946 -
55 136 -86.1904 -
55 137 -86.0758 -
55 138 -83.0634 -
55 139 -81.1006 -
55 140 -77.4018 -
55 141 -74.9025 -
55 142 -70.6529 -
55 143 -67.6327 -
55 144 -63.0782 -
55 145 -59.6843 -
55 146 -55.0470 -
55 147 -51.6355 -
55 148 -46.8020 -
55 149 -43.1151 -
55 150 -38.0467 -
55 151 -34.0138 -
55 152 -28.6074 -
55 153 -24.2375 -
55 154 -18.6085 -
55 155 -14.0072 -
55 156 -8.0034 -
55 157 -3.0001 -
55 158 3.3179 -
55 159 8.7127 -
55 160 15.3840 -
55 161 21.1231 -
55 162 28.0884 -
55 163 34.1390 -
55 164 41.2659 -
55 165 47.4399 -
55 166 54.5574 -
55 167 60.7777 -
55 168 68.1780 -
55 169 74.8192 -
55 170 82.7303 -
55 171 89.9013 -
55 172 98.0587 -
55 173 105.3113 -
55 174 113.4228 -
55 175 120.7484 -
55 176 129.0788 -
55 177 136.2771 -
55 178 144.3248 -
55 179 151.5505 -
55 180 159.7809 -
55 181 167.3844 -
55 182 177.1208 -
55 183 186.2684 -
55 184 196.2357 -
55 185 205.4847 -
55 186 215.7256 -
55 187 225.3200 -
55 188 235.7924 -
55 189 245.6256 -
55 190 256.4173 -
55 191 266.5265 -
55 192 277.2554 -
56 107 1.0923 -
56 108 -7.7819 -
56 109 -13.7951 -
56 110 -22.2909 -
56 111 -27.8045 -
56 112 -35.5559 -
56 113 -39.5363 -
56 114 -45.6161 -
56 115 -48.6026 -
56 116 -54.1728 -
56 117 -56.9839 -
56 118 -62.0015 -
56 119 -64.1472 -
56 120 -68.6366 -
56 121 -70.3850 -
56 122 -74.3605 -
56 123 -75.6029 -
56 124 -79.0049 -
56 125 -79.7312 -
56 126 -82.6482 -
56 127 -83.0680 -
56 128 -85.5519 -
56 129 -85.3711 -
56 130 -87.3054 -
56 131 -86.7750 -
56 132 -88.3006 -
56 133 -87.5581 -
56 134 -88.8515 -
56 135 -87.9053 -
56 136 -88.9558 -
56 137 -87.7211 -
56 138 -88.1395 -
56 139 -85.1987 -
56 140 -83.8632 -
56 141 -80.2596 -
56 142 -78.4054 -
56 143 -74.2717 -
56 144 -71.9570 -
56 145 -67.5704 -
56 146 -64.9046 -
56 147 -60.4328 -
56 148 -57.6961 -
56 149 -53.0026 -
56 150 -49.9863 -
56 151 -44.9764 -
56 152 -41.5090 -
56 153 -36.2068 -
56 154 -32.4681 -
56 155 -26.9073 -
56 156 -22.8447 -
56 157 -16.9230 -
56 158 -12.5088 -
56 159 -6.2481 -
56 160 -1.3925 -
56 161 5.2940 -
56 162 10.5777 -
56 163 17.5007 -
56 164 23.0398 -
56 165 30.1042 -
56 166 35.7420 -
56 167 42.8247 -
56 168 48.5507 -
56 169 55.9209 -
56 170 62.0853 -
56 171 69.9590 -
56 172 76.6638 -
56 173 84.8467 -
56 174 91.6798 -
56 175 99.7924 -
56 176 106.6994 -
56 177 115.0944 -
56 178 122.0012 -
56 179 129.9239 -
56 180 136.6188 -
56 181 144.6086 -
56 182 151.7574 -
56 183 161.5090 -
56 184 170.3141 -
56 185 180.2547 -
56 186 189.1131 -
56 187 199.2626 -
56 188 208.4112 -
56 189 218.7621 -
56 190 228.1667 -
56 191 238.8866 -
56 192 248.5935 -
56 193 259.1852 -
56 194 268.6999 -
56 195 279.0899 -
56 196 288.4424 -
57 109 5.5350 -
57 110 -1.1739 -
57 111 -9.9857 -
57 112 -16.1851 -
57 113 -24.3884 -
57 114 -29.4348 -
57 115 -35.9375 -
57 116 -39.9113 -
57 117 -45.9349 -
57 118 -49.3663 -
57 119 -54.6293 -
57 120 -57.2295 -
57 121 -61.8012 -
57 122 -64.1689 -
57 123 -68.3426 -
57 124 -70.1373 -
57 125 -73.6486 -
57 126 -74.8942 -
57 127 -77.8590 -
57 128 -78.8195 -
57 129 -81.4014 -
57 130 -81.7468 -
57 131 -83.7492 -
57 132 -83.7727 -
57 133 -85.4137 -
57 134 -85.2052 -
57 135 -86.5646 -
57 136 -86.1677 -
57 137 -87.2726 -
57 138 -86.5666 -
57 139 -87.0304 -
57 140 -84.6201 -
57 141 -83.3271 -
57 142 -80.2899 -
57 143 -78.5250 -
57 144 -74.9735 -
57 145 -72.8855 -
57 146 -69.1625 -
57 147 -66.8211 -
57 148 -63.0322 -
57 149 -60.5719 -
57 150 -56.5640 -
57 151 -53.7148 -
57 152 -49.2647 -
57 153 -45.9034 -
57 154 -41.2079 -
57 155 -37.5755 -
57 156 -32.5451 -
57 157 -28.5210 -
57 158 -23.1076 -
57 159 -18.7398 -
57 160 -12.9852 -
57 161 -8.1682 -
57 162 -1.9248 -
57 163 3.3669 -
57 164 9.8382 -
57 165 15.2822 -
57 166 21.8244 -
57 167 27.3923 -
57 168 34.0041 -
57 169 39.6679 -
57 170 46.5364 -
57 171 52.6128 -
57 172 59.9639 -
57 173 66.5514 -
57 174 74.1609 -
57 175 80.8414 -
57 176 88.5051 -
57 177 95.3780 -
57 178 103.2490 -
57 179 110.1806 -
57 180 117.7568 -
57 181 124.2866 -
57 182 131.7245 -
57 183 138.6967 -
57 184 148.1087 -
57 185 156.9709 -
57 186 166.6198 -
57 187 175.3478 -
57 188 185.0881 -
57 189 194.1412 -
57 190 204.1247 -
57 191 213.4742 -
57 192 223.8168 -
57 193 233.3384 -
57 194 243.5307 -
57 195 252.9827 -
57 196 262.8193 -
57 197 272.0446 -
57 198 282.1029 -
57 199 291.5001 -
58 111 9.6541 -
58 112 0.1786 -
58 113 -6.3097 -
58 114 -15.1489 -
58 115 -20.6950 -
58 116 -28.8019 -
58 117 -32.9186 -
58 118 -39.6454 -
58 119 -43.4729 -
58 120 -49.3969 -
58 121 -52.2186 -
58 122 -57.4437 -
58 123 -59.9273 -
58 124 -64.6105 -
58 125 -66.4780 -
58 126 -70.5128 -
58 127 -71.8192 -
58 128 -75.3069 -
58 129 -76.2371 -
58 130 -79.3295 -
58 131 -79.6787 -
58 132 -82.2035 -
58 133 -82.2408 -
58 134 -84.4924 -
58 135 -84.3422 -
58 136 -86.2595 -
58 137 -85.9024 -
58 138 -87.5605 -
58 139 -86.8841 -
58 140 -87.8942 -
58 141 -85.4807 -
58 142 -84.7138 -
58 143 -81.7166 -
58 144 -80.5351 -
58 145 -77.0272 -
58 146 -75.6148 -
58 147 -72.1895 -
58 148 -70.6300 -
58 149 -67.1018 -
58 150 -65.3941 -
58 151 -61.5396 -
58 152 -59.3281 -
58 153 -55.0060 -
58 154 -52.3035 -
58 155 -47.6304 -
58 156 -44.5243 -
58 157 -39.5084 -
58 158 -36.0063 -
58 159 -30.6212 -
58 160 -26.7979 -
58 161 -21.0711 -
58 162 -16.7697 -
58 163 -10.4808 -
58 164 -5.6169 -
58 165 0.8573 -
58 166 5.8389 -
58 167 12.3698 -
58 168 17.4634 -
58 169 24.1105 -
58 170 29.2428 -
58 171 36.0798 -
58 172 41.6418 -
58 173 48.8612 -
58 174 54.8241 -
58 175 62.3418 -
58 176 68.5039 -
58 177 76.0935 -
58 178 82.4235 -
58 179 90.3428 -
58 180 96.8858 -
58 181 104.4727 -
58 182 110.4494 -
58 183 117.7230 -
58 184 124.1835 -
58 185 133.6041 -
58 186 142.1068 -
58 187 151.7871 -
58 188 160.1807 -
58 189 169.8497 -
58 190 178.4861 -
58 191 188.4491 -
58 192 197.3943 -
58 193 207.6243 -
58 194 216.6219 -
58 195 226.8462 -
58 196 235.4641 -
58 197 245.2565 -
58 198 254.0650 -
58 199 263.9705 -
58 200 272.8771 -
58 201 282.9180 -
58 202 292.0930 -
59 114 6.2491 -
59 115 -2.7576 -
59 116 -9.2587 -
59 117 -17.6524 -
59 118 -23.4175 -
59 119 -30.5220 -
59 120 -34.9316 -
59 121 -41.0686 -
59 122 -44.4618 -
59 123 -49.9442 -
59 124 -52.9813 -
59 125 -57.8034 -
59 126 -60.1745 -
59 127 -64.3269 -
59 128 -66.1593 -
59 129 -69.7578 -
59 130 -71.1689 -
59 131 -74.3047 -
59 132 -75.1486 -
59 133 -77.6898 -
59 134 -78.2144 -
59 135 -80.5940 -
59 136 -81.0233 -
59 137 -83.0425 -
59 138 -83.2523 -
59 139 -84.9991 -
59 140 -84.8743 -
59 141 -85.9593 -
59 142 -84.0768 -
59 143 -83.3488 -
59 144 -80.8985 -
59 145 -79.7893 -
59 146 -76.8356 -
59 147 -75.5596 -
59 148 -72.7881 -
59 149 -71.4593 -
59 150 -68.6463 -
59 151 -67.1247 -
59 152 -63.9135 -
59 153 -61.8575 -
59 154 -58.1871 -
59 155 -55.6465 -
59 156 -51.5342 -
59 157 -48.5069 -
59 158 -44.0319 -
59 159 -40.5924 -
59 160 -35.7784 -
59 161 -32.0485 -
59 162 -26.8387 -
59 163 -22.5646 -
59 164 -16.7652 -
59 165 -11.9330 -
59 166 -5.9303 -
59 167 -0.9942 -
59 168 5.1219 -
59 169 10.2627 -
59 170 16.4907 -
59 171 21.6314 -
59 172 27.9958 -
59 173 33.4652 -
59 174 40.0943 -
59 175 45.9556 -
59 176 52.9858 -
59 177 59.1059 -
59 178 66.2018 -
59 179 72.4461 -
59 180 79.9448 -
59 181 86.4341 -
59 182 93.3839 -
59 183 99.3756 -
59 184 106.3285 -
59 185 112.7953 -
59 186 121.7208 -
59 187 130.0920 -
59 188 139.2947 -
59 189 147.7149 -
59 190 157.0163 -
59 191 165.6306 -
59 192 175.2018 -
59 193 184.1056 -
59 194 193.8134 -
59 195 202.8456 -
59 196 212.2385 -
59 197 220.6727 -
59 198 230.0597 -
59 199 238.7597 -
59 200 248.2426 -
59 201 257.0120 -
59 202 266.6434 -
59 203 275.7341 -
59 204 285.8450 -
59 205 295.3894 -
59 206 305.5877 -
60 116 7.1168 -
60 117 0.2028 -
60 118 -8.8971 -
60 119 -15.0074 -
60 120 -23.6408 -
60 121 -28.2689 -
60 122 -34.9225 -
60 123 -38.5259 -
60 124 -44.5905 -
60 125 -47.7600 -
60 126 -53.0939 -
60 127 -55.5600 -
60 128 -60.2341 -
60 129 -62.1661 -
60 130 -66.2969 -
60 131 -67.7478 -
60 132 -71.3622 -
60 133 -72.2308 -
60 134 -75.3030 -
60 135 -75.8511 -
60 136 -78.7554 -
60 137 -79.2641 -
60 138 -81.8478 -
60 139 -82.1178 -
60 140 -84.4258 -
60 141 -84.3494 -
60 142 -85.9996 -
60 143 -84.1197 -
60 144 -83.9362 -
60 145 -81.5210 -
60 146 -80.9760 -
60 147 -78.0703 -
60 148 -77.3608 -
60 149 -74.7439 -
60 150 -74.0809 -
60 151 -71.4323 -
60 152 -70.5700 -
60 153 -67.4750 -
60 154 -66.0506 -
60 155 -62.5106 -
60 156 -60.6153 -
60 157 -56.5773 -
60 158 -54.1177 -
60 159 -49.7034 -
60 160 -46.8505 -
60 161 -42.1150 -
60 162 -38.9456 -
60 163 -33.7642 -
60 164 -30.0049 -
60 165 -24.2007 -
60 166 -19.8676 -
60 167 -13.8889 -
60 168 -9.4487 -
60 169 -3.3092 -
60 170 1.3612 -
60 171 7.6398 -
60 172 12.3741 -
60 173 18.7401 -
60 174 23.6581 -
60 175 30.2182 -
60 176 35.5329 -
60 177 42.5156 -
60 178 48.1495 -
60 179 55.2500 -
60 180 61.0607 -
60 181 68.5359 -
60 182 74.3485 -
60 183 81.2378 -
60 184 86.8448 -
60 185 93.8887 -
60 186 99.9767 -
60 187 108.8237 -
60 188 116.6618 -
60 189 125.7683 -
60 190 133.6998 -
60 191 143.0190 -
60 192 151.2396 -
60 193 160.7714 -
60 194 169.2136 -
60 195 178.9589 -
60 196 187.5487 -
60 197 196.6250 -
60 198 204.6195 -
60 199 213.9396 -
60 200 222.2178 -
60 201 231.5867 -
60 202 239.8893 -
60 203 249.4555 -
60 204 258.1400 -
60 205 268.1917 -
60 206 277.3251 -
60 207 287.4437 -
60 208 296.6740 -
60 209 307.1698 -
61 119 3.1818 -
61 120 -3.6230 -
61 121 -12.4708 -
61 122 -18.1536 -
61 123 -25.1846 -
61 124 -29.4234 -
61 125 -35.7853 -
61 126 -39.4752 -
61 127 -44.9877 -
61 128 -47.9782 -
61 129 -52.8163 -
61 130 -55.2934 -
61 131 -59.5701 -
61 132 -61.5255 -
61 133 -65.2256 -
61 134 -66.6273 -
61 135 -69.8171 -
61 136 -70.9323 -
61 137 -73.7583 -
61 138 -74.7615 -
61 139 -77.3920 -
61 140 -78.1681 -
61 141 -80.5423 -
61 142 -81.0466 -
61 143 -82.8459 -
61 144 -81.4634 -
61 145 -81.3206 -
61 146 -79.4470 -
61 147 -78.9576 -
61 148 -76.6305 -
61 149 -76.1779 -
61 150 -74.0925 -
61 151 -73.5264 -
61 152 -71.4544 -
61 153 -70.6947 -
61 154 -68.1967 -
61 155 -66.8989 -
61 156 -63.9732 -
61 157 -62.2137 -
61 158 -58.7802 -
61 159 -56.4564 -
61 160 -52.6304 -
61 161 -49.8859 -
61 162 -45.7241 -
61 163 -42.6523 -
61 164 -38.0167 -
61 165 -34.3513 -
61 166 -29.0754 -
61 167 -24.8128 -
61 168 -19.3996 -
61 169 -15.0242 -
61 170 -9.3606 -
61 171 -4.7258 -
61 172 1.0556 -
61 173 5.8089 -
61 174 11.7116 -
61 175 16.7172 -
61 176 22.8715 -
61 177 28.1160 -
61 178 34.6654 -
61 179 40.2619 -
61 180 46.9488 -
61 181 52.7580 -
61 182 59.5199 -
61 183 65.0905 -
61 184 71.5243 -
61 185 77.0772 -
61 186 83.6889 -
61 187 89.7364 -
61 188 98.1361 -
61 189 105.9241 -
61 190 114.6144 -
61 191 122.4803 -
61 192 131.3693 -
61 193 139.5172 -
61 194 148.6006 -
61 195 156.9591 -
61 196 166.3309 -
61 197 174.7454 -
61 198 183.3544 -
61 199 191.2761 -
61 200 200.1691 -
61 201 208.3569 -
61 202 217.3128 -
61 203 225.5561 -
61 204 234.7520 -
61 205 243.3719 -
61 206 253.0400 -
61 207 262.0626 -
61 208 271.7484 -
61 209 280.9085 -
61 210 290.9745 -
61 211 300.4565 -
61 212 310.6903 -
62 121 6.3155 -
62 122 -3.1322 -
62 123 -9.2037 -
62 124 -17.3522 -
62 125 -22.0842 -
62 126 -29.0360 -
62 127 -32.8681 -
62 128 -38.9134 -
62 129 -42.0627 -
62 130 -47.4428 -
62 131 -50.0613 -
62 132 -54.8854 -
62 133 -56.9243 -
62 134 -61.1296 -
62 135 -62.6306 -
62 136 -66.3803 -
62 137 -67.6231 -
62 138 -71.0028 -
62 139 -71.9191 -
62 140 -75.0254 -
62 141 -75.7672 -
62 142 -78.6456 -
62 143 -79.2959 -
62 144 -81.7742 -
62 145 -80.3962 -
62 146 -80.6568 -
62 147 -78.8219 -
62 148 -78.9074 -
62 149 -76.8726 -
62 150 -76.9472 -
62 151 -74.7843 -
62 152 -74.7681 -
62 153 -72.7429 -
62 154 -72.5489 -
62 155 -70.1224 -
62 156 -69.4209 -
62 157 -66.5804 -
62 158 -65.4313 -
62 159 -62.1014 -
62 160 -60.4033 -
62 161 -56.6655 -
62 162 -54.5162 -
62 163 -50.4396 -
62 164 -47.9579 -
62 165 -43.3941 -
62 166 -40.3132 -
62 167 -35.1212 -
62 168 -31.4344 -
62 169 -26.0574 -
62 170 -22.2108 -
62 171 -16.5744 -
62 172 -12.4732 -
62 173 -6.6993 -
62 174 -2.4489 -
62 175 3.4633 -
62 176 7.9907 -
62 177 14.2472 -
62 178 19.0769 -
62 179 25.6344 -
62 180 30.8009 -
62 181 37.4284 -
62 182 42.3663 -
62 183 49.0490 -
62 184 54.3762 -
62 185 60.7927 -
62 186 65.8495 -
62 187 72.4288 -
62 188 77.9825 -
62 189 86.3926 -
62 190 93.7572 -
62 191 102.4368 -
62 192 109.8832 -
62 193 118.7381 -
62 194 126.4130 -
62 195 135.4442 -
62 196 143.3580 -
62 197 152.6893 -
62 198 160.5676 -
62 199 169.1514 -
62 200 176.6337 -
62 201 185.4777 -
62 202 193.2535 -
62 203 202.1225 -
62 204 209.9274 -
62 205 219.1010 -
62 206 227.3166 -
62 207 236.9072 -
62 208 245.5207 -
62 209 255.2448 -
62 210 263.8870 -
62 211 273.8169 -
62 212 282.8943 -
62 213 293.0578 -
62 214 302.3018 -
62 215 312.5248 -
62 216 321.8194 -
63 123 9.2938 -
63 124 2.6411 -
63 125 -5.9146 -
63 126 -11.6580 -
63 127 -18.9602 -
63 128 -23.3940 -
63 129 -29.7060 -
63 130 -33.4203 -
63 131 -39.0109 -
63 132 -42.1712 -
63 133 -47.1673 -
63 134 -49.7217 -
63 135 -54.0610 -
63 136 -56.0809 -
63 137 -59.9400 -
63 138 -61.7409 -
63 139 -65.2758 -
63 140 -66.6751 -
63 141 -69.8226 -
63 142 -71.1058 -
63 143 -74.1088 -
63 144 -75.3056 -
63 145 -78.0125 -
63 146 -77.1309 -
63 147 -77.3737 -
63 148 -75.8549 -
63 149 -76.1377 -
63 150 -74.7716 -
63 151 -74.9176 -
63 152 -73.2855 -
63 153 -73.2197 -
63 154 -71.6904 -
63 155 -71.5456 -
63 156 -69.6719 -
63 157 -69.0577 -
63 158 -66.7749 -
63 159 -65.7098 -
63 160 -62.9899 -
63 161 -61.4214 -
63 162 -58.2680 -
63 163 -56.2386 -
63 164 -52.7399 -
63 165 -50.3563 -
63 166 -46.3911 -
63 167 -43.4301 -
63 168 -38.8243 -
63 169 -35.2845 -
63 170 -30.4552 -
63 171 -26.7045 -
63 172 -21.6093 -
63 173 -17.5242 -
63 174 -12.1907 -
63 175 -7.9167 -
63 176 -2.4871 -
63 177 1.9977 -
63 178 7.7362 -
63 179 12.5709 -
63 180 18.7198 -
63 181 23.8982 -
63 182 29.7784 -
63 183 34.6681 -
63 184 40.8819 -
63 185 46.0734 -
63 186 52.2708 -
63 187 57.2866 -
63 188 63.3404 -
63 189 68.8457 -
63 190 76.8591 -
63 191 84.2576 -
63 192 92.5552 -
63 193 100.0112 -
63 194 108.4836 -
63 195 116.1393 -
63 196 124.7462 -
63 197 132.5955 -
63 198 141.4510 -
63 199 149.1286 -
63 200 157.2625 -
63 201 164.6718 -
63 202 173.1024 -
63 203 180.7801 -
63 204 189.2412 -
63 205 196.9701 -
63 206 205.7283 -
63 207 213.8642 -
63 208 223.0552 -
63 209 231.7338 -
63 210 240.8559 -
63 211 249.3719 -
63 212 258.9300 -
63 213 267.8997 -
63 214 277.6769 -
63 215 286.8158 -
63 216 296.6633 -
63 217 305.9058 -
63 218 316.0031 -
63 219 325.4114 -
64 126 3.5577 -
64 127 -2.5658 -
64 128 -10.7894 -
64 129 -15.5587 -
64 130 -22.4875 -
64 131 -26.4743 -
64 132 -32.6552 -
64 133 -36.0001 -
64 134 -41.5444 -
64 135 -44.2245 -
64 136 -49.0967 -
64 137 -51.2052 -
64 138 -55.5884 -
64 139 -57.4982 -
64 140 -61.5996 -
64 141 -63.0818 -
64 142 -66.7029 -
64 143 -68.1263 -
64 144 -71.6707 -
64 145 -72.8723 -
64 146 -76.2228 -
64 147 -75.4038 -
64 148 -76.1723 -
64 149 -74.6144 -
64 150 -75.3786 -
64 151 -74.1288 -
64 152 -74.8331 -
64 153 -73.2419 -
64 154 -73.6721 -
64 155 -72.0973 -
64 156 -72.4729 -
64 157 -70.6354 -
64 158 -70.5736 -
64 159 -68.3199 -
64 160 -67.8112 -
64 161 -65.1664 -
64 162 -64.2057 -
64 163 -61.1450 -
64 164 -59.7220 -
64 165 -56.2861 -
64 166 -54.4790 -
64 167 -50.6175 -
64 168 -48.2673 -
64 169 -43.7947 -
64 170 -40.8767 -
64 171 -36.1268 -
64 172 -32.9211 -
64 173 -27.8331 -
64 174 -24.2492 -
64 175 -18.8872 -
64 176 -15.0343 -
64 177 -9.6101 -
64 178 -5.6653 -
64 179 0.0410 -
64 180 4.4018 -
64 181 10.5937 -
64 182 15.3396 -
64 183 21.0448 -
64 184 25.4492 -
64 185 31.6615 -
64 186 36.3777 -
64 187 42.5697 -
64 188 47.2173 -
64 189 53.1958 -
64 190 58.2095 -
64 191 66.2356 -
64 192 73.2375 -
64 193 81.5867 -
64 194 88.6383 -
64 195 97.1210 -
64 196 104.3736 -
64 197 112.9726 -
64 198 120.3836 -
64 199 129.1595 -
64 200 136.2588 -
64 201 144.3565 -
64 202 151.3424 -
64 203 159.6995 -
64 204 166.9195 -
64 205 175.3312 -
64 206 182.6318 -
64 207 191.3594 -
64 208 199.0859 -
64 209 208.4070 -
64 210 216.3922 -
64 211 225.4721 -
64 212 233.5752 -
64 213 243.0702 -
64 214 251.6323 -
64 215 261.3437 -
64 216 270.0736 -
64 217 279.8793 -
64 218 288.7389 -
64 219 298.7660 -
64 220 307.7707 -
64 221 317.8611 -
64 222 327.0464 -
65 128 9.7113 -
65 129 1.1733 -
65 130 -4.5768 -
65 131 -12.0085 -
65 132 -16.6368 -
65 133 -23.1125 -
65 134 -27.0192 -
65 135 -32.7764 -
65 136 -35.9980 -
65 137 -41.0464 -
65 138 -43.6894 -
65 139 -48.2554 -
65 140 -50.6983 -
65 141 -54.9133 -
65 142 -56.8883 -
65 143 -60.5835 -
65 144 -62.5945 -
65 145 -66.1973 -
65 146 -67.6506 -
65 147 -70.9929 -
65 148 -70.7883 -
65 149 -71.7498 -
65 150 -70.7241 -
65 151 -71.6878 -
65 152 -71.0080 -
65 153 -71.8153 -
65 154 -70.7773 -
65 155 -71.2758 -
65 156 -70.2077 -
65 157 -70.6044 -
65 158 -69.2928 -
65 159 -69.2980 -
65 160 -67.5798 -
65 161 -67.1425 -
65 162 -65.0676 -
65 163 -64.2174 -
65 164 -61.7293 -
65 165 -60.4025 -
65 166 -57.5292 -
65 167 -55.8201 -
65 168 -52.5309 -
65 169 -50.3011 -
65 170 -46.4123 -
65 171 -43.6206 -
65 172 -39.4141 -
65 173 -36.2834 -
65 174 -31.7111 -
65 175 -28.1776 -
65 176 -23.3084 -
65 177 -19.5007 -
65 178 -14.5245 -
65 179 -10.6283 -
65 180 -5.4206 -
65 181 -1.1227 -
65 182 4.6346 -
65 183 9.2873 -
65 184 14.4444 -
65 185 18.7970 -
65 186 24.6361 -
65 187 29.4148 -
65 188 35.2172 -
65 189 40.0818 -
65 190 45.7585 -
65 191 50.8011 -
65 192 58.2971 -
65 193 65.1727 -
65 194 73.0878 -
65 195 80.0739 -
65 196 88.0687 -
65 197 95.2625 -
65 198 103.4762 -
65 199 110.8430 -
65 200 118.9382 -
65 201 125.9445 -
65 202 133.7034 -
65 203 140.6806 -
65 204 148.5888 -
65 205 155.7259 -
65 206 163.7172 -
65 207 170.9703 -
65 208 179.2856 -
65 209 187.1975 -
65 210 195.8040 -
65 211 203.6916 -
65 212 212.3559 -
65 213 220.3906 -
65 214 229.4921 -
65 215 237.9684 -
65 216 247.2680 -
65 217 255.9059 -
65 218 265.3400 -
65 219 274.1422 -
65 220 283.7704 -
65 221 292.7120 -
65 222 302.4207 -
65 223 311.5037 -
65 224 321.5629 -
65 225 331.0559 -
66 131 4.9331 -
66 132 -3.5340 -
66 133 -8.5222 -
66 134 -15.6000 -
66 135 -19.7140 -
66 136 -26.0369 -
66 137 -29.4420 -
66 138 -35.0347 -
66 139 -37.8366 -
66 140 -42.9658 -
66 141 -45.5228 -
66 142 -50.2353 -
66 143 -52.2634 -
66 144 -56.4461 -
66 145 -58.6406 -
66 146 -62.7553 -
66 147 -64.1975 -
66 148 -67.8389 -
66 149 -67.7869 -
66 150 -69.3941 -
66 151 -68.4526 -
66 152 -69.8888 -
66 153 -69.3085 -
66 154 -70.6971 -
66 155 -69.7028 -
66 156 -70.7313 -
66 157 -69.6570 -
66 158 -70.5675 -
66 159 -69.2946 -
66 160 -69.8405 -
66 161 -68.1534 -
66 162 -68.2598 -
66 163 -66.2459 -
66 164 -65.9726 -
66 165 -63.5456 -
66 166 -62.7869 -
66 167 -59.9721 -
66 168 -58.8285 -
66 169 -55.6261 -
66 170 -53.9826 -
66 171 -50.1807 -
66 172 -47.9851 -
66 173 -43.8442 -
66 174 -41.2648 -
66 175 -36.7396 -
66 176 -33.7411 -
66 177 -28.8975 -
66 178 -25.5982 -
66 179 -20.6042 -
66 180 -17.1776 -
66 181 -11.9991 -
66 182 -8.2054 -
66 183 -2.4482 -
66 184 1.5623 -
66 185 6.6936 -
66 186 10.5554 -
66 187 16.4474 -
66 188 20.8500 -
66 189 26.7423 -
66 190 31.1470 -
66 191 37.1119 -
66 192 41.7964 -
66 193 49.2080 -
66 194 55.4886 -
66 195 63.3195 -
66 196 69.8804 -
66 197 77.8366 -
66 198 84.5767 -
66 199 92.7675 -
66 200 99.5219 -
66 201 107.5452 -
66 202 114.1258 -
66 203 121.9184 -
66 204 128.5015 -
66 205 136.4655 -
66 206 143.1907 -
66 207 151.1739 -
66 208 158.0081 -
66 209 166.5492 -
66 210 173.7609 -
66 211 182.3151 -
66 212 189.7302 -
66 213 198.3325 -
66 214 205.9553 -
66 215 214.9937 -
66 216 223.0620 -
66 217 232.2702 -
66 218 240.5086 -
66 219 249.9106 -
66 220 258.3306 -
66 221 267.8640 -
66 222 276.4221 -
66 223 286.0419 -
66 224 294.7611 -
66 225 304.7353 -
66 226 313.8344 -
66 227 324.0279 -
66 228 333.3265 -
66 229 343.7886 -
67 133 8.4579 -
67 134 2.5723 -
67 135 -4.9031 -
67 136 -9.5891 -
67 137 -16.1606 -
67 138 -20.0915 -
67 139 -25.8632 -
67 140 -29.1698 -
67 141 -34.4680 -
67 142 -37.5549 -
67 143 -42.4167 -
67 144 -44.9393 -
67 145 -49.3883 -
67 146 -52.1161 -
67 147 -56.3548 -
67 148 -58.2175 -
67 149 -61.8254 -
67 150 -62.3196 -
67 151 -64.0786 -
67 152 -63.7278 -
67 153 -65.0443 -
67 154 -65.0062 -
67 155 -66.4952 -
67 156 -66.0014 -
67 157 -67.0628 -
67 158 -66.4668 -
67 159 -67.4195 -
67 160 -66.6700 -
67 161 -67.2834 -
67 162 -66.1178 -
67 163 -66.2837 -
67 164 -64.8214 -
67 165 -64.6427 -
67 166 -62.7704 -
67 167 -62.1021 -
67 168 -59.8408 -
67 169 -58.7879 -
67 170 -56.1447 -
67 171 -54.6088 -
67 172 -51.3974 -
67 173 -49.3285 -
67 174 -45.7559 -
67 175 -43.2710 -
67 176 -39.2924 -
67 177 -36.3772 -
67 178 -32.0607 -
67 179 -28.8231 -
67 180 -24.3305 -
67 181 -20.9263 -
67 182 -16.2359 -
67 183 -12.4811 -
67 184 -7.1777 -
67 185 -3.3281 -
67 186 1.3156 -
67 187 5.1359 -
67 188 10.5852 -
67 189 14.9911 -
67 190 20.4905 -
67 191 24.9053 -
67 192 30.5217 -
67 193 35.2987 -
67 194 42.1846 -
67 195 48.3677 -
67 196 55.7427 -
67 197 62.2067 -
67 198 69.7325 -
67 199 76.4260 -
67 200 84.0536 -
67 201 90.8012 -
67 202 98.3900 -
67 203 104.9859 -
67 204 112.3706 -
67 205 118.9390 -
67 206 126.4978 -
67 207 133.2853 -
67 208 140.9680 -
67 209 148.0058 -
67 210 155.8751 -
67 211 163.0205 -
67 212 171.1244 -
67 213 178.4580 -
67 214 186.6407 -
67 215 194.1956 -
67 216 202.8133 -
67 217 210.7799 -
67 218 219.5745 -
67 219 227.7091 -
67 220 236.7253 -
67 221 245.0619 -
67 222 254.1952 -
67 223 262.6403 -
67 224 271.8591 -
67 225 280.4876 -
67 226 290.0607 -
67 227 299.0749 -
67 228 308.9508 -
67 229 318.2179 -
67 230 328.3316 -
67 231 337.8124 -
67 232 348.0714 -
68 136 3.8560 -
68 137 -1.1644 -
68 138 -8.3285 -
68 139 -12.4466 -
68 140 -18.7195 -
68 141 -22.1502 -
68 142 -27.9769 -
68 143 -31.2141 -
68 144 -36.6071 -
68 145 -39.2264 -
68 146 -44.3606 -
68 147 -47.1885 -
68 148 -51.9592 -
68 149 -53.8211 -
68 150 -57.8312 -
68 151 -58.4113 -
68 152 -60.7372 -
68 153 -60.5122 -
68 154 -62.3647 -
68 155 -62.1487 -
68 156 -64.1790 -
68 157 -63.7518 -
68 158 -65.2460 -
68 159 -64.6897 -
68 160 -66.1057 -
68 161 -65.3949 -
68 162 -66.5562 -
68 163 -65.4369 -
68 164 -66.1434 -
68 165 -64.7195 -
68 166 -65.0792 -
68 167 -63.2593 -
68 168 -63.1467 -
68 169 -60.9327 -
68 170 -60.4355 -
68 171 -57.8597 -
68 172 -56.8959 -
68 173 -53.7739 -
68 174 -52.3095 -
68 175 -48.8121 -
68 176 -46.8903 -
68 177 -42.9820 -
68 178 -40.6272 -
68 179 -36.3740 -
68 180 -33.6913 -
68 181 -29.2108 -
68 182 -26.2926 -
68 183 -21.6192 -
68 184 -18.3696 -
68 185 -13.0591 -
68 186 -9.8119 -
68 187 -5.1907 -
68 188 -1.8649 -
68 189 3.5983 -
68 190 7.5527 -
68 191 13.0484 -
68 192 17.0896 -
68 193 22.7958 -
68 194 27.2121 -
68 195 34.0592 -
68 196 39.7529 -
68 197 47.0966 -
68 198 53.0204 -
68 199 60.5263 -
68 200 66.7536 -
68 201 74.3268 -
68 202 80.5962 -
68 203 88.1704 -
68 204 94.3322 -
68 205 101.7910 -
68 206 107.9458 -
68 207 115.4867 -
68 208 121.8543 -
68 209 129.7661 -
68 210 136.2886 -
68 211 144.2151 -
68 212 150.9158 -
68 213 158.9414 -
68 214 165.7921 -
68 215 173.9465 -
68 216 181.0540 -
68 217 189.6180 -
68 218 197.1520 -
68 219 205.9085 -
68 220 213.6168 -
68 221 222.5363 -
68 222 230.4526 -
68 223 239.5397 -
68 224 247.5868 -
68 225 256.7399 -
68 226 264.9622 -
68 227 274.4467 -
68 228 283.0447 -
68 229 292.8481 -
68 230 301.7213 -
68 231 311.8726 -
68 232 321.0405 -
68 233 331.2469 -
68 234 340.5902 -
68 235 350.9846 -
69 138 10.0249 -
69 139 2.5111 -
69 140 -2.1480 -
69 141 -8.6023 -
69 142 -12.5253 -
69 143 -18.5479 -
69 144 -22.3124 -
69 145 -27.8682 -
69 146 -30.9741 -
69 147 -36.3268 -
69 148 -39.6447 -
69 149 -44.5211 -
69 150 -46.8381 -
69 151 -50.9262 -
69 152 -52.0030 -
69 153 -54.4229 -
69 154 -54.7317 -
69 155 -56.7015 -
69 156 -56.8663 -
69 157 -58.9754 -
69 158 -59.0533 -
69 159 -60.6149 -
69 160 -60.4814 -
69 161 -61.9588 -
69 162 -61.7020 -
69 163 -62.9222 -
69 164 -62.3377 -
69 165 -63.1256 -
69 166 -62.2165 -
69 167 -62.6203 -
69 168 -61.3291 -
69 169 -61.2862 -
69 170 -59.5971 -
69 171 -59.1695 -
69 172 -57.1386 -
69 173 -56.2688 -
69 174 -53.7320 -
69 175 -52.3805 -
69 176 -49.4357 -
69 177 -47.6264 -
69 178 -44.2797 -
69 179 -42.0151 -
69 180 -38.3236 -
69 181 -35.7310 -
69 182 -31.7396 -
69 183 -28.8599 -
69 184 -24.7057 -
69 185 -21.5176 -
69 186 -16.6834 -
69 187 -13.4761 -
69 188 -9.3360 -
69 189 -6.0433 -
69 190 -1.0269 -
69 191 2.9249 -
69 192 7.8952 -
69 193 11.8947 -
69 194 17.2257 -
69 195 21.6527 -
69 196 28.0685 -
69 197 33.7290 -
69 198 40.5072 -
69 199 46.3625 -
69 200 53.4331 -
69 201 59.6431 -
69 202 66.8169 -
69 203 73.0570 -
69 204 80.2983 -
69 205 86.4443 -
69 206 93.4145 -
69 207 99.5220 -
69 208 106.6275 -
69 209 113.1123 -
69 210 120.4099 -
69 211 126.9014 -
69 212 134.4903 -
69 213 141.3340 -
69 214 148.9648 -
69 215 155.7772 -
69 216 163.4792 -
69 217 170.4999 -
69 218 178.6338 -
69 219 186.1036 -
69 220 194.4586 -
69 221 202.0749 -
69 222 210.6120 -
69 223 218.4612 -
69 224 227.1513 -
69 225 235.1345 -
69 226 243.8878 -
69 227 252.0155 -
69 228 261.0884 -
69 229 269.5638 -
69 230 278.9875 -
69 231 287.8013 -
69 232 297.5312 -
69 233 306.6634 -
69 234 316.5748 -
69 235 325.8872 -
69 236 335.9506 -
69 237 345.2955 -
69 238 355.1580 -
69 239 364.0253 -
70 141 6.4985 -
70 142 -0.4725 -
70 143 -4.6074 -
70 144 -11.1507 -
70 145 -15.0639 -
70 146 -21.1334 -
70 147 -24.3569 -
70 148 -30.2991 -
70 149 -33.6996 -
70 150 -39.0585 -
70 151 -41.4313 -
70 152 -46.0199 -
70 153 -47.1543 -
70 154 -50.0730 -
70 155 -50.4578 -
70 156 -52.9597 -
70 157 -53.0900 -
70 158 -55.6999 -
70 159 -55.8152 -
70 160 -57.8739 -
70 161 -57.7226 -
70 162 -59.6747 -
70 163 -59.4193 -
70 164 -61.1232 -
70 165 -60.5787 -
70 166 -61.8973 -
70 167 -61.0076 -
70 168 -61.9188 -
70 169 -60.6502 -
70 170 -61.1395 -
70 171 -59.4736 -
70 172 -59.5743 -
70 173 -57.5942 -
70 174 -57.2915 -
70 175 -54.8339 -
70 176 -54.0651 -
70 177 -51.2115 -
70 178 -49.9879 -
70 179 -46.7059 -
70 180 -44.9879 -
70 181 -41.3783 -
70 182 -39.3555 -
70 183 -35.3972 -
70 184 -33.0358 -
70 185 -28.9241 -
70 186 -26.2732 -
70 187 -21.4555 -
70 188 -18.7505 -
70 189 -14.6177 -
70 190 -11.8029 -
70 191 -6.7695 -
70 192 -3.2932 -
70 193 1.6402 -
70 194 5.1334 -
70 195 10.5264 -
70 196 14.5173 -
70 197 20.9409 -
70 198 26.0891 -
70 199 32.8031 -
70 200 38.1747 -
70 201 45.2508 -
70 202 51.0191 -
70 203 58.2040 -
70 204 64.0231 -
70 205 71.2861 -
70 206 77.0558 -
70 207 84.0065 -
70 208 89.6570 -
70 209 96.8257 -
70 210 102.7211 -
70 211 110.0030 -
70 212 116.0782 -
70 213 123.6752 -
70 214 130.0857 -
70 215 137.7924 -
70 216 144.3425 -
70 217 151.9884 -
70 218 158.5498 -
70 219 166.6499 -
70 220 173.6936 -
70 221 182.0042 -
70 222 189.2373 -
70 223 197.7532 -
70 224 205.1996 -
70 225 213.8405 -
70 226 221.3936 -
70 227 230.1227 -
70 228 237.8154 -
70 229 246.8345 -
70 230 254.8835 -
70 231 264.2486 -
70 232 272.6425 -
70 233 282.3332 -
70 234 291.0650 -
70 235 301.0056 -
70 236 309.9926 -
70 237 319.8849 -
70 238 328.7917 -
70 239 338.7395 -
70 240 347.4014 -
70 241 356.9198 -
70 242 365.6211 -
71 143 11.0568 -
71 144 6.2683 -
71 145 -0.5416 -
71 146 -4.9738 -
71 147 -11.2534 -
71 148 -15.0942 -
71 149 -21.1983 -
71 150 -25.0854 -
71 151 -30.5764 -
71 152 -33.4772 -
71 153 -38.2848 -
71 154 -39.8865 -
71 155 -42.8874 -
71 156 -43.8128 -
71 157 -46.3857 -
71 158 -47.0971 -
71 159 -49.5444 -
71 160 -50.1209 -
71 161 -52.2202 -
71 162 -52.4981 -
71 163 -54.4162 -
71 164 -54.6032 -
71 165 -56.3011 -
71 166 -56.2316 -
71 167 -57.5736 -
71 168 -57.1649 -
71 169 -58.0924 -
71 170 -57.3051 -
71 171 -57.8291 -
71 172 -56.6455 -
71 173 -56.7757 -
71 174 -55.3283 -
71 175 -55.1152 -
71 176 -53.2211 -
71 177 -52.5594 -
71 178 -50.2751 -
71 179 -49.1523 -
71 180 -46.4184 -
71 181 -44.7986 -
71 182 -41.7722 -
71 183 -39.8606 -
71 184 -36.4512 -
71 185 -34.2042 -
71 186 -30.6501 -
71 187 -28.1070 -
71 188 -23.8910 -
71 189 -21.1617 -
71 190 -17.5206 -
71 191 -14.7638 -
71 192 -10.2500 -
71 193 -6.8436 -
71 194 -2.4201 -
71 195 1.0131 -
71 196 5.9376 -
71 197 9.9297 -
71 198 15.9053 -
71 199 21.0333 -
71 200 27.2955 -
71 201 32.6372 -
71 202 39.2501 -
71 203 44.9808 -
71 204 51.7750 -
71 205 57.5416 -
71 206 64.3688 -
71 207 70.1356 -
71 208 76.7050 -
71 209 82.3788 -
71 210 89.0721 -
71 211 94.9271 -
71 212 101.8104 -
71 213 107.8803 -
71 214 115.0970 -
71 215 121.5078 -
71 216 128.7813 -
71 217 135.2366 -
71 218 142.5408 -
71 219 149.0714 -
71 220 156.7701 -
71 221 163.7477 -
71 222 171.6610 -
71 223 178.8743 -
71 224 187.0352 -
71 225 194.4786 -
71 226 202.7005 -
71 227 210.1687 -
71 228 218.5787 -
71 229 226.2788 -
71 230 234.9025 -
71 231 242.8929 -
71 232 251.8294 -
71 233 260.1865 -
71 234 269.4708 -
71 235 278.1459 -
71 236 287.6283 -
71 237 296.4264 -
71 238 305.8953 -
71 239 314.7241 -
71 240 324.3113 -
71 241 333.2575 -
71 242 342.5616 -
71 243 351.2137 -
71 244 360.8311 -
71 245 369.9475 -
72 146 8.0270 -
72 147 3.3740 -
72 148 -3.4382 -
72 149 -7.4540 -
72 150 -14.0647 -
72 151 -18.0762 -
72 152 -24.0744 -
72 153 -27.1354 -
72 154 -32.6041 -
72 155 -34.2667 -
72 156 -37.7499 -
72 157 -38.7561 -
72 158 -41.8475 -
72 159 -42.6433 -
72 160 -45.6063 -
72 161 -46.0940 -
72 162 -48.6298 -
72 163 -48.8955 -
72 164 -51.2615 -
72 165 -51.4040 -
72 166 -53.5292 -
72 167 -53.4323 -
72 168 -55.2436 -
72 169 -54.7828 -
72 170 -56.1330 -
72 171 -55.3241 -
72 172 -56.3324 -
72 173 -55.1446 -
72 174 -55.7617 -
72 175 -54.3485 -
72 176 -54.6812 -
72 177 -52.8597 -
72 178 -52.7644 -
72 179 -50.5459 -
72 180 -49.9823 -
72 181 -47.3071 -
72 182 -46.2461 -
72 183 -43.2913 -
72 184 -41.9657 -
72 185 -38.6556 -
72 186 -36.9836 -
72 187 -33.5300 -
72 188 -31.5670 -
72 189 -27.5452 -
72 190 -25.1812 -
72 191 -21.5693 -
72 192 -19.3236 -
72 193 -14.8545 -
72 194 -11.9734 -
72 195 -7.6195 -
72 196 -4.7024 -
72 197 0.2073 -
72 198 3.7245 -
72 199 9.6987 -
72 200 14.4030 -
72 201 20.6809 -
72 202 25.5536 -
72 203 32.1444 -
72 204 37.3928 -
72 205 44.1917 -
72 206 49.5176 -
72 207 56.3465 -
72 208 61.6870 -
72 209 68.2741 -
72 210 73.5583 -
72 211 80.2529 -
72 212 85.6817 -
72 213 92.5739 -
72 214 98.2600 -
72 215 105.4926 -
72 216 111.5048 -
72 217 118.7380 -
72 218 124.7363 -
72 219 132.0340 -
72 220 138.1680 -
72 221 145.8543 -
72 222 152.4123 -
72 223 160.3116 -
72 224 167.1168 -
72 225 175.2457 -
72 226 182.2705 -
72 227 190.4650 -
72 228 197.5638 -
72 229 205.9630 -
72 230 213.3099 -
72 231 221.8958 -
72 232 229.4892 -
72 233 238.4058 -
72 234 246.3136 -
72 235 255.5307 -
72 236 263.7957 -
72 237 273.2023 -
72 238 281.5533 -
72 239 290.9542 -
72 240 299.3499 -
72 241 308.9179 -
72 242 317.5025 -
72 243 327.1217 -
72 244 335.5708 -
72 245 345.1744 -
72 246 353.9706 -
72 247 363.9654 -
72 248 373.0647 -
72 249 383.0245 -
73 149 7.2966 -
73 150 2.7963 -
73 151 -3.9442 -
73 152 -8.4570 -
73 153 -14.6262 -
73 154 -18.4258 -
73 155 -24.0107 -
73 156 -26.1399 -
73 157 -29.7291 -
73 158 -31.2273 -
73 159 -34.4326 -
73 160 -35.7300 -
73 161 -38.7957 -
73 162 -39.7904 -
73 163 -42.3644 -
73 164 -43.0943 -
73 165 -45.4366 -
73 166 -46.0121 -
73 167 -48.1539 -
73 168 -48.5297 -
73 169 -50.3543 -
73 170 -50.3228 -
73 171 -51.6787 -
73 172 -51.2758 -
73 173 -52.2446 -
73 174 -51.5077 -
73 175 -52.1473 -
73 176 -51.2291 -
73 177 -51.6127 -
73 178 -50.3208 -
73 179 -50.2999 -
73 180 -48.6049 -
73 181 -48.1185 -
73 182 -45.9707 -
73 183 -44.9984 -
73 184 -42.5973 -
73 185 -41.3658 -
73 186 -38.6487 -
73 187 -37.1092 -
73 188 -34.2577 -
73 189 -32.4630 -
73 190 -29.0321 -
73 191 -26.6377 -
73 192 -23.3939 -
73 193 -21.2192 -
73 194 -17.2826 -
73 195 -14.5071 -
73 196 -10.6514 -
73 197 -7.7958 -
73 198 -3.3916 -
73 199 0.0367 -
73 200 5.6240 -
73 201 10.3834 -
73 202 16.2511 -
73 203 21.1053 -
73 204 27.2229 -
73 205 32.4289 -
73 206 38.7939 -
73 207 44.1197 -
73 208 50.5036 -
73 209 55.7496 -
73 210 62.0645 -
73 211 67.3638 -
73 212 73.6337 -
73 213 79.0371 -
73 214 85.5362 -
73 215 91.2140 -
73 216 98.0446 -
73 217 104.0424 -
73 218 110.9140 -
73 219 116.9098 -
73 220 123.8373 -
73 221 129.9796 -
73 222 137.2877 -
73 223 143.7797 -
73 224 151.2807 -
73 225 158.0500 -
73 226 165.7506 -
73 227 172.7050 -
73 228 180.5221 -
73 229 187.6082 -
73 230 195.6391 -
73 231 202.9702 -
73 232 211.1699 -
73 233 218.7015 -
73 234 227.1537 -
73 235 234.9556 -
73 236 243.7912 -
73 237 251.9849 -
73 238 260.9901 -
73 239 269.2212 -
73 240 278.2185 -
73 241 286.5418 -
73 242 295.7355 -
73 243 304.2744 -
73 244 313.5199 -
73 245 322.2306 -
73 246 331.6599 -
73 247 340.4453 -
73 248 350.0264 -
73 249 358.9325 -
73 250 368.3996 -
73 251 377.3504 -
73 252 387.2296 -
74 151 11.2704 -
74 152 4.1578 -
74 153 -0.5015 -
74 154 -7.2255 -
74 155 -11.4002 -
74 156 -17.4601 -
74 157 -19.6552 -
74 158 -23.7190 -
74 159 -25.2994 -
74 160 -28.9980 -
74 161 -30.3652 -
74 162 -33.9221 -
74 163 -34.9905 -
74 164 -38.0720 -
74 165 -38.8346 -
74 166 -41.6108 -
74 167 -42.1329 -
74 168 -44.7163 -
74 169 -45.1131 -
74 170 -47.4269 -
74 171 -47.3980 -
74 172 -49.2052 -
74 173 -48.7816 -
74 174 -50.1985 -
74 175 -49.4585 -
74 176 -50.5806 -
74 177 -49.6527 -
74 178 -50.5131 -
74 179 -49.2546 -
74 180 -49.7605 -
74 181 -48.0982 -
74 182 -48.1289 -
74 183 -46.0306 -
74 184 -45.6139 -
74 185 -43.2449 -
74 186 -42.5682 -
74 187 -39.9660 -
74 188 -39.0833 -
74 189 -36.2967 -
74 190 -35.0703 -
74 191 -31.7306 -
74 192 -29.9126 -
74 193 -26.4097 -
74 194 -24.7658 -
74 195 -20.9070 -
74 196 -18.6828 -
74 197 -14.8590 -
74 198 -12.5258 -
74 199 -8.1848 -
74 200 -5.2988 -
74 201 0.3561 -
74 202 4.7278 -
74 203 10.6446 -
74 204 15.0605 -
74 205 21.1672 -
74 206 25.8963 -
74 207 32.2788 -
74 208 37.1711 -
74 209 43.4242 -
74 210 48.3581 -
74 211 54.7351 -
74 212 59.6155 -
74 213 65.9420 -
74 214 70.9288 -
74 215 77.4554 -
74 216 82.7211 -
74 217 89.5546 -
74 218 95.1231 -
74 219 102.0289 -
74 220 107.6461 -
74 221 114.6342 -
74 222 120.2657 -
74 223 127.5952 -
74 224 133.7405 -
74 225 141.2380 -
74 226 147.5880 -
74 227 155.2521 -
74 228 161.7688 -
74 229 169.5838 -
74 230 176.2759 -
74 231 184.3093 -
74 232 191.2287 -
74 233 199.4250 -
74 234 206.5302 -
74 235 214.9204 -
74 236 222.2697 -
74 237 231.0736 -
74 238 238.8871 -
74 239 247.8264 -
74 240 255.6387 -
74 241 264.5756 -
74 242 272.4820 -
74 243 281.6355 -
74 244 289.7868 -
74 245 299.0186 -
74 246 307.3719 -
74 247 316.8862 -
74 248 325.4425 -
74 249 334.9484 -
74 250 343.4135 -
74 251 352.8555 -
74 252 361.4583 -
74 253 371.3449 -
74 254 380.4420 -
74 255 390.5003 -
75 154 9.7825 -
75 155 2.8063 -
75 156 -1.8646 -
75 157 -8.0660 -
75 158 -10.7199 -
75 159 -14.8638 -
75 160 -16.8929 -
75 161 -20.6737 -
75 162 -22.4751 -
75 163 -26.0924 -
75 164 -27.6338 -
75 165 -30.8034 -
75 166 -32.0496 -
75 167 -34.8949 -
75 168 -35.8381 -
75 169 -38.4116 -
75 170 -39.2351 -
75 171 -41.5912 -
75 172 -42.0260 -
75 173 -43.8664 -
75 174 -43.9117 -
75 175 -45.3720 -
75 176 -45.1102 -
75 177 -46.2721 -
75 178 -45.8088 -
75 179 -46.6977 -
75 180 -45.9414 -
75 181 -46.5128 -
75 182 -45.3555 -
75 183 -45.4423 -
75 184 -43.8474 -
75 185 -43.4962 -
75 186 -41.6389 -
75 187 -41.0376 -
75 188 -39.0410 -
75 189 -38.2409 -
75 190 -35.9892 -
75 191 -34.8634 -
75 192 -32.0935 -
75 193 -30.4641 -
75 194 -27.2900 -
75 195 -25.7119 -
75 196 -22.3739 -
75 197 -20.2262 -
75 198 -16.9251 -
75 199 -14.6719 -
75 200 -10.9196 -
75 201 -8.1050 -
75 202 -2.8524 -
75 203 1.5461 -
75 204 7.0634 -
75 205 11.5245 -
75 206 17.2008 -
75 207 21.9274 -
75 208 27.9186 -
75 209 32.7107 -
75 210 38.6860 -
75 211 43.6430 -
75 212 49.6206 -
75 213 54.5481 -
75 214 60.5032 -
75 215 65.5007 -
75 216 71.6332 -
75 217 76.9115 -
75 218 83.3169 -
75 219 88.8484 -
75 220 95.3231 -
75 221 100.9334 -
75 222 107.5273 -
75 223 113.0978 -
75 224 120.0184 -
75 225 126.2020 -
75 226 133.3251 -
75 227 139.6784 -
75 228 146.9198 -
75 229 153.4120 -
75 230 160.8460 -
75 231 167.5311 -
75 232 175.1774 -
75 233 182.0849 -
75 234 189.8863 -
75 235 196.9551 -
75 236 204.8821 -
75 237 212.1432 -
75 238 220.5689 -
75 239 228.3267 -
75 240 236.8232 -
75 241 244.5814 -
75 242 253.1037 -
75 243 260.9265 -
75 244 269.7045 -
75 245 277.8073 -
75 246 286.6715 -
75 247 294.9112 -
75 248 304.0479 -
75 249 312.5317 -
75 250 321.7527 -
75 251 330.1674 -
75 252 339.2647 -
75 253 347.8162 -
75 254 357.4192 -
75 255 366.3778 -
75 256 375.9977 -
75 257 384.9917 -
75 258 394.9675 -
76 156 10.9430 -
76 157 6.0647 -
76 158 -0.6511 -
76 159 -3.4265 -
76 160 -7.9997 -
76 161 -10.0875 -
76 162 -14.3053 -
76 163 -16.1248 -
76 164 -20.1708 -
76 165 -21.7581 -
76 166 -25.4000 -
76 167 -26.7066 -
76 168 -30.0291 -
76 169 -30.9729 -
76 170 -33.9697 -
76 171 -34.7841 -
76 172 -37.5648 -
76 173 -38.0011 -
76 174 -40.3083 -
76 175 -40.3601 -
76 176 -42.3013 -
76 177 -42.0773 -
76 178 -43.7309 -
76 179 -43.2606 -
76 180 -44.6156 -
76 181 -43.8889 -
76 182 -44.9717 -
76 183 -43.8416 -
76 184 -44.4229 -
76 185 -42.8609 -
76 186 -43.0235 -
76 187 -41.2334 -
76 188 -41.2006 -
76 189 -39.2590 -
76 190 -38.9850 -
76 191 -36.7827 -
76 192 -36.2115 -
76 193 -33.6005 -
76 194 -32.6144 -
76 195 -29.5479 -
76 196 -28.3378 -
76 197 -25.0760 -
76 198 -23.4778 -
76 199 -20.2365 -
76 200 -18.5189 -
76 201 -14.8683 -
76 202 -12.5804 -
76 203 -7.2894 -
76 204 -3.3046 -
76 205 2.3407 -
76 206 6.3604 -
76 207 12.0717 -
76 208 16.3599 -
76 209 22.2484 -
76 210 26.8259 -
76 211 32.8543 -
76 212 37.4095 -
76 213 43.4283 -
76 214 47.9770 -
76 215 53.9874 -
76 216 58.5861 -
76 217 64.7579 -
76 218 69.6110 -
76 219 76.0086 -
76 220 81.1010 -
76 221 87.5812 -
76 222 92.7383 -
76 223 99.3176 -
76 224 104.4923 -
76 225 111.4005 -
76 226 117.1468 -
76 227 124.2717 -
76 228 130.2146 -
76 229 137.5642 -
76 230 143.6421 -
76 231 151.0998 -
76 232 157.4054 -
76 233 165.0604 -
76 234 171.5814 -
76 235 179.3757 -
76 236 186.0109 -
76 237 193.9039 -
76 238 200.7710 -
76 239 209.1633 -
76 240 216.4902 -
76 241 224.9526 -
76 242 232.3092 -
76 243 240.7724 -
76 244 248.1979 -
76 245 256.9279 -
76 246 264.6404 -
76 247 273.4809 -
76 248 281.2961 -
76 249 290.3266 -
76 250 298.3446 -
76 251 307.5357 -
76 252 315.5994 -
76 253 324.6395 -
76 254 332.8138 -
76 255 342.3518 -
76 256 350.9456 -
76 257 360.5055 -
76 258 369.1603 -
76 259 379.0320 -
76 260 387.9088 -
76 261 398.1466 -
76 262 407.5571 -
77 159 9.6896 -
77 160 6.4448 -
77 161 1.7922 -
77 162 -0.7055 -
77 163 -4.9780 -
77 164 -7.1845 -
77 165 -11.2619 -
77 166 -13.2676 -
77 167 -16.9644 -
77 168 -18.7126 -
77 169 -22.0830 -
77 170 -23.4400 -
77 171 -26.4476 -
77 172 -27.6613 -
77 173 -30.4523 -
77 174 -31.3085 -
77 175 -33.6285 -
77 176 -34.1547 -
77 177 -36.1449 -
77 178 -36.3764 -
77 179 -38.0409 -
77 180 -37.9978 -
77 181 -39.3610 -
77 182 -39.1227 -
77 183 -40.2586 -
77 184 -39.6090 -
77 185 -40.2290 -
77 186 -39.1894 -
77 187 -39.4759 -
77 188 -38.2488 -
77 189 -38.2884 -
77 190 -36.8259 -
77 191 -36.6012 -
77 192 -34.9097 -
77 193 -34.4291 -
77 194 -32.4739 -
77 195 -31.7219 -
77 196 -29.3120 -
77 197 -28.3268 -
77 198 -25.6309 -
77 199 -24.1379 -
77 200 -21.4244 -
77 201 -19.7635 -
77 202 -16.6020 -
77 203 -14.3312 -
77 204 -9.5040 -
77 205 -5.5160 -
77 206 -0.3014 -
77 207 3.7917 -
77 208 9.0912 -
77 209 13.2660 -
77 210 18.8249 -
77 211 23.4257 -
77 212 29.1648 -
77 213 33.7585 -
77 214 39.3814 -
77 215 43.9831 -
77 216 49.6149 -
77 217 54.2604 -
77 218 60.0651 -
77 219 64.9409 -
77 220 70.8732 -
77 221 75.9156 -
77 222 81.9388 -
77 223 87.0562 -
77 224 93.1951 -
77 225 98.4569 -
77 226 104.9544 -
77 227 110.6512 -
77 228 117.3596 -
77 229 123.2887 -
77 230 130.2262 -
77 231 136.3408 -
77 232 143.4278 -
77 233 149.7364 -
77 234 157.0432 -
77 235 163.5505 -
77 236 170.9995 -
77 237 177.6482 -
77 238 185.1980 -
77 239 192.0776 -
77 240 200.1361 -
77 241 207.3742 -
77 242 215.3837 -
77 243 222.6667 -
77 244 230.7811 -
77 245 238.1901 -
77 246 246.5510 -
77 247 254.2295 -
77 248 262.6662 -
77 249 270.2765 -
77 250 278.7519 -
77 251 286.6300 -
77 252 295.2912 -
77 253 303.2424 -
77 254 311.9234 -
77 255 320.0414 -
77 256 329.1926 -
77 257 337.7322 -
77 258 346.9184 -
77 259 355.4825 -
77 260 364.9690 -
77 261 373.7855 -
77 262 383.7489 -
77 263 393.1892 -
77 264 403.2716 -
77 265 412.7206 -
78 162 9.5570 -
78 163 7.0157 -
78 164 2.3422 -
78 165 0.1238 -
78 166 -4.3453 -
78 167 -6.3704 -
78 168 -10.4910 -
78 169 -12.2700 -
78 170 -16.0832 -
78 171 -17.4412 -
78 172 -20.8359 -
78 173 -22.0304 -
78 174 -25.2258 -
78 175 -26.0714 -
78 176 -28.8352 -
78 177 -29.3837 -
78 178 -31.8486 -
78 179 -32.0709 -
78 180 -34.1754 -
78 181 -34.1086 -
78 182 -35.9197 -
78 183 -35.7158 -
78 184 -37.3466 -
78 185 -36.7185 -
78 186 -37.8466 -
78 187 -36.8814 -
78 188 -37.7367 -
78 189 -36.5569 -
78 190 -37.0993 -
78 191 -35.6412 -
78 192 -35.9046 -
78 193 -34.2518 -
78 194 -34.3489 -
78 195 -32.6146 -
78 196 -32.4706 -
78 197 -30.4354 -
78 198 -30.0125 -
78 199 -27.4057 -
78 200 -26.4546 -
78 201 -23.7851 -
78 202 -22.6187 -
78 203 -19.4451 -
78 204 -17.6443 -
78 205 -12.8243 -
78 206 -9.2849 -
78 207 -4.0961 -
78 208 -0.4263 -
78 209 4.8482 -
78 210 8.6998 -
78 211 14.2638 -
78 212 18.4086 -
78 213 24.2756 -
78 214 28.5280 -
78 215 34.2301 -
78 216 38.4542 -
78 217 44.1518 -
78 218 48.4117 -
78 219 54.2750 -
78 220 58.7540 -
78 221 64.6804 -
78 222 69.2814 -
78 223 75.2956 -
78 224 79.9448 -
78 225 86.0891 -
78 226 90.9600 -
78 227 97.4451 -
78 228 102.7015 -
78 229 109.4052 -
78 230 114.9221 -
78 231 121.8557 -
78 232 127.5841 -
78 233 134.6842 -
78 234 140.6023 -
78 235 147.9088 -
78 236 154.0057 -
78 237 161.4818 -
78 238 167.8039 -
78 239 175.3726 -
78 240 181.8962 -
78 241 190.0256 -
78 242 196.8571 -
78 243 204.8037 -
78 244 211.6614 -
78 245 219.7653 -
78 246 226.8215 -
78 247 235.1545 -
78 248 242.3127 -
78 249 250.4777 -
78 250 257.4953 -
78 251 265.9318 -
78 252 273.3545 -
78 253 281.9465 -
78 254 289.5166 -
78 255 298.1728 -
78 256 305.9282 -
78 257 315.0380 -
78 258 323.1717 -
78 259 332.2607 -
78 260 340.4574 -
78 261 349.9422 -
78 262 358.3944 -
78 263 368.3514 -
78 264 377.5181 -
78 265 387.6393 -
78 266 396.8355 -
78 267 407.0026 -
78 268 416.2942 -
79 164 17.1913 -
79 165 12.4418 -
79 166 9.7824 -
79 167 5.3487 -
79 168 2.9726 -
79 169 -1.2075 -
79 170 -3.4165 -
79 171 -7.2984 -
79 172 -9.1220 -
79 173 -12.5358 -
79 174 -14.0598 -
79 175 -17.2807 -
79 176 -18.5840 -
79 177 -21.4105 -
79 178 -22.3924 -
79 179 -24.8795 -
79 180 -25.5410 -
79 181 -27.6653 -
79 182 -28.1347 -
79 183 -30.0579 -
79 184 -30.2376 -
79 185 -31.8437 -
79 186 -31.6841 -
79 187 -32.8685 -
79 188 -32.4467 -
79 189 -33.4073 -
79 190 -32.7271 -
79 191 -33.3775 -
79 192 -32.5938 -
79 193 -33.0680 -
79 194 -32.0185 -
79 195 -32.2090 -
79 196 -30.9270 -
79 197 -30.8683 -
79 198 -29.4315 -
79 199 -29.0836 -
79 200 -27.0136 -
79 201 -26.1356 -
79 202 -23.9698 -
79 203 -22.8466 -
79 204 -20.1223 -
79 205 -18.3366 -
79 206 -13.9835 -
79 207 -10.4832 -
79 208 -5.6918 -
79 209 -2.0466 -
79 210 2.8478 -
79 211 6.7066 -
79 212 11.8300 -
79 213 15.9480 -
79 214 21.3646 -
79 215 25.7486 -
79 216 30.9181 -
79 217 35.2564 -
79 218 40.7287 -
79 219 45.0587 -
79 220 50.5493 -
79 221 55.0941 -
79 222 60.6261 -
79 223 65.2378 -
79 224 70.8722 -
79 225 75.5547 -
79 226 81.3317 -
79 227 86.2016 -
79 228 92.2249 -
79 229 97.4250 -
79 230 103.6955 -
79 231 109.1852 -
79 232 115.7206 -
79 233 121.4529 -
79 234 128.1568 -
79 235 134.0628 -
79 236 140.9402 -
79 237 147.0070 -
79 238 154.0743 -
79 239 160.3476 -
79 240 167.5599 -
79 241 174.1087 -
79 242 181.9069 -
79 243 188.6394 -
79 244 196.1613 -
79 245 202.9384 -
79 246 210.6697 -
79 247 217.6693 -
79 248 225.4523 -
79 249 232.2727 -
79 250 239.9124 -
79 251 246.9038 -
79 252 254.9363 -
79 253 262.2594 -
79 254 270.5028 -
79 255 278.0323 -
79 256 286.2852 -
79 257 293.9877 -
79 258 302.7142 -
79 259 310.7977 -
79 260 319.5307 -
79 261 327.7052 -
79 262 336.8572 -
79 263 345.2690 -
79 264 354.9541 -
79 265 364.1273 -
79 266 373.9815 -
79 267 383.1944 -
79 268 393.1002 -
79 269 402.3952 -
79 270 412.3842 -
79 271 421.8056 -
79 272 431.8919 -
80 167 17.7097 -
80 168 12.8331 -
80 169 10.4352 -
80 170 5.9282 -
80 171 3.7696 -
80 172 -0.5150 -
80 173 -2.4045 -
80 174 -6.3187 -
80 175 -7.8788 -
80 176 -11.5110 -
80 177 -12.8956 -
80 178 -16.2227 -
80 179 -17.2175 -
80 180 -20.1636 -
80 181 -20.8869 -
80 182 -23.5222 -
80 183 -24.0334 -
80 184 -26.4362 -
80 185 -26.6337 -
80 186 -28.6537 -
80 187 -28.4937 -
80 188 -30.1291 -
80 189 -29.7318 -
80 190 -31.1604 -
80 191 -30.5974 -
80 192 -31.8184 -
80 193 -31.0540 -
80 194 -32.0323 -
80 195 -31.0218 -
80 196 -31.7169 -
80 197 -30.4419 -
80 198 -30.8693 -
80 199 -29.4690 -
80 200 -29.6359 -
80 201 -27.6558 -
80 202 -27.3131 -
80 203 -25.1941 -
80 204 -24.5880 -
80 205 -21.9314 -
80 206 -20.6501 -
80 207 -16.2919 -
80 208 -13.2407 -
80 209 -8.4662 -
80 210 -5.2264 -
80 211 -0.2677 -
80 212 3.1407 -
80 213 8.2573 -
80 214 11.8995 -
80 215 17.2653 -
80 216 21.1529 -
80 217 26.5593 -
80 218 30.4584 -
80 219 35.9443 -
80 220 40.0070 -
80 221 45.6835 -
80 222 49.8429 -
80 223 55.4391 -
80 224 59.6576 -
80 225 65.3385 -
80 226 69.6390 -
80 227 75.4890 -
80 228 80.0455 -
80 229 86.0109 -
80 230 90.7609 -
80 231 97.0230 -
80 232 102.0724 -
80 233 108.6170 -
80 234 113.9522 -
80 235 120.6633 -
80 236 126.1593 -
80 237 133.0072 -
80 238 138.6397 -
80 239 145.6971 -
80 240 151.5638 -
80 241 158.7776 -
80 242 164.9438 -
80 243 172.7758 -
80 244 178.9619 -
80 245 186.4034 -
80 246 192.8208 -
80 247 200.4227 -
80 248 206.7355 -
80 249 214.2901 -
80 250 220.7409 -
80 251 228.3906 -
80 252 235.0487 -
80 253 243.0292 -
80 254 250.0019 -
80 255 258.1933 -
80 256 265.3314 -
80 257 273.5872 -
80 258 280.9073 -
80 259 289.6225 -
80 260 297.2979 -
80 261 306.0112 -
80 262 313.8317 -
80 263 322.8642 -
80 264 330.9384 -
80 265 340.6619 -
80 266 349.5557 -
80 267 359.4222 -
80 268 368.3275 -
80 269 378.2646 -
80 270 387.2751 -
80 271 397.2525 -
80 272 406.3373 -
80 273 416.4171 -
80 274 425.6457 -
80 275 435.9156 -
81 170 20.7175 -
81 171 16.0351 -
81 172 13.3357 -
81 173 8.9155 -
81 174 6.5774 -
81 175 2.5944 -
81 176 0.5951 -
81 177 -3.0088 -
81 178 -4.6607 -
81 179 -7.8706 -
81 180 -9.2682 -
81 181 -12.2147 -
81 182 -13.4331 -
81 183 -16.1165 -
81 184 -17.0463 -
81 185 -19.4611 -
81 186 -20.0670 -
81 187 -22.0819 -
81 188 -22.4898 -
81 189 -24.3044 -
81 190 -24.4371 -
81 191 -25.9739 -
81 192 -25.9975 -
81 193 -27.3122 -
81 194 -26.9420 -
81 195 -27.9164 -
81 196 -27.3994 -
81 197 -28.1544 -
81 198 -27.4289 -
81 199 -27.9349 -
81 200 -26.9605 -
81 201 -27.1392 -
81 202 -25.7442 -
81 203 -25.5530 -
81 204 -23.9960 -
81 205 -23.5361 -
81 206 -21.5564 -
81 207 -20.3368 -
81 208 -16.4195 -
81 209 -13.3534 -
81 210 -9.0091 -
81 211 -5.7588 -
81 212 -1.2765 -
81 213 2.1298 -
81 214 6.7938 -
81 215 10.4034 -
81 216 15.2635 -
81 217 19.0859 -
81 218 24.3228 -
81 219 28.3606 -
81 220 33.5234 -
81 221 37.6029 -
81 222 42.8975 -
81 223 47.0947 -
81 224 52.2998 -
81 225 56.5235 -
81 226 61.8288 -
81 227 66.1812 -
81 228 71.6746 -
81 229 76.2210 -
81 230 81.8769 -
81 231 86.6305 -
81 232 92.5055 -
81 233 97.5462 -
81 234 103.6746 -
81 235 109.0018 -
81 236 115.3324 -
81 237 120.8354 -
81 238 127.3160 -
81 239 132.9655 -
81 240 139.6224 -
81 241 145.4414 -
81 242 152.2667 -
81 243 158.3947 -
81 244 165.6740 -
81 245 171.4339 -
81 246 178.4534 -
81 247 184.6673 -
81 248 191.8152 -
81 249 198.2059 -
81 250 205.5277 -
81 251 212.0919 -
81 252 219.4078 -
81 253 226.0845 -
81 254 233.7425 -
81 255 240.7404 -
81 256 248.5588 -
81 257 255.6329 -
81 258 263.4902 -
81 259 270.7123 -
81 260 278.9231 -
81 261 286.4061 -
81 262 294.7101 -
81 263 302.3586 -
81 264 310.8554 -
81 265 318.7756 -
81 266 328.2288 -
81 267 337.1827 -
81 268 346.8212 -
81 269 355.7434 -
81 270 365.3974 -
81 271 374.4168 -
81 272 384.1170 -
81 273 393.1980 -
81 274 402.9787 -
81 275 412.1698 -
81 276 422.0408 -
81 277 431.3053 -
81 278 441.4068 -
82 172 24.2463 -
82 173 21.4813 -
82 174 16.6213 -
82 175 14.2216 -
82 176 9.7833 -
82 177 7.7082 -
82 178 3.6213 -
82 179 1.8760 -
82 180 -1.8580 -
82 181 -3.3042 -
82 182 -6.7468 -
82 183 -7.7889 -
82 184 -10.8537 -
82 185 -11.7355 -
82 186 -14.5240 -
82 187 -15.1138 -
82 188 -17.6795 -
82 189 -18.1502 -
82 190 -20.4749 -
82 191 -20.6972 -
82 192 -22.8367 -
82 193 -22.8551 -
82 194 -24.6184 -
82 195 -24.3369 -
82 196 -25.9171 -
82 197 -25.4192 -
82 198 -26.6214 -
82 199 -25.8502 -
82 200 -26.7742 -
82 201 -25.7117 -
82 202 -26.3689 -
82 203 -25.0578 -
82 204 -25.3249 -
82 205 -23.8344 -
82 206 -23.9166 -
82 207 -22.0065 -
82 208 -21.2680 -
82 209 -17.3395 -
82 210 -14.7808 -
82 211 -10.4291 -
82 212 -7.6554 -
82 213 -3.1679 -
82 214 -0.2155 -
82 215 4.4499 -
82 216 7.5929 -
82 217 12.4196 -
82 218 15.7483 -
82 219 20.9818 -
82 220 24.6241 -
82 221 29.8804 -
82 222 33.6124 -
82 223 38.9725 -
82 224 42.7533 -
82 225 48.0197 -
82 226 51.8368 -
82 227 57.1983 -
82 228 61.1572 -
82 229 66.7004 -
82 230 70.8600 -
82 231 76.5217 -
82 232 80.9256 -
82 233 86.8314 -
82 234 91.4700 -
82 235 97.6029 -
82 236 102.5056 -
82 237 108.8720 -
82 238 113.9891 -
82 239 120.5347 -
82 240 125.8007 -
82 241 132.4606 -
82 242 137.8671 -
82 243 144.6755 -
82 244 150.0922 -
82 245 156.6361 -
82 246 161.9720 -
82 247 168.9881 -
82 248 174.8537 -
82 249 182.0389 -
82 250 188.0531 -
82 251 195.3892 -
82 252 201.6290 -
82 253 209.0930 -
82 254 215.4722 -
82 255 223.1608 -
82 256 229.7539 -
82 257 237.5926 -
82 258 244.3454 -
82 259 252.2101 -
82 260 259.0576 -
82 261 267.1656 -
82 262 274.2133 -
82 263 282.4461 -
82 264 289.7061 -
82 265 298.0692 -
82 266 305.6171 -
82 267 315.0726 -
82 268 323.7030 -
82 269 333.3673 -
82 270 342.0135 -
82 271 351.6705 -
82 272 360.3675 -
82 273 370.0976 -
82 274 378.8835 -
82 275 388.6645 -
82 276 397.5144 -
82 277 407.3195 -
82 278 416.2662 -
82 279 426.3430 -
82 280 435.5218 -
82 281 445.5099 -
82 282 454.5861 -
83 175 28.2101 -
83 176 25.3971 -
83 177 20.8949 -
83 178 18.4139 -
83 179 14.1881 -
83 180 11.9036 -
83 181 8.0290 -
83 182 6.1091 -
83 183 2.6120 -
83 184 1.0017 -
83 185 -2.1747 -
83 186 -3.5258 -
83 187 -6.4076 -
83 188 -7.5425 -
83 189 -10.1420 -
83 190 -11.0177 -
83 191 -13.3332 -
83 192 -13.9224 -
83 193 -16.0294 -
83 194 -16.4848 -
83 195 -18.2563 -
83 196 -18.3285 -
83 197 -19.8158 -
83 198 -19.7200 -
83 199 -20.9411 -
83 200 -20.6415 -
83 201 -21.6096 -
83 202 -21.0759 -
83 203 -21.7467 -
83 204 -20.8209 -
83 205 -21.1109 -
83 206 -20.0127 -
83 207 -20.0604 -
83 208 -18.5406 -
83 209 -17.7821 -
83 210 -14.4519 -
83 211 -11.9971 -
83 212 -8.1472 -
83 213 -5.4339 -
83 214 -1.4100 -
83 215 1.5364 -
83 216 5.7782 -
83 217 8.9432 -
83 218 13.3580 -
83 219 16.6542 -
83 220 21.2882 -
83 221 24.6691 -
83 222 29.1835 -
83 223 32.6105 -
83 224 37.3051 -
83 225 40.9928 -
83 226 45.7974 -
83 227 49.6367 -
83 228 54.6311 -
83 229 58.6251 -
83 230 63.7764 -
83 231 67.9492 -
83 232 73.1977 -
83 233 77.5771 -
83 234 83.1004 -
83 235 87.7663 -
83 236 93.4930 -
83 237 98.3808 -
83 238 104.3670 -
83 239 109.5183 -
83 240 115.6786 -
83 241 120.9607 -
83 242 127.2154 -
83 243 132.5853 -
83 244 138.9847 -
83 245 144.6394 -
83 246 151.1860 -
83 247 156.5221 -
83 248 163.0289 -
83 249 168.7533 -
83 250 175.5657 -
83 251 181.5633 -
83 252 188.4764 -
83 253 194.6163 -
83 254 201.6476 -
83 255 207.9651 -
83 256 215.2686 -
83 257 221.9138 -
83 258 229.3947 -
83 259 236.1055 -
83 260 243.6160 -
83 261 250.4843 -
83 262 258.2969 -
83 263 265.4064 -
83 264 273.3398 -
83 265 280.6322 -
83 266 288.7346 -
83 267 296.3018 -
83 268 305.3658 -
83 269 313.9058 -
83 270 323.2186 -
83 271 331.8186 -
83 272 341.1429 -
83 273 349.8215 -
83 274 359.2571 -
83 275 368.0562 -
83 276 377.5483 -
83 277 386.4058 -
83 278 395.8797 -
83 279 404.7572 -
83 280 414.4679 -
83 281 423.5107 -
83 282 433.1244 -
83 283 442.0899 -
83 284 451.8483 -
83 285 461.0460 -
84 178 29.9729 -
84 179 27.1936 -
84 180 22.3691 -
84 181 20.0363 -
84 182 15.7138 -
84 183 13.7035 -
84 184 9.7174 -
84 185 8.0870 -
84 186 4.5015 -
84 187 3.1166 -
84 188 -0.2399 -
84 189 -1.4216 -
84 190 -4.4813 -
84 191 -5.3149 -
84 192 -8.0389 -
84 193 -8.5785 -
84 194 -11.0083 -
84 195 -11.4328 -
84 196 -13.6426 -
84 197 -13.6489 -
84 198 -15.4629 -
84 199 -15.3431 -
84 200 -16.9985 -
84 201 -16.6860 -
84 202 -18.1457 -
84 203 -17.6475 -
84 204 -18.7883 -
84 205 -17.7894 -
84 206 -18.4730 -
84 207 -17.3105 -
84 208 -17.7550 -
84 209 -16.0810 -
84 210 -15.8021 -
84 211 -12.5681 -
84 212 -10.6675 -
84 213 -6.8603 -
84 214 -4.6936 -
84 215 -0.6835 -
84 216 1.7998 -
84 217 5.8731 -
84 218 8.4554 -
84 219 12.7512 -
84 220 15.4927 -
84 221 19.7984 -
84 222 22.4992 -
84 223 26.8669 -
84 224 29.7890 -
84 225 34.4206 -
84 226 37.6238 -
84 227 42.4503 -
84 228 45.8744 -
84 229 50.9034 -
84 230 54.5077 -
84 231 59.6947 -
84 232 63.4965 -
84 233 68.7679 -
84 234 72.7254 -
84 235 78.2712 -
84 236 82.5101 -
84 237 88.2475 -
84 238 92.7172 -
84 239 98.7347 -
84 240 103.5097 -
84 241 109.6858 -
84 242 114.6029 -
84 243 120.8617 -
84 244 125.7974 -
84 245 132.1853 -
84 246 137.3958 -
84 247 143.9919 -
84 248 149.3075 -
84 249 156.0257 -
84 250 161.3148 -
84 251 168.0667 -
84 252 173.6857 -
84 253 180.4954 -
84 254 186.1236 -
84 255 193.1271 -
84 256 199.0460 -
84 257 206.3671 -
84 258 212.6454 -
84 259 220.1362 -
84 260 226.5028 -
84 261 234.0482 -
84 262 240.5822 -
84 263 248.4544 -
84 264 255.2945 -
84 265 263.2873 -
84 266 270.3057 -
84 267 278.4944 -
84 268 285.7706 -
84 269 294.7779 -
84 270 302.9134 -
84 271 312.1958 -
84 272 320.4001 -
84 273 329.7061 -
84 274 338.0495 -
84 275 347.5045 -
84 276 356.0035 -
84 277 365.5374 -
84 278 374.0574 -
84 279 383.5449 -
84 280 392.0412 -
84 281 401.5718 -
84 282 410.1210 -
84 283 419.6456 -
84 284 428.3096 -
84 285 437.9555 -
84 286 446.7025 -
84 287 456.4246 -
84 288 465.2808 -
85 180 38.4187 -
85 181 33.4240 -
85 182 30.5865 -
85 183 26.1437 -
85 184 23.7023 -
85 185 19.6572 -
85 186 17.5671 -
85 187 13.9063 -
85 188 12.0980 -
85 189 8.7059 -
85 190 7.0522 -
85 191 3.9113 -
85 192 2.6646 -
85 193 -0.0559 -
85 194 -1.0194 -
85 195 -3.4167 -
85 196 -4.2249 -
85 197 -6.4518 -
85 198 -6.8674 -
85 199 -8.6339 -
85 200 -8.9205 -
85 201 -10.5733 -
85 202 -10.6577 -
85 203 -12.1174 -
85 204 -12.0650 -
85 205 -13.2117 -
85 206 -12.5900 -
85 207 -13.2239 -
85 208 -12.4654 -
85 209 -12.8439 -
85 210 -11.5978 -
85 211 -11.3049 -
85 212 -8.5629 -
85 213 -6.7501 -
85 214 -3.5310 -
85 215 -1.4652 -
85 216 2.0139 -
85 217 4.2627 -
85 218 7.8533 -
85 219 10.3596 -
85 220 14.0841 -
85 221 16.6814 -
85 222 20.4261 -
85 223 23.0373 -
85 224 26.9395 -
85 225 29.8266 -
85 226 33.9764 -
85 227 37.1180 -
85 228 41.4887 -
85 229 44.8881 -
85 230 49.4468 -
85 231 52.9886 -
85 232 57.7196 -
85 233 61.4390 -
85 234 66.3006 -
85 235 70.2671 -
85 236 75.4309 -
85 237 79.6751 -
85 238 85.0024 -
85 239 89.4713 -
85 240 95.1120 -
85 241 99.9038 -
85 242 105.7004 -
85 243 110.5550 -
85 244 116.3936 -
85 245 121.3411 -
85 246 127.3358 -
85 247 132.5232 -
85 248 138.7318 -
85 249 144.0390 -
85 250 150.4151 -
85 251 155.9289 -
85 252 162.3214 -
85 253 167.8770 -
85 254 174.4376 -
85 255 180.1014 -
85 256 186.8145 -
85 257 192.7135 -
85 258 199.6592 -
85 259 205.8888 -
85 260 212.9953 -
85 261 219.3490 -
85 262 226.5442 -
85 263 233.0847 -
85 264 240.6371 -
85 265 247.4847 -
85 266 255.1489 -
85 267 262.1687 -
85 268 270.1033 -
85 269 277.4198 -
85 270 286.0839 -
85 271 294.1872 -
85 272 303.0381 -
85 273 311.1545 -
85 274 320.1099 -
85 275 328.4163 -
85 276 337.5396 -
85 277 346.0302 -
85 278 355.2420 -
85 279 363.6902 -
85 280 372.8232 -
85 281 381.1993 -
85 282 390.2481 -
85 283 398.6596 -
85 284 407.8532 -
85 285 416.4637 -
85 286 425.8159 -
85 287 434.5517 -
85 288 443.9565 -
85 289 452.7571 -
85 290 462.2289 -
85 291 471.0483 -
86 183 39.6178 -
86 184 34.6890 -
86 185 32.1943 -
86 186 27.7172 -
86 187 25.5551 -
86 188 21.4311 -
86 189 19.5698 -
86 190 15.7474 -
86 191 14.0347 -
86 192 10.4103 -
86 193 9.1549 -
86 194 6.0025 -
86 195 5.0761 -
86 196 2.2470 -
86 197 1.5088 -
86 198 -1.1325 -
86 199 -1.5281 -
86 200 -3.7095 -
86 201 -3.9298 -
86 202 -5.9948 -
86 203 -6.0602 -
86 204 -7.9399 -
86 205 -7.8637 -
86 206 -9.4343 -
86 207 -8.7271 -
86 208 -9.7316 -
86 209 -8.8660 -
86 210 -9.7188 -
86 211 -8.4120 -
86 212 -8.5481 -
86 213 -5.8377 -
86 214 -4.5632 -
86 215 -1.4515 -
86 216 0.0792 -
86 217 3.4403 -
86 218 5.1314 -
86 219 8.6596 -
86 220 10.5795 -
86 221 14.2218 -
86 222 16.2842 -
86 223 19.9471 -
86 224 22.0416 -
86 225 25.9194 -
86 226 28.3347 -
86 227 32.4295 -
86 228 35.0717 -
86 229 39.4136 -
86 230 42.3375 -
86 231 46.8550 -
86 232 49.9310 -
86 233 54.6136 -
86 234 57.8641 -
86 235 62.7493 -
86 236 66.2952 -
86 237 71.4711 -
86 238 75.3027 -
86 239 80.6539 -
86 240 84.7140 -
86 241 90.3766 -
86 242 94.7428 -
86 243 100.5403 -
86 244 104.9832 -
86 245 110.8466 -
86 246 115.4161 -
86 247 121.4266 -
86 248 126.1965 -
86 249 132.4102 -
86 250 137.3665 -
86 251 143.7719 -
86 252 148.9332 -
86 253 155.3937 -
86 254 160.6006 -
86 255 167.2285 -
86 256 172.5487 -
86 257 179.3541 -
86 258 185.0055 -
86 259 191.9476 -
86 260 197.8026 -
86 261 204.9082 -
86 262 210.8646 -
86 263 218.0668 -
86 264 224.2536 -
86 265 231.8245 -
86 266 238.3210 -
86 267 246.0083 -
86 268 252.7012 -
86 269 260.6911 -
86 270 267.6976 -
86 271 276.3649 -
86 272 284.0696 -
86 273 292.8572 -
86 274 300.5990 -
86 275 309.5315 -
86 276 317.4798 -
86 277 326.5958 -
86 278 334.7178 -
86 279 343.8244 -
86 280 351.9047 -
86 281 360.9805 -
86 282 369.0117 -
86 283 378.0081 -
86 284 386.0744 -
86 285 395.2316 -
86 286 403.5013 -
86 287 412.8485 -
86 288 421.2688 -
86 289 430.6363 -
86 290 439.0857 -
86 291 448.4552 -
86 292 456.8742 -
86 293 466.2344 -
86 294 474.7568 -
86 295 484.3761 -
87 186 42.9380 -
87 187 38.3759 -
87 188 35.7405 -
87 189 31.4917 -
87 190 29.1446 -
87 191 25.2153 -
87 192 23.0913 -
87 193 19.4268 -
87 194 17.7663 -
87 195 14.6551 -
87 196 13.3013 -
87 197 10.4551 -
87 198 9.3318 -
87 199 6.7242 -
87 200 5.9311 -
87 201 3.7672 -
87 202 3.1650 -
87 203 1.1402 -
87 204 0.6854 -
87 205 -1.1904 -
87 206 -1.5323 -
87 207 -3.0904 -
87 208 -2.7430 -
87 209 -3.6274 -
87 210 -3.1569 -
87 211 -3.9994 -
87 212 -3.1247 -
87 213 -3.3285 -
87 214 -1.0724 -
87 215 0.1789 -
87 216 2.8181 -
87 217 4.2491 -
87 218 7.0200 -
87 219 8.5629 -
87 220 11.5374 -
87 221 13.3383 -
87 222 16.4509 -
87 223 18.4019 -
87 224 21.5425 -
87 225 23.5532 -
87 226 26.9777 -
87 227 29.3554 -
87 228 32.9677 -
87 229 35.5438 -
87 230 39.4236 -
87 231 42.3075 -
87 232 46.4058 -
87 233 49.4598 -
87 234 53.6990 -
87 235 56.9224 -
87 236 61.4087 -
87 237 64.9695 -
87 238 69.7068 -
87 239 73.5339 -
87 240 78.5012 -
87 241 82.5944 -
87 242 87.8925 -
87 243 92.3033 -
87 244 97.7002 -
87 245 102.1405 -
87 246 107.5966 -
87 247 112.1672 -
87 248 117.7646 -
87 249 122.5223 -
87 250 128.3380 -
87 251 133.3327 -
87 252 139.3167 -
87 253 144.4935 -
87 254 150.5736 -
87 255 155.8404 -
87 256 162.1119 -
87 257 167.5014 -
87 258 173.8713 -
87 259 179.4612 -
87 260 186.0705 -
87 261 191.9303 -
87 262 198.8208 -
87 263 204.8291 -
87 264 211.6540 -
87 265 217.8292 -
87 266 225.0416 -
87 267 231.4925 -
87 268 238.8159 -
87 269 245.4804 -
87 270 253.1265 -
87 271 260.1248 -
87 272 268.4467 -
87 273 276.1559 -
87 274 284.6086 -
87 275 292.3361 -
87 276 300.9138 -
87 277 308.8399 -
87 278 317.5976 -
87 279 325.7136 -
87 280 334.5367 -
87 281 342.6077 -
87 282 351.3287 -
87 283 359.3594 -
87 284 368.0403 -
87 285 376.0624 -
87 286 384.9087 -
87 287 393.1489 -
87 288 402.1519 -
87 289 410.5174 -
87 290 419.5209 -
87 291 427.8934 -
87 292 436.9013 -
87 293 445.2835 -
87 294 454.3619 -
87 295 462.8826 -
87 296 472.1869 -
87 297 480.9278 -
87 298 490.3957 -
88 189 44.3156 -
88 190 39.6081 -
88 191 37.1675 -
88 192 32.7668 -
88 193 30.6168 -
88 194 26.5413 -
88 195 24.8629 -
88 196 21.3302 -
88 197 20.0142 -
88 198 16.7841 -
88 199 15.6964 -
88 200 12.7034 -
88 201 11.9527 -
88 202 9.3849 -
88 203 8.8332 -
88 204 6.4270 -
88 205 6.0284 -
88 206 3.7281 -
88 207 3.4078 -
88 208 1.4349 -
88 209 1.9077 -
88 210 0.6045 -
88 211 1.1565 -
88 212 -0.0405 -
88 213 0.8210 -
88 214 0.1354 -
88 215 2.4022 -
88 216 3.2087 -
88 217 5.7895 -
88 218 6.6904 -
88 219 9.3300 -
88 220 10.3050 -
88 221 13.1603 -
88 222 14.4115 -
88 223 17.4421 -
88 224 18.7932 -
88 225 21.8477 -
88 226 23.3495 -
88 227 26.7705 -
88 228 28.6917 -
88 229 32.2347 -
88 230 34.3260 -
88 231 38.2109 -
88 232 40.6616 -
88 233 44.7591 -
88 234 47.3650 -
88 235 51.6062 -
88 236 54.3970 -
88 237 58.8890 -
88 238 62.0191 -
88 239 66.7938 -
88 240 70.2111 -
88 241 75.2430 -
88 242 78.9549 -
88 243 84.2869 -
88 244 88.3125 -
88 245 93.7724 -
88 246 97.8519 -
88 247 103.3161 -
88 248 107.4798 -
88 249 113.0536 -
88 250 117.3743 -
88 251 123.2292 -
88 252 127.8132 -
88 253 133.8167 -
88 254 138.5996 -
88 255 144.7600 -
88 256 149.6207 -
88 257 155.9284 -
88 258 161.0432 -
88 259 167.3958 -
88 260 172.5696 -
88 261 179.1949 -
88 262 184.6885 -
88 263 191.5526 -
88 264 197.2840 -
88 265 204.2424 -
88 266 210.0593 -
88 267 217.2556 -
88 268 223.3157 -
88 269 230.6249 -
88 270 236.9009 -
88 271 244.5570 -
88 272 251.1657 -
88 273 259.5171 -
88 274 266.8957 -
88 275 275.3674 -
88 276 282.7513 -
88 277 291.3222 -
88 278 298.8684 -
88 279 307.6202 -
88 280 315.3861 -
88 281 324.2981 -
88 282 332.0718 -
88 283 340.8004 -
88 284 348.4713 -
88 285 357.1483 -
88 286 364.8353 -
88 287 373.6624 -
88 288 381.4309 -
88 289 390.3850 -
88 290 398.3999 -
88 291 407.3984 -
88 292 415.4226 -
88 293 424.3530 -
88 294 432.3789 -
88 295 441.4507 -
88 296 449.6795 -
88 297 459.0040 -
88 298 467.4742 -
88 299 476.9612 -
88 300 485.4742 -
88 301 495.0056 -
89 191 50.3902 -
89 192 47.5267 -
89 193 43.0531 -
89 194 40.5012 -
89 195 36.4022 -
89 196 34.3243 -
89 197 30.7695 -
89 198 29.0684 -
89 199 25.8255 -
89 200 24.3692 -
89 201 21.3830 -
89 202 20.2269 -
89 203 17.6618 -
89 204 16.7170 -
89 205 14.3307 -
89 206 13.5700 -
89 207 11.3181 -
89 208 10.5663 -
89 209 8.6463 -
89 210 8.6571 -
89 211 7.3706 -
89 212 7.5082 -
89 213 6.4045 -
89 214 6.8285 -
89 215 6.1246 -
89 216 7.9741 -
89 217 8.7325 -
89 218 10.7968 -
89 219 11.6103 -
89 220 13.7036 -
89 221 14.5677 -
89 222 16.8831 -
89 223 18.0281 -
89 224 20.4791 -
89 225 21.7127 -
89 226 24.2596 -
89 227 25.6993 -
89 228 28.6441 -
89 229 30.5114 -
89 230 33.5743 -
89 231 35.5957 -
89 232 39.0590 -
89 233 41.5229 -
89 234 45.1845 -
89 235 47.7805 -
89 236 51.5835 -
89 237 54.3709 -
89 238 58.4334 -
89 239 61.5596 -
89 240 65.9237 -
89 241 69.3601 -
89 242 73.9889 -
89 243 77.7223 -
89 244 82.6607 -
89 245 86.6841 -
89 246 91.7611 -
89 247 95.8453 -
89 248 100.9019 -
89 249 105.0514 -
89 250 110.2294 -
89 251 114.5533 -
89 252 120.0743 -
89 253 124.7312 -
89 254 130.3977 -
89 255 135.2613 -
89 256 141.1062 -
89 257 146.0321 -
89 258 151.9941 -
89 259 157.1361 -
89 260 163.0871 -
89 261 168.2463 -
89 262 174.4450 -
89 263 179.8540 -
89 264 186.3127 -
89 265 192.0260 -
89 266 198.6148 -
89 267 204.4636 -
89 268 211.2929 -
89 269 217.4049 -
89 270 224.3375 -
89 271 230.5793 -
89 272 237.8035 -
89 273 244.4005 -
89 274 252.4414 -
89 275 259.8615 -
89 276 268.0291 -
89 277 275.4404 -
89 278 283.6818 -
89 279 291.2226 -
89 280 299.6227 -
89 281 307.3651 -
89 282 315.9190 -
89 283 323.8140 -
89 284 332.1537 -
89 285 339.7833 -
89 286 348.1800 -
89 287 355.8199 -
89 288 364.1165 -
89 289 371.7804 -
89 290 380.3876 -
89 291 388.3818 -
89 292 397.0314 -
89 293 404.9931 -
89 294 413.6022 -
89 295 421.5883 -
89 296 430.3640 -
89 297 438.5778 -
89 298 447.6033 -
89 299 456.0482 -
89 300 465.2030 -
89 301 473.7597 -
89 302 483.0489 -
89 303 491.7808 -
89 304 501.1583 -
89 305 509.9442 -
90 194 51.3635 -
90 195 48.7983 -
90 196 44.3083 -
90 197 42.2473 -
90 198 38.3037 -
90 199 36.6239 -
90 200 33.0144 -
90 201 31.5773 -
90 202 28.2000 -
90 203 27.0605 -
90 204 24.0863 -
90 205 23.1708 -
90 206 20.3866 -
90 207 19.6237 -
90 208 17.0530 -
90 209 16.4487 -
90 210 14.0214 -
90 211 14.0583 -
90 212 12.3487 -
90 213 12.4966 -
90 214 10.9737 -
90 215 11.4936 -
90 216 10.3336 -
90 217 12.2193 -
90 218 12.4574 -
90 219 14.4939 -
90 220 14.7708 -
90 221 16.7634 -
90 222 17.1009 -
90 223 19.3393 -
90 224 19.9337 -
90 225 22.2527 -
90 226 22.9315 -
90 227 25.4288 -
90 228 26.3867 -
90 229 29.2914 -
90 230 30.6601 -
90 231 33.6837 -
90 232 35.2293 -
90 233 38.6961 -
90 234 40.7291 -
90 235 44.3933 -
90 236 46.5233 -
90 237 50.3201 -
90 238 52.6893 -
90 239 56.8109 -
90 240 59.5171 -
90 241 63.9052 -
90 242 66.9249 -
90 243 71.5877 -
90 244 74.9210 -
90 245 79.8876 -
90 246 83.5099 -
90 247 88.6142 -
90 248 92.2678 -
90 249 97.3979 -
90 250 101.1167 -
90 251 106.3077 -
90 252 110.2358 -
90 253 115.8376 -
90 254 120.1568 -
90 255 125.9104 -
90 256 130.4015 -
90 257 136.3662 -
90 258 140.9891 -
90 259 147.0121 -
90 260 151.8221 -
90 261 157.7790 -
90 262 162.5419 -
90 263 168.6878 -
90 264 173.6489 -
90 265 180.1087 -
90 266 185.4273 -
90 267 192.0292 -
90 268 197.4910 -
90 269 204.3159 -
90 270 209.9961 -
90 271 216.9786 -
90 272 222.8603 -
90 273 230.0091 -
90 274 236.2282 -
90 275 244.3288 -
90 276 251.4342 -
90 277 259.6530 -
90 278 266.7473 -
90 279 275.0207 -
90 280 282.2247 -
90 281 290.6327 -
90 282 298.0019 -
90 283 306.5403 -
90 284 313.8987 -
90 285 322.2319 -
90 286 329.5382 -
90 287 338.0033 -
90 288 345.2916 -
90 289 353.5403 -
90 290 360.8522 -
90 291 369.4382 -
90 292 377.0596 -
90 293 385.6760 -
90 294 393.3096 -
90 295 401.9070 -
90 296 409.5594 -
90 297 418.3362 -
90 298 426.2422 -
90 299 435.2678 -
90 300 443.4043 -
90 301 452.5113 -
90 302 460.7255 -
90 303 470.0717 -
90 304 478.5351 -
90 305 487.9381 -
90 306 496.4521 -
90 307 505.8760 -
90 308 514.4310 -
91 197 54.7936 -
91 198 52.3352 -
91 199 48.3763 -
91 200 46.3317 -
91 201 42.7308 -
91 202 40.9309 -
91 203 37.5671 -
91 204 36.0265 -
91 205 33.0458 -
91 206 31.7453 -
91 207 28.9705 -
91 208 27.8027 -
91 209 25.3525 -
91 210 24.3541 -
91 211 21.9220 -
91 212 21.5841 -
91 213 19.8736 -
91 214 19.5839 -
91 215 18.0378 -
91 216 18.2476 -
91 217 17.0396 -
91 218 18.5270 -
91 219 18.6937 -
91 220 20.2299 -
91 221 20.4032 -
91 222 21.8995 -
91 223 22.1377 -
91 224 23.8423 -
91 225 24.3019 -
91 226 26.0727 -
91 227 26.6972 -
91 228 28.7002 -
91 229 29.6041 -
91 230 32.0254 -
91 231 33.3083 -
91 232 35.8473 -
91 233 37.3451 -
91 234 40.3610 -
91 235 42.3658 -
91 236 45.5718 -
91 237 47.6807 -
91 238 51.0550 -
91 239 53.4102 -
91 240 57.0970 -
91 241 59.8255 -
91 242 63.8144 -
91 243 66.8599 -
91 244 71.1514 -
91 245 74.5064 -
91 246 79.0963 -
91 247 82.7579 -
91 248 87.4831 -
91 249 91.2030 -
91 250 95.9227 -
91 251 99.6820 -
91 252 104.4780 -
91 253 108.4162 -
91 254 113.6673 -
91 255 118.0383 -
91 256 123.4237 -
91 257 127.9442 -
91 258 133.5714 -
91 259 138.2753 -
91 260 143.9448 -
91 261 148.8526 -
91 262 154.4668 -
91 263 159.2655 -
91 264 165.0533 -
91 265 170.0440 -
91 266 176.2123 -
91 267 181.4468 -
91 268 187.6469 -
91 269 193.0342 -
91 270 199.3873 -
91 271 204.9707 -
91 272 211.5064 -
91 273 217.3296 -
91 274 224.0943 -
91 275 230.2696 -
91 276 238.0511 -
91 277 245.2165 -
91 278 253.1409 -
91 279 260.2903 -
91 280 268.2617 -
91 281 275.4848 -
91 282 283.5857 -
91 283 290.9605 -
91 284 298.9670 -
91 285 306.1134 -
91 286 314.1293 -
91 287 321.4439 -
91 288 329.5914 -
91 289 336.9920 -
91 290 344.8913 -
91 291 352.1646 -
91 292 360.3692 -
91 293 367.9374 -
91 294 376.2174 -
91 295 383.8158 -
91 296 392.0628 -
91 297 399.6672 -
91 298 408.1636 -
91 299 416.0873 -
91 300 424.7963 -
91 301 432.8924 -
91 302 441.7385 -
91 303 449.9870 -
91 304 459.1030 -
91 305 467.6276 -
91 306 476.7495 -
91 307 485.2611 -
91 308 494.4151 -
91 309 502.9701 -
91 310 512.1544 -
91 311 520.7514 -
92 200 56.5663 -
92 201 54.5416 -
92 202 50.5728 -
92 203 48.8182 -
92 204 45.0743 -
92 205 43.5526 -
92 206 40.1686 -
92 207 38.8681 -
92 208 35.7057 -
92 209 34.6683 -
92 210 31.6832 -
92 211 30.8219 -
92 212 27.9809 -
92 213 27.6955 -
92 214 25.6036 -
92 215 25.3108 -
92 216 23.3286 -
92 217 23.5703 -
92 218 21.9121 -
92 219 23.4111 -
92 220 23.1308 -
92 221 24.6169 -
92 222 24.2910 -
92 223 25.7201 -
92 224 25.4489 -
92 225 27.0779 -
92 226 26.9895 -
92 227 28.7161 -
92 228 28.8306 -
92 229 30.7845 -
92 230 31.2249 -
92 231 33.5745 -
92 232 34.3606 -
92 233 36.8667 -
92 234 37.8862 -
92 235 40.8768 -
92 236 42.4203 -
92 237 45.6185 -
92 238 47.2811 -
92 239 50.6762 -
92 240 52.5901 -
92 241 56.2755 -
92 242 58.5566 -
92 243 62.5736 -
92 244 65.2160 -
92 245 69.5472 -
92 246 72.5071 -
92 247 77.1410 -
92 248 80.4023 -
92 249 85.1793 -
92 250 88.5482 -
92 251 93.3262 -
92 252 96.6915 -
92 253 101.5122 -
92 254 105.0560 -
92 255 110.3653 -
92 256 114.3730 -
92 257 119.8005 -
92 258 123.9586 -
92 259 129.6639 -
92 260 134.0173 -
92 261 139.7472 -
92 262 144.2776 -
92 263 150.0664 -
92 264 154.5074 -
92 265 160.3634 -
92 266 165.1231 -
92 267 171.0681 -
92 268 175.8083 -
92 269 181.9477 -
92 270 186.8564 -
92 271 193.1964 -
92 272 198.4391 -
92 273 205.0018 -
92 274 210.4565 -
92 275 217.1844 -
92 276 222.9830 -
92 277 230.7818 -
92 278 237.6055 -
92 279 245.6127 -
92 280 252.4745 -
92 281 260.4940 -
92 282 267.4189 -
92 283 275.5405 -
92 284 282.4536 -
92 285 290.2848 -
92 286 297.0790 -
92 287 305.0858 -
92 288 312.0380 -
92 289 320.1938 -
92 290 327.0421 -
92 291 335.0233 -
92 292 342.0100 -
92 293 350.2260 -
92 294 357.4605 -
92 295 365.6821 -
92 296 372.9201 -
92 297 381.1592 -
92 298 388.4606 -
92 299 396.9558 -
92 300 404.5819 -
92 301 413.2692 -
92 302 421.0531 -
92 303 429.9473 -
92 304 437.9383 -
92 305 447.0737 -
92 306 455.3129 -
92 307 464.4771 -
92 308 472.7236 -
92 309 481.8972 -
92 310 490.1806 -
92 311 499.3600 -
92 312 507.7163 -
92 313 517.0420 -
92 314 525.5672 -
92 315 534.9913 -
93 202 65.0768 -
93 203 61.0991 -
93 204 58.9776 -
93 205 55.2340 -
93 206 53.3298 -
93 207 49.9105 -
93 208 48.1922 -
93 209 45.1510 -
93 210 43.5537 -
93 211 40.5508 -
93 212 39.4096 -
93 213 36.5381 -
93 214 35.8493 -
93 215 33.7718 -
93 216 33.0917 -
93 217 31.1302 -
93 218 31.0717 -
93 219 29.4187 -
93 220 30.4573 -
93 221 30.0156 -
93 222 31.0292 -
93 223 30.6484 -
93 224 31.6290 -
93 225 31.3300 -
93 226 32.5181 -
93 227 32.3298 -
93 228 33.5631 -
93 229 33.6128 -
93 230 35.1046 -
93 231 35.5051 -
93 232 37.3704 -
93 233 38.0917 -
93 234 40.1172 -
93 235 41.0780 -
93 236 43.6073 -
93 237 45.1033 -
93 238 47.8441 -
93 239 49.4735 -
93 240 52.4135 -
93 241 54.3216 -
93 242 57.5864 -
93 243 59.8592 -
93 244 63.4533 -
93 245 66.0962 -
93 246 70.0061 -
93 247 72.9830 -
93 248 77.2014 -
93 249 80.4489 -
93 250 84.8188 -
93 251 88.1852 -
93 252 92.6121 -
93 253 96.0009 -
93 254 100.4368 -
93 255 104.0247 -
93 256 108.9763 -
93 257 113.0256 -
93 258 118.1105 -
93 259 122.2831 -
93 260 127.6228 -
93 261 131.9898 -
93 262 137.3714 -
93 263 141.9042 -
93 264 147.4652 -
93 265 151.9582 -
93 266 157.4806 -
93 267 162.1414 -
93 268 167.9650 -
93 269 172.7509 -
93 270 178.3655 -
93 271 183.3019 -
93 272 189.3651 -
93 273 194.6388 -
93 274 200.8775 -
93 275 206.3829 -
93 276 212.8249 -
93 277 218.6687 -
93 278 226.0779 -
93 279 232.8732 -
93 280 240.4974 -
93 281 247.3739 -
93 282 255.0394 -
93 283 261.9876 -
93 284 269.5501 -
93 285 276.1017 -
93 286 283.5741 -
93 287 290.3626 -
93 288 297.9966 -
93 289 304.9704 -
93 290 312.5481 -
93 291 319.4206 -
93 292 327.1127 -
93 293 334.1264 -
93 294 342.0155 -
93 295 349.2319 -
93 296 357.1247 -
93 297 364.3101 -
93 298 372.2312 -
93 299 379.5227 -
93 300 387.6839 -
93 301 395.2430 -
93 302 403.6061 -
93 303 411.3717 -
93 304 419.9655 -
93 305 427.9553 -
93 306 436.7911 -
93 307 445.0227 -
93 308 453.9077 -
93 309 462.1423 -
93 310 471.0375 -
93 311 479.3196 -
93 312 488.2242 -
93 313 496.5677 -
93 314 505.7048 -
93 315 514.2339 -
93 316 523.4338 -
93 317 532.0698 -
93 318 541.3585 -
94 205 67.6845 -
94 206 63.5789 -
94 207 61.6423 -
94 208 57.8161 -
94 209 56.2494 -
94 210 52.6038 -
94 211 50.9985 -
94 212 47.5853 -
94 213 46.4948 -
94 214 43.3247 -
94 215 42.6399 -
94 216 40.1467 -
94 217 39.4963 -
94 218 37.1390 -
94 219 37.1848 -
94 220 35.1511 -
94 221 36.0878 -
94 222 35.1379 -
94 223 36.1211 -
94 224 35.2773 -
94 225 36.2476 -
94 226 35.5083 -
94 227 36.6625 -
94 228 35.9954 -
94 229 37.1891 -
94 230 36.7922 -
94 231 38.2728 -
94 232 38.2125 -
94 233 40.0406 -
94 234 40.2759 -
94 235 42.2520 -
94 236 42.7261 -
94 237 45.2306 -
94 238 46.2550 -
94 239 48.9712 -
94 240 50.1322 -
94 241 53.0488 -
94 242 54.5092 -
94 243 57.7731 -
94 244 59.6022 -
94 245 63.1895 -
94 246 65.3941 -
94 247 69.3363 -
94 248 71.9097 -
94 249 76.1264 -
94 250 78.9508 -
94 251 83.3216 -
94 252 86.2605 -
94 253 90.7184 -
94 254 93.7448 -
94 255 98.2276 -
94 256 101.4185 -
94 257 106.4384 -
94 258 110.1234 -
94 259 115.2783 -
94 260 119.1143 -
94 261 124.4999 -
94 262 128.4998 -
94 263 133.9220 -
94 264 138.0952 -
94 265 143.7078 -
94 266 147.8138 -
94 267 153.4147 -
94 268 157.7126 -
94 269 163.6129 -
94 270 168.3031 -
94 271 173.6161 -
94 272 178.2058 -
94 273 184.3937 -
94 274 189.3987 -
94 275 195.7238 -
94 276 200.9170 -
94 277 207.4761 -
94 278 213.0006 -
94 279 220.3900 -
94 280 226.7489 -
94 281 234.4032 -
94 282 240.9049 -
94 283 248.5939 -
94 284 254.9481 -
94 285 262.2243 -
94 286 268.4406 -
94 287 275.8958 -
94 288 282.3461 -
94 289 289.9212 -
94 290 296.3736 -
94 291 303.9630 -
94 292 310.5243 -
94 293 318.2680 -
94 294 324.9775 -
94 295 332.8599 -
94 296 339.7132 -
94 297 347.5327 -
94 298 354.3609 -
94 299 362.3083 -
94 300 369.2936 -
94 301 377.4542 -
94 302 384.6858 -
94 303 393.0405 -
94 304 400.4735 -
94 305 409.0653 -
94 306 416.7609 -
94 307 425.5921 -
94 308 433.5262 -
94 309 442.4111 -
94 310 450.3588 -
94 311 459.2680 -
94 312 467.2492 -
94 313 476.1763 -
94 314 484.2275 -
94 315 493.3927 -
94 316 501.7040 -
94 317 510.9309 -
94 318 519.3039 -
94 319 528.6344 -
94 320 537.1154 -
94 321 546.6690 -
95 208 72.1036 -
95 209 68.4287 -
95 210 66.2654 -
95 211 62.5963 -
95 212 60.5939 -
95 213 57.1770 -
95 214 55.7131 -
95 215 52.7115 -
95 216 51.6186 -
95 217 49.1271 -
95 218 48.0686 -
95 219 45.6682 -
95 220 45.2847 -
95 221 43.3126 -
95 222 43.8043 -
95 223 42.8003 -
95 224 43.2946 -
95 225 42.4062 -
95 226 42.9071 -
95 227 42.1219 -
95 228 42.7613 -
95 229 42.0762 -
95 230 42.8537 -
95 231 42.4448 -
95 232 43.4901 -
95 233 43.4032 -
95 234 44.7740 -
95 235 44.9670 -
95 236 46.4634 -
95 237 46.8774 -
95 238 48.9156 -
95 239 49.8927 -
95 240 52.1451 -
95 241 53.2790 -
95 242 55.7253 -
95 243 57.1325 -
95 244 59.9279 -
95 245 61.7019 -
95 246 64.8513 -
95 247 67.0375 -
95 248 70.5780 -
95 249 73.1410 -
95 250 76.9555 -
95 251 79.7913 -
95 252 83.7598 -
95 253 86.7207 -
95 254 90.7917 -
95 255 93.8537 -
95 256 97.9657 -
95 257 101.1767 -
95 258 105.8341 -
95 259 109.5762 -
95 260 114.3795 -
95 261 118.2642 -
95 262 123.3213 -
95 263 127.3831 -
95 264 132.4570 -
95 265 136.6813 -
95 266 141.8532 -
95 267 145.8812 -
95 268 151.1783 -
95 269 155.5909 -
95 270 161.1937 -
95 271 165.9967 -
95 272 170.7994 -
95 273 175.4501 -
95 274 181.3234 -
95 275 186.3994 -
95 276 192.4124 -
95 277 197.6759 -
95 278 203.9345 -
95 279 209.5264 -
95 280 216.5281 -
95 281 223.0164 -
95 282 230.2006 -
95 283 236.5888 -
95 284 243.8475 -
95 285 249.8918 -
95 286 256.8035 -
95 287 263.0373 -
95 288 270.1622 -
95 289 276.3974 -
95 290 283.5703 -
95 291 290.0257 -
95 292 297.3278 -
95 293 303.9226 -
95 294 311.3236 -
95 295 317.9532 -
95 296 325.5052 -
95 297 332.2564 -
95 298 339.8090 -
95 299 346.6946 -
95 300 354.3324 -
95 301 361.3102 -
95 302 369.1568 -
95 303 376.3752 -
95 304 384.4033 -
95 305 391.8183 -
95 306 400.0958 -
95 307 407.7817 -
95 308 416.3097 -
95 309 424.2067 -
95 310 432.7809 -
95 311 440.7153 -
95 312 449.3136 -
95 313 457.2799 -
95 314 465.9095 -
95 315 473.9690 -
95 316 482.8650 -
95 317 491.2006 -
95 318 500.1974 -
95 319 508.5864 -
95 320 517.7027 -
95 321 526.2243 -
95 322 535.5158 -
95 323 544.2234 -
95 324 553.5710 -
96 211 74.7952 -
96 212 70.7171 -
96 213 68.7216 -
96 214 64.9206 -
96 215 63.4828 -
96 216 60.2413 -
96 217 59.1590 -
96 218 56.2470 -
96 219 55.2719 -
96 220 52.4168 -
96 221 51.9784 -
96 222 49.6428 -
96 223 50.1644 -
96 224 48.6711 -
96 225 49.1312 -
96 226 47.7609 -
96 227 48.2136 -
96 228 46.9302 -
96 229 47.5552 -
96 230 46.4485 -
96 231 47.2473 -
96 232 46.4153 -
96 233 47.4632 -
96 234 46.9367 -
96 235 48.2886 -
96 236 48.0317 -
96 237 49.4781 -
96 238 49.4267 -
96 239 51.4318 -
96 240 51.9389 -
96 241 54.1743 -
96 242 54.8482 -
96 243 57.2523 -
96 244 58.1821 -
96 245 60.9372 -
96 246 62.2411 -
96 247 65.3840 -
96 248 67.1303 -
96 249 70.6922 -
96 250 72.8407 -
96 251 76.6868 -
96 252 79.1118 -
96 253 83.1139 -
96 254 85.6752 -
96 255 89.7844 -
96 256 92.4538 -
96 257 96.6093 -
96 258 99.4377 -
96 259 104.1539 -
96 260 107.5332 -
96 261 112.4031 -
96 262 115.9408 -
96 263 121.0436 -
96 264 124.7654 -
96 265 129.9119 -
96 266 133.7759 -
96 267 138.8291 -
96 268 142.4684 -
96 269 147.8144 -
96 270 151.9740 -
96 271 157.3892 -
96 272 162.0347 -
96 273 166.9205 -
96 274 171.2350 -
96 275 177.1865 -
96 276 181.9441 -
96 277 188.0423 -
96 278 192.9795 -
96 279 199.3343 -
96 280 204.6043 -
96 281 211.7446 -
96 282 217.6726 -
96 283 224.8432 -
96 284 230.8323 -
96 285 237.7555 -
96 286 243.3943 -
96 287 250.3864 -
96 288 256.2113 -
96 289 263.1728 -
96 290 269.0377 -
96 291 276.2578 -
96 292 282.4056 -
96 293 289.7596 -
96 294 295.9067 -
96 295 303.2432 -
96 296 309.5483 -
96 297 317.0764 -
96 298 323.5569 -
96 299 331.1711 -
96 300 337.7578 -
96 301 345.4511 -
96 302 352.1277 -
96 303 359.9948 -
96 304 366.8836 -
96 305 374.9107 -
96 306 381.9911 -
96 307 390.2826 -
96 308 397.6534 -
96 309 406.1527 -
96 310 413.6925 -
96 311 422.2669 -
96 312 429.8763 -
96 313 438.4829 -
96 314 446.1393 -
96 315 454.7700 -
96 316 462.5325 -
96 317 471.4610 -
96 318 479.5519 -
96 319 488.5463 -
96 320 496.6663 -
96 321 505.8271 -
96 322 514.1048 -
96 323 523.4107 -
96 324 531.8200 -
96 325 541.2440 -
96 326 549.7264 -
96 327 559.1721 -
96 328 567.7376 -
97 214 78.9532 -
97 215 75.1342 -
97 216 73.3223 -
97 217 70.0850 -
97 218 68.6362 -
97 219 65.7423 -
97 220 64.4993 -
97 221 61.6544 -
97 222 60.7902 -
97 223 58.4757 -
97 224 58.5017 -
97 225 56.9714 -
97 226 56.9843 -
97 227 55.5904 -
97 228 55.6289 -
97 229 54.3179 -
97 230 54.5265 -
97 231 53.4170 -
97 232 53.8057 -
97 233 52.9678 -
97 234 53.5958 -
97 235 53.0338 -
97 236 53.9398 -
97 237 53.6291 -
97 238 54.6409 -
97 239 54.5683 -
97 240 56.1185 -
97 241 56.5817 -
97 242 58.3609 -
97 243 59.0031 -
97 244 60.9551 -
97 245 61.8454 -
97 246 64.1428 -
97 247 65.3943 -
97 248 68.1022 -
97 249 69.8446 -
97 250 72.9779 -
97 251 75.1284 -
97 252 78.5701 -
97 253 80.9981 -
97 254 84.5968 -
97 255 87.1708 -
97 256 90.8632 -
97 257 93.5280 -
97 258 97.2843 -
97 259 100.1493 -
97 260 104.5063 -
97 261 107.9060 -
97 262 112.3865 -
97 263 115.9323 -
97 264 120.6773 -
97 265 124.4684 -
97 266 129.2631 -
97 267 133.1666 -
97 268 137.7535 -
97 269 141.4063 -
97 270 146.3505 -
97 271 150.4523 -
97 272 155.5661 -
97 273 160.4128 -
97 274 165.8774 -
97 275 169.2635 -
97 276 174.9001 -
97 277 179.7107 -
97 278 185.4748 -
97 279 190.4643 -
97 280 196.7144 -
97 281 201.8282 -
97 282 208.5803 -
97 283 214.4818 -
97 284 221.2763 -
97 285 227.1173 -
97 286 233.4981 -
97 287 239.1428 -
97 288 245.7600 -
97 289 251.5854 -
97 290 258.2426 -
97 291 264.1445 -
97 292 271.0057 -
97 293 277.1471 -
97 294 284.0558 -
97 295 290.2599 -
97 296 297.2387 -
97 297 303.5242 -
97 298 310.7445 -
97 299 317.2560 -
97 300 324.5803 -
97 301 331.2086 -
97 302 338.5929 -
97 303 345.2867 -
97 304 352.8787 -
97 305 359.7571 -
97 306 367.4485 -
97 307 374.5239 -
97 308 382.4710 -
97 309 389.7928 -
97 310 397.9790 -
97 311 405.5341 -
97 312 413.7837 -
97 313 421.3765 -
97 314 429.6442 -
97 315 437.2693 -
97 316 445.5885 -
97 317 453.3327 -
97 318 461.9774 -
97 319 470.0378 -
97 320 478.7272 -
97 321 486.8444 -
97 322 495.7325 -
97 323 504.0196 -
97 324 513.0096 -
97 325 521.4095 -
97 326 530.5787 -
97 327 539.1172 -
97 328 548.3166 -
97 329 556.9204 -
97 330 566.1892 -
97 331 574.8855 -
98 217 81.7332 -
98 218 78.1214 -
98 219 76.6983 -
98 220 73.4317 -
98 221 72.2186 -
98 222 69.0857 -
98 223 68.1988 -
98 224 65.5049 -
98 225 65.4523 -
98 226 63.5100 -
98 227 63.5128 -
98 228 61.6997 -
98 229 61.7402 -
98 230 60.0115 -
98 231 60.2328 -
98 232 58.7082 -
98 233 59.1151 -
98 234 57.8605 -
98 235 58.4753 -
98 236 57.4776 -
98 237 58.3509 -
98 238 57.6058 -
98 239 58.6221 -
98 240 58.1143 -
98 241 59.6455 -
98 242 59.6550 -
98 243 61.4227 -
98 244 61.6085 -
98 245 63.5424 -
98 246 63.9710 -
98 247 66.2423 -
98 248 67.0376 -
98 249 69.7292 -
98 250 71.0209 -
98 251 74.1712 -
98 252 75.8965 -
98 253 79.3425 -
98 254 81.3506 -
98 255 84.9746 -
98 256 87.1447 -
98 257 90.8349 -
98 258 93.0760 -
98 259 96.8623 -
98 260 99.3477 -
98 261 103.7668 -
98 262 106.7816 -
98 263 111.2966 -
98 264 114.4435 -
98 265 119.2336 -
98 266 122.6841 -
98 267 127.5298 -
98 268 131.0174 -
98 269 135.6186 -
98 270 138.8786 -
98 271 143.8518 -
98 272 147.5715 -
98 273 152.6920 -
98 274 157.3356 -
98 275 162.8425 -
98 276 165.8005 -
98 277 171.5348 -
98 278 176.0167 -
98 279 181.8427 -
98 280 186.5010 -
98 281 192.6319 -
98 282 197.7024 -
98 283 204.3569 -
98 284 209.8608 -
98 285 216.6829 -
98 286 221.7828 -
98 287 228.2268 -
98 288 233.4884 -
98 289 240.1410 -
98 290 245.6094 -
98 291 252.2947 -
98 292 257.9147 -
98 293 264.7697 -
98 294 270.5092 -
98 295 277.4346 -
98 296 283.2513 -
98 297 290.3073 -
98 298 296.2449 -
98 299 303.4779 -
98 300 309.6940 -
98 301 317.0442 -
98 302 323.3198 -
98 303 330.7468 -
98 304 337.1515 -
98 305 344.7814 -
98 306 351.3678 -
98 307 359.1041 -
98 308 365.8363 -
98 309 373.7549 -
98 310 380.7308 -
98 311 388.9371 -
98 312 396.1714 -
98 313 404.4091 -
98 314 411.6530 -
98 315 419.9132 -
98 316 427.2036 -
98 317 435.5236 -
98 318 442.9568 -
98 319 451.5948 -
98 320 459.3291 -
98 321 468.0228 -
98 322 475.8296 -
98 323 484.7302 -
98 324 492.7262 -
98 325 501.7121 -
98 326 509.8143 -
98 327 519.0286 -
98 328 527.2982 -
98 329 536.5469 -
98 330 544.8768 -
98 331 554.1886 -
98 332 562.6177 -
98 333 572.0398 -
98 334 580.3622 -
99 220 86.9840 -
99 221 83.7073 -
99 222 82.1141 -
99 223 78.9711 -
99 224 77.6363 -
99 225 74.9492 -
99 226 74.4778 -
99 227 72.5770 -
99 228 72.2208 -
99 229 70.3735 -
99 230 69.9857 -
99 231 68.2198 -
99 232 68.0442 -
99 233 66.5301 -
99 234 66.5435 -
99 235 65.2882 -
99 236 65.4793 -
99 237 64.4495 -
99 238 64.8912 -
99 239 64.1246 -
99 240 64.7185 -
99 241 64.1868 -
99 242 65.2672 -
99 243 65.2515 -
99 244 66.5816 -
99 245 66.7340 -
99 246 68.2110 -
99 247 68.5981 -
99 248 70.4073 -
99 249 71.1531 -
99 250 73.3823 -
99 251 74.6346 -
99 252 77.3549 -
99 253 79.0753 -
99 254 82.1037 -
99 255 84.0943 -
99 256 87.3052 -
99 257 89.4409 -
99 258 92.7263 -
99 259 94.9600 -
99 260 98.3470 -
99 261 100.8569 -
99 262 104.8776 -
99 263 107.9413 -
99 264 112.0952 -
99 265 115.2821 -
99 266 119.7031 -
99 267 123.2104 -
99 268 127.6687 -
99 269 131.1380 -
99 270 135.4898 -
99 271 138.7614 -
99 272 143.3614 -
99 273 147.1043 -
99 274 151.8468 -
99 275 156.4987 -
99 276 160.5462 -
99 277 164.6611 -
99 278 170.0456 -
99 279 174.5909 -
99 280 180.0748 -
99 281 184.7583 -
99 282 190.5675 -
99 283 195.6498 -
99 284 201.9376 -
99 285 207.4738 -
99 286 213.6552 -
99 287 218.7722 -
99 288 224.8794 -
99 289 230.1424 -
99 290 236.4248 -
99 291 241.8627 -
99 292 248.1479 -
99 293 253.7384 -
99 294 260.2763 -
99 295 266.0108 -
99 296 272.5724 -
99 297 278.4060 -
99 298 285.1441 -
99 299 291.0921 -
99 300 297.9715 -
99 301 304.1593 -
99 302 311.1744 -
99 303 317.4819 -
99 304 324.5925 -
99 305 330.9908 -
99 306 338.2890 -
99 307 344.8981 -
99 308 352.3546 -
99 309 359.1212 -
99 310 366.7122 -
99 311 373.6760 -
99 312 381.5595 -
99 313 388.7816 -
99 314 396.7053 -
99 315 403.9461 -
99 316 411.8892 -
99 317 419.1703 -
99 318 427.1738 -
99 319 434.6008 -
99 320 442.9455 -
99 321 450.7027 -
99 322 459.1236 -
99 323 466.9406 -
99 324 475.5487 -
99 325 483.5515 -
99 326 492.2417 -
99 327 500.3335 -
99 328 509.2656 -
99 329 517.5877 -
99 330 526.5878 -
99 331 534.9382 -
99 332 543.9804 -
99 333 552.3869 -
99 334 561.5680 -
99 335 570.0078 -
99 336 578.9277 -
99 337 587.3213 -
99 338 596.4421 -
100 222 92.2004 -
100 223 90.6070 -
100 224 87.0394 -
100 225 85.6682 -
100 226 82.5877 -
100 227 82.1048 -
100 228 79.8494 -
100 229 79.5318 -
100 230 77.2996 -
100 231 76.9037 -
100 232 74.7152 -
100 233 74.5628 -
100 234 72.6589 -
100 235 72.7007 -
100 236 71.0344 -
100 237 71.2388 -
100 238 69.7741 -
100 239 70.2183 -
100 240 69.0153 -
100 241 69.6029 -
100 242 68.6385 -
100 243 69.7256 -
100 244 69.2755 -
100 245 70.5902 -
100 246 70.2899 -
100 247 71.7462 -
100 248 71.6854 -
100 249 73.4673 -
100 250 73.7453 -
100 251 75.9388 -
100 252 76.7321 -
100 253 79.4480 -
100 254 80.7320 -
100 255 83.7574 -
100 256 85.3221 -
100 257 88.5291 -
100 258 90.2323 -
100 259 93.5125 -
100 260 95.3283 -
100 261 98.7526 -
100 262 100.8477 -
100 263 104.8742 -
100 264 107.5559 -
100 265 111.7804 -
100 266 114.5818 -
100 267 119.0494 -
100 268 122.1764 -
100 269 126.6355 -
100 270 129.7330 -
100 271 134.2992 -
100 272 137.1736 -
100 273 141.8519 -
100 274 145.2084 -
100 275 149.9901 -
100 276 153.4139 -
100 277 158.3449 -
100 278 162.1064 -
100 279 167.5399 -
100 280 171.7264 -
100 281 177.2697 -
100 282 181.5929 -
100 283 187.4586 -
100 284 192.1614 -
100 285 198.5038 -
100 286 203.6728 -
100 287 209.6817 -
100 288 214.4435 -
100 289 220.7165 -
100 290 225.4643 -
100 291 231.7360 -
100 292 236.7005 -
100 293 243.0285 -
100 294 248.2413 -
100 295 254.7704 -
100 296 260.1452 -
100 297 266.7509 -
100 298 272.2330 -
100 299 279.0134 -
100 300 284.6553 -
100 301 291.5007 -
100 302 297.3185 -
100 303 304.3359 -
100 304 310.3006 -
100 305 317.4593 -
100 306 323.5310 -
100 307 330.8454 -
100 308 337.1220 -
100 309 344.6132 -
100 310 351.0453 -
100 311 358.6750 -
100 312 365.3172 -
100 313 373.1943 -
100 314 380.0869 -
100 315 388.0338 -
100 316 394.9389 -
100 317 402.8881 -
100 318 409.8433 -
100 319 417.8505 -
100 320 424.9582 -
100 321 433.3122 -
100 322 440.7639 -
100 323 449.2404 -
100 324 456.7506 -
100 325 465.3842 -
100 326 473.0970 -
100 327 481.8101 -
100 328 489.6246 -
100 329 498.5627 -
100 330 506.5928 -
100 331 515.5964 -
100 332 523.6642 -
100 333 532.7664 -
100 334 540.9206 -
100 335 550.1088 -
100 336 558.4903 -
100 337 567.4382 -
100 338 575.5689 -
100 339 584.7161 -
100 340 593.0717 -
100 341 602.3789 -
101 225 97.6069 -
101 226 95.8090 -
101 227 92.7271 -
101 228 91.8477 -
101 229 89.5932 -
101 230 88.8824 -
101 231 86.6572 -
101 232 85.8896 -
101 233 83.7358 -
101 234 83.2278 -
101 235 81.3572 -
101 236 81.0074 -
101 237 79.3707 -
101 238 79.1582 -
101 239 77.6852 -
101 240 77.7123 -
101 241 76.4978 -
101 242 76.6976 -
101 243 75.7439 -
101 244 76.4283 -
101 245 75.9794 -
101 246 76.8873 -
101 247 76.5602 -
101 248 77.5738 -
101 249 77.4855 -
101 250 78.8162 -
101 251 79.0507 -
101 252 80.7779 -
101 253 81.5166 -
101 254 83.7663 -
101 255 84.9938 -
101 256 87.5893 -
101 257 89.1266 -
101 258 91.8740 -
101 259 93.5356 -
101 260 96.3861 -
101 261 98.1729 -
101 262 101.1617 -
101 263 103.2496 -
101 264 106.8233 -
101 265 109.5020 -
101 266 113.3382 -
101 267 116.1551 -
101 268 120.2141 -
101 269 123.3337 -
101 270 127.4527 -
101 271 130.5774 -
101 272 134.8514 -
101 273 137.8772 -
101 274 142.1798 -
101 275 145.5724 -
101 276 149.9827 -
101 277 153.4546 -
101 278 158.0400 -
101 279 161.8317 -
101 280 166.9015 -
101 281 171.1065 -
101 282 176.3173 -
101 283 180.6937 -
101 284 186.2455 -
101 285 190.9905 -
101 286 196.9656 -
101 287 201.9735 -
101 288 207.6068 -
101 289 212.3094 -
101 290 218.2281 -
101 291 223.0182 -
101 292 228.7962 -
101 293 233.7734 -
101 294 239.7551 -
101 295 244.9752 -
101 296 251.1451 -
101 297 256.5321 -
101 298 262.7968 -
101 299 268.2986 -
101 300 274.7314 -
101 301 280.3729 -
101 302 286.9079 -
101 303 292.7117 -
101 304 299.3769 -
101 305 305.3464 -
101 306 312.1838 -
101 307 318.2907 -
101 308 325.2659 -
101 309 331.5479 -
101 310 338.7337 -
101 311 345.1956 -
101 312 352.4843 -
101 313 359.1052 -
101 314 366.6421 -
101 315 373.5100 -
101 316 381.1409 -
101 317 388.0582 -
101 318 395.6696 -
101 319 402.5987 -
101 320 410.2882 -
101 321 417.3777 -
101 322 425.3934 -
101 323 432.8193 -
101 324 440.9569 -
101 325 448.4550 -
101 326 456.8138 -
101 327 464.5317 -
101 328 472.9710 -
101 329 480.8082 -
101 330 489.4638 -
101 331 497.5096 -
101 332 506.2311 -
101 333 514.3174 -
101 334 523.1767 -
101 335 531.3829 -
101 336 540.2718 -
101 337 548.7126 -
101 338 557.6118 -
101 339 565.8350 -
101 340 574.7298 -
101 341 583.0928 -
101 342 592.1350 -
101 343 600.6039 -
101 344 609.6865 -
102 228 101.0913 -
102 229 100.2156 -
102 230 97.5766 -
102 231 96.8657 -
102 232 94.2539 -
102 233 93.5331 -
102 234 91.0297 -
102 235 90.5715 -
102 236 88.3428 -
102 237 88.0565 -
102 238 86.0079 -
102 239 85.8285 -
102 240 83.9444 -
102 241 83.9739 -
102 242 82.3448 -
102 243 82.5670 -
102 244 81.2124 -
102 245 81.9215 -
102 246 81.0653 -
102 247 81.9915 -
102 248 81.2598 -
102 249 82.2768 -
102 250 81.7526 -
102 251 83.0436 -
102 252 82.7968 -
102 253 84.5017 -
102 254 84.7783 -
102 255 86.9852 -
102 256 87.7358 -
102 257 90.3097 -
102 258 91.3899 -
102 259 94.1120 -
102 260 95.3233 -
102 261 98.1640 -
102 262 99.5061 -
102 263 102.4824 -
102 264 104.0886 -
102 265 107.6760 -
102 266 109.9471 -
102 267 113.7976 -
102 268 116.2057 -
102 269 120.2825 -
102 270 122.9941 -
102 271 127.1930 -
102 272 129.9347 -
102 273 134.2558 -
102 274 137.0960 -
102 275 141.4413 -
102 276 144.4931 -
102 277 148.9768 -
102 278 152.0276 -
102 279 156.6511 -
102 280 160.1080 -
102 281 165.2162 -
102 282 169.0400 -
102 283 174.2881 -
102 284 178.3231 -
102 285 183.9538 -
102 286 188.3387 -
102 287 194.2485 -
102 288 198.7744 -
102 289 204.5035 -
102 290 208.8395 -
102 291 214.7370 -
102 292 219.0911 -
102 293 224.9024 -
102 294 229.5382 -
102 295 235.5366 -
102 296 240.3999 -
102 297 246.5850 -
102 298 251.6138 -
102 299 257.8933 -
102 300 263.0530 -
102 301 269.5133 -
102 302 274.8131 -
102 303 281.3867 -
102 304 286.8185 -
102 305 293.4960 -
102 306 299.1182 -
102 307 305.9888 -
102 308 311.7727 -
102 309 318.7720 -
102 310 324.7175 -
102 311 331.9546 -
102 312 338.0944 -
102 313 345.3960 -
102 314 351.6885 -
102 315 359.1967 -
102 316 365.7007 -
102 317 373.3185 -
102 318 379.8875 -
102 319 387.5315 -
102 320 394.1319 -
102 321 401.8130 -
102 322 408.5529 -
102 323 416.5737 -
102 324 423.6700 -
102 325 431.7815 -
102 326 438.9525 -
102 327 447.3413 -
102 328 454.7912 -
102 329 463.2582 -
102 330 470.8115 -
102 331 479.4855 -
102 332 487.2393 -
102 333 495.9759 -
102 334 503.7672 -
102 335 512.6463 -
102 336 520.6224 -
102 337 529.5394 -
102 338 537.6656 -
102 339 546.8167 -
102 340 554.8180 -
102 341 563.7959 -
102 342 571.8946 -
102 343 580.9773 -
102 344 589.1981 -
102 345 598.3002 -
102 346 606.5921 -
102 347 616.1821 -
102 348 624.2234 -
103 231 108.0937 -
103 232 107.0229 -
103 233 104.4413 -
103 234 103.3443 -
103 235 100.8677 -
103 236 100.0477 -
103 237 97.8317 -
103 238 97.1641 -
103 239 95.1573 -
103 240 94.5746 -
103 241 92.6857 -
103 242 92.3095 -
103 243 90.6578 -
103 244 90.4621 -
103 245 89.1055 -
103 246 89.4002 -
103 247 88.5370 -
103 248 89.0352 -
103 249 88.2975 -
103 250 88.9104 -
103 251 88.3515 -
103 252 89.1784 -
103 253 88.9048 -
103 254 90.1602 -
103 255 90.3996 -
103 256 92.1777 -
103 257 92.9069 -
103 258 95.0384 -
103 259 96.0833 -
103 260 98.3629 -
103 261 99.5523 -
103 262 101.9543 -
103 263 103.2760 -
103 264 105.8105 -
103 265 107.3951 -
103 266 110.5846 -
103 267 112.8636 -
103 268 116.3067 -
103 269 118.7492 -
103 270 122.4223 -
103 271 125.1348 -
103 272 128.9462 -
103 273 131.7118 -
103 274 135.6376 -
103 275 138.6166 -
103 276 142.6027 -
103 277 145.6490 -
103 278 149.7396 -
103 279 152.8430 -
103 280 157.0902 -
103 281 161.4485 -
103 282 165.3316 -
103 283 169.1894 -
103 284 174.0613 -
103 285 178.1312 -
103 286 183.5629 -
103 287 187.8378 -
103 288 193.3352 -
103 289 197.8389 -
103 290 203.3535 -
103 291 207.7064 -
103 292 213.1873 -
103 293 217.5736 -
103 294 223.0326 -
103 295 227.6837 -
103 296 233.3417 -
103 297 238.2068 -
103 298 244.0256 -
103 299 249.0494 -
103 300 254.9828 -
103 301 260.1419 -
103 302 266.1866 -
103 303 271.4733 -
103 304 277.6679 -
103 305 283.1446 -
103 306 289.5263 -
103 307 295.1629 -
103 308 301.7237 -
103 309 307.5611 -
103 310 314.2651 -
103 311 320.2390 -
103 312 327.1658 -
103 313 333.3558 -
103 314 340.3322 -
103 315 346.6242 -
103 316 353.7998 -
103 317 360.2962 -
103 318 367.5801 -
103 319 374.1344 -
103 320 381.4569 -
103 321 388.0468 -
103 322 395.3715 -
103 323 402.1074 -
103 324 409.8244 -
103 325 416.9251 -
103 326 424.7006 -
103 327 431.8672 -
103 328 439.9541 -
103 329 447.4047 -
103 330 455.5926 -
103 331 463.1580 -
103 332 471.5213 -
103 333 479.2516 -
103 334 487.6701 -
103 335 495.4546 -
103 336 504.0391 -
103 337 512.0304 -
103 338 520.6843 -
103 339 528.7911 -
103 340 537.6497 -
103 341 545.6646 -
103 342 554.4385 -
103 343 562.6269 -
103 344 571.4312 -
103 345 579.6576 -
103 346 588.5163 -
103 347 596.7996 -
103 348 605.7397 -
103 349 614.1633 -
103 350 623.5783 -
104 234 112.8666 -
104 235 111.8149 -
104 236 108.9539 -
104 237 108.1778 -
104 238 105.5812 -
104 239 104.9221 -
104 240 102.5322 -
104 241 101.9996 -
104 242 99.6983 -
104 243 99.3146 -
104 244 97.2319 -
104 245 97.0492 -
104 246 95.2804 -
104 247 95.5849 -
104 248 94.2926 -
104 249 94.7856 -
104 250 93.6344 -
104 251 94.2407 -
104 252 93.2404 -
104 253 94.0656 -
104 254 93.3591 -
104 255 94.5943 -
104 256 94.3905 -
104 257 96.1673 -
104 258 96.4590 -
104 259 98.5810 -
104 260 99.1766 -
104 261 101.4510 -
104 262 102.1956 -
104 263 104.5892 -
104 264 105.4816 -
104 265 108.0111 -
104 266 109.1659 -
104 267 112.3753 -
104 268 114.2382 -
104 269 117.7447 -
104 270 119.8027 -
104 271 123.4999 -
104 272 125.8054 -
104 273 129.6437 -
104 274 132.0334 -
104 275 135.9738 -
104 276 138.5402 -
104 277 142.6270 -
104 278 145.2753 -
104 279 149.4872 -
104 280 152.2046 -
104 281 156.5074 -
104 282 159.5569 -
104 283 164.3596 -
104 284 167.8449 -
104 285 172.7572 -
104 286 176.4579 -
104 287 181.8564 -
104 288 185.8664 -
104 289 191.3668 -
104 290 195.4857 -
104 291 201.1162 -
104 292 205.1675 -
104 293 210.6129 -
104 294 214.6480 -
104 295 220.1502 -
104 296 224.4590 -
104 297 230.1575 -
104 298 234.6556 -
104 299 240.4735 -
104 300 245.1208 -
104 301 251.0690 -
104 302 255.8291 -
104 303 261.8621 -
104 304 266.7561 -
104 305 272.9680 -
104 306 278.0849 -
104 307 284.5169 -
104 308 289.8609 -
104 309 296.4866 -
104 310 302.0188 -
104 311 308.7656 -
104 312 314.4429 -
104 313 321.4109 -
104 314 327.2803 -
104 315 334.3508 -
104 316 340.2920 -
104 317 347.4908 -
104 318 353.6566 -
104 319 360.9234 -
104 320 367.1487 -
104 321 374.4416 -
104 322 380.6801 -
104 323 388.0200 -
104 324 394.4226 -
104 325 402.1591 -
104 326 408.9571 -
104 327 416.7405 -
104 328 423.5886 -
104 329 431.6859 -
104 330 438.8311 -
104 331 447.0508 -
104 332 454.3194 -
104 333 462.6670 -
104 334 470.0663 -
104 335 478.4979 -
104 336 485.9774 -
104 337 494.5701 -
104 338 502.2626 -
104 339 510.9738 -
104 340 518.7694 -
104 341 527.5666 -
104 342 535.2913 -
104 343 544.1070 -
104 344 552.0667 -
104 345 560.9459 -
104 346 568.9627 -
104 347 577.8526 -
104 348 585.8798 -
104 349 594.8281 -
104 350 602.9782 -
105 237 119.4082 -
105 238 118.2529 -
105 239 115.7137 -
105 240 114.6770 -
105 241 112.2782 -
105 242 111.3339 -
105 243 108.9980 -
105 244 108.1977 -
105 245 106.1222 -
105 246 105.5668 -
105 247 103.8049 -
105 248 103.7079 -
105 249 102.4013 -
105 250 102.5015 -
105 251 101.3516 -
105 252 101.5405 -
105 253 100.5261 -
105 254 100.9303 -
105 255 100.2020 -
105 256 101.0012 -
105 257 100.7669 -
105 258 102.1111 -
105 259 102.3654 -
105 260 104.0615 -
105 261 104.6313 -
105 262 106.4691 -
105 263 107.1979 -
105 264 109.1615 -
105 265 110.0390 -
105 266 112.1392 -
105 267 113.2915 -
105 268 116.0835 -
105 269 117.9586 -
105 270 121.1094 -
105 271 123.2144 -
105 272 126.4926 -
105 273 128.7866 -
105 274 132.2679 -
105 275 134.6792 -
105 276 138.2051 -
105 277 140.7824 -
105 278 144.4996 -
105 279 147.1707 -
105 280 151.0445 -
105 281 153.9062 -
105 282 157.8009 -
105 283 160.8877 -
105 284 165.3202 -
105 285 168.8143 -
105 286 173.3322 -
105 287 177.0391 -
105 288 182.0771 -
105 289 186.0772 -
105 290 191.2928 -
105 291 195.4521 -
105 292 200.5854 -
105 293 204.8268 -
105 294 209.9325 -
105 295 213.9711 -
105 296 219.1235 -
105 297 223.4414 -
105 298 228.8022 -
105 299 233.3522 -
105 300 238.7734 -
105 301 243.4254 -
105 302 249.0027 -
105 303 253.8118 -
105 304 259.4832 -
105 305 264.3718 -
105 306 270.2257 -
105 307 275.3576 -
105 308 281.4692 -
105 309 286.8259 -
105 310 293.1480 -
105 311 298.7143 -
105 312 305.1147 -
105 313 310.8024 -
105 314 317.4483 -
105 315 323.3549 -
105 316 330.1193 -
105 317 336.0790 -
105 318 342.9447 -
105 319 349.0866 -
105 320 356.0122 -
105 321 362.2001 -
105 322 369.1607 -
105 323 375.4189 -
105 324 382.4360 -
105 325 388.8452 -
105 326 396.2550 -
105 327 403.0323 -
105 328 410.4970 -
105 329 417.3396 -
105 330 425.1454 -
105 331 432.3032 -
105 332 440.2118 -
105 333 447.4632 -
105 334 455.4949 -
105 335 462.9068 -
105 336 471.0414 -
105 337 478.5405 -
105 338 486.8390 -
105 339 494.5455 -
105 340 502.9904 -
105 341 510.8530 -
105 342 519.1982 -
105 343 526.9175 -
105 344 535.4411 -
105 345 543.3878 -
105 346 552.0168 -
105 347 560.0652 -
105 348 568.8485 -
105 349 577.0212 -
105 350 586.1031 -
106 240 124.0548 -
106 241 123.0765 -
106 242 120.3004 -
106 243 119.3000 -
106 244 116.5500 -
106 245 115.7631 -
106 246 113.3030 -
106 247 112.7660 -
106 248 110.6209 -
106 249 110.5367 -
106 250 108.8241 -
106 251 108.9398 -
106 252 107.3812 -
106 253 107.5988 -
106 254 106.1715 -
106 255 106.5694 -
106 256 105.4127 -
106 257 106.2013 -
106 258 105.5321 -
106 259 106.8626 -
106 260 106.6984 -
106 261 108.3889 -
106 262 108.5298 -
106 263 110.3553 -
106 264 110.6533 -
106 265 112.6121 -
106 266 113.0564 -
106 267 115.1554 -
106 268 115.8844 -
106 269 118.6805 -
106 270 120.1523 -
106 271 123.3620 -
106 272 125.0823 -
106 273 128.3718 -
106 274 130.2572 -
106 275 133.7810 -
106 276 135.8252 -
106 277 139.3618 -
106 278 141.5390 -
106 279 145.3007 -
106 280 147.5648 -
106 281 151.5030 -
106 282 154.0760 -
106 283 158.0420 -
106 284 160.7461 -
106 285 165.2010 -
106 286 168.3031 -
106 287 172.8254 -
106 288 176.1520 -
106 289 181.1945 -
106 290 184.8099 -
106 291 190.2024 -
106 292 193.9850 -
106 293 199.1504 -
106 294 203.0536 -
106 295 208.2422 -
106 296 211.9098 -
106 297 217.1262 -
106 298 221.0412 -
106 299 226.4299 -
106 300 230.5662 -
106 301 236.1208 -
106 302 240.3779 -
106 303 246.0294 -
106 304 250.3854 -
106 305 256.1260 -
106 306 260.6613 -
106 307 266.5407 -
106 308 271.3217 -
106 309 277.4831 -
106 310 282.4818 -
106 311 288.8274 -
106 312 294.0918 -
106 313 300.5184 -
106 314 305.8575 -
106 315 312.5400 -
106 316 318.1132 -
106 317 324.9100 -
106 318 330.5524 -
106 319 337.4250 -
106 320 343.1914 -
106 321 350.1106 -
106 322 355.9345 -
106 323 362.9370 -
106 324 368.8778 -
106 325 375.9332 -
106 326 382.0230 -
106 327 389.4252 -
106 328 395.8656 -
106 329 403.3511 -
106 330 409.8678 -
106 331 417.7011 -
106 332 424.5526 -
106 333 432.4512 -
106 334 439.3679 -
106 335 447.4112 -
106 336 454.4922 -
106 337 462.6707 -
106 338 469.8753 -
106 339 478.1898 -
106 340 485.6006 -
106 341 494.0892 -
106 342 501.6170 -
106 343 509.9810 -
106 344 517.3866 -
106 345 525.9178 -
106 346 533.5589 -
106 347 542.2121 -
106 348 550.0055 -
106 349 558.8050 -
106 350 566.7853 -
107 243 130.7463 -
107 244 129.4070 -
107 245 126.6406 -
107 246 125.4847 -
107 247 123.0145 -
107 248 122.1005 -
107 249 119.9637 -
107 250 119.4965 -
107 251 117.7852 -
107 252 117.5043 -
107 253 115.9411 -
107 254 115.7800 -
107 255 114.3703 -
107 256 114.3635 -
107 257 113.1904 -
107 258 113.5605 -
107 259 112.8700 -
107 260 113.7790 -
107 261 113.5964 -
107 262 114.8636 -
107 263 114.9796 -
107 264 116.3863 -
107 265 116.6581 -
107 266 118.1941 -
107 267 118.6097 -
107 268 120.2693 -
107 269 120.9518 -
107 270 123.3125 -
107 271 124.7616 -
107 272 127.5953 -
107 273 129.3430 -
107 274 132.2595 -
107 275 134.1665 -
107 276 137.3124 -
107 277 139.4218 -
107 278 142.5376 -
107 279 144.6958 -
107 280 147.9710 -
107 281 150.2141 -
107 282 153.6854 -
107 283 156.2700 -
107 284 160.0931 -
107 285 162.8524 -
107 286 166.9214 -
107 287 169.9970 -
107 288 174.1824 -
107 289 177.5040 -
107 290 182.1089 -
107 291 185.7537 -
107 292 190.8667 -
107 293 194.8353 -
107 294 199.6675 -
107 295 203.5952 -
107 296 208.5019 -
107 297 212.2636 -
107 298 217.0632 -
107 299 221.0376 -
107 300 226.0470 -
107 301 230.2005 -
107 302 235.3362 -
107 303 239.7016 -
107 304 244.9051 -
107 305 249.3674 -
107 306 254.7912 -
107 307 259.4360 -
107 308 264.9529 -
107 309 269.6920 -
107 310 275.5214 -
107 311 280.5575 -
107 312 286.5526 -
107 313 291.8732 -
107 314 297.9758 -
107 315 303.3192 -
107 316 309.6775 -
107 317 315.2470 -
107 318 321.6663 -
107 319 327.3009 -
107 320 333.8037 -
107 321 339.5560 -
107 322 346.1451 -
107 323 351.9889 -
107 324 358.6760 -
107 325 364.6706 -
107 326 371.4294 -
107 327 377.5449 -
107 328 384.6137 -
107 329 391.0233 -
107 330 398.1800 -
107 331 404.7005 -
107 332 412.1883 -
107 333 419.0145 -
107 334 426.5914 -
107 335 433.5001 -
107 336 441.2329 -
107 337 448.3107 -
107 338 456.1854 -
107 339 463.3850 -
107 340 471.4010 -
107 341 478.8177 -
107 342 486.9999 -
107 343 494.4674 -
107 344 502.5617 -
107 345 510.0030 -
107 346 518.2035 -
107 347 525.8455 -
107 348 534.2074 -
107 349 542.0011 -
107 350 550.5467 -
108 246 135.0883 -
108 247 133.9446 -
108 248 131.0718 -
108 249 130.1868 -
108 250 127.6768 -
108 251 127.2362 -
108 252 125.1388 -
108 253 124.8642 -
108 254 122.9002 -
108 255 122.7790 -
108 256 120.9944 -
108 257 120.9934 -
108 258 119.4107 -
108 259 119.7854 -
108 260 118.6759 -
108 261 119.5824 -
108 262 118.9743 -
108 263 120.2378 -
108 264 119.9244 -
108 265 121.3276 -
108 266 121.1659 -
108 267 122.7018 -
108 268 122.6686 -
108 269 124.2688 -
108 270 124.5069 -
108 271 126.8450 -
108 272 127.8366 -
108 273 130.6825 -
108 274 132.0783 -
108 275 135.0402 -
108 276 136.5596 -
108 277 139.7468 -
108 278 141.4459 -
108 279 144.5891 -
108 280 146.2661 -
108 281 149.4535 -
108 282 151.2875 -
108 283 154.7814 -
108 284 156.9755 -
108 285 160.8535 -
108 286 163.3589 -
108 287 167.3546 -
108 288 170.0652 -
108 289 174.4167 -
108 290 177.3597 -
108 291 181.9204 -
108 292 185.1955 -
108 293 190.3923 -
108 294 194.2351 -
108 295 199.1256 -
108 296 202.6956 -
108 297 207.6117 -
108 298 211.0637 -
108 299 215.8829 -
108 300 219.5013 -
108 301 224.5403 -
108 302 228.3358 -
108 303 233.4789 -
108 304 237.3979 -
108 305 242.7411 -
108 306 246.8429 -
108 307 252.3310 -
108 308 256.6608 -
108 309 262.2743 -
108 310 266.7669 -
108 311 272.6351 -
108 312 277.3337 -
108 313 283.3608 -
108 314 288.2860 -
108 315 294.4898 -
108 316 299.5124 -
108 317 305.8637 -
108 318 310.9681 -
108 319 317.3145 -
108 320 322.6573 -
108 321 329.2733 -
108 322 334.7008 -
108 323 341.2776 -
108 324 346.7682 -
108 325 353.4982 -
108 326 359.1853 -
108 327 365.9993 -
108 328 371.8007 -
108 329 378.8799 -
108 330 384.9573 -
108 331 392.1287 -
108 332 398.2986 -
108 333 405.7733 -
108 334 412.2516 -
108 335 419.8366 -
108 336 426.4182 -
108 337 434.1681 -
108 338 440.9183 -
108 339 448.7970 -
108 340 455.6571 -
108 341 463.6989 -
108 342 470.8111 -
108 343 478.9661 -
108 344 486.1189 -
108 345 494.2487 -
108 346 501.3797 -
108 347 509.5941 -
108 348 516.9375 -
108 349 525.3054 -
108 350 532.8026 -
109 249 141.7468 -
109 250 140.4917 -
109 251 137.9967 -
109 252 137.1735 -
109 253 135.0737 -
109 254 134.4308 -
109 255 132.4832 -
109 256 131.9914 -
109 257 130.2284 -
109 258 129.8611 -
109 259 128.2850 -
109 260 128.2680 -
109 261 127.1578 -
109 262 127.6479 -
109 263 127.0163 -
109 264 127.8726 -
109 265 127.5470 -
109 266 128.5438 -
109 267 128.3556 -
109 268 129.4276 -
109 269 129.3371 -
109 270 130.5103 -
109 271 130.7146 -
109 272 132.6027 -
109 273 133.5368 -
109 274 135.9570 -
109 275 137.3416 -
109 276 139.9024 -
109 277 141.4068 -
109 278 144.1973 -
109 279 145.7149 -
109 280 148.4375 -
109 281 150.0933 -
109 282 152.8521 -
109 283 154.6646 -
109 284 157.7466 -
109 285 159.9545 -
109 286 163.4569 -
109 287 165.9736 -
109 288 169.6086 -
109 289 172.3411 -
109 290 176.3261 -
109 291 179.3803 -
109 292 183.4767 -
109 293 186.7936 -
109 294 191.6665 -
109 295 195.6730 -
109 296 200.4055 -
109 297 203.9946 -
109 298 208.5574 -
109 299 212.2118 -
109 300 216.6729 -
109 301 220.3233 -
109 302 225.0000 -
109 303 228.8123 -
109 304 233.6113 -
109 305 237.5426 -
109 306 242.5006 -
109 307 246.6407 -
109 308 251.7791 -
109 309 256.1331 -
109 310 261.4320 -
109 311 265.9185 -
109 312 271.5142 -
109 313 276.3121 -
109 314 282.0415 -
109 315 287.0051 -
109 316 292.9172 -
109 317 297.9999 -
109 318 303.8773 -
109 319 308.8885 -
109 320 314.8850 -
109 321 320.1718 -
109 322 326.4780 -
109 323 331.9250 -
109 324 338.1596 -
109 325 343.6631 -
109 326 350.0901 -
109 327 355.8129 -
109 328 362.3293 -
109 329 368.1627 -
109 330 374.9177 -
109 331 380.9980 -
109 332 387.8289 -
109 333 393.9950 -
109 334 401.1170 -
109 335 407.5780 -
109 336 414.8220 -
109 337 421.4216 -
109 338 428.8762 -
109 339 435.6355 -
109 340 443.1861 -
109 341 450.0381 -
109 342 457.7721 -
109 343 464.8759 -
109 344 472.6950 -
109 345 479.8968 -
109 346 487.7206 -
109 347 494.8353 -
109 348 502.7562 -
109 349 510.0965 -
109 350 518.1621 -
110 252 146.6308 -
110 253 145.8257 -
110 254 143.3385 -
110 255 142.7280 -
110 256 140.4140 -
110 257 139.9268 -
110 258 137.7627 -
110 259 137.4674 -
110 260 135.5463 -
110 261 135.5651 -
110 262 134.0595 -
110 263 134.5469 -
110 264 133.4882 -
110 265 134.3414 -
110 266 133.5715 -
110 267 134.5461 -
110 268 133.9236 -
110 269 135.0062 -
110 270 134.5103 -
110 271 135.6895 -
110 272 135.4740 -
110 273 137.3204 -
110 274 137.7998 -
110 275 140.2090 -
110 276 141.1460 -
110 277 143.6698 -
110 278 144.7501 -
110 279 147.3205 -
110 280 148.4164 -
110 281 151.1492 -
110 282 152.4031 -
110 283 155.1769 -
110 284 156.5739 -
110 285 159.6809 -
110 286 161.4782 -
110 287 164.9792 -
110 288 167.1111 -
110 289 170.7832 -
110 290 173.1169 -
110 291 177.1314 -
110 292 179.7955 -
110 293 183.9354 -
110 294 186.8892 -
110 295 191.8415 -
110 296 195.5299 -
110 297 200.5831 -
110 298 203.8933 -
110 299 208.5197 -
110 300 211.8395 -
110 301 216.4544 -
110 302 219.7389 -
110 303 224.4346 -
110 304 227.8646 -
110 305 232.7093 -
110 306 236.3022 -
110 307 241.2814 -
110 308 245.0483 -
110 309 250.2015 -
110 310 254.1697 -
110 311 259.5625 -
110 312 263.7428 -
110 313 269.3898 -
110 314 273.8346 -
110 315 279.6218 -
110 316 284.2703 -
110 317 290.2508 -
110 318 294.9725 -
110 319 300.7859 -
110 320 305.4506 -
110 321 311.4904 -
110 322 316.4394 -
110 323 322.6692 -
110 324 327.7842 -
110 325 334.0271 -
110 326 339.1941 -
110 327 345.6804 -
110 328 351.1016 -
110 329 357.6874 -
110 330 363.2053 -
110 331 369.9824 -
110 332 375.7296 -
110 333 382.5619 -
110 334 388.3806 -
110 335 395.4913 -
110 336 401.5827 -
110 337 408.8555 -
110 338 415.1443 -
110 339 422.6380 -
110 340 429.0915 -
110 341 436.6207 -
110 342 443.1430 -
110 343 450.9097 -
110 344 457.6705 -
110 345 465.4853 -
110 346 472.3947 -
110 347 480.2595 -
110 348 487.0571 -
110 349 494.9992 -
110 350 502.0333 -
111 255 153.9796 -
111 256 153.0021 -
111 257 150.7173 -
111 258 149.8638 -
111 259 147.7092 -
111 260 147.0800 -
111 261 145.2178 -
111 262 144.8732 -
111 263 143.3810 -
111 264 143.4543 -
111 265 142.3801 -
111 266 142.8005 -
111 267 141.9860 -
111 268 142.5376 -
111 269 141.8969 -
111 270 142.6057 -
111 271 142.1533 -
111 272 142.9745 -
111 273 142.7767 -
111 274 144.1760 -
111 275 144.6006 -
111 276 146.5208 -
111 277 147.3298 -
111 278 149.4241 -
111 279 150.3646 -
111 280 152.4748 -
111 281 153.5897 -
111 282 155.9489 -
111 283 157.1641 -
111 284 159.5478 -
111 285 160.9742 -
111 286 163.7156 -
111 287 165.5284 -
111 288 168.5994 -
111 289 170.6770 -
111 290 173.9186 -
111 291 176.2665 -
111 292 179.8734 -
111 293 182.5190 -
111 294 186.2468 -
111 295 189.2033 -
111 296 193.8356 -
111 297 197.5959 -
111 298 202.3303 -
111 299 205.9511 -
111 300 210.2167 -
111 301 213.5694 -
111 302 218.0723 -
111 303 221.4877 -
111 304 225.8303 -
111 305 229.1861 -
111 306 233.6420 -
111 307 237.2608 -
111 308 241.9387 -
111 309 245.6990 -
111 310 250.4524 -
111 311 254.4447 -
111 312 259.5066 -
111 313 263.7640 -
111 314 269.1059 -
111 315 273.6897 -
111 316 279.1467 -
111 317 283.8265 -
111 318 289.4493 -
111 319 294.1649 -
111 320 299.6417 -
111 321 304.3287 -
111 322 310.0082 -
111 323 314.9338 -
111 324 320.8119 -
111 325 325.9151 -
111 326 331.8086 -
111 327 336.9898 -
111 328 343.1696 -
111 329 348.6324 -
111 330 354.9024 -
111 331 360.4519 -
111 332 366.8980 -
111 333 372.6247 -
111 334 379.1245 -
111 335 384.9368 -
111 336 391.6612 -
111 337 397.7089 -
111 338 404.6570 -
111 339 410.9556 -
111 340 418.1073 -
111 341 424.5617 -
111 342 431.7540 -
111 343 438.2869 -
111 344 445.7511 -
111 345 452.5150 -
111 346 460.0200 -
111 347 466.9467 -
111 348 474.5568 -
111 349 481.3958 -
111 350 489.0518 -
112 258 159.2371 -
112 259 158.4141 -
112 260 155.9120 -
112 261 155.3646 -
112 262 153.1834 -
112 263 152.9021 -
112 264 151.0329 -
112 265 151.1140 -
112 266 149.6304 -
112 267 150.0251 -
112 268 148.7826 -
112 269 149.3322 -
112 270 148.2809 -
112 271 149.0322 -
112 272 148.2107 -
112 273 149.0707 -
112 274 148.4832 -
112 275 149.8554 -
112 276 149.8205 -
112 277 151.6707 -
112 278 152.0037 -
112 279 154.0531 -
112 280 154.4336 -
112 281 156.5797 -
112 282 157.3155 -
112 283 159.5885 -
112 284 160.3853 -
112 285 162.8059 -
112 286 163.8655 -
112 287 166.6645 -
112 288 168.1058 -
112 289 171.1517 -
112 290 172.7775 -
112 291 175.9894 -
112 292 177.8201 -
112 293 181.3951 -
112 294 183.6164 -
112 295 187.4208 -
112 296 189.9387 -
112 297 194.6461 -
112 298 198.1052 -
112 299 202.9535 -
112 300 206.3881 -
112 301 210.8192 -
112 302 213.8249 -
112 303 218.3811 -
112 304 221.5722 -
112 305 225.9460 -
112 306 229.0111 -
112 307 233.4847 -
112 308 236.7369 -
112 309 241.4519 -
112 310 244.9179 -
112 311 249.7140 -
112 312 253.3391 -
112 313 258.4590 -
112 314 262.3856 -
112 315 267.8087 -
112 316 272.0727 -
112 317 277.6467 -
112 318 282.0228 -
112 319 287.6745 -
112 320 292.0053 -
112 321 297.5309 -
112 322 301.8689 -
112 323 307.5612 -
112 324 312.1200 -
112 325 318.0089 -
112 326 322.7575 -
112 327 328.6830 -
112 328 333.5317 -
112 329 339.7550 -
112 330 344.9013 -
112 331 351.2198 -
112 332 356.4416 -
112 333 362.9020 -
112 334 368.2794 -
112 335 374.7788 -
112 336 380.2325 -
112 337 386.9270 -
112 338 392.5956 -
112 339 399.5673 -
112 340 405.5410 -
112 341 412.6832 -
112 342 418.7909 -
112 343 426.0027 -
112 344 432.2100 -
112 345 439.6925 -
112 346 446.1481 -
112 347 453.6752 -
112 348 460.2648 -
112 349 467.9574 -
112 350 474.5949 -
113 261 166.5790 -
113 262 165.7016 -
113 263 163.5723 -
113 264 162.9516 -
113 265 161.1151 -
113 266 160.8271 -
113 267 159.3618 -
113 268 159.3255 -
113 269 158.0522 -
113 270 158.1874 -
113 271 157.1203 -
113 272 157.4748 -
113 273 156.6469 -
113 274 157.1142 -
113 275 156.5118 -
113 276 157.4636 -
113 277 157.4029 -
113 278 158.8429 -
113 279 159.1657 -
113 280 160.7558 -
113 281 161.0385 -
113 282 162.7547 -
113 283 163.1975 -
113 284 165.0147 -
113 285 165.8248 -
113 286 167.8645 -
113 287 168.9338 -
113 288 171.3185 -
113 289 172.7185 -
113 290 175.2995 -
113 291 176.8596 -
113 292 179.7330 -
113 293 181.5810 -
113 294 184.6938 -
113 295 186.8450 -
113 296 190.2241 -
113 297 192.8215 -
113 298 197.1998 -
113 299 200.7629 -
113 300 205.3137 -
113 301 208.8540 -
113 302 213.2014 -
113 303 216.2414 -
113 304 220.4629 -
113 305 223.7908 -
113 306 228.0310 -
113 307 231.1448 -
113 308 235.2871 -
113 309 238.5805 -
113 310 242.9272 -
113 311 246.4837 -
113 312 250.9689 -
113 313 254.6369 -
113 314 259.4318 -
113 315 263.4413 -
113 316 268.5304 -
113 317 272.8129 -
113 318 278.0005 -
113 319 282.3618 -
113 320 287.6282 -
113 321 291.9828 -
113 322 297.2031 -
113 323 301.5934 -
113 324 306.9660 -
113 325 311.5672 -
113 326 317.1420 -
113 327 321.9386 -
113 328 327.5644 -
113 329 332.4606 -
113 330 338.3493 -
113 331 343.5262 -
113 332 349.5312 -
113 333 354.7941 -
113 334 360.9281 -
113 335 366.2980 -
113 336 372.4575 -
113 337 377.8743 -
113 338 384.1897 -
113 339 389.8456 -
113 340 396.4891 -
113 341 402.4703 -
113 342 409.2645 -
113 343 415.3516 -
113 344 422.2390 -
113 345 428.4605 -
113 346 435.5997 -
113 347 442.0844 -
113 348 449.3089 -
113 349 455.9032 -
113 350 463.2247 -
114 264 172.3042 -
114 265 171.7280 -
114 266 169.5300 -
114 267 169.2661 -
114 268 167.4649 -
114 269 167.4141 -
114 270 165.7181 -
114 271 165.8481 -
114 272 164.3691 -
114 273 164.7246 -
114 274 163.4820 -
114 275 163.9641 -
114 276 162.9554 -
114 277 163.8990 -
114 278 163.4267 -
114 279 164.7107 -
114 280 164.4712 -
114 281 165.9115 -
114 282 165.8061 -
114 283 167.3565 -
114 284 167.4312 -
114 285 169.2848 -
114 286 169.7101 -
114 287 171.7836 -
114 288 172.4555 -
114 289 174.8364 -
114 290 175.8106 -
114 291 178.3583 -
114 292 179.4827 -
114 293 182.3583 -
114 294 183.9133 -
114 295 187.0192 -
114 296 188.8026 -
114 297 192.1735 -
114 298 194.3084 -
114 299 198.7528 -
114 300 201.9189 -
114 301 206.6491 -
114 302 209.8151 -
114 303 214.3274 -
114 304 217.2392 -
114 305 221.5284 -
114 306 224.5066 -
114 307 228.8517 -
114 308 231.7696 -
114 309 235.9656 -
114 310 238.9037 -
114 311 243.3298 -
114 312 246.5467 -
114 313 251.1485 -
114 314 254.4826 -
114 315 259.3633 -
114 316 263.0483 -
114 317 268.2425 -
114 318 272.1315 -
114 319 277.3366 -
114 320 281.2957 -
114 321 286.5143 -
114 322 290.5447 -
114 323 295.8197 -
114 324 299.9047 -
114 325 305.3731 -
114 326 309.6711 -
114 327 315.3304 -
114 328 319.7650 -
114 329 325.4764 -
114 330 330.0689 -
114 331 336.0014 -
114 332 340.8570 -
114 333 346.9132 -
114 334 351.8650 -
114 335 358.0499 -
114 336 363.0723 -
114 337 369.2056 -
114 338 374.2669 -
114 339 380.5819 -
114 340 385.8791 -
114 341 392.5506 -
114 342 398.2012 -
114 343 404.9996 -
114 344 410.7424 -
114 345 417.6425 -
114 346 423.5410 -
114 347 430.6280 -
114 348 436.6768 -
114 349 443.9015 -
114 350 450.0984 -
115 267 180.2434 -
115 268 179.6356 -
115 269 177.7616 -
115 270 177.3350 -
115 271 175.6436 -
115 272 175.4026 -
115 273 173.9229 -
115 274 173.8793 -
115 275 172.6370 -
115 276 172.7275 -
115 277 171.7116 -
115 278 172.2498 -
115 279 171.5887 -
115 280 172.3473 -
115 281 172.0306 -
115 282 173.0445 -
115 283 172.9145 -
115 284 174.1136 -
115 285 174.1929 -
115 286 175.6803 -
115 287 176.1241 -
115 288 177.8367 -
115 289 178.5453 -
115 290 180.5731 -
115 291 181.5507 -
115 292 183.6750 -
115 293 184.8559 -
115 294 187.4202 -
115 295 189.0071 -
115 296 191.7632 -
115 297 193.5961 -
115 298 196.6563 -
115 299 198.8549 -
115 300 202.8812 -
115 301 206.0499 -
115 302 210.2878 -
115 303 213.4205 -
115 304 217.6074 -
115 305 220.5923 -
115 306 224.5336 -
115 307 227.5658 -
115 308 231.5380 -
115 309 234.5880 -
115 310 238.4817 -
115 311 241.4779 -
115 312 245.5685 -
115 313 248.8340 -
115 314 253.1132 -
115 315 256.5043 -
115 316 261.0563 -
115 317 264.7915 -
115 318 269.6512 -
115 319 273.5927 -
115 320 278.4553 -
115 321 282.3638 -
115 322 287.2456 -
115 323 291.3559 -
115 324 296.3020 -
115 325 300.4146 -
115 326 305.5373 -
115 327 309.8744 -
115 328 315.1750 -
115 329 319.6741 -
115 330 325.0744 -
115 331 329.6813 -
115 332 335.3051 -
115 333 340.1991 -
115 334 345.9326 -
115 335 350.9114 -
115 336 356.8140 -
115 337 361.8696 -
115 338 367.7411 -
115 339 372.8091 -
115 340 378.7757 -
115 341 384.0752 -
115 342 390.3984 -
115 343 395.8806 -
115 344 402.2031 -
115 345 407.9295 -
115 346 414.4843 -
115 347 420.3641 -
115 348 427.1102 -
115 349 433.1621 -
115 350 440.0349 -
116 270 186.3659 -
116 271 185.9358 -
116 272 183.8544 -
116 273 183.6396 -
116 274 181.8091 -
116 275 181.7855 -
116 276 180.1514 -
116 277 180.2671 -
116 278 178.8642 -
116 279 179.4106 -
116 280 178.3264 -
116 281 179.0262 -
116 282 178.2256 -
116 283 179.2426 -
116 284 178.7280 -
116 285 179.8850 -
116 286 179.5431 -
116 287 181.0650 -
116 288 181.1461 -
116 289 182.8852 -
116 290 183.2195 -
116 291 185.3292 -
116 292 186.0070 -
116 293 188.0541 -
116 294 188.9001 -
116 295 191.5557 -
116 296 192.8001 -
116 297 195.6179 -
116 298 197.1084 -
116 299 200.2808 -
116 300 202.1477 -
116 301 206.1792 -
116 302 208.9209 -
116 303 213.1027 -
116 304 215.8096 -
116 305 219.9506 -
116 306 222.5456 -
116 307 226.5950 -
116 308 229.1982 -
116 309 233.2253 -
116 310 235.8907 -
116 311 239.9295 -
116 312 242.3043 -
116 313 246.5605 -
116 314 249.5747 -
116 315 254.0297 -
116 316 257.0940 -
116 317 261.7087 -
116 318 265.1091 -
116 319 270.0312 -
116 320 273.5961 -
116 321 278.4268 -
116 322 282.0227 -
116 323 286.9808 -
116 324 290.7630 -
116 325 295.8343 -
116 326 299.6118 -
116 327 304.7777 -
116 328 308.7761 -
116 329 314.1061 -
116 330 318.2380 -
116 331 323.7109 -
116 332 327.9921 -
116 333 333.6390 -
116 334 338.1762 -
116 335 343.9565 -
116 336 348.4761 -
116 337 354.4316 -
116 338 359.1839 -
116 339 365.1925 -
116 340 370.0730 -
116 341 376.0231 -
116 342 380.9669 -
116 343 387.1409 -
116 344 392.0547 -
116 345 398.4010 -
116 346 403.8409 -
116 347 410.4241 -
116 348 415.9785 -
116 349 422.7444 -
116 350 428.4519 -
117 274 193.7095 -
117 275 191.9269 -
117 276 191.5697 -
117 277 189.9698 -
117 278 189.7612 -
117 279 188.3993 -
117 280 188.5678 -
117 281 187.3496 -
117 282 187.6887 -
117 283 186.8958 -
117 284 187.4615 -
117 285 186.9003 -
117 286 187.7365 -
117 287 187.3913 -
117 288 188.5204 -
117 289 188.6044 -
117 290 189.9445 -
117 291 190.2679 -
117 292 192.0141 -
117 293 192.5922 -
117 294 194.3745 -
117 295 195.2717 -
117 296 197.6022 -
117 297 198.8986 -
117 298 201.3626 -
117 299 202.8892 -
117 300 205.7356 -
117 301 207.6308 -
117 302 211.3041 -
117 303 214.0550 -
117 304 217.8449 -
117 305 220.5506 -
117 306 224.3106 -
117 307 226.7640 -
117 308 230.3788 -
117 309 233.0258 -
117 310 236.7109 -
117 311 239.4296 -
117 312 243.0319 -
117 313 245.2358 -
117 314 249.1429 -
117 315 252.1884 -
117 316 256.3208 -
117 317 259.5591 -
117 318 263.8465 -
117 319 267.5802 -
117 320 272.1481 -
117 321 275.7462 -
117 322 280.2691 -
117 323 283.9113 -
117 324 288.5631 -
117 325 292.3966 -
117 326 297.1410 -
117 327 300.8990 -
117 328 305.6976 -
117 329 309.6925 -
117 330 314.6164 -
117 331 318.8529 -
117 332 323.9411 -
117 333 328.3174 -
117 334 333.6339 -
117 335 338.1568 -
117 336 343.3646 -
117 337 347.8821 -
117 338 353.4958 -
117 339 358.3644 -
117 340 364.1033 -
117 341 369.0638 -
117 342 374.7790 -
117 343 379.6552 -
117 344 385.3768 -
117 345 390.3074 -
117 346 396.3627 -
117 347 401.8187 -
117 348 408.1034 -
117 349 413.7055 -
117 350 420.1882 -
118 277 200.0502 -
118 278 198.1202 -
118 279 197.9883 -
118 280 196.2840 -
118 281 196.4533 -
118 282 194.7834 -
118 283 195.1662 -
118 284 193.9788 -
118 285 194.5235 -
118 286 193.5658 -
118 287 194.4683 -
118 288 193.7692 -
118 289 194.9022 -
118 290 194.5687 -
118 291 195.9102 -
118 292 195.8114 -
118 293 197.5520 -
118 294 197.8428 -
118 295 199.6568 -
118 296 200.1839 -
118 297 202.5828 -
118 298 203.5073 -
118 299 206.0263 -
118 300 207.1806 -
118 301 210.0613 -
118 302 211.5740 -
118 303 215.3105 -
118 304 217.6948 -
118 305 221.5117 -
118 306 223.8257 -
118 307 227.4517 -
118 308 229.4391 -
118 309 233.0949 -
118 310 235.4037 -
118 311 239.1218 -
118 312 241.3839 -
118 313 244.3007 -
118 314 246.6990 -
118 315 250.6538 -
118 316 253.3482 -
118 317 257.5298 -
118 318 260.4125 -
118 319 264.7497 -
118 320 268.6833 -
118 321 273.1519 -
118 322 276.4364 -
118 323 281.1851 -
118 324 284.5063 -
118 325 289.1040 -
118 326 292.5825 -
118 327 297.3358 -
118 328 300.8011 -
118 329 305.5875 -
118 330 309.2031 -
118 331 314.1566 -
118 332 317.9746 -
118 333 323.3138 -
118 334 327.2509 -
118 335 332.4121 -
118 336 336.5029 -
118 337 341.7997 -
118 338 345.9676 -
118 339 351.6452 -
118 340 356.2022 -
118 341 361.9375 -
118 342 366.5472 -
118 343 372.3455 -
118 344 376.9350 -
118 345 382.7094 -
118 346 387.2565 -
118 347 393.3826 -
118 348 398.5373 -
118 349 404.8884 -
118 350 410.1892 -
119 280 208.2911 -
119 281 206.5587 -
119 282 206.1860 -
119 283 204.5846 -
119 284 204.5639 -
119 285 203.3868 -
119 286 203.5479 -
119 287 202.5986 -
119 288 203.1156 -
119 289 202.4825 -
119 290 203.2281 -
119 291 202.8643 -
119 292 203.8469 -
119 293 203.7445 -
119 294 205.0955 -
119 295 205.4513 -
119 296 206.9142 -
119 297 207.4413 -
119 298 209.5128 -
119 299 210.4609 -
119 300 212.5990 -
119 301 213.7492 -
119 302 216.2134 -
119 303 217.7302 -
119 304 221.0894 -
119 305 223.4802 -
119 306 226.9274 -
119 307 229.2579 -
119 308 232.3272 -
119 309 234.3421 -
119 310 237.6145 -
119 311 239.9658 -
119 312 243.3843 -
119 313 244.8397 -
119 314 248.1286 -
119 315 250.5242 -
119 316 254.1446 -
119 317 256.8831 -
119 318 260.7119 -
119 319 263.6062 -
119 320 267.5908 -
119 321 270.6780 -
119 322 274.7929 -
119 323 277.9554 -
119 324 283.1887 -
119 325 286.9624 -
119 326 291.4954 -
119 327 294.8253 -
119 328 299.2378 -
119 329 302.7080 -
119 330 307.2474 -
119 331 310.9929 -
119 332 315.7085 -
119 333 319.5716 -
119 334 324.3438 -
119 335 328.3643 -
119 336 333.4769 -
119 337 337.0981 -
119 338 342.3004 -
119 339 346.4828 -
119 340 351.7704 -
119 341 356.3151 -
119 342 361.9365 -
119 343 366.3922 -
119 344 371.8558 -
119 345 376.4684 -
119 346 381.8353 -
119 347 386.3916 -
119 348 392.1955 -
119 349 397.4014 -
119 350 403.4838 -
120 283 214.7181 -
120 284 212.6990 -
120 285 212.7695 -
120 286 211.2337 -
120 287 211.4425 -
120 288 210.1289 -
120 289 210.6632 -
120 290 209.6909 -
120 291 210.4017 -
120 292 209.6616 -
120 293 210.7274 -
120 294 210.2354 -
120 295 211.6069 -
120 296 211.5793 -
120 297 213.1202 -
120 298 213.2746 -
120 299 215.3410 -
120 300 215.9274 -
120 301 218.0725 -
120 302 218.8221 -
120 303 221.2614 -
120 304 222.3685 -
120 305 225.7652 -
120 306 227.7863 -
120 307 231.2585 -
120 308 233.0858 -
120 309 236.0967 -
120 310 237.7494 -
120 311 241.0721 -
120 312 243.0802 -
120 313 246.5446 -
120 314 248.5872 -
120 315 250.9803 -
120 316 253.0005 -
120 317 256.6586 -
120 318 259.0547 -
120 319 262.9237 -
120 320 265.4513 -
120 321 269.4838 -
120 322 272.2052 -
120 323 276.2926 -
120 324 279.1015 -
120 325 283.2935 -
120 326 288.1512 -
120 327 292.2919 -
120 328 295.4490 -
120 329 300.1488 -
120 330 303.4170 -
120 331 307.8669 -
120 332 311.2310 -
120 333 315.9767 -
120 334 319.5540 -
120 335 324.3404 -
120 336 326.9497 -
120 337 332.0482 -
120 338 336.0389 -
120 339 342.4011 -
120 340 345.7576 -
120 341 351.0703 -
120 342 355.2621 -
120 343 360.7361 -
120 344 365.0425 -
120 345 370.5107 -
120 346 374.8412 -
120 347 380.0442 -
120 348 384.1400 -
120 349 390.0160 -
120 350 394.9418 -
121 286 222.9480 -
121 287 221.5344 -
121 288 221.4519 -
121 289 220.2150 -
121 290 220.3917 -
121 291 219.4189 -
121 292 219.8488 -
121 293 219.0111 -
121 294 219.7513 -
121 295 219.2701 -
121 296 220.2819 -
121 297 220.2921 -
121 298 221.4082 -
121 299 221.5253 -
121 300 223.1469 -
121 301 223.6901 -
121 302 225.4307 -
121 303 226.1971 -
121 304 228.3026 -
121 305 229.4434 -
121 306 232.4483 -
121 307 234.4916 -
121 308 237.5811 -
121 309 239.1632 -
121 310 241.8132 -
121 311 243.4968 -
121 312 246.4401 -
121 313 248.4425 -
121 314 251.5622 -
121 315 253.6272 -
121 316 255.9652 -
121 317 258.0098 -
121 318 261.3217 -
121 319 263.7439 -
121 320 267.2382 -
121 321 269.7926 -
121 322 273.4420 -
121 323 276.1625 -
121 324 279.8878 -
121 325 282.7046 -
121 326 286.5096 -
121 327 291.6006 -
121 328 295.1071 -
121 329 298.2938 -
121 330 302.4791 -
121 331 306.0853 -
121 332 310.2957 -
121 333 313.6708 -
121 334 318.0516 -
121 335 321.5869 -
121 336 326.0730 -
121 337 329.7888 -
121 338 334.6511 -
121 339 338.7053 -
121 340 343.6240 -
121 341 347.7113 -
121 342 352.3368 -
121 343 356.6713 -
121 344 361.6685 -
121 345 365.9368 -
121 346 370.9862 -
121 347 375.1631 -
121 348 380.0137 -
121 349 384.2666 -
121 350 389.8191 -
122 289 230.2079 -
122 290 228.7664 -
122 291 228.9294 -
122 292 227.5689 -
122 293 227.9053 -
122 294 226.7820 -
122 295 227.6237 -
122 296 226.7811 -
122 297 227.8056 -
122 298 227.3635 -
122 299 228.5328 -
122 300 228.2260 -
122 301 229.8030 -
122 302 229.9362 -
122 303 231.6983 -
122 304 232.0905 -
122 305 234.2595 -
122 306 235.0500 -
122 307 238.0738 -
122 308 239.7339 -
122 309 242.4730 -
122 310 243.6677 -
122 311 246.3540 -
122 312 247.6731 -
122 313 250.6474 -
122 314 252.2910 -
122 315 255.4347 -
122 316 257.1637 -
122 317 260.3313 -
122 318 261.6504 -
122 319 265.0104 -
122 320 267.0813 -
122 321 270.6009 -
122 322 272.7189 -
122 323 276.4063 -
122 324 280.0549 -
122 325 283.9480 -
122 326 284.9599 -
122 327 288.7433 -
122 328 293.3375 -
122 329 297.5528 -
122 330 299.7576 -
122 331 303.9847 -
122 332 306.9502 -
122 333 311.7123 -
122 334 314.7264 -
122 335 319.1363 -
122 336 322.3040 -
122 337 326.8321 -
122 338 330.1920 -
122 339 335.1170 -
122 340 338.6915 -
122 341 343.6279 -
122 342 347.5712 -
122 343 352.5005 -
122 344 356.4104 -
122 345 361.6031 -
122 346 365.5034 -
122 347 370.5217 -
122 348 374.2053 -
122 349 379.1506 -
122 350 383.0757 -
123 292 239.3176 -
123 293 237.9486 -
123 294 237.8771 -
123 295 236.7470 -
123 296 237.2560 -
123 297 236.6000 -
123 298 237.2211 -
123 299 236.7420 -
123 300 237.4692 -
123 301 237.1538 -
123 302 238.3312 -
123 303 238.4793 -
123 304 239.8747 -
123 305 240.2856 -
123 306 242.0611 -
123 307 242.8462 -
123 308 245.4963 -
123 309 247.1049 -
123 310 249.3756 -
123 311 250.5773 -
123 312 252.9001 -
123 313 254.2401 -
123 314 256.8572 -
123 315 258.5287 -
123 316 261.3133 -
123 317 262.9976 -
123 318 265.7512 -
123 319 267.4607 -
123 320 270.4775 -
123 321 272.5706 -
123 322 275.6742 -
123 323 277.8292 -
123 324 281.1424 -
123 325 284.3455 -
123 326 288.0445 -
123 327 290.7621 -
123 328 294.5173 -
123 329 297.2654 -
123 330 301.1223 -
123 331 304.1378 -
123 332 307.3716 -
123 333 310.3450 -
123 334 314.3361 -
123 335 318.0005 -
123 336 322.0830 -
123 337 323.3646 -
123 338 327.6410 -
123 339 331.1186 -
123 340 337.4204 -
123 341 340.8659 -
123 342 345.4697 -
123 343 349.2639 -
123 344 353.9788 -
123 345 357.8961 -
123 346 362.8144 -
123 347 366.9759 -
123 348 371.8142 -
123 349 375.5045 -
123 350 380.1647 -
124 296 245.1318 -
124 297 245.7145 -
124 298 244.8798 -
124 299 245.4884 -
124 300 244.5423 -
124 301 245.2805 -
124 302 244.5938 -
124 303 245.8070 -
124 304 245.5884 -
124 305 247.0230 -
124 306 247.0515 -
124 307 248.8011 -
124 308 249.1829 -
124 309 251.8784 -
124 310 252.9096 -
124 311 255.1951 -
124 312 256.0138 -
124 313 258.3679 -
124 314 259.3371 -
124 315 261.9896 -
124 316 263.2936 -
124 317 266.0753 -
124 318 267.2804 -
124 319 270.0441 -
124 320 271.4980 -
124 321 274.5769 -
124 322 276.3278 -
124 323 279.6278 -
124 324 281.4999 -
124 325 284.8433 -
124 326 287.4033 -
124 327 291.1591 -
124 328 293.6152 -
124 329 297.2671 -
124 330 299.7136 -
124 331 303.6713 -
124 332 306.4055 -
124 333 310.3564 -
124 334 312.3313 -
124 335 316.3531 -
124 336 319.1317 -
124 337 323.9611 -
124 338 324.7352 -
124 339 329.0644 -
124 340 332.1876 -
124 341 336.6848 -
124 342 339.9963 -
124 343 344.6144 -
124 344 349.7376 -
124 345 354.4828 -
124 346 358.0024 -
124 347 362.9664 -
124 348 366.7994 -
124 349 371.9945 -
124 350 375.5760 -
125 299 255.6133 -
125 300 255.8500 -
125 301 254.9054 -
125 302 255.2861 -
125 303 254.5844 -
125 304 255.3979 -
125 305 255.2049 -
125 306 256.3158 -
125 307 256.3563 -
125 308 257.6797 -
125 309 258.0672 -
125 310 260.3849 -
125 311 261.1054 -
125 312 262.9922 -
125 313 263.8093 -
125 314 265.7837 -
125 315 266.7735 -
125 316 269.0460 -
125 317 270.3413 -
125 318 272.6158 -
125 319 273.8311 -
125 320 276.2324 -
125 321 277.7248 -
125 322 280.4822 -
125 323 282.3000 -
125 324 285.2811 -
125 325 287.2944 -
125 326 290.5256 -
125 327 292.7912 -
125 328 296.1495 -
125 329 298.5268 -
125 330 301.9370 -
125 331 304.4746 -
125 332 308.0574 -
125 333 310.8007 -
125 334 314.4510 -
125 335 316.4774 -
125 336 320.1693 -
125 337 322.9625 -
125 338 326.8133 -
125 339 330.5717 -
125 340 332.4787 -
125 341 335.6320 -
125 342 339.7693 -
125 343 343.0853 -
125 344 348.7018 -
125 345 352.1323 -
125 346 356.6168 -
125 347 360.2491 -
125 348 364.8879 -
125 349 368.7674 -
125 350 373.6614 -
126 302 263.5493 -
126 303 263.9628 -
126 304 262.9668 -
126 305 263.9134 -
126 306 263.3570 -
126 307 264.5031 -
126 308 264.1781 -
126 309 265.5233 -
126 310 265.5406 -
126 311 267.5059 -
126 312 267.7938 -
126 313 269.6690 -
126 314 270.0872 -
126 315 272.0831 -
126 316 272.6724 -
126 317 274.9657 -
126 318 275.8124 -
126 319 278.0499 -
126 320 278.9053 -
126 321 281.3580 -
126 322 282.5050 -
126 323 285.3425 -
126 324 286.8335 -
126 325 289.8877 -
126 326 291.5331 -
126 327 294.8108 -
126 328 296.5623 -
126 329 299.9518 -
126 330 302.0858 -
126 331 305.5517 -
126 332 307.7318 -
126 333 311.4227 -
126 334 313.7696 -
126 335 317.5090 -
126 336 319.2119 -
126 337 322.9287 -
126 338 325.3787 -
126 339 329.2682 -
126 340 331.8734 -
126 341 336.8573 -
126 342 337.7011 -
126 343 341.8643 -
126 344 344.8148 -
126 345 350.1748 -
126 346 353.2275 -
126 347 357.7941 -
126 348 361.0971 -
126 349 365.7787 -
126 350 369.3295 -
127 305 273.1979 -
127 306 273.8122 -
127 307 273.4300 -
127 308 274.4006 -
127 309 274.1256 -
127 310 275.1600 -
127 311 275.1102 -
127 312 276.4407 -
127 313 276.7199 -
127 314 278.2032 -
127 315 278.6027 -
127 316 280.1940 -
127 317 280.7679 -
127 318 282.6347 -
127 319 283.3358 -
127 320 285.2250 -
127 321 286.1209 -
127 322 288.2361 -
127 323 289.4326 -
127 324 291.9530 -
127 325 293.4827 -
127 326 296.1800 -
127 327 297.8812 -
127 328 300.8157 -
127 329 302.5083 -
127 330 305.5573 -
127 331 307.7879 -
127 332 310.9097 -
127 333 313.0961 -
127 334 316.4410 -
127 335 318.8365 -
127 336 321.7446 -
127 337 324.0601 -
127 338 327.4323 -
127 339 329.9167 -
127 340 333.4459 -
127 341 336.1658 -
127 342 339.8877 -
127 343 341.8399 -
127 344 345.6246 -
127 345 348.5550 -
127 346 353.3508 -
127 347 356.4316 -
127 348 360.6755 -
127 349 364.9464 -
127 350 368.4645 -
128 308 281.7888 -
128 309 282.8473 -
128 310 282.2960 -
128 311 283.3652 -
128 312 282.9551 -
128 313 284.3000 -
128 314 284.1843 -
128 315 285.6502 -
128 316 285.6378 -
128 317 287.2142 -
128 318 287.3306 -
128 319 289.0556 -
128 320 289.3663 -
128 321 291.2848 -
128 322 291.8286 -
128 323 293.9974 -
128 324 294.8523 -
128 325 297.4500 -
128 326 298.6504 -
128 327 301.4167 -
128 328 302.7760 -
128 329 305.6484 -
128 330 307.3179 -
128 331 310.3458 -
128 332 312.0196 -
128 333 315.1401 -
128 334 317.0035 -
128 335 320.2870 -
128 336 322.1529 -
128 337 325.4921 -
128 338 327.4577 -
128 339 330.8855 -
128 340 333.0291 -
128 341 336.5976 -
128 342 340.0132 -
128 343 343.7807 -
128 344 346.2886 -
128 345 348.3019 -
128 346 350.8783 -
128 347 355.5492 -
128 348 358.2737 -
128 349 363.5647 -
128 350 366.5534 -
129 312 293.5915 -
129 313 293.1995 -
129 314 294.1637 -
129 315 293.9131 -
129 316 294.8875 -
129 317 294.7802 -
129 318 295.9499 -
129 319 296.0637 -
129 320 297.4145 -
129 321 297.7265 -
129 322 299.2468 -
129 323 299.7719 -
129 324 301.5565 -
129 325 302.4306 -
129 326 304.6673 -
129 327 305.9037 -
129 328 308.3373 -
129 329 309.7457 -
129 330 312.3445 -
129 331 313.8773 -
129 332 316.4956 -
129 333 318.2300 -
129 334 321.0732 -
129 335 322.9283 -
129 336 325.9701 -
129 337 328.0058 -
129 338 330.9852 -
129 339 333.1126 -
129 340 336.1848 -
129 341 338.3682 -
129 342 341.6245 -
129 343 343.9249 -
129 344 348.3843 -
129 345 350.9450 -
129 346 352.7613 -
129 347 355.3555 -
129 348 358.9811 -
129 349 363.3762 -
129 350 367.1866 -
130 315 302.5858 -
130 316 301.9097 -
130 317 302.8881 -
130 318 302.3955 -
130 319 303.5819 -
130 320 303.2978 -
130 321 304.6638 -
130 322 304.5919 -
130 323 306.1027 -
130 324 306.2337 -
130 325 308.0269 -
130 326 308.5095 -
130 327 310.7821 -
130 328 311.6777 -
130 329 314.1495 -
130 330 315.2518 -
130 331 317.8137 -
130 332 318.9722 -
130 333 321.6450 -
130 334 323.0075 -
130 335 325.9157 -
130 336 327.4308 -
130 337 330.4994 -
130 338 332.2705 -
130 339 335.5835 -
130 340 337.2597 -
130 341 340.4536 -
130 342 342.3139 -
130 343 345.5021 -
130 344 347.4832 -
130 345 351.9710 -
130 346 354.1495 -
130 347 356.2104 -
130 348 358.4562 -
130 349 362.1230 -
130 350 364.5219 -
131 318 312.7607 -
131 319 312.2680 -
131 320 313.0687 -
131 321 312.7927 -
131 322 313.7724 -
131 323 313.7064 -
131 324 314.8497 -
131 325 314.9594 -
131 326 316.3767 -
131 327 316.8658 -
131 328 318.7844 -
131 329 319.7103 -
131 330 321.8133 -
131 331 322.9265 -
131 332 325.1184 -
131 333 326.2701 -
131 334 328.6022 -
131 335 329.9958 -
131 336 332.5754 -
131 337 334.1500 -
131 338 336.8675 -
131 339 338.6696 -
131 340 341.6317 -
131 341 343.4534 -
131 342 346.3684 -
131 343 348.1261 -
131 344 351.0938 -
131 345 353.1601 -
131 346 356.2394 -
131 347 359.5389 -
131 348 361.3961 -
131 349 363.7008 -
131 350 367.0444 -
132 321 321.4616 -
132 322 320.8137 -
132 323 321.8081 -
132 324 321.3611 -
132 325 322.5052 -
132 326 322.2271 -
132 327 323.6631 -
132 328 323.7787 -
132 329 325.7120 -
132 330 326.2788 -
132 331 328.4114 -
132 332 329.1371 -
132 333 331.3419 -
132 334 332.1357 -
132 335 334.5146 -
132 336 335.5580 -
132 337 338.2184 -
132 338 339.4386 -
132 339 342.2032 -
132 340 343.6544 -
132 341 346.6927 -
132 342 348.5454 -
132 343 351.2508 -
132 344 352.6777 -
132 345 355.6606 -
132 346 357.3784 -
132 347 360.5335 -
132 348 363.5274 -
132 349 365.4978 -
132 350 367.4774 -
