# WS4 author table 2014-June-3: Z A atomic ME(MeV) beta2; - = unavailable
8 16 -4.3108 -
8 17 -0.6832 -
8 18 -0.9233 -
8 19 3.3255 -
8 20 3.7150 -
8 21 8.1540 -
8 22 9.1903 -
8 23 14.7981 -
8 24 18.3176 -
8 25 27.7502 -
8 26 34.9301 -
8 27 44.6288 -
8 28 52.1943 -
8 29 63.8863 -
8 30 73.2336 -
8 31 84.6312 -
8 32 94.6380 -
9 17 2.0374 -
9 18 0.3759 -
9 19 -1.7720 -
9 20 0.2456 -
9 21 -0.3419 -
9 22 2.6869 -
9 23 3.2818 -
9 24 7.9438 -
9 25 10.8818 -
9 26 18.6259 -
9 27 24.5149 -
9 28 32.7581 -
9 29 39.3185 -
9 30 48.9766 -
9 31 56.7411 -
9 32 66.2792 -
9 33 74.9117 -
9 34 85.9358 -
9 35 96.0601 -
9 36 107.3603 -
10 18 5.1403 -
10 19 1.2758 -
10 20 -6.5338 -
10 21 -5.4545 -
10 22 -8.0546 -
10 23 -5.1395 -
10 24 -6.0677 -
10 25 -1.5602 -
10 26 0.0620 -
10 27 7.0199 -
10 28 11.0704 -
10 29 18.5730 -
10 30 23.2387 -
10 31 30.9425 -
10 32 37.0753 -
10 33 45.9983 -
10 34 53.0057 -
10 35 63.1777 -
10 36 71.8564 -
10 37 82.3626 -
10 38 91.5465 -
10 39 103.3512 -
10 40 113.6664 -
11 19 13.1060 -
11 20 7.0544 -
11 21 -1.9706 -
11 22 -5.5407 -
11 23 -9.3994 -
11 24 -8.1680 -
11 25 -9.7092 -
11 26 -6.7747 -
11 27 -5.8286 -
11 28 -0.7020 -
11 29 2.4485 -
11 30 8.5371 -
11 31 12.2809 -
11 32 18.7357 -
11 33 23.6491 -
11 34 31.3599 -
11 35 37.6850 -
11 36 46.4046 -
11 37 53.9011 -
11 38 63.1813 -
11 39 71.3052 -
11 40 81.7975 -
11 41 91.1968 -
11 42 102.0187 -
11 43 111.9262 -
11 44 123.7796 -
12 20 17.6914 -
12 21 10.5527 -
12 22 -0.4638 -
12 23 -5.6004 -
12 24 -13.4746 -
12 25 -13.0025 -
12 26 -16.4439 -
12 27 -14.2111 -
12 28 -15.0889 -
12 29 -10.4184 -
12 30 -9.0996 -
12 31 -3.2901 -
12 32 -0.7599 -
12 33 5.2584 -
12 34 8.8560 -
12 35 15.8297 -
12 36 20.6029 -
12 37 28.5610 -
12 38 34.4968 -
12 39 42.9501 -
12 40 49.7124 -
12 41 59.2445 -
12 42 67.1655 -
12 43 77.4082 -
12 44 86.3236 -
12 45 97.7778 -
12 46 108.2090 -
12 47 121.7450 -
12 48 133.6367 -
13 21 27.0310 -
13 22 18.2872 -
13 23 6.9359 -
13 24 0.1243 -
13 25 -8.7745 -
13 26 -12.8720 -
13 27 -17.2081 -
13 28 -16.6542 -
13 29 -18.4534 -
13 30 -15.7379 -
13 31 -14.9748 -
13 32 -11.0175 -
13 33 -8.8118 -
13 34 -3.3946 -
13 35 -0.0975 -
13 36 5.6029 -
13 37 9.7415 -
13 38 16.1596 -
13 39 21.3778 -
13 40 28.9450 -
13 41 34.4478 -
13 42 42.3657 -
13 43 49.1459 -
13 44 57.9545 -
13 45 65.8744 -
13 46 76.3425 -
13 47 86.1674 -
13 48 99.0169 -
13 49 110.8724 -
13 50 123.7642 -
13 51 135.3077 -
13 52 147.9180 -
14 22 33.3530 -
14 23 24.0062 -
14 24 10.8587 -
14 25 3.4733 -
14 26 -7.4139 -
14 27 -12.6051 -
14 28 -21.3868 -
14 29 -21.4993 -
14 30 -24.8973 -
14 31 -22.8645 -
14 32 -24.0540 -
14 33 -20.5618 -
14 34 -20.0292 -
14 35 -14.8505 -
14 36 -12.3194 -
14 37 -7.0488 -
14 38 -4.2539 -
14 39 1.8515 -
14 40 5.3780 -
14 41 12.1216 -
14 42 15.9566 -
14 43 23.4108 -
14 44 28.8659 -
14 45 37.1470 -
14 46 43.5941 -
14 47 53.5150 -
14 48 62.2702 -
14 49 74.6672 -
14 50 85.3380 -
14 51 97.9446 -
14 52 108.9626 -
14 53 121.5094 -
14 54 132.4570 -
14 55 144.7057 -
14 56 155.7882 -
15 23 44.3623 -
15 24 33.8842 -
15 25 20.4488 -
15 26 11.2235 -
15 27 -0.2366 -
15 28 -7.0012 -
15 29 -16.4635 -
15 30 -20.2666 -
15 31 -24.3615 -
15 32 -23.8500 -
15 33 -26.0223 -
15 34 -24.1536 -
15 35 -24.4075 -
15 36 -20.1628 -
15 37 -18.5729 -
15 38 -14.3762 -
15 39 -12.4667 -
15 40 -7.8857 -
15 41 -4.9559 -
15 42 0.7662 -
15 43 4.4110 -
15 44 10.7369 -
15 45 15.5478 -
15 46 22.7511 -
15 47 28.9223 -
15 48 37.8286 -
15 49 45.9570 -
15 50 57.0548 -
15 51 66.9748 -
15 52 78.3581 -
15 53 88.5671 -
15 54 99.9884 -
15 55 109.9979 -
15 56 121.2682 -
15 57 131.6403 -
15 58 143.4782 -
15 59 154.3128 -
15 60 165.9928 -
16 24 53.6653 -
16 25 42.3387 -
16 26 27.3872 -
16 27 17.3158 -
16 28 4.1531 -
16 29 -3.4954 -
16 30 -14.6734 -
16 31 -19.0616 -
16 32 -26.6317 -
16 33 -26.6554 -
16 34 -30.3298 -
16 35 -29.1979 -
16 36 -30.8675 -
16 37 -27.4165 -
16 38 -26.9338 -
16 39 -23.4958 -
16 40 -22.8700 -
16 41 -19.0474 -
16 42 -17.3483 -
16 43 -12.2609 -
16 44 -9.4950 -
16 45 -3.7486 -
16 46 0.2001 -
16 47 7.2116 -
16 48 12.4134 -
16 49 20.9325 -
16 50 27.8519 -
16 51 38.1986 -
16 52 46.8794 -
16 53 57.4060 -
16 54 66.3277 -
16 55 77.0700 -
16 56 85.9868 -
16 57 96.6944 -
16 58 106.0114 -
16 59 117.2255 -
16 60 127.2442 -
16 61 138.7816 -
16 62 149.1509 -
16 63 161.3371 -
16 64 172.2596 -
17 25 70.0072 -
17 26 56.7296 -
17 27 40.5408 -
17 28 28.5809 -
17 29 14.5091 -
17 30 4.8257 -
17 31 -6.8620 -
17 32 -12.8955 -
17 33 -21.0666 -
17 34 -24.4962 -
17 35 -28.7342 -
17 36 -29.0262 -
17 37 -31.4209 -
17 38 -29.4279 -
17 39 -29.6461 -
17 40 -27.3187 -
17 41 -27.4347 -
17 42 -24.7510 -
17 43 -24.0395 -
17 44 -20.3059 -
17 45 -18.5520 -
17 46 -13.5290 -
17 47 -10.0356 -
17 48 -3.9648 -
17 49 0.7165 -
17 50 8.3753 -
17 51 14.8008 -
17 52 23.7179 -
17 53 31.2726 -
17 54 40.7395 -
17 55 49.1600 -
17 56 59.1474 -
17 57 67.9988 -
17 58 77.9873 -
17 59 86.9093 -
17 60 97.3539 -
17 61 106.8835 -
17 62 117.6234 -
17 63 127.3916 -
17 64 138.7228 -
17 65 149.2257 -
17 66 160.5925 -
17 67 170.9755 -
18 27 70.0556 -
18 28 51.5735 -
18 29 38.3939 -
18 30 22.2465 -
18 31 11.7556 -
18 32 -2.1085 -
18 33 -9.0180 -
18 34 -18.7906 -
18 35 -22.9193 -
18 36 -30.4821 -
18 37 -31.1252 -
18 38 -35.0124 -
18 39 -33.5372 -
18 40 -35.2554 -
18 41 -33.2140 -
18 42 -34.4615 -
18 43 -32.2550 -
18 44 -32.7946 -
18 45 -29.8174 -
18 46 -29.7677 -
18 47 -24.9965 -
18 48 -22.6451 -
18 49 -16.8321 -
18 50 -13.3270 -
18 51 -6.0202 -
18 52 -0.5809 -
18 53 7.6261 -
18 54 13.7742 -
18 55 22.5463 -
18 56 29.5965 -
18 57 38.9351 -
18 58 46.6029 -
18 59 56.4373 -
18 60 64.7630 -
18 61 74.9710 -
18 62 83.7676 -
18 63 94.2143 -
18 64 103.2223 -
18 65 113.7389 -
18 66 122.9647 -
18 67 133.5731 -
18 68 143.0923 -
18 69 154.4110 -
18 70 164.7525 -
19 28 86.3102 -
19 29 66.0366 -
19 30 51.4863 -
19 31 34.6566 -
19 32 22.5000 -
19 33 7.7292 -
19 34 -0.8800 -
19 35 -11.2597 -
19 36 -16.9397 -
19 37 -24.9350 -
19 38 -28.8947 -
19 39 -33.6727 -
19 40 -33.1640 -
19 41 -35.6566 -
19 42 -34.7542 -
19 43 -36.6638 -
19 44 -35.4685 -
19 45 -36.7860 -
19 46 -35.2591 -
19 47 -35.7469 -
19 48 -32.1875 -
19 49 -30.1275 -
19 50 -25.6174 -
19 51 -22.5461 -
19 52 -16.3337 -
19 53 -11.4122 -
19 54 -3.9652 -
19 55 1.6429 -
19 56 9.2934 -
19 57 15.7137 -
19 58 23.8193 -
19 59 30.7134 -
19 60 39.5525 -
19 61 47.3538 -
19 62 56.5653 -
19 63 64.6323 -
19 64 73.9893 -
19 65 82.4537 -
19 66 92.2392 -
19 67 101.0772 -
19 68 111.0026 -
19 69 119.9653 -
19 70 130.7870 -
19 71 140.8857 -
19 72 152.1149 -
19 73 162.5688 -
19 74 173.9065 -
20 30 77.9641 -
20 31 62.3556 -
20 32 44.0429 -
20 33 31.7393 -
20 34 14.9800 -
20 35 5.5566 -
20 36 -6.5155 -
20 37 -12.8527 -
20 38 -22.4337 -
20 39 -27.3345 -
20 40 -34.8707 -
20 41 -35.1038 -
20 42 -38.6027 -
20 43 -38.5198 -
20 44 -41.5644 -
20 45 -40.9815 -
20 46 -43.2633 -
20 47 -42.4441 -
20 48 -44.1954 -
20 49 -41.0236 -
20 50 -39.8550 -
20 51 -35.7129 -
20 52 -33.9496 -
20 53 -27.9028 -
20 54 -24.1253 -
20 55 -17.1422 -
20 56 -12.5801 -
20 57 -5.5606 -
20 58 -0.5224 -
20 59 6.8176 -
20 60 12.2762 -
20 61 20.7392 -
20 62 27.5090 -
20 63 36.3222 -
20 64 43.3036 -
20 65 52.2553 -
20 66 59.6627 -
20 67 68.9605 -
20 68 76.7206 -
20 69 86.0681 -
20 70 94.0588 -
20 71 104.8935 -
20 72 114.5107 -
20 73 125.4453 -
20 74 135.1885 -
20 75 146.2514 -
20 76 156.1533 -
20 77 167.5403 -
21 31 93.9054 -
21 32 76.6194 -
21 33 57.5417 -
21 34 44.4605 -
21 35 27.6214 -
21 36 16.7020 -
21 37 4.0014 -
21 38 -3.9381 -
21 39 -14.2094 -
21 40 -20.1912 -
21 41 -28.6077 -
21 42 -32.1614 -
21 43 -36.4100 -
21 44 -37.3452 -
21 45 -41.3242 -
21 46 -41.5693 -
21 47 -44.5786 -
21 48 -44.3789 -
21 49 -46.6237 -
21 50 -44.2526 -
21 51 -43.6523 -
21 52 -40.1368 -
21 53 -38.6522 -
21 54 -33.7248 -
21 55 -30.3053 -
21 56 -24.7271 -
21 57 -20.8386 -
21 58 -14.8819 -
21 59 -10.2727 -
21 60 -3.9068 -
21 61 1.1876 -
21 62 8.4045 -
21 63 14.4759 -
21 64 21.9752 -
21 65 28.3382 -
21 66 36.3135 -
21 67 43.3174 -
21 68 51.8565 -
21 69 59.3341 -
21 70 68.0839 -
21 71 75.8225 -
21 72 85.7945 -
21 73 94.9687 -
21 74 105.3043 -
21 75 114.7972 -
21 76 125.3372 -
21 77 134.9831 -
21 78 145.9651 -
21 79 156.2968 -
21 80 168.5940 -
22 33 89.7402 -
22 34 68.9647 -
22 35 55.3222 -
22 36 37.4688 -
22 37 25.8443 -
22 38 11.5757 -
22 39 2.8345 -
22 40 -8.9323 -
22 41 -15.7293 -
22 42 -25.2725 -
22 43 -29.6473 -
22 44 -37.6531 -
22 45 -39.0581 -
22 46 -44.0075 -
22 47 -44.8256 -
22 48 -48.5862 -
22 49 -48.5705 -
22 50 -51.4898 -
22 51 -49.5097 -
22 52 -49.7484 -
22 53 -46.5658 -
22 54 -45.8117 -
22 55 -41.3310 -
22 56 -39.2154 -
22 57 -33.8891 -
22 58 -31.3668 -
22 59 -25.9433 -
22 60 -22.2515 -
22 61 -16.0723 -
22 62 -11.8405 -
22 63 -5.3807 -
22 64 -0.8186 -
22 65 6.2178 -
22 66 11.4485 -
22 67 19.0792 -
22 68 25.1265 -
22 69 33.4282 -
22 70 40.1421 -
22 71 48.8147 -
22 72 55.7762 -
22 73 65.4631 -
22 74 73.7454 -
22 75 83.8944 -
22 76 92.7624 -
22 77 103.1318 -
22 78 112.2113 -
22 79 123.1689 -
22 80 133.0131 -
22 81 145.0212 -
22 82 156.0184 -
22 83 168.4819 -
22 84 179.9624 -
23 35 84.7068 -
23 36 69.2371 -
23 37 50.7856 -
23 38 37.6420 -
23 39 22.7784 -
23 40 12.7417 -
23 41 0.5126 -
23 42 -7.5276 -
23 43 -17.8607 -
23 44 -23.5945 -
23 45 -31.9070 -
23 46 -36.8455 -
23 47 -42.2063 -
23 48 -43.8643 -
23 49 -48.1504 -
23 50 -49.0358 -
23 51 -52.2212 -
23 52 -51.1986 -
23 53 -52.0725 -
23 54 -49.6509 -
23 55 -49.3829 -
23 56 -45.8061 -
23 57 -44.3559 -
23 58 -40.0995 -
23 59 -37.7506 -
23 60 -33.1090 -
23 61 -30.2197 -
23 62 -25.1553 -
23 63 -21.5178 -
23 64 -16.0758 -
23 65 -12.0465 -
23 66 -5.9427 -
23 67 -1.1313 -
23 68 5.4869 -
23 69 11.0543 -
23 70 18.4158 -
23 71 24.7319 -
23 72 32.6579 -
23 73 39.4663 -
23 74 48.2733 -
23 75 56.1592 -
23 76 65.6146 -
23 77 74.2005 -
23 78 84.1993 -
23 79 93.0931 -
23 80 103.4902 -
23 81 113.0087 -
23 82 124.3246 -
23 83 134.8860 -
23 84 146.7984 -
23 85 158.0150 -
23 86 170.3649 -
23 87 181.6302 -
24 37 81.7158 -
24 38 61.7701 -
24 39 47.7341 -
24 40 31.2166 -
24 41 20.5761 -
24 42 7.0481 -
24 43 -1.8588 -
24 44 -13.4828 -
24 45 -19.7874 -
24 46 -29.5173 -
24 47 -34.8494 -
24 48 -43.2163 -
24 49 -45.3570 -
24 50 -50.4868 -
24 51 -51.5541 -
24 52 -55.7163 -
24 53 -55.1827 -
24 54 -57.1091 -
24 55 -54.9575 -
24 56 -55.5943 -
24 57 -52.5323 -
24 58 -52.1158 -
24 59 -48.0882 -
24 60 -46.6980 -
24 61 -42.7001 -
24 62 -40.7865 -
24 63 -36.0586 -
24 64 -33.6972 -
24 65 -28.3544 -
24 66 -25.1637 -
24 67 -19.3233 -
24 68 -15.4729 -
24 69 -9.2013 -
24 70 -4.7018 -
24 71 2.2775 -
24 72 7.5997 -
24 73 15.2819 -
24 74 21.2395 -
24 75 29.7831 -
24 76 36.8099 -
24 77 46.0678 -
24 78 53.9147 -
24 79 63.8024 -
24 80 72.2376 -
24 81 82.3676 -
24 82 91.2526 -
24 83 102.2599 -
24 84 112.0708 -
24 85 123.7054 -
24 86 134.2388 -
24 87 146.0125 -
24 88 156.3974 -
24 89 167.9819 -
24 90 178.5219 -
25 39 76.7867 -
25 40 61.0957 -
25 41 43.7829 -
25 42 31.7293 -
25 43 17.5868 -
25 44 7.4865 -
25 45 -4.9318 -
25 46 -12.2976 -
25 47 -22.4265 -
25 48 -28.7352 -
25 49 -37.6548 -
25 50 -42.3901 -
25 51 -48.1507 -
25 52 -50.2565 -
25 53 -54.7916 -
25 54 -55.2413 -
25 55 -57.7083 -
25 56 -56.6295 -
25 57 -57.6401 -
25 58 -55.5687 -
25 59 -55.5725 -
25 60 -52.6671 -
25 61 -51.6457 -
25 62 -48.1572 -
25 63 -46.6879 -
25 64 -43.0407 -
25 65 -40.8046 -
25 66 -36.4616 -
25 67 -33.6495 -
25 68 -28.6688 -
25 69 -25.2789 -
25 70 -19.9076 -
25 71 -15.9396 -
25 72 -10.0352 -
25 73 -5.2404 -
25 74 1.4497 -
25 75 6.9860 -
25 76 14.7821 -
25 77 21.5770 -
25 78 30.0380 -
25 79 37.5632 -
25 80 46.7458 -
25 81 54.9124 -
25 82 64.3997 -
25 83 73.0398 -
25 84 83.4292 -
25 85 92.9665 -
25 86 103.9120 -
25 87 114.0856 -
25 88 125.4316 -
25 89 135.4714 -
25 90 146.4905 -
25 91 156.6993 -
25 92 168.1957 -
25 93 179.0147 -
26 41 73.1576 -
26 42 54.1414 -
26 43 41.3762 -
26 44 25.7242 -
26 45 14.6564 -
26 46 1.0626 -
26 47 -7.0385 -
26 48 -17.9474 -
26 49 -24.8575 -
26 50 -34.6918 -
26 51 -40.2189 -
26 52 -48.5760 -
26 53 -50.9496 -
26 54 -56.6367 -
26 55 -57.4408 -
26 56 -60.8319 -
26 57 -60.1065 -
26 58 -62.1746 -
26 59 -60.5396 -
26 60 -61.5059 -
26 61 -59.0212 -
26 62 -58.8991 -
26 63 -55.7685 -
26 64 -54.8839 -
26 65 -51.3234 -
26 66 -49.9765 -
26 67 -45.9550 -
26 68 -43.8977 -
26 69 -39.4117 -
26 70 -36.9230 -
26 71 -31.9990 -
26 72 -28.9082 -
26 73 -23.5108 -
26 74 -19.7891 -
26 75 -13.5328 -
26 76 -9.0267 -
26 77 -1.4097 -
26 78 4.5910 -
26 79 12.8086 -
26 80 19.4901 -
26 81 28.4520 -
26 82 35.8449 -
26 83 45.1789 -
26 84 53.1318 -
26 85 63.3839 -
26 86 72.2452 -
26 87 82.9401 -
26 88 92.3744 -
26 89 103.6038 -
26 90 113.0622 -
26 91 123.8695 -
26 92 133.4648 -
26 93 144.6342 -
26 94 154.7626 -
26 95 166.2489 -
26 96 176.6729 -
26 97 188.3280 -
27 43 68.5932 -
27 44 54.4810 -
27 45 37.6240 -
27 46 25.2106 -
27 47 10.7208 -
27 48 1.9069 -
27 49 -9.3253 -
27 50 -17.2032 -
27 51 -27.2863 -
27 52 -33.6817 -
27 53 -42.6287 -
27 54 -47.9693 -
27 55 -53.9653 -
27 56 -55.6435 -
27 57 -59.4197 -
27 58 -59.6514 -
27 59 -62.2937 -
27 60 -61.4501 -
27 61 -62.9607 -
27 62 -61.3832 -
27 63 -61.8164 -
27 64 -59.6632 -
27 65 -59.2592 -
27 66 -56.4922 -
27 67 -55.5442 -
27 68 -52.0246 -
27 69 -50.2015 -
27 70 -46.6239 -
27 71 -44.3428 -
27 72 -40.3646 -
27 73 -37.7953 -
27 74 -33.2342 -
27 75 -30.0037 -
27 76 -24.9740 -
27 77 -21.0209 -
27 78 -14.2423 -
27 79 -8.3734 -
27 80 -0.9280 -
27 81 5.4717 -
27 82 13.5150 -
27 83 20.4942 -
27 84 29.1015 -
27 85 36.8473 -
27 86 46.5652 -
27 87 55.2941 -
27 88 65.3579 -
27 89 74.5527 -
27 90 85.2101 -
27 91 94.7939 -
27 92 104.9151 -
27 93 114.0592 -
27 94 124.4386 -
27 95 134.0630 -
27 96 144.9787 -
27 97 155.0871 -
27 98 166.1831 -
27 99 176.4652 -
27 100 187.7341 -
28 45 65.5354 -
28 46 47.0985 -
28 47 33.9678 -
28 48 17.9842 -
28 49 8.7237 -
28 50 -3.3104 -
28 51 -11.3773 -
28 52 -22.6739 -
28 53 -29.6283 -
28 54 -39.4630 -
28 55 -45.4033 -
28 56 -54.1937 -
28 57 -55.9716 -
28 58 -60.5722 -
28 59 -61.2640 -
28 60 -64.8104 -
28 61 -64.4647 -
28 62 -66.7741 -
28 63 -65.7111 -
28 64 -67.1033 -
28 65 -65.3817 -
28 66 -66.0041 -
28 67 -63.6090 -
28 68 -63.4727 -
28 69 -60.1781 -
28 70 -59.2178 -
28 71 -55.5777 -
28 72 -54.3103 -
28 73 -50.3555 -
28 74 -48.6151 -
28 75 -44.3649 -
28 76 -42.0471 -
28 77 -37.5312 -
28 78 -34.6735 -
28 79 -28.0332 -
28 80 -22.9845 -
28 81 -15.7536 -
28 82 -10.1814 -
28 83 -2.4788 -
28 84 3.5559 -
28 85 11.9827 -
28 86 19.0237 -
28 87 28.6999 -
28 88 36.8073 -
28 89 46.7278 -
28 90 55.2427 -
28 91 65.6653 -
28 92 74.4654 -
28 93 84.6660 -
28 94 93.1110 -
28 95 103.0793 -
28 96 111.8751 -
28 97 122.4930 -
28 98 131.9179 -
28 99 142.8687 -
28 100 152.6101 -
28 101 163.5484 -
28 102 173.2704 -
28 103 184.2544 -
29 47 61.0012 -
29 48 46.6837 -
29 49 30.2550 -
29 50 19.9004 -
29 51 7.5067 -
29 52 -1.6641 -
29 53 -13.1373 -
29 54 -21.0721 -
29 55 -31.4130 -
29 56 -38.0375 -
29 57 -47.1364 -
29 58 -51.3211 -
29 59 -56.3602 -
29 60 -57.8661 -
29 61 -61.9592 -
29 62 -62.4204 -
29 63 -65.4125 -
29 64 -65.1003 -
29 65 -66.9878 -
29 66 -66.0442 -
29 67 -67.1385 -
29 68 -65.3112 -
29 69 -65.6479 -
29 70 -63.0085 -
29 71 -62.5261 -
29 72 -59.8213 -
29 73 -58.9089 -
29 74 -55.8347 -
29 75 -54.3665 -
29 76 -50.8687 -
29 77 -48.7771 -
29 78 -44.6627 -
29 79 -42.2250 -
29 80 -36.4776 -
29 81 -31.8090 -
29 82 -25.3649 -
29 83 -20.0800 -
29 84 -12.9919 -
29 85 -7.0435 -
29 86 0.7291 -
29 87 7.5703 -
29 88 16.2990 -
29 89 23.9333 -
29 90 33.0762 -
29 91 41.2742 -
29 92 50.6464 -
29 93 58.7420 -
29 94 67.8721 -
29 95 76.0821 -
29 96 85.4794 -
29 97 94.0883 -
29 98 104.0329 -
29 99 113.1521 -
29 100 123.4531 -
29 101 132.8524 -
29 102 143.1996 -
29 103 152.7311 -
29 104 163.3200 -
29 105 173.1781 -
29 106 184.1080 -
29 107 194.1010 -
30 49 58.0440 -
30 50 40.3651 -
30 51 29.6005 -
30 52 16.0786 -
30 53 6.4464 -
30 54 -6.2462 -
30 55 -14.5270 -
30 56 -25.6408 -
30 57 -32.6978 -
30 58 -42.5026 -
30 59 -47.3582 -
30 60 -54.6329 -
30 61 -56.4764 -
30 62 -61.3673 -
30 63 -62.4686 -
30 64 -66.1249 -
30 65 -66.4215 -
30 66 -68.9261 -
30 67 -68.3520 -
30 68 -70.1486 -
30 69 -68.7333 -
30 70 -69.7065 -
30 71 -67.6062 -
30 72 -67.9159 -
30 73 -65.8105 -
30 74 -65.6672 -
30 75 -62.8764 -
30 76 -62.2851 -
30 77 -58.8713 -
30 78 -57.5214 -
30 79 -53.6265 -
30 80 -51.6085 -
30 81 -46.1535 -
30 82 -42.6366 -
30 83 -36.3269 -
30 84 -31.8470 -
30 85 -24.7886 -
30 86 -19.5282 -
30 87 -11.9352 -
30 88 -5.9412 -
30 89 2.3910 -
30 90 9.1557 -
30 91 17.9565 -
30 92 25.0938 -
30 93 33.9058 -
30 94 40.9373 -
30 95 49.8764 -
30 96 57.4086 -
30 97 66.6726 -
30 98 74.6260 -
30 99 84.3701 -
30 100 92.8162 -
30 101 102.8398 -
30 102 111.5348 -
30 103 121.6474 -
30 104 130.5680 -
30 105 141.0382 -
30 106 150.3097 -
30 107 160.7916 -
30 108 170.1178 -
30 109 180.9280 -
30 110 190.7759 -
31 51 53.7791 -
31 52 42.0024 -
31 53 28.3464 -
31 54 17.8621 -
31 55 5.0809 -
31 56 -4.3093 -
31 57 -15.5301 -
31 58 -23.6559 -
31 59 -33.8109 -
31 60 -39.2895 -
31 61 -47.0698 -
31 62 -51.3378 -
31 63 -56.6704 -
31 64 -58.3703 -
31 65 -62.6594 -
31 66 -63.4397 -
31 67 -66.6699 -
31 68 -66.8433 -
31 69 -69.1005 -
31 70 -68.5845 -
31 71 -69.9659 -
31 72 -68.6403 -
31 73 -69.4234 -
31 74 -68.0297 -
31 75 -68.3309 -
31 76 -66.3518 -
31 77 -65.9978 -
31 78 -63.5611 -
31 79 -62.4261 -
31 80 -59.2533 -
31 81 -57.4691 -
31 82 -52.9349 -
31 83 -49.3878 -
31 84 -43.9303 -
31 85 -39.7319 -
31 86 -33.3918 -
31 87 -28.3139 -
31 88 -21.5179 -
31 89 -15.8298 -
31 90 -8.2642 -
31 91 -1.7283 -
31 92 6.2486 -
31 93 13.0643 -
31 94 21.0429 -
31 95 27.8424 -
31 96 36.0799 -
31 97 43.3533 -
31 98 51.8922 -
31 99 59.4983 -
31 100 68.5383 -
31 101 76.6743 -
31 102 86.0566 -
31 103 94.5033 -
31 104 103.9056 -
31 105 112.4514 -
31 106 122.3300 -
31 107 131.3643 -
31 108 141.3171 -
31 109 150.3982 -
31 110 160.4986 -
31 111 169.9646 -
31 112 180.6138 -
31 113 190.5359 -
32 53 52.9745 -
32 54 38.3865 -
32 55 27.6619 -
32 56 13.9103 -
32 57 4.2242 -
32 58 -8.3286 -
32 59 -16.5425 -
32 60 -27.8036 -
32 61 -33.7065 -
32 62 -42.3164 -
32 63 -47.1119 -
32 64 -54.6702 -
32 65 -56.8277 -
32 66 -61.6686 -
32 67 -63.0844 -
32 68 -66.7147 -
32 69 -67.4867 -
32 70 -70.4060 -
32 71 -70.2311 -
32 72 -72.4786 -
32 73 -71.5742 -
32 74 -73.1870 -
32 75 -71.9573 -
32 76 -72.9476 -
32 77 -71.3323 -
32 78 -71.7703 -
32 79 -69.5721 -
32 80 -69.3531 -
32 81 -66.3807 -
32 82 -65.3266 -
32 83 -60.8889 -
32 84 -58.1843 -
32 85 -52.8948 -
32 86 -49.4633 -
32 87 -43.2722 -
32 88 -39.3076 -
32 89 -32.5574 -
32 90 -27.6577 -
32 91 -20.3271 -
32 92 -14.8131 -
32 93 -7.3581 -
32 94 -1.5178 -
32 95 6.4105 -
32 96 12.7442 -
32 97 20.9579 -
32 98 27.5743 -
32 99 35.9036 -
32 100 42.7391 -
32 101 51.5273 -
32 102 58.9183 -
32 103 67.9548 -
32 104 75.6089 -
32 105 84.8506 -
32 106 92.8090 -
32 107 102.5483 -
32 108 110.9934 -
32 109 120.7422 -
32 110 129.1249 -
32 111 138.9003 -
32 112 147.6397 -
32 113 158.0468 -
32 114 167.4196 -
32 115 178.3915 -
32 116 188.3216 -
32 117 199.6004 -
33 55 52.8066 -
33 56 41.0488 -
33 57 26.9064 -
33 58 16.1735 -
33 59 3.2874 -
33 60 -6.1193 -
33 61 -17.3829 -
33 62 -24.2117 -
33 63 -33.3476 -
33 64 -38.7906 -
33 65 -46.9817 -
33 66 -51.1282 -
33 67 -56.7779 -
33 68 -58.6620 -
33 69 -63.1519 -
33 70 -64.1975 -
33 71 -67.8197 -
33 72 -68.2044 -
33 73 -70.9458 -
33 74 -70.9445 -
33 75 -73.0398 -
33 76 -72.4433 -
33 77 -73.7774 -
33 78 -72.8610 -
33 79 -73.6715 -
33 80 -72.2478 -
33 81 -72.4125 -
33 82 -70.2249 -
33 83 -69.5548 -
33 84 -65.8313 -
33 85 -63.3776 -
33 86 -58.8566 -
33 87 -55.7623 -
33 88 -50.4280 -
33 89 -46.4728 -
33 90 -40.7184 -
33 91 -36.1733 -
33 92 -29.8178 -
33 93 -24.7282 -
33 94 -18.0274 -
33 95 -12.4181 -
33 96 -5.2125 -
33 97 0.9299 -
33 98 8.3677 -
33 99 14.6937 -
33 100 22.3602 -
33 101 28.8861 -
33 102 36.9790 -
33 103 44.1089 -
33 104 52.3649 -
33 105 59.7087 -
33 106 68.3577 -
33 107 76.1421 -
33 108 85.2942 -
33 109 93.5506 -
33 110 102.7205 -
33 111 110.8276 -
33 112 119.9034 -
33 113 128.3146 -
33 114 138.2038 -
33 115 147.4035 -
33 116 157.8939 -
33 117 167.6436 -
33 118 178.4038 -
33 119 188.5377 -
33 120 199.8385 -
34 57 53.1775 -
34 58 37.8228 -
34 59 26.6040 -
34 60 12.6225 -
34 61 2.8357 -
34 62 -9.6224 -
34 63 -16.8032 -
34 64 -26.7609 -
34 65 -32.8783 -
34 66 -41.5153 -
34 67 -46.6684 -
34 68 -54.2947 -
34 69 -56.8054 -
34 70 -61.7517 -
34 71 -63.5414 -
34 72 -67.5879 -
34 73 -68.5887 -
34 74 -71.9950 -
34 75 -72.3499 -
34 76 -75.0790 -
34 77 -74.8034 -
34 78 -76.7252 -
34 79 -76.1210 -
34 80 -77.6995 -
34 81 -76.6048 -
34 82 -77.5444 -
34 83 -75.6578 -
34 84 -75.8227 -
34 85 -72.3299 -
34 86 -70.6890 -
34 87 -66.2873 -
34 88 -64.0752 -
34 89 -58.8981 -
34 90 -55.7745 -
34 91 -50.3067 -
34 92 -46.6200 -
34 93 -40.5416 -
34 94 -36.3039 -
34 95 -29.8031 -
34 96 -24.9564 -
34 97 -18.0410 -
34 98 -12.6844 -
34 99 -5.4087 -
34 100 0.1808 -
34 101 7.5448 -
34 102 13.2798 -
34 103 21.1572 -
34 104 27.5141 -
34 105 35.5960 -
34 106 42.2689 -
34 107 50.8165 -
34 108 57.9924 -
34 109 66.9358 -
34 110 74.5198 -
34 111 83.5986 -
34 112 91.1377 -
34 113 99.9425 -
34 114 107.6479 -
34 115 117.3541 -
34 116 126.0029 -
34 117 136.3826 -
34 118 145.5996 -
34 119 156.2367 -
34 120 165.8241 -
34 121 176.9150 -
34 122 186.9989 -
34 123 198.3138 -
35 59 52.6517 -
35 60 40.4162 -
35 61 26.0853 -
35 62 15.2064 -
35 63 2.3254 -
35 64 -5.8362 -
35 65 -16.2442 -
35 66 -22.9443 -
35 67 -32.2791 -
35 68 -38.1333 -
35 69 -46.4259 -
35 70 -50.8879 -
35 71 -56.6965 -
35 72 -58.9581 -
35 73 -63.8049 -
35 74 -65.1582 -
35 75 -69.2249 -
35 76 -70.1829 -
35 77 -73.3530 -
35 78 -73.6074 -
35 79 -76.0671 -
35 80 -75.9863 -
35 81 -77.9346 -
35 82 -77.4416 -
35 83 -78.8500 -
35 84 -77.8388 -
35 85 -78.4439 -
35 86 -75.5691 -
35 87 -74.1151 -
35 88 -70.5445 -
35 89 -68.4695 -
35 90 -64.0225 -
35 91 -61.2217 -
35 92 -56.3525 -
35 93 -52.9059 -
35 94 -47.6856 -
35 95 -43.8462 -
35 96 -38.1318 -
35 97 -33.5266 -
35 98 -27.4281 -
35 99 -22.3964 -
35 100 -15.8137 -
35 101 -10.3670 -
35 102 -3.7877 -
35 103 1.7249 -
35 104 8.9815 -
35 105 15.1982 -
35 106 22.6724 -
35 107 29.1800 -
35 108 37.2153 -
35 109 44.3387 -
35 110 52.7134 -
35 111 60.0544 -
35 112 68.6021 -
35 113 75.6285 -
35 114 83.7154 -
35 115 91.1259 -
35 116 100.0174 -
35 117 108.0516 -
35 118 118.0287 -
35 119 127.2469 -
35 120 137.4427 -
35 121 146.8940 -
35 122 157.4592 -
35 123 167.3269 -
35 124 178.2201 -
35 125 188.3641 -
35 126 199.5558 -
36 61 52.3408 -
36 62 37.1960 -
36 63 25.8588 -
36 64 11.6603 -
36 65 3.0900 -
36 66 -7.9405 -
36 67 -15.2039 -
36 68 -25.0759 -
36 69 -31.7639 -
36 70 -40.9134 -
36 71 -46.3913 -
36 72 -53.9066 -
36 73 -56.9296 -
36 74 -62.4325 -
36 75 -64.3635 -
36 76 -68.9361 -
36 77 -70.2294 -
36 78 -73.9120 -
36 79 -74.5568 -
36 80 -77.5563 -
36 81 -77.8864 -
36 82 -80.3509 -
36 83 -80.2234 -
36 84 -82.3567 -
36 85 -81.7101 -
36 86 -83.2193 -
36 87 -80.6521 -
36 88 -79.8083 -
36 89 -76.2712 -
36 90 -75.0207 -
36 91 -70.7434 -
36 92 -68.7192 -
36 93 -63.9477 -
36 94 -61.0981 -
36 95 -56.0571 -
36 96 -53.2856 -
36 97 -47.5144 -
36 98 -44.0127 -
36 99 -38.1323 -
36 100 -34.1526 -
36 101 -27.7073 -
36 102 -23.1465 -
36 103 -16.6247 -
36 104 -11.7345 -
36 105 -4.5617 -
36 106 1.0272 -
36 107 8.3958 -
36 108 14.2657 -
36 109 22.3028 -
36 110 28.8659 -
36 111 36.6966 -
36 112 43.1666 -
36 113 51.6831 -
36 114 58.3064 -
36 115 66.2136 -
36 116 72.8498 -
36 117 80.9790 -
36 118 88.1348 -
36 119 98.0905 -
36 120 106.9195 -
36 121 117.1268 -
36 122 126.1308 -
36 123 136.5920 -
36 124 145.9516 -
36 125 156.7765 -
36 126 166.2853 -
36 127 177.2609 -
36 128 187.1739 -
36 129 198.3502 -
36 130 208.5282 -
37 64 39.4753 -
37 65 24.7903 -
37 66 15.2450 -
37 67 3.8247 -
37 68 -4.2460 -
37 69 -14.6824 -
37 70 -21.9714 -
37 71 -31.9311 -
37 72 -37.9566 -
37 73 -46.4869 -
37 74 -51.3318 -
37 75 -57.3435 -
37 76 -59.9367 -
37 77 -65.0723 -
37 78 -66.7692 -
37 79 -70.8598 -
37 80 -72.0789 -
37 81 -75.5145 -
37 82 -76.3114 -
37 83 -79.1918 -
37 84 -79.7808 -
37 85 -82.1718 -
37 86 -82.6303 -
37 87 -84.4648 -
37 88 -82.4884 -
37 89 -81.8623 -
37 90 -79.1266 -
37 91 -77.9667 -
37 92 -74.6030 -
37 93 -72.7915 -
37 94 -68.6963 -
37 95 -65.8976 -
37 96 -61.3463 -
37 97 -58.6720 -
37 98 -54.2529 -
37 99 -51.0674 -
37 100 -46.1431 -
37 101 -42.4450 -
37 102 -36.8519 -
37 103 -32.3481 -
37 104 -26.5370 -
37 105 -21.7615 -
37 106 -15.2651 -
37 107 -9.8427 -
37 108 -3.1025 -
37 109 2.5917 -
37 110 9.9487 -
37 111 16.3546 -
37 112 24.0510 -
37 113 30.2476 -
37 114 37.5666 -
37 115 43.9187 -
37 116 51.0919 -
37 117 57.3523 -
37 118 64.6230 -
37 119 71.3918 -
37 120 80.9127 -
37 121 89.7405 -
37 122 99.5188 -
37 123 108.4525 -
37 124 118.4319 -
37 125 127.6307 -
37 126 137.7478 -
37 127 147.0492 -
37 128 157.5296 -
37 129 167.3250 -
37 130 178.0180 -
37 131 188.0374 -
37 132 199.0822 -
37 133 209.5073 -
38 66 35.7410 -
38 67 25.7707 -
38 68 13.1706 -
38 69 4.6386 -
38 70 -6.6372 -
38 71 -14.5446 -
38 72 -25.0864 -
38 73 -31.8162 -
38 74 -40.9756 -
38 75 -46.5775 -
38 76 -54.4329 -
38 77 -57.8789 -
38 78 -63.4942 -
38 79 -65.6922 -
38 80 -70.2125 -
38 81 -71.7529 -
38 82 -75.6225 -
38 83 -76.9695 -
38 84 -80.3278 -
38 85 -81.2321 -
38 86 -84.4525 -
38 87 -85.1159 -
38 88 -87.9232 -
38 89 -86.2164 -
38 90 -86.2375 -
38 91 -83.4769 -
38 92 -83.1325 -
38 93 -79.9039 -
38 94 -79.0767 -
38 95 -75.0939 -
38 96 -72.9959 -
38 97 -68.4161 -
38 98 -66.6431 -
38 99 -62.4698 -
38 100 -60.0876 -
38 101 -55.5167 -
38 102 -52.4753 -
38 103 -47.0532 -
38 104 -43.3818 -
38 105 -37.5708 -
38 106 -33.4911 -
38 107 -27.1625 -
38 108 -22.4746 -
38 109 -15.8130 -
38 110 -10.7557 -
38 111 -3.5742 -
38 112 2.1242 -
38 113 9.3836 -
38 114 14.7386 -
38 115 21.8967 -
38 116 27.6178 -
38 117 34.8097 -
38 118 40.3017 -
38 119 47.2416 -
38 120 53.2713 -
38 121 62.7145 -
38 122 71.0966 -
38 123 80.8738 -
38 124 89.3121 -
38 125 99.1988 -
38 126 107.8281 -
38 127 117.7433 -
38 128 126.5156 -
38 129 136.8939 -
38 130 146.1870 -
38 131 156.7613 -
38 132 166.1892 -
38 133 177.1346 -
38 134 187.1450 -
38 135 198.8473 -
38 136 209.2806 -
39 68 39.1139 -
39 69 25.7375 -
39 70 16.1700 -
39 71 4.6528 -
39 72 -4.0206 -
39 73 -14.8852 -
39 74 -22.0375 -
39 75 -31.6045 -
39 76 -37.8194 -
39 77 -46.7562 -
39 78 -51.7140 -
39 79 -58.4033 -
39 80 -61.0069 -
39 81 -65.8116 -
39 82 -68.0731 -
39 83 -72.2747 -
39 84 -73.9522 -
39 85 -77.9932 -
39 86 -79.3282 -
39 87 -83.0012 -
39 88 -84.2887 -
39 89 -87.4375 -
39 90 -86.2249 -
39 91 -86.4566 -
39 92 -84.4690 -
39 93 -84.3498 -
39 94 -82.0556 -
39 95 -81.4445 -
39 96 -78.1915 -
39 97 -76.2364 -
39 98 -72.2475 -
39 99 -70.6056 -
39 100 -67.1555 -
39 101 -65.0165 -
39 102 -61.0523 -
39 103 -58.3790 -
39 104 -53.6698 -
39 105 -50.1655 -
39 106 -45.1872 -
39 107 -41.2276 -
39 108 -35.6718 -
39 109 -31.1913 -
39 110 -25.1742 -
39 111 -20.2564 -
39 112 -13.7372 -
39 113 -8.2330 -
39 114 -2.0062 -
39 115 3.1802 -
39 116 9.7127 -
39 117 15.2635 -
39 118 21.8405 -
39 119 27.0672 -
39 120 33.3220 -
39 121 39.1330 -
39 122 48.0201 -
39 123 56.3078 -
39 124 65.5375 -
39 125 73.8798 -
39 126 83.2346 -
39 127 91.7144 -
39 128 101.1389 -
39 129 109.7379 -
39 130 119.6136 -
39 131 128.7590 -
39 132 138.7705 -
39 133 148.0285 -
39 134 158.5289 -
39 135 168.4068 -
39 136 179.6764 -
39 137 190.1471 -
39 138 201.3525 -
39 139 211.6768 -
39 140 222.9042 -
40 70 36.1338 -
40 71 26.1355 -
40 72 13.6406 -
40 73 4.8525 -
40 74 -6.9068 -
40 75 -14.4433 -
40 76 -24.6489 -
40 77 -31.3593 -
40 78 -41.0796 -
40 79 -47.0997 -
40 80 -55.4216 -
40 81 -58.3113 -
40 82 -63.7682 -
40 83 -66.2921 -
40 84 -71.2452 -
40 85 -73.3139 -
40 86 -77.6196 -
40 87 -79.4464 -
40 88 -83.5717 -
40 89 -85.1588 -
40 90 -88.8458 -
40 91 -87.9190 -
40 92 -88.8251 -
40 93 -86.9653 -
40 94 -87.5742 -
40 95 -85.4726 -
40 96 -85.5946 -
40 97 -82.5429 -
40 98 -81.2398 -
40 99 -77.6070 -
40 100 -76.4903 -
40 101 -73.0396 -
40 102 -71.7848 -
40 103 -67.8653 -
40 104 -66.0235 -
40 105 -61.4464 -
40 106 -58.7557 -
40 107 -53.8523 -
40 108 -50.6246 -
40 109 -45.2430 -
40 110 -41.4909 -
40 111 -35.6166 -
40 112 -31.3669 -
40 113 -25.0076 -
40 114 -20.7251 -
40 115 -14.6454 -
40 116 -10.1253 -
40 117 -3.6972 -
40 118 1.2069 -
40 119 7.8546 -
40 120 12.4100 -
40 121 18.5235 -
40 122 23.6604 -
40 123 32.4521 -
40 124 40.1540 -
40 125 49.3128 -
40 126 57.0768 -
40 127 66.3254 -
40 128 74.2476 -
40 129 83.5333 -
40 130 91.5971 -
40 131 101.3777 -
40 132 109.9989 -
40 133 119.8939 -
40 134 128.6488 -
40 135 139.0648 -
40 136 148.4586 -
40 137 159.6002 -
40 138 169.5629 -
40 139 180.6860 -
40 140 190.4325 -
40 141 201.4124 -
40 142 211.3515 -
40 143 222.4893 -
41 72 39.1570 -
41 73 26.3169 -
41 74 16.6159 -
41 75 4.6634 -
41 76 -3.6415 -
41 77 -14.0832 -
41 78 -21.6165 -
41 79 -31.5152 -
41 80 -38.3245 -
41 81 -46.7838 -
41 82 -51.7978 -
41 83 -58.1507 -
41 84 -61.0491 -
41 85 -66.4108 -
41 86 -69.0371 -
41 87 -74.0216 -
41 88 -76.1227 -
41 89 -80.6110 -
41 90 -82.7399 -
41 91 -86.6033 -
41 92 -86.3403 -
41 93 -87.3810 -
41 94 -86.2633 -
41 95 -87.0347 -
41 96 -85.4998 -
41 97 -85.8683 -
41 98 -83.4265 -
41 99 -82.4793 -
41 100 -79.8957 -
41 101 -78.9659 -
41 102 -76.2244 -
41 103 -74.8900 -
41 104 -71.7951 -
41 105 -69.9565 -
41 106 -66.1278 -
41 107 -63.5992 -
41 108 -59.4472 -
41 109 -56.5407 -
41 110 -51.8532 -
41 111 -48.4395 -
41 112 -43.3328 -
41 113 -39.4428 -
41 114 -34.0233 -
41 115 -29.8211 -
41 116 -24.4041 -
41 117 -20.0446 -
41 118 -14.2458 -
41 119 -9.4705 -
41 120 -3.4099 -
41 121 1.4913 -
41 122 7.0472 -
41 123 12.0775 -
41 124 20.2086 -
41 125 27.7203 -
41 126 36.2860 -
41 127 43.9144 -
41 128 52.6503 -
41 129 60.4928 -
41 130 69.2155 -
41 131 77.1530 -
41 132 86.4448 -
41 133 94.9750 -
41 134 104.4730 -
41 135 113.1533 -
41 136 123.0439 -
41 137 132.2213 -
41 138 142.7342 -
41 139 152.4778 -
41 140 162.8625 -
41 141 172.4111 -
41 142 182.8749 -
41 143 192.6038 -
41 144 203.1411 -
41 145 212.9232 -
41 146 223.7824 -
42 74 36.8148 -
42 75 26.6996 -
42 76 13.9067 -
42 77 5.2902 -
42 78 -5.9771 -
42 79 -13.8287 -
42 80 -24.2915 -
42 81 -31.1884 -
42 82 -40.7551 -
42 83 -46.5558 -
42 84 -54.3432 -
42 85 -57.8195 -
42 86 -63.9676 -
42 87 -66.9715 -
42 88 -72.5350 -
42 89 -75.0657 -
42 90 -79.9991 -
42 91 -82.2825 -
42 92 -86.7899 -
42 93 -86.6300 -
42 94 -88.4951 -
42 95 -87.4146 -
42 96 -88.8059 -
42 97 -87.3001 -
42 98 -88.1822 -
42 99 -85.9665 -
42 100 -86.1221 -
42 101 -83.6102 -
42 102 -83.5682 -
42 103 -80.9605 -
42 104 -80.3163 -
42 105 -77.2516 -
42 106 -76.0909 -
42 107 -72.4931 -
42 108 -70.7660 -
42 109 -66.7808 -
42 110 -64.5443 -
42 111 -60.0563 -
42 112 -57.4908 -
42 113 -52.6204 -
42 114 -49.4790 -
42 115 -44.1993 -
42 116 -40.6948 -
42 117 -35.3240 -
42 118 -31.6313 -
42 119 -25.9246 -
42 120 -21.7835 -
42 121 -15.8237 -
42 122 -11.3022 -
42 123 -5.7931 -
42 124 -1.3231 -
42 125 6.6620 -
42 126 13.4971 -
42 127 21.9855 -
42 128 29.0166 -
42 129 37.7128 -
42 130 45.0263 -
42 131 53.6373 -
42 132 61.0474 -
42 133 70.5766 -
42 134 78.3463 -
42 135 87.8411 -
42 136 96.0704 -
42 137 105.7964 -
42 138 114.3666 -
42 139 124.7275 -
42 140 133.7103 -
42 141 143.9440 -
42 142 153.0166 -
42 143 163.3531 -
42 144 172.4710 -
42 145 182.7899 -
42 146 192.0070 -
42 147 202.6371 -
42 148 212.2879 -
42 149 223.1608 -
42 150 233.0438 -
43 77 26.7398 -
43 78 17.2223 -
43 79 5.7090 -
43 80 -2.8035 -
43 81 -13.5776 -
43 82 -21.2255 -
43 83 -30.9236 -
43 84 -37.4306 -
43 85 -45.8773 -
43 86 -51.2184 -
43 87 -57.7373 -
43 88 -61.5977 -
43 89 -67.6464 -
43 90 -70.6614 -
43 91 -76.0098 -
43 92 -78.8710 -
43 93 -83.5808 -
43 94 -84.1073 -
43 95 -86.1832 -
43 96 -85.8377 -
43 97 -87.4008 -
43 98 -86.5149 -
43 99 -87.5332 -
43 100 -86.0174 -
43 101 -86.3261 -
43 102 -84.6494 -
43 103 -84.6903 -
43 104 -82.6982 -
43 105 -82.2805 -
43 106 -79.8392 -
43 107 -78.7998 -
43 108 -75.9431 -
43 109 -74.3437 -
43 110 -71.0775 -
43 111 -69.0350 -
43 112 -65.3749 -
43 113 -62.8864 -
43 114 -58.8332 -
43 115 -55.8673 -
43 116 -51.3699 -
43 117 -47.9736 -
43 118 -43.3160 -
43 119 -39.7289 -
43 120 -34.6772 -
43 121 -30.6776 -
43 122 -25.3416 -
43 123 -21.1318 -
43 124 -16.0898 -
43 125 -11.7065 -
43 126 -4.3319 -
43 127 2.2640 -
43 128 10.1133 -
43 129 17.0051 -
43 130 25.1794 -
43 131 32.4156 -
43 132 40.6580 -
43 133 47.9514 -
43 134 56.8943 -
43 135 64.7965 -
43 136 73.6718 -
43 137 81.8417 -
43 138 91.0125 -
43 139 99.3969 -
43 140 109.1100 -
43 141 117.9862 -
43 142 127.4540 -
43 143 136.2470 -
43 144 146.0038 -
43 145 154.9670 -
43 146 164.9622 -
43 147 174.2152 -
43 148 184.4094 -
43 149 193.8566 -
43 150 204.1186 -
43 151 213.7057 -
43 152 224.3190 -
43 153 234.2707 -
44 79 27.5471 -
44 80 15.1557 -
44 81 6.3884 -
44 82 -5.3032 -
44 83 -13.2344 -
44 84 -23.6348 -
44 85 -30.4685 -
44 86 -39.5898 -
44 87 -45.6467 -
44 88 -53.9795 -
44 89 -58.2512 -
44 90 -64.8199 -
44 91 -68.2805 -
44 92 -74.3244 -
44 93 -77.3121 -
44 94 -82.5731 -
44 95 -83.3854 -
44 96 -86.1669 -
44 97 -85.9669 -
44 98 -88.2100 -
44 99 -87.4718 -
44 100 -89.0562 -
44 101 -87.9016 -
44 102 -88.8936 -
44 103 -87.2188 -
44 104 -87.8687 -
44 105 -85.9968 -
44 106 -86.1752 -
44 107 -83.9089 -
44 108 -83.5542 -
44 109 -80.8082 -
44 110 -79.9258 -
44 111 -76.8758 -
44 112 -75.5587 -
44 113 -72.0359 -
44 114 -70.2180 -
44 115 -66.3130 -
44 116 -63.9547 -
44 117 -59.5833 -
44 118 -56.8081 -
44 119 -52.4337 -
44 120 -49.4926 -
44 121 -44.5944 -
44 122 -41.1912 -
44 123 -36.0179 -
44 124 -32.7538 -
44 125 -27.7166 -
44 126 -23.8559 -
44 127 -16.6205 -
44 128 -10.7005 -
44 129 -2.9537 -
44 130 3.3266 -
44 131 11.4481 -
44 132 18.1322 -
44 133 26.4339 -
44 134 33.2586 -
44 135 41.9418 -
44 136 49.3278 -
44 137 58.1569 -
44 138 65.6844 -
44 139 74.7383 -
44 140 82.5556 -
44 141 92.1307 -
44 142 100.4084 -
44 143 109.7252 -
44 144 117.9824 -
44 145 127.6421 -
44 146 136.0924 -
44 147 145.9651 -
44 148 154.6940 -
44 149 164.7474 -
44 150 173.6726 -
44 151 183.8943 -
44 152 193.0660 -
44 153 203.5435 -
44 154 213.0156 -
44 155 223.6777 -
44 156 233.3199 -
45 81 27.9045 -
45 82 18.1876 -
45 83 6.1319 -
45 84 -2.4923 -
45 85 -13.1756 -
45 86 -20.4849 -
45 87 -30.1347 -
45 88 -36.9415 -
45 89 -45.9702 -
45 90 -51.6870 -
45 91 -58.8175 -
45 92 -62.8380 -
45 93 -69.1139 -
45 94 -72.7639 -
45 95 -78.2091 -
45 96 -79.6208 -
45 97 -82.6969 -
45 98 -83.1670 -
45 99 -85.6548 -
45 100 -85.5777 -
45 101 -87.4654 -
45 102 -86.8972 -
45 103 -88.1338 -
45 104 -87.0547 -
45 105 -87.7587 -
45 106 -86.4623 -
45 107 -86.8072 -
45 108 -85.1129 -
45 109 -84.8790 -
45 110 -82.8348 -
45 111 -82.1321 -
45 112 -79.6626 -
45 113 -78.5468 -
45 114 -75.6330 -
45 115 -74.0218 -
45 116 -70.7328 -
45 117 -68.7659 -
45 118 -64.9526 -
45 119 -62.5895 -
45 120 -58.6294 -
45 121 -55.8593 -
45 122 -51.6495 -
45 123 -48.7291 -
45 124 -44.3854 -
45 125 -41.2485 -
45 126 -36.7889 -
45 127 -33.0315 -
45 128 -26.3731 -
45 129 -20.5539 -
45 130 -13.4039 -
45 131 -7.2464 -
45 132 0.2982 -
45 133 6.8702 -
45 134 14.6468 -
45 135 21.4808 -
45 136 29.6216 -
45 137 36.8323 -
45 138 45.1300 -
45 139 52.5396 -
45 140 61.0467 -
45 141 68.7173 -
45 142 77.7653 -
45 143 85.7637 -
45 144 94.6491 -
45 145 102.7659 -
45 146 111.9202 -
45 147 120.2350 -
45 148 129.6050 -
45 149 138.1867 -
45 150 147.7145 -
45 151 156.4734 -
45 152 166.2625 -
45 153 175.3139 -
45 154 185.3381 -
45 155 194.6410 -
45 156 204.8394 -
45 157 214.3013 -
45 158 224.5770 -
45 159 234.2293 -
46 83 28.1144 -
46 84 15.3787 -
46 85 6.3385 -
46 86 -5.1421 -
46 87 -12.7795 -
46 88 -23.1471 -
46 89 -30.3607 -
46 90 -40.0666 -
46 91 -46.3923 -
46 92 -55.0709 -
46 93 -59.4537 -
46 94 -66.3107 -
46 95 -70.1306 -
46 96 -76.1992 -
46 97 -77.7706 -
46 98 -81.4670 -
46 99 -82.1193 -
46 100 -85.2519 -
46 101 -85.3987 -
46 102 -87.9055 -
46 103 -87.5058 -
46 104 -89.2775 -
46 105 -88.4841 -
46 106 -89.7657 -
46 107 -88.4711 -
46 108 -89.3812 -
46 109 -87.7997 -
46 110 -88.1900 -
46 111 -86.2043 -
46 112 -86.1694 -
46 113 -83.8205 -
46 114 -83.3354 -
46 115 -80.6034 -
46 116 -79.7202 -
46 117 -76.6129 -
46 118 -75.3431 -
46 119 -71.7399 -
46 120 -70.0597 -
46 121 -66.3419 -
46 122 -64.4840 -
46 123 -60.3910 -
46 124 -58.0355 -
46 125 -53.9510 -
46 126 -51.4063 -
46 127 -47.1476 -
46 128 -43.9368 -
46 129 -37.3794 -
46 130 -32.0924 -
46 131 -25.0329 -
46 132 -19.4856 -
46 133 -12.0209 -
46 134 -6.0445 -
46 135 1.6912 -
46 136 7.9786 -
46 137 16.0800 -
46 138 22.7364 -
46 139 30.9641 -
46 140 37.8343 -
46 141 46.2578 -
46 142 53.3649 -
46 143 62.3328 -
46 144 69.7461 -
46 145 78.5475 -
46 146 86.1481 -
46 147 95.1740 -
46 148 102.9780 -
46 149 112.2195 -
46 150 120.2594 -
46 151 129.6744 -
46 152 137.9226 -
46 153 147.6597 -
46 154 156.2607 -
46 155 166.1676 -
46 156 174.9624 -
46 157 185.0283 -
46 158 193.9876 -
46 159 204.1141 -
46 160 213.2812 -
46 161 223.8017 -
46 162 233.3611 -
46 163 244.0480 -
47 86 17.8881 -
47 87 6.1129 -
47 88 -2.2405 -
47 89 -12.8056 -
47 90 -20.6375 -
47 91 -30.6833 -
47 92 -37.6975 -
47 93 -46.8421 -
47 94 -52.7138 -
47 95 -60.0804 -
47 96 -64.4543 -
47 97 -70.7406 -
47 98 -72.8904 -
47 99 -76.7446 -
47 100 -78.0405 -
47 101 -81.3584 -
47 102 -82.1759 -
47 103 -84.8713 -
47 104 -85.1264 -
47 105 -87.0991 -
47 106 -86.9606 -
47 107 -88.4344 -
47 108 -87.6746 -
47 109 -88.6493 -
47 110 -87.6272 -
47 111 -88.2213 -
47 112 -86.8075 -
47 113 -86.9419 -
47 114 -85.1741 -
47 115 -84.8505 -
47 116 -82.7568 -
47 117 -82.0493 -
47 118 -79.6823 -
47 119 -78.4738 -
47 120 -75.7820 -
47 121 -74.2506 -
47 122 -71.3512 -
47 123 -69.4655 -
47 124 -66.2608 -
47 125 -64.2052 -
47 126 -60.7271 -
47 127 -58.4444 -
47 128 -54.7697 -
47 129 -51.7502 -
47 130 -45.7861 -
47 131 -40.5407 -
47 132 -34.0475 -
47 133 -28.5768 -
47 134 -21.7131 -
47 135 -15.8751 -
47 136 -8.7076 -
47 137 -2.5145 -
47 138 5.0652 -
47 139 11.6688 -
47 140 19.3940 -
47 141 26.1736 -
47 142 34.0734 -
47 143 41.1069 -
47 144 49.5959 -
47 145 56.9938 -
47 146 65.2873 -
47 147 72.7694 -
47 148 81.3141 -
47 149 89.0175 -
47 150 97.7102 -
47 151 105.5785 -
47 152 114.4869 -
47 153 122.6135 -
47 154 131.8587 -
47 155 140.3280 -
47 156 149.7406 -
47 157 158.3958 -
47 158 167.9454 -
47 159 176.6909 -
47 160 186.2983 -
47 161 195.2403 -
47 162 205.2802 -
47 163 214.6855 -
47 164 224.8754 -
47 165 234.3853 -
47 166 244.6664 -
48 88 15.0296 -
48 89 6.4196 -
48 90 -4.8142 -
48 91 -12.9074 -
48 92 -23.6135 -
48 93 -30.9944 -
48 94 -40.8780 -
48 95 -47.3063 -
48 96 -56.1022 -
48 97 -60.9358 -
48 98 -67.7710 -
48 99 -70.0722 -
48 100 -74.3821 -
48 101 -75.7967 -
48 102 -79.7271 -
48 103 -80.6272 -
48 104 -83.9397 -
48 105 -84.3630 -
48 106 -87.0223 -
48 107 -87.0334 -
48 108 -89.1634 -
48 109 -88.6104 -
48 110 -90.1021 -
48 111 -89.2517 -
48 112 -90.4217 -
48 113 -89.1658 -
48 114 -89.8612 -
48 115 -88.2166 -
48 116 -88.4878 -
48 117 -86.5891 -
48 118 -86.5233 -
48 119 -84.2587 -
48 120 -83.8247 -
48 121 -81.2465 -
48 122 -80.4053 -
48 123 -77.6398 -
48 124 -76.4833 -
48 125 -73.5182 -
48 126 -72.0990 -
48 127 -68.7003 -
48 128 -67.1702 -
48 129 -63.6463 -
48 130 -61.4090 -
48 131 -55.3851 -
48 132 -50.6838 -
48 133 -44.2044 -
48 134 -39.4100 -
48 135 -32.5858 -
48 136 -27.3867 -
48 137 -20.2961 -
48 138 -14.6909 -
48 139 -7.1569 -
48 140 -1.0621 -
48 141 6.6435 -
48 142 12.8913 -
48 143 20.7783 -
48 144 27.2853 -
48 145 35.7177 -
48 146 42.6948 -
48 147 51.0212 -
48 148 57.9188 -
48 149 66.4130 -
48 150 73.5957 -
48 151 82.1874 -
48 152 89.4781 -
48 153 98.2993 -
48 154 105.8988 -
48 155 115.0234 -
48 156 122.9461 -
48 157 132.2749 -
48 158 140.4335 -
48 159 149.8298 -
48 160 158.0496 -
48 161 167.4488 -
48 162 175.8194 -
48 163 185.7581 -
48 164 194.6837 -
48 165 204.7256 -
48 166 213.7172 -
48 167 223.8317 -
48 168 232.7933 -
48 169 242.9277 -
49 90 17.7686 -
49 91 6.3874 -
49 92 -2.3293 -
49 93 -13.2177 -
49 94 -21.2662 -
49 95 -31.4220 -
49 96 -38.6355 -
49 97 -47.9731 -
49 98 -54.1997 -
49 99 -61.4503 -
49 100 -64.2312 -
49 101 -68.7648 -
49 102 -70.5801 -
49 103 -74.6549 -
49 104 -76.1120 -
49 105 -79.6916 -
49 106 -80.5349 -
49 107 -83.5172 -
49 108 -84.1019 -
49 109 -86.4783 -
49 110 -86.6013 -
49 111 -88.3813 -
49 112 -88.1327 -
49 113 -89.3623 -
49 114 -88.6526 -
49 115 -89.4436 -
49 116 -88.4158 -
49 117 -88.8436 -
49 118 -87.5664 -
49 119 -87.6304 -
49 120 -86.0528 -
49 121 -85.7625 -
49 122 -83.8436 -
49 123 -83.3276 -
49 124 -81.1567 -
49 125 -80.3252 -
49 126 -77.9856 -
49 127 -76.7700 -
49 128 -74.2713 -
49 129 -72.8193 -
49 130 -70.1121 -
49 131 -68.0601 -
49 132 -62.6126 -
49 133 -58.0099 -
49 134 -51.8740 -
49 135 -47.0965 -
49 136 -40.8434 -
49 137 -35.7612 -
49 138 -29.3054 -
49 139 -23.8969 -
49 140 -16.8976 -
49 141 -10.8446 -
49 142 -3.6144 -
49 143 2.5908 -
49 144 10.0163 -
49 145 16.5061 -
49 146 24.4532 -
49 147 31.4428 -
49 148 39.3519 -
49 149 46.1166 -
49 150 54.0372 -
49 151 61.1311 -
49 152 69.3082 -
49 153 76.6667 -
49 154 84.9440 -
49 155 92.3934 -
49 156 101.0177 -
49 157 108.8501 -
49 158 117.7240 -
49 159 125.7914 -
49 160 134.7671 -
49 161 142.8998 -
49 162 151.8144 -
49 163 160.0741 -
49 164 169.4833 -
49 165 178.2245 -
49 166 187.7767 -
49 167 196.5465 -
49 168 205.9722 -
49 169 214.6402 -
49 170 224.2743 -
49 171 233.2164 -
49 172 242.7066 -
49 173 251.4684 -
50 92 15.4828 -
50 93 6.6316 -
50 94 -4.8579 -
50 95 -13.1534 -
50 96 -23.9805 -
50 97 -31.5443 -
50 98 -41.5940 -
50 99 -48.3322 -
50 100 -57.1037 -
50 101 -60.0571 -
50 102 -65.0229 -
50 103 -67.1026 -
50 104 -71.7147 -
50 105 -73.4181 -
50 106 -77.5026 -
50 107 -78.7016 -
50 108 -82.0705 -
50 109 -82.8482 -
50 110 -85.7819 -
50 111 -86.1456 -
50 112 -88.5523 -
50 113 -88.4786 -
50 114 -90.3463 -
50 115 -89.9502 -
50 116 -91.3981 -
50 117 -90.4422 -
50 118 -91.3828 -
50 119 -90.0440 -
50 120 -90.6470 -
50 121 -89.1146 -
50 122 -89.5543 -
50 123 -87.8342 -
50 124 -87.9194 -
50 125 -85.9743 -
50 126 -85.7870 -
50 127 -83.6030 -
50 128 -83.1481 -
50 129 -80.7067 -
50 130 -79.9663 -
50 131 -77.4836 -
50 132 -76.2070 -
50 133 -70.8321 -
50 134 -66.4868 -
50 135 -60.5038 -
50 136 -56.1878 -
50 137 -49.9545 -
50 138 -45.4982 -
50 139 -39.2247 -
50 140 -34.5334 -
50 141 -27.5418 -
50 142 -22.0185 -
50 143 -14.8285 -
50 144 -9.1291 -
50 145 -1.6694 -
50 146 4.3392 -
50 147 12.2641 -
50 148 18.7317 -
50 149 26.6282 -
50 150 33.0131 -
50 151 40.5236 -
50 152 47.0925 -
50 153 55.1915 -
50 154 62.0057 -
50 155 70.3038 -
50 156 77.3142 -
50 157 85.8713 -
50 158 93.2150 -
50 159 102.0282 -
50 160 109.6148 -
50 161 118.5899 -
50 162 126.2960 -
50 163 135.1366 -
50 164 142.9124 -
50 165 152.2152 -
50 166 160.4403 -
50 167 169.7145 -
50 168 177.8181 -
50 169 187.0442 -
50 170 195.2248 -
50 171 204.6410 -
50 172 212.8161 -
50 173 222.0546 -
50 174 230.2437 -
50 175 239.4780 -
50 176 248.1309 -
51 95 8.1124 -
51 96 -0.8718 -
51 97 -11.9177 -
51 98 -20.1012 -
51 99 -30.4260 -
51 100 -37.8265 -
51 101 -46.7844 -
51 102 -51.1769 -
51 103 -56.6268 -
51 104 -59.1242 -
51 105 -63.9493 -
51 106 -66.1748 -
51 107 -70.5435 -
51 108 -72.2289 -
51 109 -76.1311 -
51 110 -77.4296 -
51 111 -80.7468 -
51 112 -81.5622 -
51 113 -84.2051 -
51 114 -84.5297 -
51 115 -86.7582 -
51 116 -86.8793 -
51 117 -88.6046 -
51 118 -88.2579 -
51 119 -89.3783 -
51 120 -88.6636 -
51 121 -89.4778 -
51 122 -88.5794 -
51 123 -89.0616 -
51 124 -87.8952 -
51 125 -88.0305 -
51 126 -86.5996 -
51 127 -86.4644 -
51 128 -84.7996 -
51 129 -84.3806 -
51 130 -82.4581 -
51 131 -81.8131 -
51 132 -79.8560 -
51 133 -78.5879 -
51 134 -73.9003 -
51 135 -69.7792 -
51 136 -64.3596 -
51 137 -60.1123 -
51 138 -54.4927 -
51 139 -50.1264 -
51 140 -44.3558 -
51 141 -39.7694 -
51 142 -33.4086 -
51 143 -28.1496 -
51 144 -21.5573 -
51 145 -15.9533 -
51 146 -9.0468 -
51 147 -3.1020 -
51 148 4.0101 -
51 149 9.6835 -
51 150 16.6627 -
51 151 22.7116 -
51 152 30.0716 -
51 153 36.5518 -
51 154 44.1543 -
51 155 50.8701 -
51 156 58.5676 -
51 157 65.4223 -
51 158 73.4892 -
51 159 80.7246 -
51 160 89.0540 -
51 161 96.5286 -
51 162 105.0315 -
51 163 112.6649 -
51 164 121.0884 -
51 165 128.7998 -
51 166 137.6798 -
51 167 145.8265 -
51 168 154.7411 -
51 169 162.7819 -
51 170 171.6293 -
51 171 179.6816 -
51 172 188.5666 -
51 173 196.6848 -
51 174 205.6101 -
51 175 213.8016 -
51 176 222.7685 -
51 177 231.3865 -
51 178 242.2046 -
51 179 252.6004 -
52 97 9.8835 -
52 98 -1.8248 -
52 99 -10.2019 -
52 100 -21.0224 -
52 101 -28.6490 -
52 102 -38.2705 -
52 103 -43.1182 -
52 104 -49.8305 -
52 105 -52.8117 -
52 106 -58.3597 -
52 107 -60.8248 -
52 108 -65.8998 -
52 109 -67.8485 -
52 110 -72.1609 -
52 111 -73.8079 -
52 112 -77.4865 -
52 113 -78.5291 -
52 114 -81.7160 -
52 115 -82.3848 -
52 116 -85.1954 -
52 117 -85.3089 -
52 118 -87.4938 -
52 119 -87.2888 -
52 120 -89.1632 -
52 121 -88.7081 -
52 122 -90.2443 -
52 123 -89.3781 -
52 124 -90.4208 -
52 125 -89.2139 -
52 126 -89.9822 -
52 127 -88.4953 -
52 128 -88.9304 -
52 129 -87.1768 -
52 130 -87.2499 -
52 131 -85.3152 -
52 132 -85.1636 -
52 133 -83.1848 -
52 134 -82.5192 -
52 135 -77.8933 -
52 136 -74.6549 -
52 137 -69.3128 -
52 138 -65.8536 -
52 139 -60.2632 -
52 140 -56.3880 -
52 141 -50.6918 -
52 142 -46.6296 -
52 143 -40.5349 -
52 144 -35.9348 -
52 145 -29.4802 -
52 146 -24.6058 -
52 147 -18.2748 -
52 148 -13.3929 -
52 149 -6.6111 -
52 150 -1.3066 -
52 151 5.6755 -
52 152 11.2073 -
52 153 18.5107 -
52 154 24.4447 -
52 155 31.9389 -
52 156 38.0065 -
52 157 45.6454 -
52 158 51.9989 -
52 159 60.0071 -
52 160 66.7226 -
52 161 74.9579 -
52 162 81.9293 -
52 163 90.3319 -
52 164 97.4328 -
52 165 105.8437 -
52 166 113.0930 -
52 167 121.9438 -
52 168 129.6788 -
52 169 138.6689 -
52 170 146.2839 -
52 171 155.0437 -
52 172 162.6730 -
52 173 171.6387 -
52 174 179.4020 -
52 175 188.3622 -
52 176 196.2480 -
52 177 205.3101 -
52 178 213.5959 -
52 179 224.2512 -
52 180 234.0232 -
52 181 244.9090 -
52 182 254.8310 -
52 183 266.0104 -
53 99 11.6261 -
53 100 2.6101 -
53 101 -8.4112 -
53 102 -16.5395 -
53 103 -26.3983 -
53 104 -31.8811 -
53 105 -39.0902 -
53 106 -43.3327 -
53 107 -49.2906 -
53 108 -52.4462 -
53 109 -57.7254 -
53 110 -60.3548 -
53 111 -64.9163 -
53 112 -67.0164 -
53 113 -71.0577 -
53 114 -72.7443 -
53 115 -76.2452 -
53 116 -77.5033 -
53 117 -80.4220 -
53 118 -81.2070 -
53 119 -83.6733 -
53 120 -84.0190 -
53 121 -86.1439 -
53 122 -86.2198 -
53 123 -87.8454 -
53 124 -87.5281 -
53 125 -88.7100 -
53 126 -88.0347 -
53 127 -88.8265 -
53 128 -87.9061 -
53 129 -88.2925 -
53 130 -87.1001 -
53 131 -87.2222 -
53 132 -85.8465 -
53 133 -85.6747 -
53 134 -84.0853 -
53 135 -83.4286 -
53 136 -79.4856 -
53 137 -76.3727 -
53 138 -71.7986 -
53 139 -68.4886 -
53 140 -63.5182 -
53 141 -59.8815 -
53 142 -54.7134 -
53 143 -50.7612 -
53 144 -45.2267 -
53 145 -40.8725 -
53 146 -35.2312 -
53 147 -30.7999 -
53 148 -24.9465 -
53 149 -20.1549 -
53 150 -13.9977 -
53 151 -8.8478 -
53 152 -2.4780 -
53 153 2.9180 -
53 154 9.6440 -
53 155 15.4376 -
53 156 22.3999 -
53 157 28.4553 -
53 158 35.5899 -
53 159 41.8196 -
53 160 49.2892 -
53 161 55.9061 -
53 162 63.6382 -
53 163 70.5014 -
53 164 78.3396 -
53 165 85.2536 -
53 166 93.1700 -
53 167 100.3441 -
53 168 108.7476 -
53 169 116.4370 -
53 170 125.0225 -
53 171 132.6924 -
53 172 141.0949 -
53 173 148.6466 -
53 174 157.2636 -
53 175 164.9751 -
53 176 173.5475 -
53 177 181.3777 -
53 178 190.1098 -
53 179 198.3355 -
53 180 208.5134 -
53 181 218.1046 -
53 182 228.5314 -
53 183 238.3142 -
53 184 249.0777 -
53 185 259.2272 -
53 186 270.2092 -
54 102 2.0653 -
54 103 -6.2843 -
54 104 -16.7722 -
54 105 -22.4975 -
54 106 -30.4555 -
54 107 -35.2740 -
54 108 -42.3309 -
54 109 -46.0255 -
54 110 -51.8947 -
54 111 -54.6855 -
54 112 -59.9416 -
54 113 -62.2557 -
54 114 -66.9416 -
54 115 -68.7837 -
54 116 -73.0396 -
54 117 -74.2784 -
54 118 -77.9097 -
54 119 -78.8409 -
54 120 -81.9404 -
54 121 -82.5203 -
54 122 -85.1166 -
54 123 -85.3036 -
54 124 -87.5049 -
54 125 -87.2740 -
54 126 -88.9961 -
54 127 -88.3517 -
54 128 -89.6864 -
54 129 -88.7232 -
54 130 -89.6864 -
54 131 -88.4714 -
54 132 -89.2240 -
54 133 -87.7977 -
54 134 -88.2640 -
54 135 -86.5396 -
54 136 -86.3711 -
54 137 -82.4815 -
54 138 -80.0495 -
54 139 -75.5837 -
54 140 -73.0045 -
54 141 -68.1757 -
54 142 -65.2073 -
54 143 -60.2210 -
54 144 -56.8666 -
54 145 -51.4979 -
54 146 -47.9099 -
54 147 -42.4092 -
54 148 -38.5499 -
54 149 -32.8171 -
54 150 -28.5712 -
54 151 -22.5335 -
54 152 -18.0115 -
54 153 -11.7567 -
54 154 -6.9930 -
54 155 -0.3865 -
54 156 4.7518 -
54 157 11.6247 -
54 158 17.1213 -
54 159 24.2638 -
54 160 30.0486 -
54 161 37.5053 -
54 162 43.6077 -
54 163 51.2969 -
54 164 57.5992 -
54 165 65.2566 -
54 166 71.6039 -
54 167 79.4651 -
54 168 86.1608 -
54 169 94.5378 -
54 170 101.7448 -
54 171 110.3136 -
54 172 117.5851 -
54 173 126.0608 -
54 174 133.2866 -
54 175 141.8876 -
54 176 149.2058 -
54 177 157.7412 -
54 178 165.1324 -
54 179 173.8452 -
54 180 181.5954 -
54 181 191.6806 -
54 182 200.8297 -
54 183 211.1634 -
54 184 220.4826 -
54 185 231.1188 -
54 186 240.8305 -
54 187 251.7327 -
54 188 261.7093 -
54 189 272.8681 -
55 104 6.8299 -
55 105 -3.9402 -
55 106 -10.1839 -
55 107 -18.4329 -
55 108 -23.9640 -
55 109 -31.6268 -
55 110 -36.3744 -
55 111 -42.9501 -
55 112 -46.3360 -
55 113 -51.8102 -
55 114 -54.6964 -
55 115 -59.6640 -
55 116 -62.1164 -
55 117 -66.5877 -
55 118 -68.5263 -
55 119 -72.3558 -
55 120 -73.9377 -
55 121 -77.1399 -
55 122 -78.2992 -
55 123 -81.0343 -
55 124 -81.8017 -
55 125 -84.0120 -
55 126 -84.3588 -
55 127 -86.1650 -
55 128 -86.0419 -
55 129 -87.4425 -
55 130 -87.0112 -
55 131 -87.9787 -
55 132 -87.3049 -
55 133 -87.9072 -
55 134 -86.9400 -
55 135 -87.4083 -
55 136 -86.3864 -
55 137 -86.2538 -
55 138 -82.9578 -
55 139 -80.7222 -
55 140 -76.9707 -
55 141 -74.5419 -
55 142 -70.4306 -
55 143 -67.6530 -
55 144 -63.2253 -
55 145 -59.9713 -
55 146 -55.4016 -
55 147 -51.9386 -
55 148 -47.1881 -
55 149 -43.4470 -
55 150 -38.3286 -
55 151 -34.2536 -
55 152 -28.8013 -
55 153 -24.4030 -
55 154 -18.7563 -
55 155 -14.1442 -
55 156 -8.1329 -
55 157 -3.1225 -
55 158 3.2037 -
55 159 8.6084 -
55 160 15.2916 -
55 161 21.0442 -
55 162 28.0242 -
55 163 34.0902 -
55 164 41.2328 -
55 165 47.4223 -
55 166 54.5548 -
55 167 60.7892 -
55 168 68.2025 -
55 169 74.8552 -
55 170 82.7763 -
55 171 89.9554 -
55 172 98.1192 -
55 173 105.3761 -
55 174 113.4901 -
55 175 120.8164 -
55 176 129.1457 -
55 177 136.3412 -
55 178 144.3848 -
55 179 151.6050 -
55 180 159.8288 -
55 181 167.4248 -
55 182 177.1530 -
55 183 186.2918 -
55 184 196.2500 -
55 185 205.4896 -
55 186 215.7209 -
55 187 225.3058 -
55 188 235.7688 -
55 189 245.5928 -
55 190 256.3755 -
55 191 266.4761 -
55 192 277.1967 -
56 107 0.2727 -
56 108 -8.5416 -
56 109 -14.4725 -
56 110 -22.9270 -
56 111 -28.3318 -
56 112 -35.8899 -
56 113 -39.8055 -
56 114 -45.8930 -
56 115 -49.0355 -
56 116 -54.5567 -
56 117 -57.5374 -
56 118 -62.3075 -
56 119 -64.5254 -
56 120 -68.8439 -
56 121 -70.6565 -
56 122 -74.5004 -
56 123 -75.7223 -
56 124 -79.0122 -
56 125 -79.7610 -
56 126 -82.5867 -
56 127 -82.9829 -
56 128 -85.3542 -
56 129 -85.2440 -
56 130 -87.2110 -
56 131 -86.7938 -
56 132 -88.3494 -
56 133 -87.6540 -
56 134 -88.8876 -
56 135 -87.8799 -
56 136 -88.9366 -
56 137 -87.7854 -
56 138 -88.1884 -
56 139 -85.0178 -
56 140 -83.4169 -
56 141 -79.7531 -
56 142 -78.0016 -
56 143 -74.0139 -
56 144 -71.8281 -
56 145 -67.5997 -
56 146 -64.9299 -
56 147 -60.4392 -
56 148 -57.6915 -
56 149 -53.0693 -
56 150 -50.1243 -
56 151 -45.1571 -
56 152 -41.6296 -
56 153 -36.3134 -
56 154 -32.5672 -
56 155 -27.0054 -
56 156 -22.9465 -
56 157 -17.0281 -
56 158 -12.6145 -
56 159 -6.3506 -
56 160 -1.4879 -
56 161 5.2091 -
56 162 10.5059 -
56 163 17.4439 -
56 164 22.9991 -
56 165 30.0800 -
56 166 35.7343 -
56 167 42.8329 -
56 168 48.5739 -
56 169 55.9578 -
56 170 62.1343 -
56 171 70.0184 -
56 172 76.7316 -
56 173 84.9209 -
56 174 91.7582 -
56 175 99.8729 -
56 176 106.7799 -
56 177 115.1730 -
56 178 122.0761 -
56 179 129.9936 -
56 180 136.6819 -
56 181 144.6639 -
56 182 151.8041 -
56 183 161.5463 -
56 184 170.3415 -
56 185 180.2718 -
56 186 189.1198 -
56 187 199.2589 -
56 188 208.3971 -
56 189 218.7378 -
56 190 228.1325 -
56 191 238.8428 -
56 192 248.5405 -
56 193 259.1235 -
56 194 268.6299 -
56 195 279.0121 -
56 196 288.3573 -
57 109 4.7410 -
57 110 -1.9084 -
57 111 -10.6514 -
57 112 -16.7792 -
57 113 -24.9188 -
57 114 -29.8973 -
57 115 -36.4253 -
57 116 -40.4947 -
57 117 -46.5908 -
57 118 -49.9660 -
57 119 -55.2464 -
57 120 -57.7625 -
57 121 -62.2930 -
57 122 -64.5638 -
57 123 -68.6540 -
57 124 -70.3174 -
57 125 -73.7909 -
57 126 -74.9868 -
57 127 -77.8869 -
57 128 -78.7139 -
57 129 -81.3101 -
57 130 -81.6596 -
57 131 -83.7291 -
57 132 -83.8269 -
57 133 -85.5009 -
57 134 -85.3274 -
57 135 -86.6161 -
57 136 -86.1625 -
57 137 -87.1584 -
57 138 -86.6539 -
57 139 -87.0549 -
57 140 -84.4553 -
57 141 -82.9525 -
57 142 -79.9607 -
57 143 -78.2275 -
57 144 -74.7754 -
57 145 -72.8088 -
57 146 -69.0232 -
57 147 -66.6343 -
57 148 -62.7090 -
57 149 -60.3374 -
57 150 -56.2994 -
57 151 -53.7007 -
57 152 -49.2140 -
57 153 -45.9516 -
57 154 -41.1824 -
57 155 -37.6142 -
57 156 -32.5943 -
57 157 -28.5907 -
57 158 -23.1926 -
57 159 -18.8330 -
57 160 -13.0796 -
57 161 -8.2576 -
57 162 -2.0041 -
57 163 3.3011 -
57 164 9.7884 -
57 165 15.2496 -
57 166 21.8095 -
57 167 27.3950 -
57 168 34.0239 -
57 169 39.7037 -
57 170 46.5868 -
57 171 52.6761 -
57 172 60.0381 -
57 173 66.6343 -
57 174 74.2501 -
57 175 80.9346 -
57 176 88.5999 -
57 177 95.4720 -
57 178 103.3402 -
57 179 110.2670 -
57 180 117.8368 -
57 181 124.3587 -
57 182 131.7875 -
57 183 138.7498 -
57 184 148.1511 -
57 185 157.0021 -
57 186 166.6396 -
57 187 175.3561 -
57 188 185.0849 -
57 189 194.1267 -
57 190 204.0992 -
57 191 213.4380 -
57 192 223.7704 -
57 193 233.2823 -
57 194 243.4654 -
57 195 252.9087 -
57 196 262.7372 -
57 197 271.9550 -
57 198 282.0063 -
57 199 291.3971 -
58 111 8.8813 -
58 112 -0.5407 -
58 113 -6.9753 -
58 114 -15.7617 -
58 115 -21.3020 -
58 116 -29.4024 -
58 117 -33.5455 -
58 118 -40.3526 -
58 119 -44.1228 -
58 120 -50.1133 -
58 121 -52.7714 -
58 122 -57.9953 -
58 123 -60.3657 -
58 124 -64.9766 -
58 125 -66.7739 -
58 126 -70.7096 -
58 127 -71.9986 -
58 128 -75.3623 -
58 129 -76.2904 -
58 130 -79.2596 -
58 131 -79.7436 -
58 132 -82.3237 -
58 133 -82.4692 -
58 134 -84.7267 -
58 135 -84.5859 -
58 136 -86.3736 -
58 137 -85.8873 -
58 138 -87.4927 -
58 139 -86.8792 -
58 140 -87.9069 -
58 141 -85.3874 -
58 142 -84.5100 -
58 143 -81.4648 -
58 144 -80.3918 -
58 145 -76.9830 -
58 146 -75.5396 -
58 147 -72.0357 -
58 148 -70.3547 -
58 149 -66.7050 -
58 150 -64.9660 -
58 151 -61.2783 -
58 152 -59.1765 -
58 153 -54.8793 -
58 154 -52.2258 -
58 155 -47.5870 -
58 156 -44.4596 -
58 157 -39.5306 -
58 158 -36.0560 -
58 159 -30.6956 -
58 160 -26.8862 -
58 161 -21.1633 -
58 162 -16.8572 -
58 163 -10.5572 -
58 164 -5.6780 -
58 165 0.8139 -
58 166 5.8144 -
58 167 12.3646 -
58 168 17.4773 -
58 169 24.1428 -
58 170 29.2923 -
58 171 36.1450 -
58 172 41.7207 -
58 173 48.9516 -
58 174 54.9235 -
58 175 62.4476 -
58 176 68.6133 -
58 177 76.2038 -
58 178 82.5322 -
58 179 90.4476 -
58 180 96.9845 -
58 181 104.5635 -
58 182 110.5309 -
58 183 117.7939 -
58 184 124.2429 -
58 185 133.6514 -
58 186 142.1416 -
58 187 151.8092 -
58 188 160.1901 -
58 189 169.8465 -
58 190 178.4707 -
58 191 188.4218 -
58 192 197.3556 -
58 193 207.5747 -
58 194 216.5621 -
58 195 226.7767 -
58 196 235.3856 -
58 197 245.1696 -
58 198 253.9704 -
58 199 263.8687 -
58 200 272.7688 -
58 201 282.8037 -
58 202 291.9733 -
59 114 5.5241 -
59 115 -3.4509 -
59 116 -9.9356 -
59 117 -18.3322 -
59 118 -24.1076 -
59 119 -31.2240 -
59 120 -35.6352 -
59 121 -41.7392 -
59 122 -45.0900 -
59 123 -50.5035 -
59 124 -53.4859 -
59 125 -58.2333 -
59 126 -60.5321 -
59 127 -64.6370 -
59 128 -66.4013 -
59 129 -69.8476 -
59 130 -71.2543 -
59 131 -74.3613 -
59 132 -75.2825 -
59 133 -77.9121 -
59 134 -78.5629 -
59 135 -80.9432 -
59 136 -81.3398 -
59 137 -83.2013 -
59 138 -83.2218 -
59 139 -84.8688 -
59 140 -84.8214 -
59 141 -85.9431 -
59 142 -83.9313 -
59 143 -83.1281 -
59 144 -80.7452 -
59 145 -79.7340 -
59 146 -76.7875 -
59 147 -75.4559 -
59 148 -72.5605 -
59 149 -71.0525 -
59 150 -68.2240 -
59 151 -66.7435 -
59 152 -63.5908 -
59 153 -61.6238 -
59 154 -58.0237 -
59 155 -55.4686 -
59 156 -51.4472 -
59 157 -48.4614 -
59 158 -44.0048 -
59 159 -40.6319 -
59 160 -35.8547 -
59 161 -32.1430 -
59 162 -26.9369 -
59 163 -22.6552 -
59 164 -16.8413 -
59 165 -11.9907 -
59 166 -5.9677 -
59 167 -1.0105 -
59 168 5.1268 -
59 169 10.2884 -
59 170 16.5364 -
59 171 21.6957 -
59 172 28.0770 -
59 173 33.5611 -
59 174 40.2025 -
59 175 46.0731 -
59 176 53.1097 -
59 177 59.2330 -
59 178 66.3291 -
59 179 72.5707 -
59 180 80.0641 -
59 181 86.5458 -
59 182 93.4861 -
59 183 99.4667 -
59 184 106.4073 -
59 185 112.8610 -
59 186 121.7728 -
59 187 130.1300 -
59 188 139.3186 -
59 189 147.7248 -
59 190 157.0125 -
59 191 165.6136 -
59 192 175.1720 -
59 193 184.0637 -
59 194 193.7600 -
59 195 202.7814 -
59 196 212.1642 -
59 197 220.5891 -
59 198 229.9674 -
59 199 238.6595 -
59 200 248.1351 -
59 201 256.8979 -
59 202 266.5234 -
59 203 275.6087 -
59 204 285.7148 -
59 205 295.2549 -
59 206 305.4494 -
60 116 6.3717 -
60 117 -0.5268 -
60 118 -9.6207 -
60 119 -15.7295 -
60 120 -24.3601 -
60 121 -28.9756 -
60 122 -35.6005 -
60 123 -39.1609 -
60 124 -45.1708 -
60 125 -48.2817 -
60 126 -53.5471 -
60 127 -55.9730 -
60 128 -60.5332 -
60 129 -62.4312 -
60 130 -66.4990 -
60 131 -67.8150 -
60 132 -71.3724 -
60 133 -72.3844 -
60 134 -75.5341 -
60 135 -76.1976 -
60 136 -79.0704 -
60 137 -79.5767 -
60 138 -81.9296 -
60 139 -82.0738 -
60 140 -84.2749 -
60 141 -84.2629 -
60 142 -85.8920 -
60 143 -84.0025 -
60 144 -83.7710 -
60 145 -81.3992 -
60 146 -80.9269 -
60 147 -78.0674 -
60 148 -77.2472 -
60 149 -74.4739 -
60 150 -73.6973 -
60 151 -71.0714 -
60 152 -70.2834 -
60 153 -67.3280 -
60 154 -65.9543 -
60 155 -62.3730 -
60 156 -60.6294 -
60 157 -56.5187 -
60 158 -54.1133 -
60 159 -49.7361 -
60 160 -46.9234 -
60 161 -42.2252 -
60 162 -39.0625 -
60 163 -33.8774 -
60 164 -30.1030 -
60 165 -24.2782 -
60 166 -19.9222 -
60 167 -13.9199 -
60 168 -9.4561 -
60 169 -3.2934 -
60 170 1.3996 -
60 171 7.6998 -
60 172 12.4543 -
60 173 18.8386 -
60 174 23.7726 -
60 175 30.3457 -
60 176 35.6702 -
60 177 42.6592 -
60 178 48.2958 -
60 179 55.3956 -
60 180 61.2023 -
60 181 68.6706 -
60 182 74.4738 -
60 183 81.3517 -
60 184 86.9457 -
60 185 93.9754 -
60 186 100.0484 -
60 187 108.8799 -
60 188 116.7024 -
60 189 125.7934 -
60 190 133.7096 -
60 191 143.0139 -
60 192 151.2202 -
60 193 160.7384 -
60 194 169.1677 -
60 195 178.9009 -
60 196 187.4794 -
60 197 196.5452 -
60 198 204.5301 -
60 199 213.8413 -
60 200 222.1115 -
60 201 231.4730 -
60 202 239.7690 -
60 203 249.3293 -
60 204 258.0085 -
60 205 268.0554 -
60 206 277.1846 -
60 207 287.2996 -
60 208 296.5267 -
60 209 307.0198 -
61 119 2.4304 -
61 120 -4.3640 -
61 121 -13.1990 -
61 122 -18.8617 -
61 123 -25.8623 -
61 124 -30.0603 -
61 125 -36.3730 -
61 126 -40.0091 -
61 127 -45.4653 -
61 128 -48.4029 -
61 129 -53.2188 -
61 130 -55.6074 -
61 131 -59.7904 -
61 132 -61.6956 -
61 133 -65.4188 -
61 134 -66.8241 -
61 135 -70.0844 -
61 136 -71.2802 -
61 137 -74.1687 -
61 138 -75.0619 -
61 139 -77.6204 -
61 140 -78.2337 -
61 141 -80.5785 -
61 142 -81.1355 -
61 143 -82.9409 -
61 144 -81.4634 -
61 145 -81.3625 -
61 146 -79.5847 -
61 147 -79.1474 -
61 148 -76.7878 -
61 149 -76.0919 -
61 150 -73.8342 -
61 151 -73.2760 -
61 152 -71.2303 -
61 153 -70.5586 -
61 154 -68.1500 -
61 155 -66.9103 -
61 156 -63.9015 -
61 157 -62.2214 -
61 158 -58.7767 -
61 159 -56.4946 -
61 160 -52.6627 -
61 161 -49.9603 -
61 162 -45.8622 -
61 163 -42.7959 -
61 164 -38.1499 -
61 165 -34.4582 -
61 166 -29.1535 -
61 167 -24.8628 -
61 168 -19.4228 -
61 169 -15.0216 -
61 170 -9.3330 -
61 171 -4.6739 -
61 172 1.1308 -
61 173 5.9061 -
61 174 11.8288 -
61 175 16.8517 -
61 176 23.0202 -
61 177 28.2750 -
61 178 34.8307 -
61 179 40.4292 -
61 180 47.1142 -
61 181 52.9178 -
61 182 59.6709 -
61 183 65.2299 -
61 184 71.6501 -
61 185 77.1878 -
61 186 83.7831 -
61 187 89.8136 -
61 188 98.1960 -
61 189 105.9666 -
61 190 114.6398 -
61 191 122.4890 -
61 192 131.3620 -
61 193 139.4945 -
61 194 148.5634 -
61 195 156.9083 -
61 196 166.2674 -
61 197 174.6702 -
61 198 183.2684 -
61 199 191.1802 -
61 200 200.0642 -
61 201 208.2439 -
61 202 217.1924 -
61 203 225.4291 -
61 204 234.6192 -
61 205 243.2339 -
61 206 252.8973 -
61 207 261.9159 -
61 208 271.5982 -
61 209 280.7553 -
61 210 290.8188 -
61 211 300.2986 -
61 212 310.5308 -
62 121 5.5642 -
62 122 -3.8639 -
62 123 -9.9103 -
62 124 -18.0262 -
62 125 -22.7180 -
62 126 -29.6231 -
62 127 -33.4040 -
62 128 -39.3956 -
62 129 -42.4918 -
62 130 -47.8071 -
62 131 -50.4201 -
62 132 -55.1476 -
62 133 -57.1779 -
62 134 -61.2831 -
62 135 -62.8342 -
62 136 -66.6251 -
62 137 -67.9649 -
62 138 -71.2997 -
62 139 -72.2761 -
62 140 -75.2949 -
62 141 -75.9462 -
62 142 -78.8497 -
62 143 -79.4512 -
62 144 -81.9189 -
62 145 -80.5470 -
62 146 -80.8660 -
62 147 -79.1356 -
62 148 -79.2132 -
62 149 -77.0218 -
62 150 -76.9009 -
62 151 -74.6432 -
62 152 -74.5928 -
62 153 -72.6962 -
62 154 -72.6400 -
62 155 -70.2713 -
62 156 -69.6290 -
62 157 -66.7631 -
62 158 -65.6010 -
62 159 -62.3022 -
62 160 -60.5230 -
62 161 -56.8211 -
62 162 -54.7365 -
62 163 -50.6978 -
62 164 -48.1625 -
62 165 -43.5466 -
62 166 -40.4250 -
62 167 -35.1949 -
62 168 -31.4761 -
62 169 -26.0704 -
62 170 -22.1967 -
62 171 -16.5340 -
62 172 -12.4070 -
62 173 -6.6081 -
62 174 -2.3338 -
62 175 3.6004 -
62 176 8.1470 -
62 177 14.4189 -
62 178 19.2596 -
62 179 25.8233 -
62 180 30.9911 -
62 181 37.6152 -
62 182 42.5455 -
62 183 49.2170 -
62 184 54.5302 -
62 185 60.9304 -
62 186 65.9695 -
62 187 72.5300 -
62 188 78.0645 -
62 189 86.4552 -
62 190 93.8007 -
62 191 102.4615 -
62 192 109.8899 -
62 193 118.7275 -
62 194 126.3860 -
62 195 135.4019 -
62 196 143.3014 -
62 197 152.6194 -
62 198 160.4856 -
62 199 169.0583 -
62 200 176.5306 -
62 201 185.3655 -
62 202 193.1332 -
62 203 201.9949 -
62 204 209.7933 -
62 205 218.9611 -
62 206 227.1717 -
62 207 236.7579 -
62 208 245.3675 -
62 209 255.0883 -
62 210 263.7277 -
62 211 273.6553 -
62 212 282.7308 -
62 213 292.8928 -
62 214 302.1357 -
62 215 312.3580 -
62 216 321.6522 -
63 123 8.5623 -
63 124 1.9385 -
63 125 -6.5826 -
63 126 -12.2853 -
63 127 -19.5416 -
63 128 -23.9253 -
63 129 -30.1848 -
63 130 -33.8458 -
63 131 -39.3819 -
63 132 -42.4878 -
63 133 -47.4315 -
63 134 -49.9411 -
63 135 -54.2516 -
63 136 -56.2791 -
63 137 -60.1468 -
63 138 -61.9283 -
63 139 -65.5291 -
63 140 -66.9885 -
63 141 -70.0632 -
63 142 -71.3413 -
63 143 -74.3224 -
63 144 -75.5261 -
63 145 -78.1226 -
63 146 -77.1572 -
63 147 -77.6598 -
63 148 -76.2495 -
63 149 -76.5581 -
63 150 -74.9114 -
63 151 -74.7770 -
63 152 -73.1001 -
63 153 -73.1514 -
63 154 -71.7626 -
63 155 -71.6612 -
63 156 -69.9010 -
63 157 -69.3054 -
63 158 -66.9664 -
63 159 -65.9612 -
63 160 -63.1913 -
63 161 -61.6684 -
63 162 -58.4728 -
63 163 -56.5374 -
63 164 -52.9854 -
63 165 -50.6245 -
63 166 -46.5272 -
63 167 -43.5311 -
63 168 -38.8833 -
63 169 -35.3125 -
63 170 -30.4550 -
63 171 -26.6773 -
63 172 -21.5554 -
63 173 -17.4434 -
63 174 -12.0831 -
63 175 -7.7829 -
63 176 -2.3289 -
63 177 2.1774 -
63 178 7.9331 -
63 179 12.7797 -
63 180 18.9347 -
63 181 24.1133 -
63 182 29.9882 -
63 183 34.8678 -
63 184 41.0676 -
63 185 46.2420 -
63 186 52.4202 -
63 187 57.4154 -
63 188 63.4478 -
63 189 68.9315 -
63 190 76.9234 -
63 191 84.3008 -
63 192 92.5781 -
63 193 100.0146 -
63 194 108.4685 -
63 195 116.1068 -
63 196 124.6976 -
63 197 132.5320 -
63 198 141.3738 -
63 199 149.0389 -
63 200 157.1615 -
63 201 164.5607 -
63 202 172.9822 -
63 203 180.6519 -
63 204 189.1058 -
63 205 196.8284 -
63 206 205.5810 -
63 207 213.7121 -
63 208 222.8989 -
63 209 231.5738 -
63 210 240.6929 -
63 211 249.2063 -
63 212 258.7623 -
63 213 267.7303 -
63 214 277.5063 -
63 215 286.6444 -
63 216 296.4914 -
63 217 305.7338 -
63 218 315.8314 -
63 219 325.2402 -
64 126 2.8974 -
64 127 -3.1846 -
64 128 -11.3620 -
64 129 -16.0813 -
64 130 -22.9570 -
64 131 -26.8886 -
64 132 -33.0124 -
64 133 -36.2993 -
64 134 -41.7843 -
64 135 -44.4057 -
64 136 -49.2136 -
64 137 -51.2714 -
64 138 -55.5571 -
64 139 -57.4711 -
64 140 -61.5785 -
64 141 -63.1264 -
64 142 -66.7758 -
64 143 -68.2381 -
64 144 -71.6899 -
64 145 -72.9334 -
64 146 -76.1524 -
64 147 -75.3458 -
64 148 -76.2540 -
64 149 -74.8968 -
64 150 -75.6089 -
64 151 -74.1048 -
64 152 -74.5369 -
64 153 -72.9779 -
64 154 -73.5325 -
64 155 -72.1649 -
64 156 -72.6402 -
64 157 -70.8772 -
64 158 -70.8961 -
64 159 -68.6102 -
64 160 -68.2162 -
64 161 -65.5302 -
64 162 -64.5887 -
64 163 -61.4484 -
64 164 -60.1116 -
64 165 -56.5247 -
64 166 -54.7251 -
64 167 -50.7577 -
64 168 -48.3557 -
64 169 -43.8285 -
64 170 -40.8860 -
64 171 -36.1106 -
64 172 -32.8799 -
64 173 -27.7658 -
64 174 -24.1543 -
64 175 -18.7635 -
64 176 -14.8817 -
64 177 -9.4298 -
64 178 -5.4604 -
64 179 0.2655 -
64 180 4.6394 -
64 181 10.8372 -
64 182 15.5818 -
64 183 21.2793 -
64 184 25.6704 -
64 185 31.8652 -
64 186 36.5608 -
64 187 42.7301 -
64 188 47.3539 -
64 189 53.3081 -
64 190 58.2977 -
64 191 66.3001 -
64 192 73.2790 -
64 193 81.6062 -
64 194 88.6369 -
64 195 97.1000 -
64 196 104.3343 -
64 197 112.9164 -
64 198 120.3119 -
64 199 129.0738 -
64 200 136.1604 -
64 201 144.2467 -
64 202 151.2225 -
64 203 159.5707 -
64 204 166.7828 -
64 205 175.1875 -
64 206 182.4821 -
64 207 191.2044 -
64 208 198.9263 -
64 209 208.2435 -
64 210 216.2253 -
64 211 225.3024 -
64 212 233.4031 -
64 213 242.8963 -
64 214 251.4570 -
64 215 261.1674 -
64 216 269.8967 -
64 217 279.7023 -
64 218 288.5620 -
64 219 298.5896 -
64 220 307.5952 -
64 221 317.6867 -
64 222 326.8733 -
65 128 9.1021 -
65 129 0.6109 -
65 130 -5.0885 -
65 131 -12.4661 -
65 132 -17.0373 -
65 133 -23.4530 -
65 134 -27.2971 -
65 135 -32.9888 -
65 136 -36.1423 -
65 137 -41.1165 -
65 138 -43.6853 -
65 139 -48.1587 -
65 140 -50.5461 -
65 141 -54.7137 -
65 142 -56.8172 -
65 143 -60.5139 -
65 144 -62.4854 -
65 145 -66.2242 -
65 146 -67.6789 -
65 147 -70.9147 -
65 148 -70.6228 -
65 149 -71.7565 -
65 150 -70.9924 -
65 151 -71.8446 -
65 152 -70.8962 -
65 153 -71.4077 -
65 154 -70.3986 -
65 155 -71.0732 -
65 156 -70.1639 -
65 157 -70.6008 -
65 158 -69.3830 -
65 159 -69.3828 -
65 160 -67.7295 -
65 161 -67.3326 -
65 162 -65.3469 -
65 163 -64.4502 -
65 164 -61.9162 -
65 165 -60.4875 -
65 166 -57.6730 -
65 167 -55.8511 -
65 168 -52.5274 -
65 169 -50.2982 -
65 170 -46.4117 -
65 171 -43.6021 -
65 172 -39.3803 -
65 173 -36.2290 -
65 174 -31.6316 -
65 175 -28.0700 -
65 176 -23.1700 -
65 177 -19.3299 -
65 178 -14.3215 -
65 179 -10.3964 -
65 180 -5.1658 -
65 181 -0.8532 -
65 182 4.9097 -
65 183 9.5591 -
65 184 14.7051 -
65 185 19.0404 -
65 186 24.8577 -
65 187 29.6115 -
65 188 35.3874 -
65 189 40.2247 -
65 190 45.8741 -
65 191 50.8899 -
65 192 58.3600 -
65 193 65.2107 -
65 194 73.1023 -
65 195 80.0662 -
65 196 88.0403 -
65 197 95.2150 -
65 198 103.4111 -
65 199 110.7620 -
65 200 118.8428 -
65 201 125.8364 -
65 202 133.5839 -
65 203 140.5512 -
65 204 148.4506 -
65 205 155.5801 -
65 206 163.5648 -
65 207 170.8122 -
65 208 179.1226 -
65 209 187.0302 -
65 210 195.6331 -
65 211 203.5176 -
65 212 212.1793 -
65 213 220.2120 -
65 214 229.3119 -
65 215 237.7871 -
65 216 247.0859 -
65 217 255.7235 -
65 218 265.1577 -
65 219 273.9604 -
65 220 283.5894 -
65 221 292.5321 -
65 222 302.2422 -
65 223 311.3269 -
65 224 321.3880 -
65 225 330.8830 -
66 131 4.4325 -
66 132 -3.9795 -
66 133 -8.9091 -
66 134 -15.9246 -
66 135 -19.9727 -
66 136 -26.2255 -
66 137 -29.5554 -
66 138 -35.0655 -
66 139 -37.7762 -
66 140 -42.7827 -
66 141 -45.2482 -
66 142 -49.9025 -
66 143 -52.1031 -
66 144 -56.1985 -
66 145 -58.3197 -
66 146 -62.4510 -
66 147 -64.0512 -
66 148 -67.7186 -
66 149 -67.5793 -
66 150 -69.2548 -
66 151 -68.4760 -
66 152 -69.8946 -
66 153 -69.1300 -
66 154 -70.2089 -
66 155 -69.2554 -
66 156 -70.3878 -
66 157 -69.5158 -
66 158 -70.4397 -
66 159 -69.2320 -
66 160 -69.8105 -
66 161 -68.1636 -
66 162 -68.4261 -
66 163 -66.4444 -
66 164 -66.2068 -
66 165 -63.7414 -
66 166 -62.9344 -
66 167 -59.9982 -
66 168 -58.8489 -
66 169 -55.6075 -
66 170 -53.9695 -
66 171 -50.1257 -
66 172 -47.9723 -
66 173 -43.8008 -
66 174 -41.1996 -
66 175 -36.6501 -
66 176 -33.6238 -
66 177 -28.7471 -
66 178 -25.4110 -
66 179 -20.3785 -
66 180 -16.9165 -
66 181 -11.7104 -
66 182 -7.9000 -
66 183 -2.1380 -
66 184 1.8662 -
66 185 6.9819 -
66 186 10.8212 -
66 187 16.6861 -
66 188 21.0589 -
66 189 26.9203 -
66 190 31.2939 -
66 191 37.2284 -
66 192 41.8836 -
66 193 49.2672 -
66 194 55.5212 -
66 195 63.3270 -
66 196 69.8645 -
66 197 77.7991 -
66 198 84.5193 -
66 199 92.6920 -
66 200 99.4302 -
66 201 107.4390 -
66 202 114.0069 -
66 203 121.7883 -
66 204 128.3617 -
66 205 136.3174 -
66 206 143.0354 -
66 207 151.0124 -
66 208 157.8414 -
66 209 166.3779 -
66 210 173.5858 -
66 211 182.1367 -
66 212 189.5490 -
66 213 198.1491 -
66 214 205.7701 -
66 215 214.8072 -
66 216 222.8746 -
66 217 232.0823 -
66 218 240.3207 -
66 219 249.7231 -
66 220 258.1438 -
66 221 267.6783 -
66 222 276.2379 -
66 223 285.8594 -
66 224 294.5806 -
66 225 304.5570 -
66 226 313.6585 -
66 227 323.8546 -
66 228 333.1559 -
66 229 343.6207 -
67 133 8.0229 -
67 134 2.1968 -
67 135 -5.2152 -
67 136 -9.8337 -
67 137 -16.3333 -
67 138 -20.1872 -
67 139 -25.8769 -
67 140 -29.0990 -
67 141 -34.3117 -
67 142 -37.3270 -
67 143 -42.2287 -
67 144 -44.7491 -
67 145 -49.0247 -
67 146 -51.6845 -
67 147 -55.9543 -
67 148 -58.0530 -
67 149 -61.7228 -
67 150 -62.0482 -
67 151 -63.9402 -
67 152 -63.6781 -
67 153 -65.1320 -
67 154 -64.8462 -
67 155 -66.1493 -
67 156 -65.6675 -
67 157 -66.7766 -
67 158 -66.3186 -
67 159 -67.2382 -
67 160 -66.5032 -
67 161 -67.0812 -
67 162 -65.9895 -
67 163 -66.2002 -
67 164 -64.8721 -
67 165 -64.7290 -
67 166 -62.8055 -
67 167 -62.1791 -
67 168 -59.7748 -
67 169 -58.7487 -
67 170 -55.9852 -
67 171 -54.5122 -
67 172 -51.2856 -
67 173 -49.2677 -
67 174 -45.6958 -
67 175 -43.2010 -
67 176 -39.1863 -
67 177 -36.2541 -
67 178 -31.9031 -
67 179 -28.6239 -
67 180 -24.0827 -
67 181 -20.6332 -
67 182 -15.9086 -
67 183 -12.1348 -
67 184 -6.8282 -
67 185 -2.9896 -
67 186 1.6323 -
67 187 5.4234 -
67 188 10.8391 -
67 189 15.2096 -
67 190 20.6733 -
67 191 25.0533 -
67 192 30.6363 -
67 193 35.3816 -
67 194 42.2375 -
67 195 48.3925 -
67 196 55.7412 -
67 197 62.1808 -
67 198 69.6841 -
67 199 76.3571 -
67 200 83.9662 -
67 201 90.6974 -
67 202 98.2717 -
67 203 104.8551 -
67 204 112.2290 -
67 205 118.7882 -
67 206 126.3392 -
67 207 133.1201 -
67 208 140.7972 -
67 209 147.8302 -
67 210 155.6955 -
67 211 162.8375 -
67 212 170.9385 -
67 213 178.2697 -
67 214 186.4504 -
67 215 194.0038 -
67 216 202.6204 -
67 217 210.5864 -
67 218 219.3808 -
67 219 227.5156 -
67 220 236.5325 -
67 221 244.8701 -
67 222 254.0049 -
67 223 262.4518 -
67 224 271.6726 -
67 225 280.3035 -
67 226 289.8792 -
67 227 298.8961 -
67 228 308.7749 -
67 229 318.0451 -
67 230 328.1619 -
67 231 337.6458 -
67 232 347.9079 -
68 136 3.5516 -
68 137 -1.4016 -
68 138 -8.4945 -
68 139 -12.5375 -
68 140 -18.7321 -
68 141 -22.0836 -
68 142 -27.8382 -
68 143 -30.9915 -
68 144 -36.3718 -
68 145 -38.9696 -
68 146 -43.9852 -
68 147 -46.6487 -
68 148 -51.3881 -
68 149 -53.5529 -
68 150 -57.6975 -
68 151 -58.1594 -
68 152 -60.3923 -
68 153 -60.3723 -
68 154 -62.3109 -
68 155 -62.0848 -
68 156 -63.9390 -
68 157 -63.4486 -
68 158 -65.0299 -
68 159 -64.5752 -
68 160 -65.9471 -
68 161 -65.2050 -
68 162 -66.3435 -
68 163 -65.2165 -
68 164 -65.9926 -
68 165 -64.6176 -
68 166 -65.0979 -
68 167 -63.2947 -
68 168 -63.2538 -
68 169 -60.9201 -
68 170 -60.4786 -
68 171 -57.7866 -
68 172 -56.8589 -
68 173 -53.6896 -
68 174 -52.3043 -
68 175 -48.6969 -
68 176 -46.8380 -
68 177 -42.8747 -
68 178 -40.5219 -
68 179 -36.2200 -
68 180 -33.4896 -
68 181 -28.9409 -
68 182 -25.9631 -
68 183 -21.2468 -
68 184 -17.9759 -
68 185 -12.6658 -
68 186 -9.4367 -
68 187 -4.8460 -
68 188 -1.5579 -
68 189 3.8641 -
68 190 7.7768 -
68 191 13.2320 -
68 192 17.2347 -
68 193 22.9049 -
68 194 27.2875 -
68 195 34.1031 -
68 196 39.7675 -
68 197 47.0838 -
68 198 52.9824 -
68 199 60.4651 -
68 200 66.6714 -
68 201 74.2259 -
68 202 80.4788 -
68 203 88.0388 -
68 204 94.1885 -
68 205 101.6370 -
68 206 107.7833 -
68 207 115.3171 -
68 208 121.6789 -
68 209 129.5858 -
68 210 136.1042 -
68 211 144.0272 -
68 212 150.7250 -
68 213 158.7481 -
68 214 165.5967 -
68 215 173.7494 -
68 216 180.8557 -
68 217 189.4188 -
68 218 196.9524 -
68 219 205.7090 -
68 220 213.4178 -
68 221 222.3382 -
68 222 230.2559 -
68 223 239.3447 -
68 224 247.3940 -
68 225 256.5495 -
68 226 264.7745 -
68 227 274.2620 -
68 228 282.8631 -
68 229 292.6698 -
68 230 301.5464 -
68 231 311.7011 -
68 232 320.8725 -
68 233 331.0823 -
68 234 340.4290 -
68 235 350.8268 -
69 138 9.7882 -
69 139 2.3431 -
69 140 -2.2447 -
69 141 -8.6265 -
69 142 -12.4785 -
69 143 -18.4364 -
69 144 -22.1601 -
69 145 -27.6575 -
69 146 -30.7975 -
69 147 -35.9417 -
69 148 -39.0897 -
69 149 -44.2061 -
69 150 -46.7643 -
69 151 -50.8999 -
69 152 -51.8644 -
69 153 -54.2158 -
69 154 -54.6054 -
69 155 -56.8092 -
69 156 -56.9487 -
69 157 -58.9147 -
69 158 -58.9818 -
69 159 -60.5682 -
69 160 -60.4804 -
69 161 -61.8678 -
69 162 -61.5792 -
69 163 -62.6415 -
69 164 -62.0373 -
69 165 -62.7910 -
69 166 -61.9429 -
69 167 -62.4078 -
69 168 -61.1774 -
69 169 -61.1615 -
69 170 -59.5151 -
69 171 -59.0770 -
69 172 -57.0411 -
69 173 -56.1639 -
69 174 -53.5659 -
69 175 -52.2016 -
69 176 -49.2366 -
69 177 -47.5130 -
69 178 -44.1488 -
69 179 -41.8999 -
69 180 -38.2069 -
69 181 -35.5028 -
69 182 -31.4818 -
69 183 -28.4684 -
69 184 -24.2781 -
69 185 -21.0688 -
69 186 -16.2421 -
69 187 -13.0638 -
69 188 -8.9657 -
69 189 -5.7214 -
69 190 -0.7548 -
69 191 3.1488 -
69 192 8.0740 -
69 193 12.0320 -
69 194 17.3250 -
69 195 21.7170 -
69 196 28.1004 -
69 197 33.7308 -
69 198 40.4809 -
69 199 46.3103 -
69 200 53.3572 -
69 201 59.5459 -
69 202 66.7008 -
69 203 72.9246 -
69 204 80.1521 -
69 205 86.2866 -
69 206 93.2474 -
69 207 99.3473 -
69 208 106.4467 -
69 209 112.9265 -
69 210 120.2201 -
69 211 126.7083 -
69 212 134.2944 -
69 213 141.1356 -
69 214 148.7644 -
69 215 155.5750 -
69 216 163.2756 -
69 217 170.2952 -
69 218 178.4285 -
69 219 185.8981 -
69 220 194.2534 -
69 221 201.8704 -
69 222 210.4087 -
69 223 218.2596 -
69 224 226.9518 -
69 225 234.9374 -
69 226 243.6936 -
69 227 251.8244 -
69 228 260.9006 -
69 229 269.3796 -
69 230 278.8069 -
69 231 287.6245 -
69 232 297.3582 -
69 233 306.4942 -
69 234 316.4094 -
69 235 325.7255 -
69 236 335.7925 -
69 237 345.1409 -
69 238 355.0068 -
69 239 363.8773 -
70 141 6.3876 -
70 142 -0.5166 -
70 143 -4.5865 -
70 144 -11.0687 -
70 145 -14.9270 -
70 146 -20.9309 -
70 147 -24.0824 -
70 148 -29.9080 -
70 149 -33.3369 -
70 150 -38.7263 -
70 151 -41.3724 -
70 152 -46.0687 -
70 153 -47.0309 -
70 154 -49.8484 -
70 155 -50.4081 -
70 156 -52.9700 -
70 157 -53.2916 -
70 158 -55.7376 -
70 159 -55.9093 -
70 160 -57.9372 -
70 161 -57.9064 -
70 162 -59.7224 -
70 163 -59.3906 -
70 164 -60.9440 -
70 165 -60.3726 -
70 166 -61.6020 -
70 167 -60.7245 -
70 168 -61.7181 -
70 169 -60.4775 -
70 170 -61.0570 -
70 171 -59.3863 -
70 172 -59.6084 -
70 173 -57.5477 -
70 174 -57.3089 -
70 175 -54.7077 -
70 176 -53.9216 -
70 177 -51.0370 -
70 178 -49.9010 -
70 179 -46.6305 -
70 180 -45.0341 -
70 181 -41.2559 -
70 182 -39.1541 -
70 183 -35.0374 -
70 184 -32.6737 -
70 185 -28.4049 -
70 186 -25.7763 -
70 187 -20.9653 -
70 188 -18.3037 -
70 189 -14.2278 -
70 190 -11.4739 -
70 191 -6.4995 -
70 192 -3.0776 -
70 193 1.8071 -
70 194 5.2570 -
70 195 10.6112 -
70 196 14.5668 -
70 197 20.9579 -
70 198 26.0757 -
70 199 32.7612 -
70 200 38.1064 -
70 201 45.1584 -
70 202 50.9051 -
70 203 58.0712 -
70 204 63.8743 -
70 205 71.1241 -
70 206 76.8832 -
70 207 83.8256 -
70 208 89.4697 -
70 209 96.6335 -
70 210 102.5251 -
70 211 109.8041 -
70 212 115.8768 -
70 213 123.4717 -
70 214 129.8803 -
70 215 137.5853 -
70 216 144.1339 -
70 217 151.7785 -
70 218 158.3390 -
70 219 166.4386 -
70 220 173.4823 -
70 221 181.7933 -
70 222 189.0274 -
70 223 197.5447 -
70 224 204.9931 -
70 225 213.6364 -
70 226 221.1924 -
70 227 229.9247 -
70 228 237.6209 -
70 229 246.6438 -
70 230 254.6967 -
70 231 264.0659 -
70 232 272.4640 -
70 233 282.1589 -
70 234 290.8949 -
70 235 300.8396 -
70 236 309.8306 -
70 237 319.7268 -
70 238 328.6374 -
70 239 338.5888 -
70 240 347.2542 -
70 241 356.7758 -
70 242 365.4802 -
71 143 10.9865 -
71 144 6.2573 -
71 145 -0.4966 -
71 146 -4.8770 -
71 147 -11.0983 -
71 148 -14.9278 -
71 149 -20.8939 -
71 150 -24.8597 -
71 151 -30.4397 -
71 152 -33.5503 -
71 153 -38.4389 -
71 154 -39.8958 -
71 155 -42.8221 -
71 156 -43.7919 -
71 157 -46.6415 -
71 158 -47.3017 -
71 159 -49.8073 -
71 160 -50.3675 -
71 161 -52.5491 -
71 162 -52.8916 -
71 163 -54.7023 -
71 164 -54.8085 -
71 165 -56.3263 -
71 166 -56.1749 -
71 167 -57.4003 -
71 168 -57.0840 -
71 169 -57.9603 -
71 170 -57.2501 -
71 171 -57.7770 -
71 172 -56.6388 -
71 173 -56.8114 -
71 174 -55.3738 -
71 175 -55.0696 -
71 176 -53.0883 -
71 177 -52.3600 -
71 178 -50.0904 -
71 179 -49.0452 -
71 180 -46.4291 -
71 181 -44.7177 -
71 182 -41.5849 -
71 183 -39.6227 -
71 184 -36.0603 -
71 185 -33.7017 -
71 186 -30.0926 -
71 187 -27.4891 -
71 188 -23.3575 -
71 189 -20.6882 -
71 190 -17.1228 -
71 191 -14.4402 -
71 192 -9.9941 -
71 193 -6.6468 -
71 194 -2.2738 -
71 195 1.1163 -
71 196 6.0030 -
71 197 9.9609 -
71 198 15.9047 -
71 199 21.0026 -
71 200 27.2362 -
71 201 32.5511 -
71 202 39.1394 -
71 203 44.8483 -
71 204 51.6238 -
71 205 57.3749 -
71 206 64.1899 -
71 207 69.9473 -
71 208 76.5099 -
71 209 82.1788 -
71 210 88.8687 -
71 211 94.7214 -
71 212 101.6029 -
71 213 107.6713 -
71 214 114.8866 -
71 215 121.2960 -
71 216 128.5681 -
71 217 135.0221 -
71 218 142.3251 -
71 219 148.8549 -
71 220 156.5531 -
71 221 163.5307 -
71 222 171.4446 -
71 223 178.6590 -
71 224 186.8216 -
71 225 194.2673 -
71 226 202.4920 -
71 227 209.9635 -
71 228 218.3771 -
71 229 226.0811 -
71 230 234.7091 -
71 231 242.7038 -
71 232 251.6449 -
71 233 260.0065 -
71 234 269.2954 -
71 235 277.9751 -
71 236 287.4619 -
71 237 296.2644 -
71 238 305.7375 -
71 239 314.5704 -
71 240 324.1615 -
71 241 333.1113 -
71 242 342.4189 -
71 243 351.0742 -
71 244 360.6946 -
71 245 369.8137 -
72 146 8.0299 -
72 147 3.4244 -
72 148 -3.3425 -
72 149 -7.3234 -
72 150 -13.9197 -
72 151 -17.9252 -
72 152 -24.0274 -
72 153 -27.2090 -
72 154 -32.6124 -
72 155 -34.2432 -
72 156 -37.7328 -
72 157 -38.7580 -
72 158 -41.9124 -
72 159 -42.8472 -
72 160 -45.7094 -
72 161 -46.3304 -
72 162 -48.9201 -
72 163 -49.3327 -
72 164 -51.5881 -
72 165 -51.7181 -
72 166 -53.6471 -
72 167 -53.5087 -
72 168 -55.2163 -
72 169 -54.7465 -
72 170 -56.1851 -
72 171 -55.4055 -
72 172 -56.4847 -
72 173 -55.3179 -
72 174 -55.9924 -
72 175 -54.4460 -
72 176 -54.8109 -
72 177 -52.8238 -
72 178 -52.7699 -
72 179 -50.4725 -
72 180 -50.1419 -
72 181 -47.3937 -
72 182 -46.3666 -
72 183 -43.2882 -
72 184 -41.7588 -
72 185 -38.3817 -
72 186 -36.5399 -
72 187 -32.9598 -
72 188 -30.9516 -
72 189 -26.9566 -
72 190 -24.7070 -
72 191 -21.1822 -
72 192 -19.0231 -
72 193 -14.6281 -
72 194 -11.8082 -
72 195 -7.5034 -
72 196 -4.6265 -
72 197 0.2486 -
72 198 3.7344 -
72 199 9.6786 -
72 200 14.3535 -
72 201 20.6028 -
72 202 25.4482 -
72 203 32.0139 -
72 204 37.2401 -
72 205 44.0205 -
72 206 49.3317 -
72 207 56.1496 -
72 208 61.4824 -
72 209 68.0645 -
72 210 73.3458 -
72 211 80.0389 -
72 212 85.4671 -
72 213 92.3589 -
72 214 98.0446 -
72 215 105.2765 -
72 216 111.2877 -
72 217 118.5197 -
72 218 124.5166 -
72 219 131.8131 -
72 220 137.9461 -
72 221 145.6318 -
72 222 152.1898 -
72 223 160.0897 -
72 224 166.8962 -
72 225 175.0271 -
72 226 182.0545 -
72 227 190.2522 -
72 228 197.3546 -
72 229 205.7579 -
72 230 213.1092 -
72 231 221.6998 -
72 232 229.2981 -
72 233 238.2196 -
72 234 246.1324 -
72 235 255.3545 -
72 236 263.6245 -
72 237 273.0359 -
72 238 281.3916 -
72 239 290.7970 -
72 240 299.1970 -
72 241 308.7692 -
72 242 317.3577 -
72 243 326.9805 -
72 244 335.4330 -
72 245 345.0398 -
72 246 353.8388 -
72 247 363.8363 -
72 248 372.9379 -
72 249 382.8998 -
73 149 7.3272 -
73 150 2.8497 -
73 151 -3.8845 -
73 152 -8.4139 -
73 153 -14.6255 -
73 154 -18.4633 -
73 155 -24.1293 -
73 156 -26.1833 -
73 157 -29.7658 -
73 158 -31.3598 -
73 159 -34.6261 -
73 160 -35.8808 -
73 161 -38.9102 -
73 162 -39.8808 -
73 163 -42.5828 -
73 164 -43.3831 -
73 165 -45.7498 -
73 166 -46.2656 -
73 167 -48.2855 -
73 168 -48.5406 -
73 169 -50.2564 -
73 170 -50.2550 -
73 171 -51.6550 -
73 172 -51.3556 -
73 173 -52.3758 -
73 174 -51.7023 -
73 175 -52.3229 -
73 176 -51.3409 -
73 177 -51.6495 -
73 178 -50.2703 -
73 179 -50.2935 -
73 180 -48.6941 -
73 181 -48.3091 -
73 182 -46.2005 -
73 183 -45.1663 -
73 184 -42.6675 -
73 185 -41.2859 -
73 186 -38.4597 -
73 187 -36.7319 -
73 188 -33.6579 -
73 189 -31.7754 -
73 190 -28.4428 -
73 191 -26.1604 -
73 192 -23.0684 -
73 193 -20.9571 -
73 194 -17.1029 -
73 195 -14.3881 -
73 196 -10.5755 -
73 197 -7.7532 -
73 198 -3.3777 -
73 199 0.0237 -
73 200 5.5837 -
73 201 10.3147 -
73 202 16.1536 -
73 203 20.9796 -
73 204 27.0711 -
73 205 32.2545 -
73 206 38.6012 -
73 207 43.9133 -
73 208 50.2878 -
73 209 55.5283 -
73 210 61.8406 -
73 211 67.1395 -
73 212 73.4102 -
73 213 78.8149 -
73 214 85.3152 -
73 215 90.9937 -
73 216 97.8242 -
73 217 103.8213 -
73 218 110.6916 -
73 219 116.6858 -
73 220 123.6117 -
73 221 129.7527 -
73 222 137.0600 -
73 223 143.5519 -
73 224 151.0535 -
73 225 157.8242 -
73 226 165.5270 -
73 227 172.4844 -
73 228 180.3050 -
73 229 187.3953 -
73 230 195.4307 -
73 231 202.7668 -
73 232 210.9716 -
73 233 218.5086 -
73 234 226.9662 -
73 235 234.7736 -
73 236 243.6146 -
73 237 251.8136 -
73 238 260.8240 -
73 239 269.0601 -
73 240 278.0622 -
73 241 286.3901 -
73 242 295.5882 -
73 243 304.1312 -
73 244 313.3806 -
73 245 322.0948 -
73 246 331.5274 -
73 247 340.3158 -
73 248 349.8996 -
73 249 358.8082 -
73 250 368.2774 -
73 251 377.2301 -
73 252 387.1109 -
74 151 11.2523 -
74 152 4.1426 -
74 153 -0.5282 -
74 154 -7.2741 -
74 155 -11.4696 -
74 156 -17.4843 -
74 157 -19.7413 -
74 158 -23.7804 -
74 159 -25.4530 -
74 160 -29.1425 -
74 161 -30.4817 -
74 162 -33.8683 -
74 163 -34.9955 -
74 164 -38.0099 -
74 165 -38.9508 -
74 166 -41.6696 -
74 167 -42.2628 -
74 168 -44.6854 -
74 169 -45.0342 -
74 170 -47.1530 -
74 171 -47.1658 -
74 172 -49.0254 -
74 173 -48.7228 -
74 174 -50.2619 -
74 175 -49.5577 -
74 176 -50.7038 -
74 177 -49.6596 -
74 178 -50.5256 -
74 179 -49.2306 -
74 180 -49.8317 -
74 181 -48.2450 -
74 182 -48.4692 -
74 183 -46.3622 -
74 184 -45.9748 -
74 185 -43.4324 -
74 186 -42.7006 -
74 187 -39.8573 -
74 188 -38.7940 -
74 189 -35.7308 -
74 190 -34.4805 -
74 191 -31.1887 -
74 192 -29.5003 -
74 193 -26.1315 -
74 194 -24.5958 -
74 195 -20.7829 -
74 196 -18.6309 -
74 197 -14.8306 -
74 198 -12.5203 -
74 199 -8.1996 -
74 200 -5.3342 -
74 201 0.2965 -
74 202 4.6407 -
74 203 10.5279 -
74 204 14.9139 -
74 205 20.9928 -
74 206 25.6984 -
74 207 32.0629 -
74 208 36.9429 -
74 209 43.1889 -
74 210 48.1201 -
74 211 54.4976 -
74 212 59.3806 -
74 213 65.7107 -
74 214 70.7011 -
74 215 77.2307 -
74 216 82.4981 -
74 217 89.3320 -
74 218 94.8997 -
74 219 101.8038 -
74 220 107.4188 -
74 221 114.4047 -
74 222 120.0343 -
74 223 127.3626 -
74 224 133.5075 -
74 225 141.0055 -
74 226 147.3570 -
74 227 155.0236 -
74 228 161.5436 -
74 229 169.3626 -
74 230 176.0594 -
74 231 184.0979 -
74 232 191.0227 -
74 233 199.2248 -
74 234 206.3358 -
74 235 214.7320 -
74 236 222.0872 -
74 237 230.8969 -
74 238 238.7161 -
74 239 247.6610 -
74 240 255.4786 -
74 241 264.4206 -
74 242 272.3319 -
74 243 281.4900 -
74 244 289.6456 -
74 245 298.8814 -
74 246 307.2385 -
74 247 316.7562 -
74 248 325.3156 -
74 249 334.8243 -
74 250 343.2919 -
74 251 352.7361 -
74 252 361.3408 -
74 253 371.2291 -
74 254 380.3275 -
74 255 390.3869 -
75 154 9.6926 -
75 155 2.7027 -
75 156 -1.9823 -
75 157 -8.2107 -
75 158 -10.8170 -
75 159 -15.0950 -
75 160 -17.0771 -
75 161 -20.9632 -
75 162 -22.6695 -
75 163 -26.1639 -
75 164 -27.5926 -
75 165 -30.7621 -
75 166 -31.9748 -
75 167 -34.8450 -
75 168 -35.8400 -
75 169 -38.2827 -
75 170 -39.0047 -
75 171 -41.2081 -
75 172 -41.6538 -
75 173 -43.5335 -
75 174 -43.7325 -
75 175 -45.2463 -
75 176 -45.0836 -
75 177 -46.1821 -
75 178 -45.7218 -
75 179 -46.5000 -
75 180 -45.7853 -
75 181 -46.3825 -
75 182 -45.3698 -
75 183 -45.6069 -
75 184 -44.0407 -
75 185 -43.6696 -
75 186 -41.7936 -
75 187 -41.0529 -
75 188 -38.9391 -
75 189 -37.8804 -
75 190 -35.5679 -
75 191 -34.3189 -
75 192 -31.6264 -
75 193 -30.2017 -
75 194 -27.0957 -
75 195 -25.5958 -
75 196 -22.3506 -
75 197 -20.2259 -
75 198 -16.9819 -
75 199 -14.6839 -
75 200 -10.9594 -
75 201 -8.1596 -
75 202 -2.9289 -
75 203 1.4428 -
75 204 6.9286 -
75 205 11.3567 -
75 206 17.0025 -
75 207 21.7042 -
75 208 27.6778 -
75 209 32.4597 -
75 210 38.4310 -
75 211 43.3889 -
75 212 49.3709 -
75 213 54.3047 -
75 214 60.2667 -
75 215 65.2705 -
75 216 71.4078 -
75 217 76.6888 -
75 218 83.0948 -
75 219 88.6250 -
75 220 95.0970 -
75 221 100.7040 -
75 222 107.2946 -
75 223 112.8623 -
75 224 119.7810 -
75 225 125.9638 -
75 226 133.0873 -
75 227 139.4423 -
75 228 146.6864 -
75 229 153.1823 -
75 230 160.6209 -
75 231 167.3112 -
75 232 174.9632 -
75 233 181.8768 -
75 234 189.6844 -
75 235 196.7597 -
75 236 204.6931 -
75 237 211.9606 -
75 238 220.3926 -
75 239 228.1565 -
75 240 236.6589 -
75 241 244.4228 -
75 242 252.9505 -
75 243 260.7784 -
75 244 269.5612 -
75 245 277.6685 -
75 246 286.5369 -
75 247 294.7804 -
75 248 303.9207 -
75 249 312.4077 -
75 250 321.6316 -
75 251 330.0488 -
75 252 339.1484 -
75 253 347.7018 -
75 254 357.3064 -
75 255 366.2664 -
75 256 375.8873 -
75 257 384.8821 -
75 258 394.8584 -
76 156 10.7815 -
76 157 5.8903 -
76 158 -0.8403 -
76 159 -3.6350 -
76 160 -8.2010 -
76 161 -10.3860 -
76 162 -14.5633 -
76 163 -16.3894 -
76 164 -20.2968 -
76 165 -21.8483 -
76 166 -25.3043 -
76 167 -26.6823 -
76 168 -29.8476 -
76 169 -30.8915 -
76 170 -33.7590 -
76 171 -34.5610 -
76 172 -37.0984 -
76 173 -37.5862 -
76 174 -39.9060 -
76 175 -40.1171 -
76 176 -42.1043 -
76 177 -41.9478 -
76 178 -43.6227 -
76 179 -43.0956 -
76 180 -44.4798 -
76 181 -43.6666 -
76 182 -44.8260 -
76 183 -43.7768 -
76 184 -44.4517 -
76 185 -42.9496 -
76 186 -43.1471 -
76 187 -41.3245 -
76 188 -41.2084 -
76 189 -39.1902 -
76 190 -38.7828 -
76 191 -36.5180 -
76 192 -35.9255 -
76 193 -33.4300 -
76 194 -32.4573 -
76 195 -29.4785 -
76 196 -28.3207 -
76 197 -25.1420 -
76 198 -23.4980 -
76 199 -20.3317 -
76 200 -18.5896 -
76 201 -14.9343 -
76 202 -12.6580 -
76 203 -7.3803 -
76 204 -3.4200 -
76 205 2.1902 -
76 206 6.1714 -
76 207 11.8478 -
76 208 16.1092 -
76 209 21.9812 -
76 210 26.5516 -
76 211 32.5802 -
76 212 37.1409 -
76 213 43.1687 -
76 214 47.7281 -
76 215 53.7493 -
76 216 58.3574 -
76 217 64.5360 -
76 218 69.3925 -
76 219 75.7902 -
76 220 80.8801 -
76 221 87.3560 -
76 222 92.5080 -
76 223 99.0824 -
76 224 104.2530 -
76 225 111.1583 -
76 226 116.9033 -
76 227 124.0285 -
76 228 129.9732 -
76 229 137.3259 -
76 230 143.4081 -
76 231 150.8709 -
76 232 157.1824 -
76 233 164.8437 -
76 234 171.3715 -
76 235 179.1727 -
76 236 185.8149 -
76 237 193.7148 -
76 238 200.5888 -
76 239 208.9878 -
76 240 216.3212 -
76 241 224.7899 -
76 242 232.1525 -
76 243 240.6213 -
76 244 248.0522 -
76 245 256.7872 -
76 246 264.5044 -
76 247 273.3492 -
76 248 281.1684 -
76 249 290.2025 -
76 250 298.2238 -
76 251 307.4178 -
76 252 315.4841 -
76 253 324.5265 -
76 254 332.7027 -
76 255 342.2424 -
76 256 350.8375 -
76 257 360.3984 -
76 258 369.0539 -
76 259 378.9261 -
76 260 387.8031 -
76 261 398.0408 -
76 262 407.4510 -
77 159 9.4357 -
77 160 6.1671 -
77 161 1.4792 -
77 162 -1.0280 -
77 163 -5.3969 -
77 164 -7.5461 -
77 165 -11.6553 -
77 166 -13.5701 -
77 167 -17.1418 -
77 168 -18.7631 -
77 169 -22.1203 -
77 170 -23.4106 -
77 171 -26.3749 -
77 172 -27.4878 -
77 173 -30.1513 -
77 174 -31.0013 -
77 175 -33.3428 -
77 176 -33.9938 -
77 177 -36.0569 -
77 178 -36.3539 -
77 179 -38.0581 -
77 180 -38.0155 -
77 181 -39.3369 -
77 182 -39.0430 -
77 183 -40.1267 -
77 184 -39.5346 -
77 185 -40.1713 -
77 186 -39.1631 -
77 187 -39.4060 -
77 188 -38.3230 -
77 189 -38.3194 -
77 190 -36.8286 -
77 191 -36.5840 -
77 192 -34.9162 -
77 193 -34.4440 -
77 194 -32.5159 -
77 195 -31.7099 -
77 196 -29.3421 -
77 197 -28.2778 -
77 198 -25.6012 -
77 199 -24.2624 -
77 200 -21.4872 -
77 201 -19.8155 -
77 202 -16.6571 -
77 203 -14.4077 -
77 204 -9.6059 -
77 205 -5.6340 -
77 206 -0.4651 -
77 207 3.5810 -
77 208 8.8395 -
77 209 12.9850 -
77 210 18.5303 -
77 211 23.1290 -
77 212 28.8737 -
77 213 33.4783 -
77 214 39.1155 -
77 215 43.7331 -
77 216 49.3804 -
77 217 54.0388 -
77 218 59.8522 -
77 219 64.7316 -
77 220 70.6628 -
77 221 75.7004 -
77 222 81.7166 -
77 223 86.8262 -
77 224 92.9578 -
77 225 98.2138 -
77 226 104.7073 -
77 227 110.4022 -
77 228 117.1108 -
77 229 123.0419 -
77 230 129.9830 -
77 231 136.1025 -
77 232 143.1954 -
77 233 149.5106 -
77 234 156.8245 -
77 235 163.3392 -
77 236 170.7958 -
77 237 177.4521 -
77 238 185.0094 -
77 239 191.8964 -
77 240 199.9620 -
77 241 207.2070 -
77 242 215.2231 -
77 243 222.5124 -
77 244 230.6327 -
77 245 238.0472 -
77 246 246.4133 -
77 247 254.0967 -
77 248 262.5378 -
77 249 270.1522 -
77 250 278.6313 -
77 251 286.5127 -
77 252 295.1769 -
77 253 303.1307 -
77 254 311.8140 -
77 255 319.9339 -
77 256 329.0867 -
77 257 337.6276 -
77 258 346.8148 -
77 259 355.3796 -
77 260 364.8665 -
77 261 373.6831 -
77 262 383.6464 -
77 263 393.0863 -
77 264 403.1681 -
77 265 412.6162 -
78 162 9.1867 -
78 163 6.6111 -
78 164 1.9180 -
78 165 -0.3843 -
78 166 -4.7854 -
78 167 -6.8456 -
78 168 -10.8692 -
78 169 -12.5616 -
78 170 -16.1875 -
78 171 -17.6296 -
78 172 -20.8785 -
78 173 -22.0875 -
78 174 -25.1039 -
78 175 -25.9545 -
78 176 -28.6944 -
78 177 -29.3827 -
78 178 -31.8724 -
78 179 -32.2160 -
78 180 -34.3411 -
78 181 -34.3432 -
78 182 -36.0702 -
78 183 -35.8077 -
78 184 -37.3622 -
78 185 -36.7569 -
78 186 -37.8278 -
78 187 -36.9085 -
78 188 -37.7994 -
78 189 -36.6790 -
78 190 -37.2696 -
78 191 -35.8568 -
78 192 -36.1246 -
78 193 -34.5021 -
78 194 -34.6114 -
78 195 -32.8296 -
78 196 -32.6709 -
78 197 -30.4694 -
78 198 -30.0805 -
78 199 -27.4856 -
78 200 -26.6046 -
78 201 -23.9179 -
78 202 -22.7843 -
78 203 -19.5994 -
78 204 -17.8066 -
78 205 -12.8965 -
78 206 -9.4214 -
78 207 -4.2415 -
78 208 -0.6776 -
78 209 4.5656 -
78 210 8.3838 -
78 211 13.9438 -
78 212 18.0932 -
78 213 23.9722 -
78 214 28.2413 -
78 215 33.9631 -
78 216 38.2089 -
78 217 43.9276 -
78 218 48.2046 -
78 219 54.0785 -
78 220 58.5604 -
78 221 64.4830 -
78 222 69.0753 -
78 223 75.0783 -
78 224 79.7158 -
78 225 85.8498 -
78 226 90.7126 -
78 227 97.1925 -
78 228 102.4464 -
78 229 109.1503 -
78 230 114.6697 -
78 231 121.6076 -
78 232 127.3417 -
78 233 134.4486 -
78 234 140.3742 -
78 235 147.6886 -
78 236 153.7937 -
78 237 161.2781 -
78 238 167.6084 -
78 239 175.1851 -
78 240 181.7166 -
78 241 189.8535 -
78 242 196.6923 -
78 243 204.6458 -
78 244 211.5100 -
78 245 219.6201 -
78 246 226.6820 -
78 247 235.0203 -
78 248 242.1835 -
78 249 250.3530 -
78 250 257.3748 -
78 251 265.8150 -
78 252 273.2411 -
78 253 281.8361 -
78 254 289.4088 -
78 255 298.0672 -
78 256 305.8245 -
78 257 314.9359 -
78 258 323.0708 -
78 259 332.1608 -
78 260 340.3581 -
78 261 349.8432 -
78 262 358.2955 -
78 263 368.2523 -
78 264 377.4185 -
78 265 387.5390 -
78 266 396.7342 -
78 267 406.9001 -
78 268 416.1903 -
79 164 16.7291 -
79 165 11.9427 -
79 166 9.2475 -
79 167 4.7309 -
79 168 2.3798 -
79 169 -1.7638 -
79 170 -3.8930 -
79 171 -7.6599 -
79 172 -9.4394 -
79 173 -12.7505 -
79 174 -14.2358 -
79 175 -17.2788 -
79 176 -18.6204 -
79 177 -21.3148 -
79 178 -22.4644 -
79 179 -24.8274 -
79 180 -25.7167 -
79 181 -27.6929 -
79 182 -28.3369 -
79 183 -30.0073 -
79 184 -30.3091 -
79 185 -31.6854 -
79 186 -31.6998 -
79 187 -32.7943 -
79 188 -32.4757 -
79 189 -33.4104 -
79 190 -32.9066 -
79 191 -33.5482 -
79 192 -32.8374 -
79 193 -33.2633 -
79 194 -32.3001 -
79 195 -32.4570 -
79 196 -31.1508 -
79 197 -31.0462 -
79 198 -29.4819 -
79 199 -29.0960 -
79 200 -27.0828 -
79 201 -26.2506 -
79 202 -24.1779 -
79 203 -23.0164 -
79 204 -20.3051 -
79 205 -18.5143 -
79 206 -14.1171 -
79 207 -10.5882 -
79 208 -5.8888 -
79 209 -2.2505 -
79 210 2.4833 -
79 211 6.3950 -
79 212 11.4631 -
79 213 15.6398 -
79 214 21.0590 -
79 215 25.4627 -
79 216 30.6562 -
79 217 35.0229 -
79 218 40.5237 -
79 219 44.8762 -
79 220 50.3789 -
79 221 54.9245 -
79 222 60.4477 -
79 223 65.0445 -
79 224 70.6614 -
79 225 75.3270 -
79 226 81.0897 -
79 227 85.9490 -
79 228 91.9657 -
79 229 97.1630 -
79 230 103.4341 -
79 231 108.9270 -
79 232 115.4676 -
79 233 121.2067 -
79 234 127.9184 -
79 235 133.8329 -
79 236 140.7192 -
79 237 146.7950 -
79 238 153.8713 -
79 239 160.1534 -
79 240 167.3743 -
79 241 173.9314 -
79 242 181.7375 -
79 243 188.4776 -
79 244 196.0067 -
79 245 202.7905 -
79 246 210.5282 -
79 247 217.5337 -
79 248 225.3221 -
79 249 232.1476 -
79 250 239.7919 -
79 251 246.7875 -
79 252 254.8237 -
79 253 262.1502 -
79 254 270.3966 -
79 255 277.9287 -
79 256 286.1838 -
79 257 293.8881 -
79 258 302.6161 -
79 259 310.7008 -
79 260 319.4347 -
79 261 327.6097 -
79 262 336.7619 -
79 263 345.1737 -
79 264 354.8585 -
79 265 364.0311 -
79 266 373.8845 -
79 267 383.0963 -
79 268 393.0008 -
79 269 402.2943 -
79 270 412.2816 -
79 271 421.7011 -
79 272 431.7854 -
80 167 17.1338 -
80 168 12.2461 -
80 169 9.7641 -
80 170 5.3609 -
80 171 3.1916 -
80 172 -0.9780 -
80 173 -2.7499 -
80 174 -6.5425 -
80 175 -8.1433 -
80 176 -11.5904 -
80 177 -13.0142 -
80 178 -16.2216 -
80 179 -17.3236 -
80 180 -20.1762 -
80 181 -20.9854 -
80 182 -23.5521 -
80 183 -24.0782 -
80 184 -26.3972 -
80 185 -26.5541 -
80 186 -28.5750 -
80 187 -28.4836 -
80 188 -30.1280 -
80 189 -29.8600 -
80 190 -31.2296 -
80 191 -30.8139 -
80 192 -31.9486 -
80 193 -31.2891 -
80 194 -32.2038 -
80 195 -31.2268 -
80 196 -31.8934 -
80 197 -30.6641 -
80 198 -31.0066 -
80 199 -29.6004 -
80 200 -29.6932 -
80 201 -27.7853 -
80 202 -27.5309 -
80 203 -25.4016 -
80 204 -24.8821 -
80 205 -22.3286 -
80 206 -21.0627 -
80 207 -16.5690 -
80 208 -13.4142 -
80 209 -8.6835 -
80 210 -5.5651 -
80 211 -0.5883 -
80 212 2.8007 -
80 213 7.9362 -
80 214 11.5474 -
80 215 16.9734 -
80 216 20.8755 -
80 217 26.3093 -
80 218 30.2449 -
80 219 35.7703 -
80 220 39.8631 -
80 221 45.5525 -
80 222 49.7077 -
80 223 55.2865 -
80 224 59.4802 -
80 225 65.1348 -
80 226 69.4115 -
80 227 75.2425 -
80 228 79.7858 -
80 229 85.7436 -
80 230 90.4909 -
80 231 96.7544 -
80 232 101.8082 -
80 233 108.3594 -
80 234 113.7027 -
80 235 120.4229 -
80 236 125.9285 -
80 237 132.7862 -
80 238 138.4285 -
80 239 145.4956 -
80 240 151.3718 -
80 241 158.5947 -
80 242 164.7696 -
80 243 172.6099 -
80 244 178.8039 -
80 245 186.2528 -
80 246 192.6771 -
80 247 200.2855 -
80 248 206.6043 -
80 249 214.1645 -
80 250 220.6203 -
80 251 228.2747 -
80 252 234.9370 -
80 253 242.9213 -
80 254 249.8973 -
80 255 258.0916 -
80 256 265.2323 -
80 257 273.4902 -
80 258 280.8121 -
80 259 289.5287 -
80 260 297.2052 -
80 261 305.9192 -
80 262 313.7402 -
80 263 322.7728 -
80 264 330.8468 -
80 265 340.5699 -
80 266 349.4630 -
80 267 359.3286 -
80 268 368.2327 -
80 269 378.1684 -
80 270 387.1773 -
80 271 397.1529 -
80 272 406.2357 -
80 273 416.3133 -
80 274 425.5395 -
80 275 435.8069 -
81 170 20.0859 -
81 171 15.3653 -
81 172 12.7401 -
81 173 8.4236 -
81 174 6.1725 -
81 175 2.2819 -
81 176 0.4704 -
81 177 -3.1579 -
81 178 -4.7717 -
81 179 -7.9493 -
81 180 -9.3181 -
81 181 -12.3050 -
81 182 -13.4695 -
81 183 -16.1528 -
81 184 -17.0368 -
81 185 -19.4281 -
81 186 -20.0226 -
81 187 -22.0330 -
81 188 -22.4449 -
81 189 -24.2521 -
81 190 -24.4308 -
81 191 -25.8983 -
81 192 -25.9294 -
81 193 -27.1846 -
81 194 -26.8482 -
81 195 -27.7799 -
81 196 -27.3089 -
81 197 -28.0034 -
81 198 -27.3527 -
81 199 -27.8231 -
81 200 -26.8584 -
81 201 -27.0270 -
81 202 -25.7337 -
81 203 -25.6056 -
81 204 -24.1358 -
81 205 -23.7667 -
81 206 -21.9826 -
81 207 -20.8180 -
81 208 -16.7224 -
81 209 -13.5823 -
81 210 -9.1359 -
81 211 -5.9414 -
81 212 -1.4415 -
81 213 1.8979 -
81 214 6.5569 -
81 215 10.1875 -
81 216 14.9689 -
81 217 18.8405 -
81 218 24.0877 -
81 219 28.1725 -
81 220 33.3989 -
81 221 37.5178 -
81 222 42.8235 -
81 223 47.0067 -
81 224 52.1795 -
81 225 56.3639 -
81 226 61.6309 -
81 227 65.9511 -
81 228 71.4205 -
81 229 75.9514 -
81 230 81.5994 -
81 231 86.3512 -
81 232 92.2291 -
81 233 97.2760 -
81 234 103.4128 -
81 235 108.7497 -
81 236 115.0908 -
81 237 120.6046 -
81 238 127.0961 -
81 239 132.7563 -
81 240 139.4235 -
81 241 145.2525 -
81 242 152.0874 -
81 243 158.2245 -
81 244 165.5123 -
81 245 171.2803 -
81 246 178.3074 -
81 247 184.5284 -
81 248 191.6829 -
81 249 198.0797 -
81 250 205.4071 -
81 251 211.9764 -
81 252 219.2969 -
81 253 225.9778 -
81 254 233.6396 -
81 255 240.6408 -
81 256 248.4620 -
81 257 255.5386 -
81 258 263.3979 -
81 259 270.6217 -
81 260 278.8338 -
81 261 286.3178 -
81 262 294.6224 -
81 263 302.2712 -
81 264 310.7680 -
81 265 318.6879 -
81 266 328.1406 -
81 267 337.0937 -
81 268 346.7311 -
81 269 355.6520 -
81 270 365.3044 -
81 271 374.3221 -
81 272 384.0203 -
81 273 393.0992 -
81 274 402.8776 -
81 275 412.0662 -
81 276 421.9346 -
81 277 431.1963 -
81 278 441.2949 -
82 172 23.6556 -
82 173 20.8816 -
82 174 16.1523 -
82 175 13.8270 -
82 176 9.5937 -
82 177 7.5147 -
82 178 3.5717 -
82 179 1.8479 -
82 180 -1.8997 -
82 181 -3.3294 -
82 182 -6.7190 -
82 183 -7.8439 -
82 184 -10.8161 -
82 185 -11.7647 -
82 186 -14.4154 -
82 187 -15.1060 -
82 188 -17.5557 -
82 189 -18.1065 -
82 190 -20.3217 -
82 191 -20.5776 -
82 192 -22.5902 -
82 193 -22.5937 -
82 194 -24.2760 -
82 195 -24.0654 -
82 196 -25.5689 -
82 197 -25.1248 -
82 198 -26.3067 -
82 199 -25.5383 -
82 200 -26.5114 -
82 201 -25.4368 -
82 202 -26.1643 -
82 203 -24.9145 -
82 204 -25.3317 -
82 205 -23.8295 -
82 206 -24.1158 -
82 207 -22.4335 -
82 208 -21.8098 -
82 209 -17.6209 -
82 210 -14.9218 -
82 211 -10.4562 -
82 212 -7.6797 -
82 213 -3.2130 -
82 214 -0.2286 -
82 215 4.3282 -
82 216 7.4153 -
82 217 12.1801 -
82 218 15.5169 -
82 219 20.7489 -
82 220 24.4968 -
82 221 29.8101 -
82 222 33.6333 -
82 223 38.9810 -
82 224 42.7269 -
82 225 47.9362 -
82 226 51.6936 -
82 227 57.0018 -
82 228 60.9191 -
82 229 66.4338 -
82 230 70.5767 -
82 231 76.2315 -
82 232 80.6358 -
82 233 86.5470 -
82 234 91.1943 -
82 235 97.3378 -
82 236 102.2522 -
82 237 108.6306 -
82 238 113.7598 -
82 239 120.3172 -
82 240 125.5947 -
82 241 132.2655 -
82 242 137.6825 -
82 243 144.5008 -
82 244 149.9269 -
82 245 156.4796 -
82 246 161.8237 -
82 247 168.8475 -
82 248 174.7203 -
82 249 181.9121 -
82 250 187.9325 -
82 251 195.2742 -
82 252 201.5191 -
82 253 208.9877 -
82 254 215.3710 -
82 255 223.0633 -
82 256 229.6596 -
82 257 237.5010 -
82 258 244.2562 -
82 259 252.1228 -
82 260 258.9719 -
82 261 267.0811 -
82 262 274.1296 -
82 263 282.3629 -
82 264 289.6231 -
82 265 297.9860 -
82 266 305.5335 -
82 267 314.9883 -
82 268 323.6177 -
82 269 333.2808 -
82 270 341.9255 -
82 271 351.5808 -
82 272 360.2760 -
82 273 370.0040 -
82 274 378.7876 -
82 275 388.5662 -
82 276 397.4134 -
82 277 407.2158 -
82 278 416.1596 -
82 279 426.2333 -
82 280 435.4089 -
82 281 445.3937 -
82 282 454.4665 -
83 175 27.7472 -
83 176 25.0280 -
83 177 20.6946 -
83 178 18.3020 -
83 179 14.2125 -
83 180 11.8733 -
83 181 8.1794 -
83 182 6.1163 -
83 183 2.7086 -
83 184 0.9541 -
83 185 -2.0745 -
83 186 -3.5582 -
83 187 -6.3538 -
83 188 -7.5410 -
83 189 -9.9479 -
83 190 -10.8759 -
83 191 -13.0327 -
83 192 -13.7387 -
83 193 -15.6511 -
83 194 -16.1669 -
83 195 -17.7863 -
83 196 -17.9943 -
83 197 -19.4628 -
83 198 -19.3876 -
83 199 -20.5685 -
83 200 -20.3097 -
83 201 -21.2170 -
83 202 -20.6863 -
83 203 -21.3695 -
83 204 -20.5383 -
83 205 -20.9203 -
83 206 -19.8658 -
83 207 -20.0708 -
83 208 -18.7612 -
83 209 -18.0959 -
83 210 -14.6410 -
83 211 -11.8778 -
83 212 -8.0319 -
83 213 -5.2447 -
83 214 -1.3101 -
83 215 1.6518 -
83 216 5.7237 -
83 217 8.8232 -
83 218 13.1385 -
83 219 16.4642 -
83 220 21.0594 -
83 221 24.6851 -
83 222 29.2108 -
83 223 32.7597 -
83 224 37.4031 -
83 225 41.0354 -
83 226 45.7484 -
83 227 49.5034 -
83 228 54.4270 -
83 229 58.3706 -
83 230 63.4906 -
83 231 67.6478 -
83 232 72.8926 -
83 233 77.2761 -
83 234 82.8085 -
83 235 87.4863 -
83 236 93.2262 -
83 237 98.1277 -
83 238 104.1276 -
83 239 109.2921 -
83 240 115.4651 -
83 241 120.7593 -
83 242 127.0255 -
83 243 132.4062 -
83 244 138.8158 -
83 245 144.4800 -
83 246 151.0355 -
83 247 156.3799 -
83 248 162.8945 -
83 249 168.6261 -
83 250 175.4451 -
83 251 181.4488 -
83 252 188.3675 -
83 253 194.5124 -
83 254 201.5482 -
83 255 207.8698 -
83 256 215.1768 -
83 257 221.8251 -
83 258 229.3087 -
83 259 236.0217 -
83 260 243.5340 -
83 261 250.4037 -
83 262 258.2173 -
83 263 265.3275 -
83 264 273.2612 -
83 265 280.5536 -
83 266 288.6557 -
83 267 296.2223 -
83 268 305.2855 -
83 269 313.8243 -
83 270 323.1357 -
83 271 331.7341 -
83 272 341.0566 -
83 273 349.7332 -
83 274 359.1665 -
83 275 367.9632 -
83 276 377.4527 -
83 277 386.3075 -
83 278 395.7785 -
83 279 404.6529 -
83 280 414.3604 -
83 281 423.3999 -
83 282 433.0102 -
83 283 441.9722 -
83 284 451.7269 -
83 285 460.9208 -
84 178 29.7171 -
84 179 27.0205 -
84 180 22.3233 -
84 181 19.9921 -
84 182 15.7662 -
84 183 13.6763 -
84 184 9.7447 -
84 185 7.9775 -
84 186 4.3354 -
84 187 2.9335 -
84 188 -0.3202 -
84 189 -1.4333 -
84 190 -4.3732 -
84 191 -5.1922 -
84 192 -7.8112 -
84 193 -8.4746 -
84 194 -10.7442 -
84 195 -11.2540 -
84 196 -13.4062 -
84 197 -13.5173 -
84 198 -15.3760 -
84 199 -15.3292 -
84 200 -16.9113 -
84 201 -16.5893 -
84 202 -17.9764 -
84 203 -17.3703 -
84 204 -18.5101 -
84 205 -17.5436 -
84 206 -18.3659 -
84 207 -17.1560 -
84 208 -17.7777 -
84 209 -16.3134 -
84 210 -16.1018 -
84 211 -12.5656 -
84 212 -10.5653 -
84 213 -6.6388 -
84 214 -4.4971 -
84 215 -0.4943 -
84 216 1.9066 -
84 217 5.9073 -
84 218 8.4798 -
84 219 12.6750 -
84 220 15.4646 -
84 221 19.8775 -
84 222 22.6879 -
84 223 27.1463 -
84 224 30.1590 -
84 225 34.6927 -
84 226 37.7449 -
84 227 42.4253 -
84 228 45.7276 -
84 229 50.6827 -
84 230 54.2259 -
84 231 59.3820 -
84 232 63.1729 -
84 233 68.4464 -
84 234 72.4139 -
84 235 77.9736 -
84 236 82.2281 -
84 237 87.9816 -
84 238 92.4670 -
84 239 98.4995 -
84 240 103.2888 -
84 241 109.4783 -
84 242 114.4079 -
84 243 120.6784 -
84 244 125.6251 -
84 245 132.0233 -
84 246 137.2434 -
84 247 143.8484 -
84 248 149.1723 -
84 249 155.8982 -
84 250 161.1945 -
84 251 167.9529 -
84 252 173.5779 -
84 253 180.3931 -
84 254 186.0262 -
84 255 193.0342 -
84 256 198.9570 -
84 257 206.2815 -
84 258 212.5627 -
84 259 220.0560 -
84 260 226.4247 -
84 261 233.9717 -
84 262 240.5070 -
84 263 248.3800 -
84 264 255.2206 -
84 265 263.2136 -
84 266 270.2318 -
84 267 278.4200 -
84 268 285.6954 -
84 269 294.7017 -
84 270 302.8358 -
84 271 312.1167 -
84 272 320.3192 -
84 273 329.6232 -
84 274 337.9644 -
84 275 347.4170 -
84 276 355.9134 -
84 277 365.4446 -
84 278 373.9617 -
84 279 383.4461 -
84 280 391.9393 -
84 281 401.4665 -
84 282 410.0123 -
84 283 419.5334 -
84 284 428.1937 -
84 285 437.8358 -
84 286 446.5790 -
84 287 456.2971 -
84 288 465.1493 -
85 180 38.2088 -
85 181 33.2756 -
85 182 30.4881 -
85 183 26.0414 -
85 184 23.5793 -
85 185 19.4530 -
85 186 17.2294 -
85 187 13.5976 -
85 188 11.6605 -
85 189 8.4071 -
85 190 6.7987 -
85 191 3.8781 -
85 192 2.6946 -
85 193 0.0033 -
85 194 -0.9819 -
85 195 -3.3701 -
85 196 -4.1271 -
85 197 -6.3157 -
85 198 -6.8718 -
85 199 -8.6784 -
85 200 -9.0734 -
85 201 -10.6576 -
85 202 -10.6974 -
85 203 -12.0131 -
85 204 -11.8777 -
85 205 -12.8961 -
85 206 -12.4044 -
85 207 -13.0934 -
85 208 -12.3982 -
85 209 -12.8642 -
85 210 -11.7724 -
85 211 -11.4990 -
85 212 -8.5492 -
85 213 -6.5347 -
85 214 -3.2781 -
85 215 -1.2600 -
85 216 2.2107 -
85 217 4.4246 -
85 218 7.9695 -
85 219 10.4408 -
85 220 14.1644 -
85 221 16.8344 -
85 222 20.6754 -
85 223 23.4287 -
85 224 27.4625 -
85 225 30.2942 -
85 226 34.2718 -
85 227 37.3156 -
85 228 41.4740 -
85 229 44.7400 -
85 230 49.1575 -
85 231 52.6716 -
85 232 57.3735 -
85 233 61.0909 -
85 234 65.9639 -
85 235 69.9479 -
85 236 75.1312 -
85 237 79.3949 -
85 238 84.7409 -
85 239 89.2272 -
85 240 94.8840 -
85 241 99.6906 -
85 242 105.5009 -
85 243 110.3682 -
85 244 116.2186 -
85 245 121.1770 -
85 246 127.1819 -
85 247 132.3788 -
85 248 138.5962 -
85 249 143.9116 -
85 250 150.2953 -
85 251 155.8161 -
85 252 162.2151 -
85 253 167.7765 -
85 254 174.3425 -
85 255 180.0111 -
85 256 186.7284 -
85 257 192.6312 -
85 258 199.5801 -
85 259 205.8125 -
85 260 212.9213 -
85 261 219.2769 -
85 262 226.4735 -
85 263 233.0150 -
85 264 240.5681 -
85 265 247.4160 -
85 266 255.0801 -
85 267 262.0995 -
85 268 270.0334 -
85 269 277.3490 -
85 270 286.0118 -
85 271 294.1136 -
85 272 302.9628 -
85 273 311.0772 -
85 274 320.0304 -
85 275 328.3344 -
85 276 337.4552 -
85 277 345.9430 -
85 278 355.1519 -
85 279 363.5971 -
85 280 372.7269 -
85 281 381.0997 -
85 282 390.1450 -
85 283 398.5529 -
85 284 407.7429 -
85 285 416.3496 -
85 286 425.6979 -
85 287 434.4297 -
85 288 443.8305 -
85 289 452.6269 -
85 290 462.0945 -
85 291 470.9096 -
86 183 39.4264 -
86 184 34.4985 -
86 185 31.9776 -
86 186 27.4678 -
86 187 25.1728 -
86 188 21.0292 -
86 189 19.0936 -
86 190 15.3955 -
86 191 13.7504 -
86 192 10.2865 -
86 193 9.0245 -
86 194 5.9038 -
86 195 4.9728 -
86 196 2.1782 -
86 197 1.4794 -
86 198 -1.0700 -
86 199 -1.6023 -
86 200 -3.8195 -
86 201 -4.1612 -
86 202 -6.1672 -
86 203 -6.2214 -
86 204 -7.9279 -
86 205 -7.6871 -
86 206 -9.2351 -
86 207 -8.5699 -
86 208 -9.7762 -
86 209 -8.8649 -
86 210 -9.8909 -
86 211 -8.6518 -
86 212 -8.7633 -
86 213 -5.7706 -
86 214 -4.3857 -
86 215 -1.2517 -
86 216 0.2610 -
86 217 3.6077 -
86 218 5.2456 -
86 219 8.7720 -
86 220 10.6576 -
86 221 14.3695 -
86 222 16.4642 -
86 223 20.2872 -
86 224 22.5579 -
86 225 26.4251 -
86 226 28.8400 -
86 227 32.8603 -
86 228 35.2573 -
86 229 39.3990 -
86 230 42.1592 -
86 231 46.5534 -
86 232 49.5372 -
86 233 54.2321 -
86 234 57.4962 -
86 235 62.4030 -
86 236 65.9747 -
86 237 71.1754 -
86 238 75.0298 -
86 239 80.4014 -
86 240 84.4799 -
86 241 90.1590 -
86 242 94.5401 -
86 243 100.3512 -
86 244 104.8065 -
86 245 110.6814 -
86 246 115.2616 -
86 247 121.2820 -
86 248 126.0611 -
86 249 132.2834 -
86 250 137.2477 -
86 251 143.6605 -
86 252 148.8286 -
86 253 155.2954 -
86 254 160.5080 -
86 255 167.1410 -
86 256 172.4658 -
86 257 179.2753 -
86 258 184.9302 -
86 259 191.8754 -
86 260 197.7329 -
86 261 204.8406 -
86 262 210.7987 -
86 263 218.0021 -
86 264 224.1897 -
86 265 231.7610 -
86 266 238.2576 -
86 267 245.9446 -
86 268 252.6369 -
86 269 260.6259 -
86 270 267.6312 -
86 271 276.2970 -
86 272 284.0000 -
86 273 292.7857 -
86 274 300.5253 -
86 275 309.4555 -
86 276 317.4012 -
86 277 326.5145 -
86 278 334.6335 -
86 279 343.7371 -
86 280 351.8142 -
86 281 360.8866 -
86 282 368.9143 -
86 283 377.9071 -
86 284 385.9697 -
86 285 395.1231 -
86 286 403.3889 -
86 287 412.7321 -
86 288 421.1483 -
86 289 430.5116 -
86 290 438.9568 -
86 291 448.3220 -
86 292 456.7366 -
86 293 466.0923 -
86 294 474.6102 -
86 295 484.2249 -
87 186 42.6424 -
87 187 38.0392 -
87 188 35.3544 -
87 189 31.0597 -
87 190 28.7150 -
87 191 24.8140 -
87 192 22.7375 -
87 193 19.1409 -
87 194 17.4797 -
87 195 14.4349 -
87 196 12.9916 -
87 197 10.2822 -
87 198 9.1839 -
87 199 6.6817 -
87 200 5.9012 -
87 201 3.6318 -
87 202 2.8763 -
87 203 0.9287 -
87 204 0.5021 -
87 205 -1.2174 -
87 206 -1.3789 -
87 207 -2.8576 -
87 208 -2.6780 -
87 209 -3.6788 -
87 210 -3.3188 -
87 211 -4.1810 -
87 212 -3.3952 -
87 213 -3.4687 -
87 214 -1.0042 -
87 215 0.3657 -
87 216 2.9577 -
87 217 4.3740 -
87 218 7.0895 -
87 219 8.6157 -
87 220 11.4994 -
87 221 13.3051 -
87 222 16.3864 -
87 223 18.5092 -
87 224 21.7395 -
87 225 23.9579 -
87 226 27.4061 -
87 227 29.8286 -
87 228 33.2480 -
87 229 35.7370 -
87 230 39.4552 -
87 231 42.0939 -
87 232 46.0304 -
87 233 49.0617 -
87 234 53.2656 -
87 235 56.5460 -
87 236 61.0614 -
87 237 64.6577 -
87 238 69.4238 -
87 239 73.2753 -
87 240 78.2634 -
87 241 82.3748 -
87 242 87.6889 -
87 243 92.1140 -
87 244 97.5238 -
87 245 101.9759 -
87 246 107.4429 -
87 247 112.0236 -
87 248 117.6304 -
87 249 122.3969 -
87 250 128.2209 -
87 251 133.2233 -
87 252 139.2144 -
87 253 144.3978 -
87 254 150.4839 -
87 255 155.7561 -
87 256 162.0326 -
87 257 167.4264 -
87 258 173.8002 -
87 259 179.3934 -
87 260 186.0055 -
87 261 191.8676 -
87 262 198.7599 -
87 263 204.7696 -
87 264 211.5955 -
87 265 217.7713 -
87 266 224.9838 -
87 267 231.4346 -
87 268 238.7574 -
87 269 245.4211 -
87 270 253.0660 -
87 271 260.0629 -
87 272 268.3831 -
87 273 276.0904 -
87 274 284.5409 -
87 275 292.2661 -
87 276 300.8412 -
87 277 308.7645 -
87 278 317.5193 -
87 279 325.6322 -
87 280 334.4521 -
87 281 342.5197 -
87 282 351.2372 -
87 283 359.2643 -
87 284 367.9414 -
87 285 375.9597 -
87 286 384.8020 -
87 287 393.0382 -
87 288 402.0370 -
87 289 410.3983 -
87 290 419.3975 -
87 291 427.7657 -
87 292 436.7692 -
87 293 445.1469 -
87 294 454.2207 -
87 295 462.7368 -
87 296 472.0364 -
87 297 480.7726 -
87 298 490.2358 -
88 189 43.9014 -
88 190 39.1705 -
88 191 36.7276 -
88 192 32.3462 -
88 193 30.2276 -
88 194 26.1956 -
88 195 24.5016 -
88 196 21.0228 -
88 197 19.6854 -
88 198 16.5683 -
88 199 15.5122 -
88 200 12.6640 -
88 201 11.8198 -
88 202 9.2103 -
88 203 8.6170 -
88 204 6.1464 -
88 205 5.7719 -
88 206 3.6860 -
88 207 3.5248 -
88 208 1.6659 -
88 209 1.9674 -
88 210 0.4290 -
88 211 0.9924 -
88 212 -0.3675 -
88 213 0.5549 -
88 214 -0.0182 -
88 215 2.4839 -
88 216 3.3188 -
88 217 5.8381 -
88 218 6.7353 -
88 219 9.3147 -
88 220 10.2723 -
88 221 12.9810 -
88 222 14.2573 -
88 223 17.2507 -
88 224 18.7749 -
88 225 21.9471 -
88 226 23.6402 -
88 227 27.0790 -
88 228 29.0000 -
88 229 32.5166 -
88 230 34.5156 -
88 231 38.2279 -
88 232 40.4670 -
88 233 44.4089 -
88 234 46.9002 -
88 235 51.2032 -
88 236 54.0136 -
88 237 58.5766 -
88 238 61.7308 -
88 239 66.5346 -
88 240 69.9748 -
88 241 75.0259 -
88 242 78.7544 -
88 243 84.1010 -
88 244 88.1395 -
88 245 93.6110 -
88 246 97.7011 -
88 247 103.1753 -
88 248 107.3483 -
88 249 112.9308 -
88 250 117.2598 -
88 251 123.1225 -
88 252 127.7138 -
88 253 133.7241 -
88 254 138.5133 -
88 255 144.6794 -
88 256 149.5453 -
88 257 155.8576 -
88 258 160.9765 -
88 259 167.3327 -
88 260 172.5095 -
88 261 179.1374 -
88 262 184.6330 -
88 263 191.4987 -
88 264 197.2312 -
88 265 204.1903 -
88 266 210.0075 -
88 267 217.2037 -
88 268 223.2633 -
88 269 230.5717 -
88 270 236.8466 -
88 271 244.5013 -
88 272 251.1084 -
88 273 259.4578 -
88 274 266.8343 -
88 275 275.3036 -
88 276 282.6849 -
88 277 291.2530 -
88 278 298.7962 -
88 279 307.5449 -
88 280 315.3075 -
88 281 324.2161 -
88 282 331.9863 -
88 283 340.7112 -
88 284 348.3783 -
88 285 357.0514 -
88 286 364.7344 -
88 287 373.5574 -
88 288 381.3218 -
88 289 390.2716 -
88 290 398.2822 -
88 291 407.2763 -
88 292 415.2960 -
88 293 424.2219 -
88 294 432.2432 -
88 295 441.3103 -
88 296 449.5344 -
88 297 458.8542 -
88 298 467.3196 -
88 299 476.8017 -
88 300 485.3098 -
88 301 494.8363 -
89 191 49.9392 -
89 192 47.0741 -
89 193 42.6114 -
89 194 40.0780 -
89 195 36.0014 -
89 196 33.9431 -
89 197 30.4004 -
89 198 28.7438 -
89 199 25.5246 -
89 200 24.1233 -
89 201 21.1790 -
89 202 20.0244 -
89 203 17.4188 -
89 204 16.3538 -
89 205 13.9727 -
89 206 13.2496 -
89 207 11.2318 -
89 208 10.5913 -
89 209 8.7990 -
89 210 8.6459 -
89 211 7.2157 -
89 212 7.2230 -
89 213 6.0712 -
89 214 6.5111 -
89 215 5.9817 -
89 216 8.0327 -
89 217 8.7903 -
89 218 10.7699 -
89 219 11.6235 -
89 220 13.7263 -
89 221 14.5408 -
89 222 16.7947 -
89 223 17.8563 -
89 224 20.3858 -
89 225 21.7219 -
89 226 24.4243 -
89 227 25.9755 -
89 228 28.9056 -
89 229 30.7908 -
89 230 33.7849 -
89 231 35.7843 -
89 232 39.0820 -
89 233 41.3461 -
89 234 44.8328 -
89 235 47.3716 -
89 236 51.2014 -
89 237 54.0390 -
89 238 58.1393 -
89 239 61.3132 -
89 240 65.6999 -
89 241 69.1537 -
89 242 73.7981 -
89 243 77.5453 -
89 244 82.4958 -
89 245 86.5299 -
89 246 91.6167 -
89 247 95.7099 -
89 248 100.7751 -
89 249 104.9329 -
89 250 110.1189 -
89 251 114.4504 -
89 252 119.9787 -
89 253 124.6424 -
89 254 130.3153 -
89 255 135.1848 -
89 256 141.0351 -
89 257 145.9659 -
89 258 151.9323 -
89 259 157.0781 -
89 260 163.0323 -
89 261 168.1943 -
89 262 174.3952 -
89 263 179.8060 -
89 264 186.2659 -
89 265 191.9801 -
89 266 198.5693 -
89 267 204.4180 -
89 268 211.2469 -
89 269 217.3582 -
89 270 224.2897 -
89 271 230.5301 -
89 272 237.7527 -
89 273 244.3477 -
89 274 252.3864 -
89 275 259.8041 -
89 276 267.9691 -
89 277 275.3776 -
89 278 283.6160 -
89 279 291.1536 -
89 280 299.5504 -
89 281 307.2893 -
89 282 315.8396 -
89 283 323.7309 -
89 284 332.0667 -
89 285 339.6924 -
89 286 348.0850 -
89 287 355.7208 -
89 288 364.0132 -
89 289 371.6728 -
89 290 380.2756 -
89 291 388.2653 -
89 292 396.9104 -
89 293 404.8675 -
89 294 413.4720 -
89 295 421.4534 -
89 296 430.2243 -
89 297 438.4333 -
89 298 447.4540 -
89 299 455.8940 -
89 300 465.0439 -
89 301 473.5956 -
89 302 482.8798 -
89 303 491.6067 -
89 304 500.9791 -
89 305 509.7599 -
90 194 50.9035 -
90 195 48.3515 -
90 196 43.8783 -
90 197 41.8350 -
90 198 37.9121 -
90 199 36.2607 -
90 200 32.6820 -
90 201 31.2745 -
90 202 27.9260 -
90 203 26.7386 -
90 204 23.7880 -
90 205 22.7707 -
90 206 20.0655 -
90 207 19.2829 -
90 208 16.7999 -
90 209 16.5156 -
90 210 14.0786 -
90 211 14.0006 -
90 212 12.1748 -
90 213 12.2472 -
90 214 10.6101 -
90 215 11.2485 -
90 216 10.1821 -
90 217 12.2265 -
90 218 12.4421 -
90 219 14.4595 -
90 220 14.7320 -
90 221 16.8297 -
90 222 17.1304 -
90 223 19.3382 -
90 224 19.8664 -
90 225 22.2395 -
90 226 23.0227 -
90 227 25.6693 -
90 228 26.6334 -
90 229 29.5496 -
90 230 30.8224 -
90 231 33.8610 -
90 232 35.3601 -
90 233 38.7674 -
90 234 40.5553 -
90 235 44.1316 -
90 236 46.1822 -
90 237 50.0581 -
90 238 52.4277 -
90 239 56.6373 -
90 240 59.3066 -
90 241 63.7233 -
90 242 66.7534 -
90 243 71.4280 -
90 244 74.7713 -
90 245 79.7467 -
90 246 83.3768 -
90 247 88.4882 -
90 248 92.1489 -
90 249 97.2860 -
90 250 101.0119 -
90 251 106.2100 -
90 252 110.1450 -
90 253 115.7535 -
90 254 120.0791 -
90 255 125.8386 -
90 256 130.3353 -
90 257 136.3050 -
90 258 140.9325 -
90 259 146.9595 -
90 260 151.7730 -
90 261 157.7329 -
90 262 162.4982 -
90 263 168.6460 -
90 264 173.6085 -
90 265 180.0693 -
90 266 185.3884 -
90 267 191.9903 -
90 268 197.4518 -
90 269 204.2760 -
90 270 209.9551 -
90 271 216.9362 -
90 272 222.8162 -
90 273 229.9631 -
90 274 236.1800 -
90 275 244.2781 -
90 276 251.3808 -
90 277 259.5968 -
90 278 266.6880 -
90 279 274.9582 -
90 280 282.1588 -
90 281 290.5633 -
90 282 297.9288 -
90 283 306.4634 -
90 284 313.8179 -
90 285 322.1471 -
90 286 329.4493 -
90 287 337.9102 -
90 288 345.1942 -
90 289 353.4385 -
90 290 360.7460 -
90 291 369.3275 -
90 292 376.9443 -
90 293 385.5560 -
90 294 393.1849 -
90 295 401.7776 -
90 296 409.4252 -
90 297 418.1972 -
90 298 426.0983 -
90 299 435.1189 -
90 300 443.2505 -
90 301 452.3525 -
90 302 460.5616 -
90 303 469.9028 -
90 304 478.3611 -
90 305 487.7589 -
90 306 496.2678 -
90 307 505.6865 -
90 308 514.2363 -
91 197 54.3418 -
91 198 51.8998 -
91 199 47.9602 -
91 200 45.9380 -
91 201 42.3600 -
91 202 40.5792 -
91 203 37.2265 -
91 204 35.6821 -
91 205 32.6804 -
91 206 31.3776 -
91 207 28.5509 -
91 208 27.4373 -
91 209 25.1428 -
91 210 24.1996 -
91 211 21.8774 -
91 212 21.5272 -
91 213 19.6811 -
91 214 19.3700 -
91 215 17.8187 -
91 216 17.9406 -
91 217 16.9483 -
91 218 18.5598 -
91 219 18.6283 -
91 220 20.1247 -
91 221 20.4182 -
91 222 22.0203 -
91 223 22.3042 -
91 224 24.0070 -
91 225 24.4091 -
91 226 26.2424 -
91 227 26.9369 -
91 228 29.0244 -
91 229 29.9779 -
91 230 32.2651 -
91 231 33.5032 -
91 232 35.9965 -
91 233 37.5137 -
91 234 40.3937 -
91 235 42.3020 -
91 236 45.3717 -
91 237 47.5176 -
91 238 50.9298 -
91 239 53.2708 -
91 240 56.9717 -
91 241 59.7147 -
91 242 63.6887 -
91 243 66.7282 -
91 244 71.0267 -
91 245 74.3870 -
91 246 78.9817 -
91 247 82.6473 -
91 248 87.3765 -
91 249 91.1010 -
91 250 95.8261 -
91 251 99.5913 -
91 252 104.3934 -
91 253 108.3378 -
91 254 113.5950 -
91 255 117.9719 -
91 256 123.3629 -
91 257 127.8885 -
91 258 133.5205 -
91 259 138.2286 -
91 260 143.9018 -
91 261 148.8127 -
91 262 154.4296 -
91 263 159.2304 -
91 264 165.0197 -
91 265 170.0115 -
91 266 176.1804 -
91 267 181.4150 -
91 268 187.6148 -
91 269 193.0014 -
91 270 199.3535 -
91 271 204.9355 -
91 272 211.4695 -
91 273 217.2907 -
91 274 224.0531 -
91 275 230.2259 -
91 276 238.0047 -
91 277 245.1671 -
91 278 253.0884 -
91 279 260.2345 -
91 280 268.2024 -
91 281 275.4219 -
91 282 283.5191 -
91 283 290.8900 -
91 284 298.8925 -
91 285 306.0348 -
91 286 314.0465 -
91 287 321.3569 -
91 288 329.5000 -
91 289 336.8962 -
91 290 344.7909 -
91 291 352.0597 -
91 292 360.2596 -
91 293 367.8231 -
91 294 376.0984 -
91 295 383.6920 -
91 296 391.9341 -
91 297 399.5336 -
91 298 408.0251 -
91 299 415.9438 -
91 300 424.6478 -
91 301 432.7388 -
91 302 441.5798 -
91 303 449.8232 -
91 304 458.9341 -
91 305 467.4535 -
91 306 476.5702 -
91 307 485.0766 -
91 308 494.2254 -
91 309 502.7751 -
91 310 511.9541 -
91 311 520.5458 -
92 200 56.1282 -
92 201 54.1217 -
92 202 50.1708 -
92 203 48.4309 -
92 204 44.6961 -
92 205 43.1757 -
92 206 39.7887 -
92 207 38.4889 -
92 208 35.3552 -
92 209 34.2909 -
92 210 31.4499 -
92 211 30.6690 -
92 212 27.9274 -
92 213 27.6053 -
92 214 25.5073 -
92 215 25.2124 -
92 216 23.1182 -
92 217 23.4850 -
92 218 21.8321 -
92 219 23.3334 -
92 220 23.0817 -
92 221 24.5460 -
92 222 24.3211 -
92 223 25.8344 -
92 224 25.6881 -
92 225 27.2784 -
92 226 27.2043 -
92 227 28.9173 -
92 228 29.0683 -
92 229 31.0849 -
92 230 31.4630 -
92 231 33.7802 -
92 232 34.4309 -
92 233 36.9483 -
92 234 37.9083 -
92 235 40.9315 -
92 236 42.2483 -
92 237 45.4744 -
92 238 47.0971 -
92 239 50.5979 -
92 240 52.5232 -
92 241 56.2499 -
92 242 58.4196 -
92 243 62.4887 -
92 244 65.1023 -
92 245 69.4631 -
92 246 72.4237 -
92 247 77.0548 -
92 248 80.3147 -
92 249 85.0920 -
92 250 88.4629 -
92 251 93.2446 -
92 252 96.6147 -
92 253 101.4408 -
92 254 104.9901 -
92 255 110.3050 -
92 256 114.3181 -
92 257 119.7508 -
92 258 123.9137 -
92 259 129.6234 -
92 260 133.9807 -
92 261 139.7140 -
92 262 144.2472 -
92 263 150.0383 -
92 264 154.4810 -
92 265 160.3382 -
92 266 165.0986 -
92 267 171.0438 -
92 268 175.7837 -
92 269 181.9224 -
92 270 186.8301 -
92 271 193.1687 -
92 272 198.4096 -
92 273 204.9703 -
92 274 210.4226 -
92 275 217.1480 -
92 276 222.9437 -
92 277 230.7395 -
92 278 237.5600 -
92 279 245.5638 -
92 280 252.4221 -
92 281 260.4378 -
92 282 267.3589 -
92 283 275.4765 -
92 284 282.3856 -
92 285 290.2126 -
92 286 297.0025 -
92 287 305.0050 -
92 288 311.9527 -
92 289 320.1040 -
92 290 326.9477 -
92 291 334.9242 -
92 292 341.9062 -
92 293 350.1175 -
92 294 357.3471 -
92 295 365.5639 -
92 296 372.7970 -
92 297 381.0311 -
92 298 388.3275 -
92 299 396.8177 -
92 300 404.4387 -
92 301 413.1209 -
92 302 420.8997 -
92 303 429.7887 -
92 304 437.7745 -
92 305 446.9047 -
92 306 455.1387 -
92 307 464.2976 -
92 308 472.5388 -
92 309 481.7071 -
92 310 489.9852 -
92 311 499.1593 -
92 312 507.5102 -
92 313 516.8305 -
92 314 525.3503 -
92 315 534.7690 -
93 202 64.6353 -
93 203 60.6727 -
93 204 58.5643 -
93 205 54.8306 -
93 206 52.9331 -
93 207 49.5199 -
93 208 47.8117 -
93 209 44.7922 -
93 210 43.2331 -
93 211 40.2828 -
93 212 39.2151 -
93 213 36.4352 -
93 214 35.7173 -
93 215 33.6913 -
93 216 32.9787 -
93 217 31.0190 -
93 218 30.9331 -
93 219 29.3164 -
93 220 30.4068 -
93 221 29.9359 -
93 222 30.9343 -
93 223 30.6790 -
93 224 31.7807 -
93 225 31.5403 -
93 226 32.7736 -
93 227 32.5745 -
93 228 33.7402 -
93 229 33.8260 -
93 230 35.3481 -
93 231 35.7129 -
93 232 37.4921 -
93 233 38.1205 -
93 234 40.1480 -
93 235 41.1196 -
93 236 43.5384 -
93 237 44.9307 -
93 238 47.6441 -
93 239 49.3451 -
93 240 52.4129 -
93 241 54.3065 -
93 242 57.5624 -
93 243 59.8640 -
93 244 63.4417 -
93 245 66.0628 -
93 246 69.9421 -
93 247 72.9376 -
93 248 77.1426 -
93 249 80.3833 -
93 250 84.7493 -
93 251 88.1152 -
93 252 92.5449 -
93 253 95.9377 -
93 254 100.3783 -
93 255 103.9712 -
93 256 108.9279 -
93 257 112.9823 -
93 258 118.0720 -
93 259 122.2491 -
93 260 127.5929 -
93 261 131.9635 -
93 262 137.3481 -
93 263 141.8834 -
93 264 147.4463 -
93 265 151.9406 -
93 266 157.4638 -
93 267 162.1249 -
93 268 167.9483 -
93 269 172.7336 -
93 270 178.3471 -
93 271 183.2820 -
93 272 189.3434 -
93 273 194.6150 -
93 274 200.8513 -
93 275 206.3540 -
93 276 212.7931 -
93 277 218.6338 -
93 278 226.0397 -
93 279 232.8315 -
93 280 240.4520 -
93 281 247.3247 -
93 282 254.9863 -
93 283 261.9304 -
93 284 269.4887 -
93 285 276.0360 -
93 286 283.5040 -
93 287 290.2881 -
93 288 297.9175 -
93 289 304.8867 -
93 290 312.4598 -
93 291 319.3275 -
93 292 327.0148 -
93 293 334.0237 -
93 294 341.9079 -
93 295 349.1193 -
93 296 357.0071 -
93 297 364.1875 -
93 298 372.1036 -
93 299 379.3900 -
93 300 387.5460 -
93 301 395.1000 -
93 302 403.4579 -
93 303 411.2183 -
93 304 419.8068 -
93 305 427.7914 -
93 306 436.6219 -
93 307 444.8482 -
93 308 453.7279 -
93 309 461.9571 -
93 310 470.8470 -
93 311 479.1237 -
93 312 488.0229 -
93 313 496.3610 -
93 314 505.4927 -
93 315 514.0163 -
93 316 523.2108 -
93 317 531.8413 -
93 318 541.1246 -
94 205 67.2521 -
94 206 63.1581 -
94 207 61.2325 -
94 208 57.4186 -
94 209 55.8689 -
94 210 52.2489 -
94 211 50.6801 -
94 212 47.3151 -
94 213 46.2791 -
94 214 43.1539 -
94 215 42.5019 -
94 216 40.0113 -
94 217 39.3764 -
94 218 37.0162 -
94 219 37.0842 -
94 220 35.0335 -
94 221 36.0146 -
94 222 35.0249 -
94 223 36.0939 -
94 224 35.2987 -
94 225 36.3434 -
94 226 35.6570 -
94 227 36.8241 -
94 228 36.1125 -
94 229 37.3459 -
94 230 36.8808 -
94 231 38.3260 -
94 232 38.2308 -
94 233 40.0204 -
94 234 40.1894 -
94 235 42.1829 -
94 236 42.5546 -
94 237 45.1172 -
94 238 45.8515 -
94 239 48.6510 -
94 240 49.8320 -
94 241 52.9998 -
94 242 54.4573 -
94 243 57.8685 -
94 244 59.6222 -
94 245 63.2534 -
94 246 65.3908 -
94 247 69.4027 -
94 248 71.8756 -
94 249 76.1219 -
94 250 78.8781 -
94 251 83.2757 -
94 252 86.2045 -
94 253 90.6648 -
94 254 93.6947 -
94 255 98.1817 -
94 256 101.3771 -
94 257 106.4017 -
94 258 110.0914 -
94 259 115.2509 -
94 260 119.0912 -
94 261 124.4806 -
94 262 128.4838 -
94 263 133.9088 -
94 264 138.0841 -
94 265 143.6982 -
94 266 147.8052 -
94 267 153.4065 -
94 268 157.7042 -
94 269 163.6039 -
94 270 168.2930 -
94 271 173.6045 -
94 272 178.1924 -
94 273 184.3781 -
94 274 189.3805 -
94 275 195.7029 -
94 276 200.8930 -
94 277 207.4489 -
94 278 212.9699 -
94 279 220.3557 -
94 280 226.7108 -
94 281 234.3612 -
94 282 240.8588 -
94 283 248.5436 -
94 284 254.8935 -
94 285 262.1653 -
94 286 268.3771 -
94 287 275.8277 -
94 288 282.2734 -
94 289 289.8438 -
94 290 296.2914 -
94 291 303.8760 -
94 292 310.4324 -
94 293 318.1711 -
94 294 324.8757 -
94 295 332.7530 -
94 296 339.6013 -
94 297 347.4157 -
94 298 354.2387 -
94 299 362.1810 -
94 300 369.1611 -
94 301 377.3165 -
94 302 384.5428 -
94 303 392.8923 -
94 304 400.3200 -
94 305 408.9065 -
94 306 416.5967 -
94 307 425.4226 -
94 308 433.3513 -
94 309 442.2308 -
94 310 450.1731 -
94 311 459.0769 -
94 312 467.0527 -
94 313 475.9744 -
94 314 484.0201 -
94 315 493.1798 -
94 316 501.4857 -
94 317 510.7071 -
94 318 519.0746 -
94 319 528.3996 -
94 320 536.8750 -
94 321 546.4231 -
95 208 71.6841 -
95 209 68.0253 -
95 210 65.8824 -
95 211 62.2399 -
95 212 60.2714 -
95 213 56.8947 -
95 214 55.4730 -
95 215 52.5091 -
95 216 51.4444 -
95 217 48.9703 -
95 218 47.9257 -
95 219 45.5336 -
95 220 45.1575 -
95 221 43.2019 -
95 222 43.6981 -
95 223 42.7165 -
95 224 43.2446 -
95 225 42.3961 -
95 226 42.9525 -
95 227 42.1742 -
95 228 42.8593 -
95 229 42.1484 -
95 230 42.8875 -
95 231 42.4401 -
95 232 43.4800 -
95 233 43.3656 -
95 234 44.6488 -
95 235 44.8050 -
95 236 46.3836 -
95 237 46.7800 -
95 238 48.6485 -
95 239 49.5444 -
95 240 51.7686 -
95 241 53.0346 -
95 242 55.6454 -
95 243 57.1984 -
95 244 60.0296 -
95 245 61.8665 -
95 246 65.0581 -
95 247 67.1713 -
95 248 70.6281 -
95 249 73.1935 -
95 250 76.9806 -
95 251 79.7579 -
95 252 83.6982 -
95 253 86.6774 -
95 254 90.7508 -
95 255 93.8161 -
95 256 97.9318 -
95 257 101.1468 -
95 258 105.8087 -
95 259 109.5553 -
95 260 114.3631 -
95 261 118.2519 -
95 262 123.3127 -
95 263 127.3776 -
95 264 132.4539 -
95 265 136.6800 -
95 266 141.8531 -
95 267 145.8816 -
95 268 151.1786 -
95 269 155.5906 -
95 270 161.1923 -
95 271 165.9938 -
95 272 170.7946 -
95 273 175.4430 -
95 274 181.3137 -
95 275 186.3867 -
95 276 192.3966 -
95 277 197.6567 -
95 278 203.9117 -
95 279 209.4998 -
95 280 216.4976 -
95 281 222.9818 -
95 282 230.1618 -
95 283 236.5456 -
95 284 243.7999 -
95 285 249.8397 -
95 286 256.7467 -
95 287 262.9758 -
95 288 270.0960 -
95 289 276.3263 -
95 290 283.4943 -
95 291 289.9448 -
95 292 297.2419 -
95 293 303.8317 -
95 294 311.2276 -
95 295 317.8521 -
95 296 325.3989 -
95 297 332.1450 -
95 298 339.6924 -
95 299 346.5727 -
95 300 354.2053 -
95 301 361.1778 -
95 302 369.0191 -
95 303 376.2321 -
95 304 384.2549 -
95 305 391.6645 -
95 306 399.9367 -
95 307 407.6172 -
95 308 416.1397 -
95 309 424.0313 -
95 310 432.6001 -
95 311 440.5290 -
95 312 449.1219 -
95 313 457.0827 -
95 314 465.7068 -
95 315 473.7608 -
95 316 482.6513 -
95 317 490.9814 -
95 318 499.9726 -
95 319 508.3561 -
95 320 517.4669 -
95 321 525.9829 -
95 322 535.2688 -
95 323 543.9709 -
95 324 553.3129 -
96 211 74.4074 -
96 212 70.3554 -
96 213 68.3907 -
96 214 64.6240 -
96 215 63.2212 -
96 216 60.0119 -
96 217 58.9561 -
96 218 56.0644 -
96 219 55.1051 -
96 220 52.2623 -
96 221 51.8354 -
96 222 49.5124 -
96 223 50.0471 -
96 224 48.5729 -
96 225 49.0587 -
96 226 47.7172 -
96 227 48.1955 -
96 228 46.9341 -
96 229 47.5293 -
96 230 46.4442 -
96 231 47.1993 -
96 232 46.3339 -
96 233 47.3397 -
96 234 46.6540 -
96 235 48.1068 -
96 236 47.7678 -
96 237 49.3061 -
96 238 49.2301 -
96 239 51.2081 -
96 240 51.5334 -
96 241 53.7666 -
96 242 54.5464 -
96 243 57.1962 -
96 244 58.1137 -
96 245 61.1065 -
96 246 62.3378 -
96 247 65.5874 -
96 248 67.2394 -
96 249 70.8254 -
96 250 72.9105 -
96 251 76.7040 -
96 252 79.0932 -
96 253 83.0979 -
96 254 85.6408 -
96 255 89.7560 -
96 256 92.4280 -
96 257 96.5864 -
96 258 99.4184 -
96 259 104.1390 -
96 260 107.5230 -
96 261 112.3974 -
96 262 115.9393 -
96 263 121.0457 -
96 264 124.7704 -
96 265 129.9191 -
96 266 133.7845 -
96 267 138.8384 -
96 268 142.4778 -
96 269 147.8233 -
96 270 151.9818 -
96 271 157.3954 -
96 272 162.0389 -
96 273 166.9223 -
96 274 171.2341 -
96 275 177.1825 -
96 276 181.9368 -
96 277 188.0314 -
96 278 192.9649 -
96 279 199.3157 -
96 280 204.5816 -
96 281 211.7176 -
96 282 217.6412 -
96 283 224.8073 -
96 284 230.7919 -
96 285 237.7104 -
96 286 243.3444 -
96 287 250.3317 -
96 288 256.1517 -
96 289 263.1082 -
96 290 268.9681 -
96 291 276.1831 -
96 292 282.3258 -
96 293 289.6747 -
96 294 295.8166 -
96 295 303.1479 -
96 296 309.4478 -
96 297 316.9706 -
96 298 323.4458 -
96 299 331.0547 -
96 300 337.6360 -
96 301 345.3240 -
96 302 351.9952 -
96 303 359.8569 -
96 304 366.7403 -
96 305 374.7620 -
96 306 381.8370 -
96 307 390.1230 -
96 308 397.4884 -
96 309 405.9822 -
96 310 413.5165 -
96 311 422.0854 -
96 312 429.6893 -
96 313 438.2904 -
96 314 445.9412 -
96 315 454.5664 -
96 316 462.3234 -
96 317 471.2463 -
96 318 479.3317 -
96 319 488.3205 -
96 320 496.4349 -
96 321 505.5901 -
96 322 513.8623 -
96 323 523.1626 -
96 324 531.5663 -
96 325 540.9847 -
96 326 549.4614 -
96 327 558.9015 -
96 328 567.4614 -
97 214 78.6117 -
97 215 74.8226 -
97 216 73.0409 -
97 217 69.8319 -
97 218 68.4078 -
97 219 65.5345 -
97 220 64.3084 -
97 221 61.4778 -
97 222 60.6267 -
97 223 58.3251 -
97 224 58.3649 -
97 225 56.8508 -
97 226 56.8820 -
97 227 55.5062 -
97 228 55.5584 -
97 229 54.2526 -
97 230 54.4535 -
97 231 53.3201 -
97 232 53.6770 -
97 233 52.7851 -
97 234 53.3234 -
97 235 52.7758 -
97 236 53.6530 -
97 237 53.3901 -
97 238 54.4474 -
97 239 54.4116 -
97 240 55.9309 -
97 241 56.3473 -
97 242 58.1065 -
97 243 58.7680 -
97 244 60.8482 -
97 245 61.8538 -
97 246 64.1587 -
97 247 65.5370 -
97 248 68.2481 -
97 249 69.9411 -
97 250 73.0114 -
97 251 75.2066 -
97 252 78.5951 -
97 253 80.9907 -
97 254 84.5643 -
97 255 87.1618 -
97 256 90.8483 -
97 257 93.5127 -
97 258 97.2706 -
97 259 100.1392 -
97 260 104.5010 -
97 261 107.9058 -
97 262 112.3913 -
97 263 115.9414 -
97 264 120.6900 -
97 265 124.4839 -
97 266 129.2805 -
97 267 133.1851 -
97 268 137.7723 -
97 269 141.4247 -
97 270 146.3678 -
97 271 150.4680 -
97 272 155.5798 -
97 273 160.4239 -
97 274 165.8856 -
97 275 169.2685 -
97 276 174.9016 -
97 277 179.7085 -
97 278 185.4686 -
97 279 190.4540 -
97 280 196.6998 -
97 281 201.8091 -
97 282 208.5567 -
97 283 214.4535 -
97 284 221.2432 -
97 285 227.0793 -
97 286 233.4552 -
97 287 239.0949 -
97 288 245.7071 -
97 289 251.5274 -
97 290 258.1794 -
97 291 264.0761 -
97 292 270.9321 -
97 293 277.0682 -
97 294 283.9717 -
97 295 290.1704 -
97 296 297.1439 -
97 297 303.4240 -
97 298 310.6390 -
97 299 317.1451 -
97 300 324.4639 -
97 301 331.0868 -
97 302 338.4657 -
97 303 345.1540 -
97 304 352.7405 -
97 305 359.6134 -
97 306 367.2993 -
97 307 374.3692 -
97 308 382.3108 -
97 309 389.6271 -
97 310 397.8078 -
97 311 405.3573 -
97 312 413.6014 -
97 313 421.1886 -
97 314 429.4508 -
97 315 437.0703 -
97 316 445.3839 -
97 317 453.1225 -
97 318 461.7616 -
97 319 469.8164 -
97 320 478.5002 -
97 321 486.6118 -
97 322 495.4943 -
97 323 503.7758 -
97 324 512.7602 -
97 325 521.1545 -
97 326 530.3180 -
97 327 538.8509 -
97 328 548.0446 -
97 329 556.6428 -
97 330 565.9059 -
97 331 574.5966 -
98 217 81.4331 -
98 218 77.8467 -
98 219 76.4465 -
98 220 73.1999 -
98 221 72.0040 -
98 222 68.8861 -
98 223 68.0127 -
98 224 65.3316 -
98 225 65.2918 -
98 226 63.3626 -
98 227 63.3782 -
98 228 61.5758 -
98 229 61.6222 -
98 230 59.8916 -
98 231 60.1005 -
98 232 58.5519 -
98 233 58.9255 -
98 234 57.6146 -
98 235 58.1998 -
98 236 57.1710 -
98 237 58.0148 -
98 238 57.3113 -
98 239 58.4539 -
98 240 57.9203 -
98 241 59.5086 -
98 242 59.3511 -
98 243 61.2187 -
98 244 61.3854 -
98 245 63.4620 -
98 246 63.8753 -
98 247 66.3140 -
98 248 67.0192 -
98 249 69.8471 -
98 250 70.9800 -
98 251 74.2271 -
98 252 75.8285 -
98 253 79.3846 -
98 254 81.3083 -
98 255 84.9843 -
98 256 87.1410 -
98 257 90.8233 -
98 258 93.0663 -
98 259 96.8547 -
98 260 99.3449 -
98 261 103.7700 -
98 262 106.7909 -
98 263 111.3116 -
98 264 114.4632 -
98 265 119.2570 -
98 266 122.7102 -
98 267 127.5575 -
98 268 131.0458 -
98 269 135.6468 -
98 270 138.9059 -
98 271 143.8775 -
98 272 147.5950 -
98 273 152.7129 -
98 274 157.3535 -
98 275 162.8570 -
98 276 165.8113 -
98 277 171.5416 -
98 278 176.0193 -
98 279 181.8410 -
98 280 186.4947 -
98 281 192.6210 -
98 282 197.6867 -
98 283 204.3363 -
98 284 209.8352 -
98 285 216.6523 -
98 286 221.7471 -
98 287 228.1859 -
98 288 233.4423 -
98 289 240.0896 -
98 290 245.5527 -
98 291 252.2327 -
98 292 257.8473 -
98 293 264.6970 -
98 294 270.4310 -
98 295 277.3510 -
98 296 283.1623 -
98 297 290.2128 -
98 298 296.1449 -
98 299 303.3724 -
98 300 309.5830 -
98 301 316.9277 -
98 302 323.1978 -
98 303 330.6193 -
98 304 337.0184 -
98 305 344.6428 -
98 306 351.2236 -
98 307 358.9543 -
98 308 365.6810 -
98 309 373.5940 -
98 310 380.5643 -
98 311 388.7650 -
98 312 395.9937 -
98 313 404.2258 -
98 314 411.4641 -
98 315 419.7187 -
98 316 427.0035 -
98 317 435.3179 -
98 318 442.7455 -
98 319 451.3778 -
98 320 459.1065 -
98 321 467.7946 -
98 322 475.5957 -
98 323 484.4907 -
98 324 492.4811 -
98 325 501.4613 -
98 326 509.5579 -
98 327 518.7665 -
98 328 527.0304 -
98 329 536.2735 -
98 330 544.5977 -
98 331 553.9038 -
98 332 562.3273 -
98 333 571.7437 -
98 334 580.0604 -
99 220 86.7103 -
99 221 83.4527 -
99 222 81.8763 -
99 223 78.7482 -
99 224 77.4267 -
99 225 74.7518 -
99 226 74.2918 -
99 227 72.4013 -
99 228 72.0539 -
99 229 70.2123 -
99 230 69.8255 -
99 231 68.0538 -
99 232 67.8639 -
99 233 66.3262 -
99 234 66.3069 -
99 235 65.0113 -
99 236 65.1269 -
99 237 64.0859 -
99 238 64.5806 -
99 239 63.8233 -
99 240 64.4448 -
99 241 63.9644 -
99 242 65.0655 -
99 243 65.0935 -
99 244 66.3819 -
99 245 66.6479 -
99 246 68.1809 -
99 247 68.6226 -
99 248 70.5074 -
99 249 71.2863 -
99 250 73.4529 -
99 251 74.6771 -
99 252 77.3236 -
99 253 79.1062 -
99 254 82.1081 -
99 255 84.1304 -
99 256 87.3227 -
99 257 89.4574 -
99 258 92.7362 -
99 259 94.9499 -
99 260 98.3418 -
99 261 100.8593 -
99 262 104.8883 -
99 263 107.9598 -
99 264 112.1204 -
99 265 115.3125 -
99 266 119.7374 -
99 267 123.2472 -
99 268 127.7067 -
99 269 131.1762 -
99 270 135.5273 -
99 271 138.7974 -
99 272 143.3952 -
99 273 147.1354 -
99 274 151.8747 -
99 275 156.5230 -
99 276 160.5665 -
99 277 164.6772 -
99 278 170.0573 -
99 279 174.5980 -
99 280 180.0771 -
99 281 184.7557 -
99 282 190.5599 -
99 283 195.6371 -
99 284 201.9197 -
99 285 207.4507 -
99 286 213.6268 -
99 287 218.7384 -
99 288 224.8402 -
99 289 230.0978 -
99 290 236.3747 -
99 291 241.8071 -
99 292 248.0868 -
99 293 253.6718 -
99 294 260.2042 -
99 295 265.9331 -
99 296 272.4892 -
99 297 278.3172 -
99 298 285.0497 -
99 299 290.9921 -
99 300 297.8659 -
99 301 304.0481 -
99 302 311.0576 -
99 303 317.3595 -
99 304 324.4645 -
99 305 330.8572 -
99 306 338.1497 -
99 307 344.7532 -
99 308 352.2041 -
99 309 358.9650 -
99 310 366.5504 -
99 311 373.5086 -
99 312 381.3864 -
99 313 388.6029 -
99 314 396.5209 -
99 315 403.7561 -
99 316 411.6935 -
99 317 418.9690 -
99 318 426.9668 -
99 319 434.3882 -
99 320 442.7272 -
99 321 450.4788 -
99 322 458.8940 -
99 323 466.7053 -
99 324 475.3078 -
99 325 483.3049 -
99 326 491.9894 -
99 327 500.0755 -
99 328 509.0020 -
99 329 517.3184 -
99 330 526.3128 -
99 331 534.6575 -
99 332 543.6940 -
99 333 552.0948 -
99 334 561.2702 -
99 335 569.7043 -
99 336 578.6185 -
99 337 587.0064 -
99 338 596.1215 -
100 222 91.9240 -
100 223 90.3468 -
100 224 86.7935 -
100 225 85.4351 -
100 226 82.3659 -
100 227 81.8929 -
100 228 79.6457 -
100 229 79.3341 -
100 230 77.1046 -
100 231 76.7070 -
100 232 74.5111 -
100 233 74.3447 -
100 234 72.4200 -
100 235 72.4350 -
100 236 70.7381 -
100 237 70.9291 -
100 238 69.3979 -
100 239 69.8999 -
100 240 68.6697 -
100 241 69.3744 -
100 242 68.4166 -
100 243 69.5268 -
100 244 69.0926 -
100 245 70.4722 -
100 246 70.1733 -
100 247 71.8060 -
100 248 71.7479 -
100 249 73.5877 -
100 250 73.8082 -
100 251 76.0532 -
100 252 76.6324 -
100 253 79.4502 -
100 254 80.7137 -
100 255 83.7692 -
100 256 85.2865 -
100 257 88.5503 -
100 258 90.1855 -
100 259 93.4728 -
100 260 95.3123 -
100 261 98.7460 -
100 262 100.8539 -
100 263 104.8922 -
100 264 107.5838 -
100 265 111.8161 -
100 266 114.6233 -
100 267 119.0948 -
100 268 122.2240 -
100 269 126.6839 -
100 270 129.7810 -
100 271 134.3458 -
100 272 137.2181 -
100 273 141.8935 -
100 274 145.2467 -
100 275 150.0246 -
100 276 153.4442 -
100 277 158.3707 -
100 278 162.1275 -
100 279 167.5562 -
100 280 171.7376 -
100 281 177.2758 -
100 282 181.5937 -
100 283 187.4540 -
100 284 192.1514 -
100 285 198.4883 -
100 286 203.6518 -
100 287 209.6551 -
100 288 214.4113 -
100 289 220.6787 -
100 290 225.4209 -
100 291 231.6869 -
100 292 236.6458 -
100 293 242.9681 -
100 294 248.1752 -
100 295 254.6986 -
100 296 260.0678 -
100 297 266.6678 -
100 298 272.1442 -
100 299 278.9189 -
100 300 284.5551 -
100 301 291.3948 -
100 302 297.2069 -
100 303 304.2186 -
100 304 310.1776 -
100 305 317.3306 -
100 306 323.3966 -
100 307 330.7053 -
100 308 336.9762 -
100 309 344.4618 -
100 310 350.8882 -
100 311 358.5122 -
100 312 365.1487 -
100 313 373.0201 -
100 314 379.9070 -
100 315 387.8482 -
100 316 394.7476 -
100 317 402.6911 -
100 318 409.6406 -
100 319 417.6422 -
100 320 424.7442 -
100 321 433.0925 -
100 322 440.5385 -
100 323 449.0093 -
100 324 456.5138 -
100 325 465.1417 -
100 326 472.8488 -
100 327 481.5562 -
100 328 489.3650 -
100 329 498.2974 -
100 330 506.3218 -
100 331 515.3197 -
100 332 523.3818 -
100 333 532.4783 -
100 334 540.6268 -
100 335 549.8093 -
100 336 558.1851 -
100 337 567.1273 -
100 338 575.2523 -
100 339 584.3938 -
100 340 592.7436 -
100 341 602.0451 -
101 225 97.3387 -
101 226 95.5528 -
101 227 92.4813 -
101 228 91.6106 -
101 229 89.3628 -
101 230 88.6562 -
101 231 86.4321 -
101 232 85.6617 -
101 233 83.5006 -
101 234 82.9803 -
101 235 81.0929 -
101 236 80.7228 -
101 237 79.0648 -
101 238 78.8348 -
101 239 77.3539 -
101 240 77.3863 -
101 241 76.1993 -
101 242 76.4338 -
101 243 75.5164 -
101 244 76.2295 -
101 245 75.7991 -
101 246 76.7601 -
101 247 76.5527 -
101 248 77.5762 -
101 249 77.5897 -
101 250 78.9232 -
101 251 79.1126 -
101 252 80.7878 -
101 253 81.5185 -
101 254 83.7053 -
101 255 84.9703 -
101 256 87.6241 -
101 257 89.1115 -
101 258 91.7724 -
101 259 93.4823 -
101 260 96.3349 -
101 261 98.1360 -
101 262 101.1522 -
101 263 103.2602 -
101 264 106.8496 -
101 265 109.5403 -
101 266 113.3853 -
101 267 116.2083 -
101 268 120.2709 -
101 269 123.3923 -
101 270 127.5114 -
101 271 130.6350 -
101 272 134.9069 -
101 273 137.9298 -
101 274 142.2289 -
101 275 145.6174 -
101 276 150.0233 -
101 277 153.4905 -
101 278 158.0709 -
101 279 161.8574 -
101 280 166.9218 -
101 281 171.1214 -
101 282 176.3266 -
101 283 180.6974 -
101 284 186.2435 -
101 285 190.9828 -
101 286 196.9521 -
101 287 201.9542 -
101 288 207.5817 -
101 289 212.2785 -
101 290 218.1914 -
101 291 222.9757 -
101 292 228.7478 -
101 293 233.7192 -
101 294 239.6951 -
101 295 244.9094 -
101 296 251.0734 -
101 297 256.4546 -
101 298 262.7135 -
101 299 268.2095 -
101 300 274.6365 -
101 301 280.2722 -
101 302 286.8015 -
101 303 292.5995 -
101 304 299.2589 -
101 305 305.2226 -
101 306 312.0543 -
101 307 318.1554 -
101 308 325.1248 -
101 309 331.4011 -
101 310 338.5812 -
101 311 345.0373 -
101 312 352.3203 -
101 313 358.9354 -
101 314 366.4666 -
101 315 373.3288 -
101 316 380.9539 -
101 317 387.8655 -
101 318 395.4712 -
101 319 402.3946 -
101 320 410.0783 -
101 321 417.1621 -
101 322 425.1721 -
101 323 432.5923 -
101 324 440.7242 -
101 325 448.2166 -
101 326 456.5696 -
101 327 464.2818 -
101 328 472.7154 -
101 329 480.5469 -
101 330 489.1968 -
101 331 497.2369 -
101 332 505.9526 -
101 333 514.0332 -
101 334 522.8868 -
101 335 531.0873 -
101 336 539.9705 -
101 337 548.4056 -
101 338 557.2990 -
101 339 565.5165 -
101 340 574.4056 -
101 341 582.7629 -
101 342 591.7993 -
101 343 600.2625 -
101 344 609.3394 -
102 228 100.8225 -
102 229 99.9546 -
102 230 97.3213 -
102 231 96.6137 -
102 232 94.0024 -
102 233 93.2788 -
102 234 90.7692 -
102 235 90.3012 -
102 236 88.0599 -
102 237 87.7595 -
102 238 85.6975 -
102 239 85.5088 -
102 240 83.6231 -
102 241 83.6617 -
102 242 82.0536 -
102 243 82.3045 -
102 244 80.9818 -
102 245 81.7234 -
102 246 80.9092 -
102 247 81.8637 -
102 248 81.1933 -
102 249 82.3053 -
102 250 81.7276 -
102 251 83.1073 -
102 252 82.7375 -
102 253 84.4102 -
102 254 84.5094 -
102 255 86.8754 -
102 256 87.5998 -
102 257 90.2367 -
102 258 91.2396 -
102 259 93.9946 -
102 260 95.1814 -
102 261 98.0645 -
102 262 99.4690 -
102 263 102.4764 -
102 264 104.1073 -
102 265 107.7132 -
102 266 109.9977 -
102 267 113.8574 -
102 268 116.2713 -
102 269 120.3512 -
102 270 123.0637 -
102 271 127.2619 -
102 272 130.0017 -
102 273 134.3198 -
102 274 137.1563 -
102 275 141.4973 -
102 276 144.5444 -
102 277 149.0230 -
102 278 152.0685 -
102 279 156.6864 -
102 280 160.1377 -
102 281 165.2401 -
102 282 169.0580 -
102 283 174.3002 -
102 284 178.3292 -
102 285 183.9539 -
102 286 188.3328 -
102 287 194.2366 -
102 288 198.7565 -
102 289 204.4795 -
102 290 208.8095 -
102 291 214.7010 -
102 292 219.0491 -
102 293 224.8544 -
102 294 229.4842 -
102 295 235.4767 -
102 296 240.3340 -
102 297 246.5132 -
102 298 251.5360 -
102 299 257.8096 -
102 300 262.9634 -
102 301 269.4178 -
102 302 274.7118 -
102 303 281.2795 -
102 304 286.7054 -
102 305 293.3771 -
102 306 298.9934 -
102 307 305.8582 -
102 308 311.6363 -
102 309 318.6298 -
102 310 324.5695 -
102 311 331.8008 -
102 312 337.9348 -
102 313 345.2306 -
102 314 351.5173 -
102 315 359.0198 -
102 316 365.5180 -
102 317 373.1300 -
102 318 379.6933 -
102 319 387.3315 -
102 320 393.9262 -
102 321 401.6015 -
102 322 408.3357 -
102 323 416.3507 -
102 324 423.4413 -
102 325 431.5470 -
102 326 438.7123 -
102 327 447.0954 -
102 328 454.5395 -
102 329 463.0008 -
102 330 470.5484 -
102 331 479.2166 -
102 332 486.9647 -
102 333 495.6956 -
102 334 503.4811 -
102 335 512.3545 -
102 336 520.3249 -
102 337 529.2361 -
102 338 537.3566 -
102 339 546.5020 -
102 340 554.4976 -
102 341 563.4697 -
102 342 571.5627 -
102 343 580.6397 -
102 344 588.8547 -
102 345 597.9511 -
102 346 606.2372 -
102 347 615.8215 -
102 348 623.8571 -
103 231 107.8156 -
103 232 106.7478 -
103 233 104.1667 -
103 234 103.0677 -
103 235 100.5864 -
103 236 99.7594 -
103 237 97.5348 -
103 238 96.8582 -
103 239 94.8439 -
103 240 94.2576 -
103 241 92.3712 -
103 242 92.0054 -
103 243 90.3722 -
103 244 90.2013 -
103 245 88.8737 -
103 246 89.2005 -
103 247 88.3734 -
103 248 88.9129 -
103 249 88.2182 -
103 250 88.8739 -
103 251 88.3838 -
103 252 89.1332 -
103 253 88.8541 -
103 254 89.9996 -
103 255 90.1791 -
103 256 91.9061 -
103 257 92.7860 -
103 258 94.8939 -
103 259 96.0037 -
103 260 98.2169 -
103 261 99.4298 -
103 262 101.8952 -
103 263 103.2476 -
103 264 105.8161 -
103 265 107.4272 -
103 266 110.6363 -
103 267 112.9288 -
103 268 116.3806 -
103 269 118.8280 -
103 270 122.5031 -
103 271 125.2155 -
103 272 129.0251 -
103 273 131.7876 -
103 274 135.7095 -
103 275 138.6839 -
103 276 142.6650 -
103 277 145.7058 -
103 278 149.7907 -
103 279 152.8882 -
103 280 157.1294 -
103 281 161.4815 -
103 282 165.3584 -
103 283 169.2100 -
103 284 174.0756 -
103 285 178.1392 -
103 286 183.5646 -
103 287 187.8333 -
103 288 193.3244 -
103 289 197.8219 -
103 290 203.3302 -
103 291 207.6769 -
103 292 213.1516 -
103 293 217.5318 -
103 294 222.9846 -
103 295 227.6296 -
103 296 233.2815 -
103 297 238.1405 -
103 298 243.9533 -
103 299 248.9711 -
103 300 254.8985 -
103 301 260.0516 -
103 302 266.0903 -
103 303 271.3710 -
103 304 277.5597 -
103 305 283.0305 -
103 306 289.4062 -
103 307 295.0369 -
103 308 301.5919 -
103 309 307.4234 -
103 310 314.1215 -
103 311 320.0896 -
103 312 327.0105 -
103 313 333.1947 -
103 314 340.1653 -
103 315 346.4515 -
103 316 353.6212 -
103 317 360.1118 -
103 318 367.3899 -
103 319 373.9385 -
103 320 381.2552 -
103 321 387.8393 -
103 322 395.1582 -
103 323 401.8884 -
103 324 409.5996 -
103 325 416.6945 -
103 326 424.4643 -
103 327 431.6251 -
103 328 439.7063 -
103 329 447.1511 -
103 330 455.3333 -
103 331 462.8929 -
103 332 471.2505 -
103 333 478.9750 -
103 334 487.3878 -
103 335 495.1665 -
103 336 503.7453 -
103 337 511.7309 -
103 338 520.3790 -
103 339 528.4801 -
103 340 537.3329 -
103 341 545.3421 -
103 342 554.1103 -
103 343 562.2929 -
103 344 571.0915 -
103 345 579.3121 -
103 346 588.1651 -
103 347 596.4427 -
103 348 605.3770 -
103 349 613.7949 -
103 350 623.2041 -
104 234 112.5718 -
104 235 111.5191 -
104 236 108.6552 -
104 237 107.8748 -
104 238 105.2730 -
104 239 104.6091 -
104 240 102.2161 -
104 241 101.6837 -
104 242 99.3876 -
104 243 99.0149 -
104 244 96.9492 -
104 245 96.7886 -
104 246 95.0461 -
104 247 95.3801 -
104 248 94.1202 -
104 249 94.6476 -
104 250 93.5302 -
104 251 94.1659 -
104 252 93.1701 -
104 253 94.0368 -
104 254 93.1988 -
104 255 94.4142 -
104 256 94.0742 -
104 257 95.9125 -
104 258 96.1732 -
104 259 98.4415 -
104 260 98.9424 -
104 261 101.3530 -
104 262 102.0918 -
104 263 104.5371 -
104 264 105.4701 -
104 265 108.0351 -
104 266 109.2167 -
104 267 112.4450 -
104 268 114.3203 -
104 269 117.8339 -
104 270 119.8952 -
104 271 123.5928 -
104 272 125.8967 -
104 273 129.7319 -
104 274 132.1174 -
104 275 136.0528 -
104 276 138.6137 -
104 277 142.6947 -
104 278 145.3368 -
104 279 149.5424 -
104 280 152.2533 -
104 281 156.5496 -
104 282 159.5926 -
104 283 164.3887 -
104 284 167.8674 -
104 285 172.7731 -
104 286 176.4672 -
104 287 181.8592 -
104 288 185.8627 -
104 289 191.3566 -
104 290 195.4691 -
104 291 201.0932 -
104 292 205.1381 -
104 293 210.5772 -
104 294 214.6060 -
104 295 220.1019 -
104 296 224.4044 -
104 297 230.0967 -
104 298 234.5887 -
104 299 240.4004 -
104 300 245.0416 -
104 301 250.9837 -
104 302 255.7377 -
104 303 261.7647 -
104 304 266.6526 -
104 305 272.8585 -
104 306 277.9695 -
104 307 284.3955 -
104 308 289.7335 -
104 309 296.3533 -
104 310 301.8796 -
104 311 308.6205 -
104 312 314.2919 -
104 313 321.2540 -
104 314 327.1175 -
104 315 334.1822 -
104 316 340.1175 -
104 317 347.3105 -
104 318 353.4704 -
104 319 360.7314 -
104 320 366.9509 -
104 321 374.2380 -
104 322 380.4707 -
104 323 387.8048 -
104 324 394.2016 -
104 325 401.9323 -
104 326 408.7245 -
104 327 416.5022 -
104 328 423.3445 -
104 329 431.4360 -
104 330 438.5755 -
104 331 446.7894 -
104 332 454.0522 -
104 333 462.3941 -
104 334 469.7876 -
104 335 478.2135 -
104 336 485.6872 -
104 337 494.2742 -
104 338 501.9609 -
104 339 510.6664 -
104 340 518.4562 -
104 341 527.2477 -
104 342 534.9667 -
104 343 543.7766 -
104 344 551.7306 -
104 345 560.6040 -
104 346 568.6151 -
104 347 577.4992 -
104 348 585.5207 -
104 349 594.4632 -
104 350 602.6076 -
105 237 119.0947 -
105 238 117.9374 -
105 239 115.3959 -
105 240 114.3575 -
105 241 111.9588 -
105 242 111.0174 -
105 243 108.6883 -
105 244 107.8993 -
105 245 105.8396 -
105 246 105.3042 -
105 247 103.5657 -
105 248 103.4946 -
105 249 102.2157 -
105 250 102.3440 -
105 251 101.2203 -
105 252 101.4302 -
105 253 100.4260 -
105 254 100.8251 -
105 255 100.1174 -
105 256 100.8326 -
105 257 100.5760 -
105 258 101.8731 -
105 259 102.0792 -
105 260 103.8816 -
105 261 104.4567 -
105 262 106.3128 -
105 263 107.1390 -
105 264 109.1280 -
105 265 110.0510 -
105 266 112.1877 -
105 267 113.3654 -
105 268 116.1742 -
105 269 118.0591 -
105 270 121.2146 -
105 271 123.3205 -
105 272 126.5971 -
105 273 128.8877 -
105 274 132.3644 -
105 275 134.7703 -
105 276 138.2901 -
105 277 140.8611 -
105 278 144.5716 -
105 279 147.2359 -
105 280 151.1028 -
105 281 153.9576 -
105 282 157.8454 -
105 283 160.9252 -
105 284 165.3508 -
105 285 168.8380 -
105 286 173.3490 -
105 287 177.0491 -
105 288 182.0804 -
105 289 186.0738 -
105 290 191.2827 -
105 291 195.4354 -
105 292 200.5621 -
105 293 204.7970 -
105 294 209.8963 -
105 295 213.9284 -
105 296 219.0745 -
105 297 223.3860 -
105 298 228.7405 -
105 299 233.2842 -
105 300 238.6992 -
105 301 243.3450 -
105 302 248.9161 -
105 303 253.7191 -
105 304 259.3844 -
105 305 264.2669 -
105 306 270.1147 -
105 307 275.2406 -
105 308 281.3462 -
105 309 286.6969 -
105 310 293.0130 -
105 311 298.5733 -
105 312 304.9678 -
105 313 310.6496 -
105 314 317.2896 -
105 315 323.1903 -
105 316 329.9488 -
105 317 335.9026 -
105 318 342.7624 -
105 319 348.8985 -
105 320 355.8182 -
105 321 362.0003 -
105 322 368.9551 -
105 323 375.2074 -
105 324 382.2187 -
105 325 388.6221 -
105 326 396.0261 -
105 327 402.7976 -
105 328 410.2565 -
105 329 417.0934 -
105 330 424.8934 -
105 331 432.0454 -
105 332 439.9482 -
105 333 447.1939 -
105 334 455.2198 -
105 335 462.6259 -
105 336 470.7548 -
105 337 478.2481 -
105 338 486.5409 -
105 339 494.2416 -
105 340 502.6808 -
105 341 510.5376 -
105 342 518.8771 -
105 343 526.5906 -
105 344 535.1085 -
105 345 543.0494 -
105 346 551.6727 -
105 347 559.7153 -
105 348 568.4929 -
105 349 576.6598 -
105 350 585.7360 -
106 240 123.7283 -
106 241 122.7508 -
106 242 119.9770 -
106 243 118.9814 -
106 244 116.2392 -
106 245 115.4635 -
106 246 113.0181 -
106 247 112.4990 -
106 248 110.3744 -
106 249 110.3126 -
106 250 108.6231 -
106 251 108.7614 -
106 252 107.2229 -
106 253 107.4554 -
106 254 106.0349 -
106 255 106.4302 -
106 256 105.2501 -
106 257 106.0656 -
106 258 105.2845 -
106 259 106.6485 -
106 260 106.4603 -
106 261 108.0739 -
106 262 108.2397 -
106 263 110.2206 -
106 264 110.5206 -
106 265 112.6478 -
106 266 113.0790 -
106 267 115.2315 -
106 268 115.9837 -
106 269 118.7936 -
106 270 120.2717 -
106 271 123.4826 -
106 272 125.2010 -
106 273 128.4866 -
106 274 130.3667 -
106 275 133.8844 -
106 276 135.9219 -
106 277 139.4515 -
106 278 141.6215 -
106 279 145.3759 -
106 280 147.6326 -
106 281 151.5634 -
106 282 154.1291 -
106 283 158.0877 -
106 284 160.7846 -
106 285 165.2323 -
106 286 168.3272 -
106 287 172.8425 -
106 288 176.1621 -
106 289 181.1976 -
106 290 184.8062 -
106 291 190.1919 -
106 292 193.9677 -
106 293 199.1264 -
106 294 203.0230 -
106 295 208.2050 -
106 296 211.8661 -
106 297 217.0760 -
106 298 220.9846 -
106 299 226.3669 -
106 300 230.4969 -
106 301 236.0452 -
106 302 240.2960 -
106 303 245.9413 -
106 304 250.2911 -
106 305 256.0255 -
106 306 260.5547 -
106 307 266.4280 -
106 308 271.2029 -
106 309 277.3583 -
106 310 282.3509 -
106 311 288.6905 -
106 312 293.9489 -
106 313 300.3695 -
106 314 305.7027 -
106 315 312.3792 -
106 316 317.9465 -
106 317 324.7374 -
106 318 330.3739 -
106 319 337.2406 -
106 320 343.0011 -
106 321 349.9145 -
106 322 355.7325 -
106 323 362.7292 -
106 324 368.6642 -
106 325 375.7137 -
106 326 381.7977 -
106 327 389.1941 -
106 328 395.6287 -
106 329 403.1084 -
106 330 409.6193 -
106 331 417.4468 -
106 332 424.2925 -
106 333 432.1853 -
106 334 439.0963 -
106 335 447.1338 -
106 336 454.2090 -
106 337 462.3818 -
106 338 469.5806 -
106 339 477.8893 -
106 340 485.2944 -
106 341 493.7772 -
106 342 501.2993 -
106 343 509.6575 -
106 344 517.0574 -
106 345 525.5828 -
106 346 533.2182 -
106 347 541.8656 -
106 348 549.6533 -
106 349 558.4470 -
106 350 566.4216 -
107 243 130.4182 -
107 244 129.0848 -
107 245 126.3268 -
107 246 125.1819 -
107 247 122.7253 -
107 248 121.8273 -
107 249 119.7083 -
107 250 119.2601 -
107 251 117.5680 -
107 252 117.3052 -
107 253 115.7574 -
107 254 115.6074 -
107 255 114.2029 -
107 256 114.1950 -
107 257 113.0143 -
107 258 113.3717 -
107 259 112.7120 -
107 260 113.5331 -
107 261 113.3296 -
107 262 114.5568 -
107 263 114.7086 -
107 264 116.1837 -
107 265 116.5283 -
107 266 118.1837 -
107 267 118.7137 -
107 268 120.3727 -
107 269 121.0772 -
107 270 123.4477 -
107 271 124.8982 -
107 272 127.7293 -
107 273 129.4720 -
107 274 132.3823 -
107 275 134.2822 -
107 276 137.4206 -
107 277 139.5223 -
107 278 142.6302 -
107 279 144.7806 -
107 280 148.0479 -
107 281 150.2832 -
107 282 153.7467 -
107 283 156.3236 -
107 284 160.1391 -
107 285 162.8909 -
107 286 166.9525 -
107 287 170.0208 -
107 288 174.1990 -
107 289 177.5134 -
107 290 182.1112 -
107 291 185.7490 -
107 292 190.8551 -
107 293 194.8169 -
107 294 199.6423 -
107 295 203.5633 -
107 296 208.4633 -
107 297 212.2184 -
107 298 217.0115 -
107 299 220.9794 -
107 300 225.9824 -
107 301 230.1295 -
107 302 235.2588 -
107 303 239.6179 -
107 304 244.8152 -
107 305 249.2712 -
107 306 254.6888 -
107 307 259.3274 -
107 308 264.8382 -
107 309 269.5712 -
107 310 275.3945 -
107 311 280.4245 -
107 312 286.4136 -
107 313 291.7282 -
107 314 297.8248 -
107 315 303.1622 -
107 316 309.5145 -
107 317 315.0781 -
107 318 321.4915 -
107 319 327.1201 -
107 320 333.6170 -
107 321 339.3635 -
107 322 345.9467 -
107 323 351.7846 -
107 324 358.4659 -
107 325 364.4546 -
107 326 371.2076 -
107 327 377.3172 -
107 328 384.3802 -
107 329 390.7840 -
107 330 397.9349 -
107 331 404.4496 -
107 332 411.9316 -
107 333 418.7520 -
107 334 426.3231 -
107 335 433.2261 -
107 336 440.9531 -
107 337 448.0251 -
107 338 455.8940 -
107 339 463.0879 -
107 340 471.0981 -
107 341 478.5091 -
107 342 486.6855 -
107 343 494.1473 -
107 344 502.2358 -
107 345 509.6714 -
107 346 517.8661 -
107 347 525.5024 -
107 348 533.8585 -
107 349 541.6465 -
107 350 550.1863 -
108 246 134.7700 -
108 247 133.6369 -
108 248 130.7766 -
108 249 129.9059 -
108 250 127.4114 -
108 251 126.9869 -
108 252 124.9053 -
108 253 124.6452 -
108 254 122.6933 -
108 255 122.5805 -
108 256 120.7996 -
108 257 120.7973 -
108 258 119.2080 -
108 259 119.5720 -
108 260 118.4331 -
108 261 119.3729 -
108 262 118.6437 -
108 263 119.9625 -
108 264 119.5391 -
108 265 121.0248 -
108 266 121.0034 -
108 267 122.7230 -
108 268 122.6779 -
108 269 124.4617 -
108 270 124.6352 -
108 271 126.9982 -
108 272 127.9862 -
108 273 130.8258 -
108 274 132.2140 -
108 275 135.1677 -
108 276 136.6787 -
108 277 139.8574 -
108 278 141.5480 -
108 279 144.6827 -
108 280 146.3514 -
108 281 149.5306 -
108 282 151.3564 -
108 283 154.8423 -
108 284 157.0285 -
108 285 160.8988 -
108 286 163.3965 -
108 287 167.3847 -
108 288 170.0878 -
108 289 174.4320 -
108 290 177.3677 -
108 291 181.9213 -
108 292 185.1893 -
108 293 190.3791 -
108 294 194.2150 -
108 295 199.0987 -
108 296 202.6619 -
108 297 207.5713 -
108 298 211.0166 -
108 299 215.8293 -
108 300 219.4411 -
108 301 224.4736 -
108 302 228.2627 -
108 303 233.3994 -
108 304 237.3121 -
108 305 242.6490 -
108 306 246.7445 -
108 307 252.2264 -
108 308 256.5500 -
108 309 262.1573 -
108 310 266.6438 -
108 311 272.5059 -
108 312 277.1984 -
108 313 283.2194 -
108 314 288.1386 -
108 315 294.3364 -
108 316 299.3530 -
108 317 305.6983 -
108 318 310.7968 -
108 319 317.1372 -
108 320 322.4741 -
108 321 329.0842 -
108 322 334.5058 -
108 323 341.0767 -
108 324 346.5614 -
108 325 353.2856 -
108 326 358.9668 -
108 327 365.7750 -
108 328 371.5705 -
108 329 378.6439 -
108 330 384.7155 -
108 331 391.8811 -
108 332 398.0452 -
108 333 405.5141 -
108 334 411.9866 -
108 335 419.5658 -
108 336 426.1416 -
108 337 433.8858 -
108 338 440.6302 -
108 339 448.5031 -
108 340 455.3575 -
108 341 463.3935 -
108 342 470.4999 -
108 343 478.6492 -
108 344 485.7962 -
108 345 493.9203 -
108 346 501.0455 -
108 347 509.2542 -
108 348 516.5918 -
108 349 524.9540 -
108 350 532.4454 -
109 249 141.4445 -
109 250 140.2022 -
109 251 137.7206 -
109 252 136.9111 -
109 253 134.8245 -
109 254 134.1934 -
109 255 132.2554 -
109 256 131.7700 -
109 257 130.0096 -
109 258 129.6407 -
109 259 128.0587 -
109 260 128.0317 -
109 261 126.9056 -
109 262 127.3742 -
109 263 126.7231 -
109 264 127.5096 -
109 265 127.2142 -
109 266 128.2399 -
109 267 128.1569 -
109 268 129.4272 -
109 269 129.3867 -
109 270 130.6457 -
109 271 130.9232 -
109 272 132.7652 -
109 273 133.6924 -
109 274 136.1037 -
109 275 137.4791 -
109 276 140.0306 -
109 277 141.5259 -
109 278 144.3074 -
109 279 145.8161 -
109 280 148.5300 -
109 281 150.1772 -
109 282 152.9276 -
109 283 154.7319 -
109 284 157.8058 -
109 285 160.0057 -
109 286 163.5003 -
109 287 166.0093 -
109 288 169.6367 -
109 289 172.3617 -
109 290 176.3393 -
109 291 179.3862 -
109 292 183.4754 -
109 293 186.7852 -
109 294 191.6511 -
109 295 195.6506 -
109 296 200.3763 -
109 297 203.9586 -
109 298 208.5147 -
109 299 212.1624 -
109 300 216.6169 -
109 301 220.2607 -
109 302 224.9309 -
109 303 228.7368 -
109 304 233.5294 -
109 305 237.4543 -
109 306 242.4060 -
109 307 246.5398 -
109 308 251.6720 -
109 309 256.0198 -
109 310 261.3125 -
109 311 265.7929 -
109 312 271.3824 -
109 313 276.1742 -
109 314 281.8976 -
109 315 286.8551 -
109 316 292.7612 -
109 317 297.8379 -
109 318 303.7093 -
109 319 308.7146 -
109 320 314.7051 -
109 321 319.9860 -
109 322 326.2863 -
109 323 331.7274 -
109 324 337.9561 -
109 325 343.4537 -
109 326 349.8748 -
109 327 355.5918 -
109 328 362.1023 -
109 329 367.9299 -
109 330 374.6791 -
109 331 380.7535 -
109 332 387.5786 -
109 333 393.7389 -
109 334 400.8551 -
109 335 407.3103 -
109 336 414.5486 -
109 337 421.1424 -
109 338 428.5912 -
109 339 435.3447 -
109 340 442.8896 -
109 341 449.7358 -
109 342 457.4641 -
109 343 464.5621 -
109 344 472.3754 -
109 345 479.5715 -
109 346 487.3895 -
109 347 494.4985 -
109 348 502.4137 -
109 349 509.7482 -
109 350 517.8081 -
110 252 146.3440 -
110 253 145.5506 -
110 254 143.0745 -
110 255 142.4738 -
110 256 140.1676 -
110 257 139.6855 -
110 258 137.5233 -
110 259 137.2264 -
110 260 135.3000 -
110 261 135.3096 -
110 262 133.7905 -
110 263 134.2611 -
110 264 133.1810 -
110 265 134.0335 -
110 266 133.2013 -
110 267 134.3112 -
110 268 133.6849 -
110 269 134.8980 -
110 270 134.6152 -
110 271 135.7961 -
110 272 135.6084 -
110 273 137.4834 -
110 274 137.9518 -
110 275 140.3516 -
110 276 141.2794 -
110 277 143.7941 -
110 278 144.8654 -
110 279 147.4269 -
110 280 148.5141 -
110 281 151.2383 -
110 282 152.4837 -
110 283 155.2492 -
110 284 156.6380 -
110 285 159.7370 -
110 286 161.5264 -
110 287 165.0196 -
110 288 167.1438 -
110 289 170.8083 -
110 290 173.1346 -
110 291 177.1417 -
110 292 179.7985 -
110 293 183.9313 -
110 294 186.8780 -
110 295 191.8233 -
110 296 195.5047 -
110 297 200.5511 -
110 298 203.8545 -
110 299 208.4742 -
110 300 211.7873 -
110 301 216.3956 -
110 302 219.6735 -
110 303 224.3627 -
110 304 227.7863 -
110 305 232.6246 -
110 306 236.2111 -
110 307 241.1840 -
110 308 244.9446 -
110 309 250.0916 -
110 310 254.0536 -
110 311 259.4402 -
110 312 263.6144 -
110 313 269.2552 -
110 314 273.6939 -
110 315 279.4751 -
110 316 284.1175 -
110 317 290.0920 -
110 318 294.8077 -
110 319 300.6151 -
110 320 305.2739 -
110 321 311.3077 -
110 322 316.2508 -
110 323 322.4747 -
110 324 327.5838 -
110 325 333.8208 -
110 326 338.9819 -
110 327 345.4623 -
110 328 350.8777 -
110 329 357.4576 -
110 330 362.9697 -
110 331 369.7410 -
110 332 375.4824 -
110 333 382.3089 -
110 334 388.1218 -
110 335 395.2267 -
110 336 401.3123 -
110 337 408.5793 -
110 338 414.8623 -
110 339 422.3502 -
110 340 428.7980 -
110 341 436.3214 -
110 342 442.8380 -
110 343 450.5989 -
110 344 457.3540 -
110 345 465.1630 -
110 346 472.0667 -
110 347 479.9257 -
110 348 486.7176 -
110 349 494.6539 -
110 350 501.6823 -
111 255 153.7020 -
111 256 152.7328 -
111 257 150.4546 -
111 258 149.6055 -
111 259 147.4526 -
111 260 146.8223 -
111 261 144.9560 -
111 262 144.6043 -
111 263 143.1024 -
111 264 143.1644 -
111 265 142.0792 -
111 266 142.4957 -
111 267 141.6919 -
111 268 142.2383 -
111 269 141.7320 -
111 270 142.5571 -
111 271 142.1175 -
111 272 143.0716 -
111 273 142.9553 -
111 274 144.3149 -
111 275 144.7370 -
111 276 146.6513 -
111 277 147.4532 -
111 278 149.5398 -
111 279 150.4723 -
111 280 152.5744 -
111 281 153.6812 -
111 282 156.0323 -
111 283 157.2394 -
111 284 159.6151 -
111 285 161.0336 -
111 286 163.7672 -
111 287 165.5722 -
111 288 168.6356 -
111 289 170.7057 -
111 290 173.9398 -
111 291 176.2804 -
111 292 179.8800 -
111 293 182.5184 -
111 294 186.2391 -
111 295 189.1886 -
111 296 193.8139 -
111 297 197.5673 -
111 298 202.2949 -
111 299 205.9090 -
111 300 210.1679 -
111 301 213.5140 -
111 302 218.0103 -
111 303 221.4192 -
111 304 225.7553 -
111 305 229.1046 -
111 306 233.5542 -
111 307 237.1666 -
111 308 241.8382 -
111 309 245.5922 -
111 310 250.3394 -
111 311 254.3255 -
111 312 259.3812 -
111 313 263.6325 -
111 314 268.9683 -
111 315 273.5460 -
111 316 278.9969 -
111 317 283.6707 -
111 318 289.2875 -
111 319 293.9971 -
111 320 299.4679 -
111 321 304.1490 -
111 322 309.8225 -
111 323 314.7422 -
111 324 320.6144 -
111 325 325.7117 -
111 326 331.5993 -
111 327 336.7746 -
111 328 342.9486 -
111 329 348.4055 -
111 330 354.6697 -
111 331 360.2134 -
111 332 366.6536 -
111 333 372.3745 -
111 334 378.8685 -
111 335 384.6750 -
111 336 391.3937 -
111 337 397.4356 -
111 338 404.3779 -
111 339 410.6707 -
111 340 417.8167 -
111 341 424.2653 -
111 342 431.4519 -
111 343 437.9790 -
111 344 445.4375 -
111 345 452.1956 -
111 346 459.6949 -
111 347 466.6158 -
111 348 474.2202 -
111 349 481.0535 -
111 350 488.7037 -
112 258 158.9603 -
112 259 158.1414 -
112 260 155.6414 -
112 261 155.0938 -
112 262 152.9103 -
112 263 152.6248 -
112 264 150.7502 -
112 265 150.8261 -
112 266 149.3400 -
112 267 149.7395 -
112 268 148.5130 -
112 269 149.1120 -
112 270 148.0518 -
112 271 148.9911 -
112 272 148.1519 -
112 273 149.1906 -
112 274 148.5565 -
112 275 149.9646 -
112 276 149.9337 -
112 277 151.7828 -
112 278 152.1120 -
112 279 154.1561 -
112 280 154.5303 -
112 281 156.6696 -
112 282 157.3983 -
112 283 159.6640 -
112 284 160.4534 -
112 285 162.8665 -
112 286 163.9187 -
112 287 166.7102 -
112 288 168.1441 -
112 289 171.1827 -
112 290 172.8012 -
112 291 176.0058 -
112 292 177.8293 -
112 293 181.3972 -
112 294 183.6115 -
112 295 187.4089 -
112 296 189.9199 -
112 297 194.6204 -
112 298 198.0727 -
112 299 202.9143 -
112 300 206.3422 -
112 301 210.7666 -
112 302 213.7658 -
112 303 218.3154 -
112 304 221.5001 -
112 305 225.8674 -
112 306 228.9261 -
112 307 233.3934 -
112 308 236.6393 -
112 309 241.3480 -
112 310 244.8077 -
112 311 249.5976 -
112 312 253.2165 -
112 313 258.3303 -
112 314 262.2508 -
112 315 267.6678 -
112 316 271.9257 -
112 317 277.4937 -
112 318 281.8638 -
112 319 287.5094 -
112 320 291.8343 -
112 321 297.3539 -
112 322 301.6860 -
112 323 307.3723 -
112 324 311.9252 -
112 325 317.8082 -
112 326 322.5509 -
112 327 328.4706 -
112 328 333.3134 -
112 329 339.5309 -
112 330 344.6713 -
112 331 350.9840 -
112 332 356.2000 -
112 333 362.6546 -
112 334 368.0262 -
112 335 374.5198 -
112 336 379.9677 -
112 337 386.6564 -
112 338 392.3192 -
112 339 399.2852 -
112 340 405.2531 -
112 341 412.3896 -
112 342 418.4915 -
112 343 425.6976 -
112 344 431.8991 -
112 345 439.3759 -
112 346 445.8258 -
112 347 453.3471 -
112 348 459.9310 -
112 349 467.6179 -
112 350 474.2496 -
113 261 166.2971 -
113 262 165.4208 -
113 263 163.2913 -
113 264 162.6694 -
113 265 160.8317 -
113 266 160.5439 -
113 267 159.0825 -
113 268 159.0568 -
113 269 157.8039 -
113 270 157.9741 -
113 271 156.9569 -
113 272 157.3696 -
113 273 156.6181 -
113 274 157.1345 -
113 275 156.5674 -
113 276 157.5401 -
113 277 157.4892 -
113 278 158.9328 -
113 279 159.2554 -
113 280 160.8429 -
113 281 161.1215 -
113 282 162.8325 -
113 283 163.2695 -
113 284 165.0805 -
113 285 165.8840 -
113 286 167.9169 -
113 287 168.9794 -
113 288 171.3571 -
113 289 172.7502 -
113 290 175.3242 -
113 291 176.8773 -
113 292 179.7437 -
113 293 181.5848 -
113 294 184.6907 -
113 295 186.8350 -
113 296 190.2073 -
113 297 192.7979 -
113 298 197.1695 -
113 299 200.7259 -
113 300 205.2701 -
113 301 208.8038 -
113 302 213.1446 -
113 303 216.1781 -
113 304 220.3932 -
113 305 223.7147 -
113 306 227.9485 -
113 307 231.0559 -
113 308 235.1919 -
113 309 238.4791 -
113 310 242.8195 -
113 311 246.3698 -
113 312 250.8489 -
113 313 254.5107 -
113 314 259.2995 -
113 315 263.3029 -
113 316 268.3859 -
113 317 272.6624 -
113 318 277.8440 -
113 319 282.1993 -
113 320 287.4597 -
113 321 291.8083 -
113 322 297.0227 -
113 323 301.4071 -
113 324 306.7738 -
113 325 311.3691 -
113 326 316.9380 -
113 327 321.7287 -
113 328 327.3487 -
113 329 332.2390 -
113 330 338.1219 -
113 331 343.2930 -
113 332 349.2922 -
113 333 354.5493 -
113 334 360.6775 -
113 335 366.0416 -
113 336 372.1953 -
113 337 377.6063 -
113 338 383.9160 -
113 339 389.5661 -
113 340 396.2038 -
113 341 402.1793 -
113 342 408.9678 -
113 343 415.0491 -
113 344 421.9308 -
113 345 428.1466 -
113 346 435.2800 -
113 347 441.7590 -
113 348 448.9778 -
113 349 455.5664 -
113 350 462.8821 -
114 264 172.0177 -
114 265 171.4432 -
114 266 169.2477 -
114 267 168.9883 -
114 268 167.1955 -
114 269 167.1590 -
114 270 165.4856 -
114 271 165.6483 -
114 272 164.2116 -
114 273 164.6169 -
114 274 163.4270 -
114 275 163.9532 -
114 276 162.9776 -
114 277 163.9439 -
114 278 163.4853 -
114 279 164.7767 -
114 280 164.5402 -
114 281 165.9806 -
114 282 165.8732 -
114 283 167.4203 -
114 284 167.4906 -
114 285 169.3392 -
114 286 169.7589 -
114 287 171.8265 -
114 288 172.4922 -
114 289 174.8668 -
114 290 175.8345 -
114 291 178.3757 -
114 292 179.4935 -
114 293 182.3625 -
114 294 183.9108 -
114 295 187.0101 -
114 296 188.7868 -
114 297 192.1511 -
114 298 194.2795 -
114 299 198.7173 -
114 300 201.8769 -
114 301 206.6006 -
114 302 209.7601 -
114 303 214.2660 -
114 304 217.1714 -
114 305 221.4542 -
114 306 224.4261 -
114 307 228.7649 -
114 308 231.6765 -
114 309 235.8663 -
114 310 238.7982 -
114 311 243.2181 -
114 312 246.4288 -
114 313 251.0245 -
114 314 254.3525 -
114 315 259.2271 -
114 316 262.9061 -
114 317 268.0943 -
114 318 271.9772 -
114 319 277.1764 -
114 320 281.1295 -
114 321 286.3421 -
114 322 290.3666 -
114 323 295.6357 -
114 324 299.7148 -
114 325 305.1773 -
114 326 309.4694 -
114 327 315.1229 -
114 328 319.5516 -
114 329 325.2572 -
114 330 329.8439 -
114 331 335.7706 -
114 332 340.6204 -
114 333 346.6708 -
114 334 351.6168 -
114 335 357.7959 -
114 336 362.8125 -
114 337 368.9401 -
114 338 373.9956 -
114 339 380.3049 -
114 340 385.5963 -
114 341 392.2621 -
114 342 397.9070 -
114 343 404.6996 -
114 344 410.4367 -
114 345 417.3311 -
114 346 423.2239 -
114 347 430.3051 -
114 348 436.3482 -
114 349 443.5672 -
114 350 449.7584 -
115 267 179.9627 -
115 268 179.3626 -
115 269 177.5000 -
115 270 177.0898 -
115 271 175.4212 -
115 272 175.2102 -
115 273 173.7669 -
115 274 173.7642 -
115 275 172.5635 -
115 276 172.6913 -
115 277 171.7056 -
115 278 172.2663 -
115 279 171.6208 -
115 280 172.3893 -
115 281 172.0781 -
115 282 173.0944 -
115 283 172.9645 -
115 284 174.1619 -
115 285 174.2384 -
115 286 175.7220 -
115 287 176.1613 -
115 288 177.8689 -
115 289 178.5721 -
115 290 180.5942 -
115 291 181.5659 -
115 292 183.6842 -
115 293 184.8590 -
115 294 187.4170 -
115 295 188.9976 -
115 296 191.7474 -
115 297 193.5739 -
115 298 196.6278 -
115 299 198.8200 -
115 300 202.8400 -
115 301 206.0023 -
115 302 210.2339 -
115 303 213.3603 -
115 304 217.5409 -
115 305 220.5195 -
115 306 224.4545 -
115 307 227.4805 -
115 308 231.4465 -
115 309 234.4903 -
115 310 238.3779 -
115 311 241.3679 -
115 312 245.4524 -
115 313 248.7118 -
115 314 252.9850 -
115 315 256.3700 -
115 316 260.9160 -
115 317 264.6452 -
115 318 269.4989 -
115 319 273.4345 -
115 320 278.2911 -
115 321 282.1937 -
115 322 287.0696 -
115 323 291.1740 -
115 324 296.1142 -
115 325 300.2209 -
115 326 305.3378 -
115 327 309.6690 -
115 328 314.9638 -
115 329 319.4571 -
115 330 324.8516 -
115 331 329.4527 -
115 332 335.0707 -
115 333 339.9589 -
115 334 345.6866 -
115 335 350.6597 -
115 336 356.5565 -
115 337 361.6064 -
115 338 367.4721 -
115 339 372.5344 -
115 340 378.4953 -
115 341 383.7890 -
115 342 390.1065 -
115 343 395.5830 -
115 344 401.8998 -
115 345 407.6205 -
115 346 414.1696 -
115 347 420.0437 -
115 348 426.7841 -
115 349 432.8303 -
115 350 439.6974 -
116 270 186.1097 -
116 271 185.6969 -
116 272 183.6377 -
116 273 183.4501 -
116 274 181.6512 -
116 275 181.6619 -
116 276 180.0623 -
116 277 180.2098 -
116 278 178.8339 -
116 279 179.4019 -
116 280 178.3338 -
116 281 179.0449 -
116 282 178.2517 -
116 283 179.2729 -
116 284 178.7601 -
116 285 179.9170 -
116 286 179.5736 -
116 287 181.0930 -
116 288 181.1706 -
116 289 182.9057 -
116 290 183.2354 -
116 291 185.3402 -
116 292 186.0127 -
116 293 188.0543 -
116 294 188.8947 -
116 295 191.5445 -
116 296 192.7830 -
116 297 195.5948 -
116 298 197.0792 -
116 299 200.2456 -
116 300 202.1063 -
116 301 206.1317 -
116 302 208.8673 -
116 303 213.0429 -
116 304 215.7437 -
116 305 219.8785 -
116 306 222.4674 -
116 307 226.5107 -
116 308 229.1078 -
116 309 233.1288 -
116 310 235.7881 -
116 311 239.8208 -
116 312 242.1896 -
116 313 246.4398 -
116 314 249.4480 -
116 315 253.8970 -
116 316 256.9553 -
116 317 261.5640 -
116 318 264.9585 -
116 319 269.8747 -
116 320 273.4336 -
116 321 278.2584 -
116 322 281.8485 -
116 323 286.8007 -
116 324 290.5770 -
116 325 295.6425 -
116 326 299.4142 -
116 327 304.5742 -
116 328 308.5668 -
116 329 313.8910 -
116 330 318.0172 -
116 331 323.4843 -
116 332 327.7597 -
116 333 333.4008 -
116 334 337.9323 -
116 335 343.7068 -
116 336 348.2207 -
116 337 354.1705 -
116 338 358.9170 -
116 339 364.9199 -
116 340 369.7947 -
116 341 375.7391 -
116 342 380.6772 -
116 343 386.8455 -
116 344 391.7536 -
116 345 398.0942 -
116 346 403.5284 -
116 347 410.1059 -
116 348 415.6547 -
116 349 422.4149 -
116 350 428.1167 -
117 274 193.5198 -
117 275 191.7649 -
117 276 191.4371 -
117 277 189.8666 -
117 278 189.6855 -
117 279 188.3479 -
117 280 188.5366 -
117 281 187.3343 -
117 282 187.6854 -
117 283 186.9010 -
117 284 187.4723 -
117 285 186.9142 -
117 286 187.7517 -
117 287 187.4063 -
117 288 188.5340 -
117 289 188.6156 -
117 290 189.9525 -
117 291 190.2722 -
117 292 192.0142 -
117 293 192.5877 -
117 294 194.3651 -
117 295 195.2571 -
117 296 197.5823 -
117 297 198.8732 -
117 298 201.3316 -
117 299 202.8525 -
117 300 205.6931 -
117 301 207.5825 -
117 302 211.2499 -
117 303 213.9948 -
117 304 217.7788 -
117 305 220.4786 -
117 306 224.2326 -
117 307 226.6800 -
117 308 230.2888 -
117 309 232.9299 -
117 310 236.6090 -
117 311 239.3217 -
117 312 242.9181 -
117 313 245.1160 -
117 314 249.0172 -
117 315 252.0568 -
117 316 256.1833 -
117 317 259.4157 -
117 318 263.6972 -
117 319 267.4250 -
117 320 271.9871 -
117 321 275.5793 -
117 322 280.0964 -
117 323 283.7327 -
117 324 288.3787 -
117 325 292.2064 -
117 326 296.9450 -
117 327 300.6972 -
117 328 305.4900 -
117 329 309.4792 -
117 330 314.3973 -
117 331 318.6281 -
117 332 323.7105 -
117 333 328.0811 -
117 334 333.3919 -
117 335 337.9090 -
117 336 343.1111 -
117 337 347.6229 -
117 338 353.2309 -
117 339 358.0938 -
117 340 363.8270 -
117 341 368.7818 -
117 342 374.4913 -
117 343 379.3619 -
117 344 385.0778 -
117 345 390.0027 -
117 346 396.0523 -
117 347 401.5027 -
117 348 407.7817 -
117 349 413.3781 -
117 350 419.8552 -
118 277 199.9082 -
118 278 198.0038 -
118 279 197.8961 -
118 280 196.2136 -
118 281 196.4017 -
118 282 194.7472 -
118 283 195.1422 -
118 284 193.9639 -
118 285 194.5151 -
118 286 193.5617 -
118 287 194.4666 -
118 288 193.7683 -
118 289 194.9009 -
118 290 194.5660 -
118 291 195.9052 -
118 292 195.8035 -
118 293 197.5406 -
118 294 197.8274 -
118 295 199.6371 -
118 296 200.1596 -
118 297 202.5536 -
118 298 203.4731 -
118 299 205.9868 -
118 300 207.1358 -
118 301 210.0110 -
118 302 211.5182 -
118 303 215.2491 -
118 304 217.6277 -
118 305 221.4389 -
118 306 223.7471 -
118 307 227.3674 -
118 308 229.3490 -
118 309 232.9989 -
118 310 235.3019 -
118 311 239.0142 -
118 312 241.2705 -
118 313 244.1814 -
118 314 246.5739 -
118 315 250.5229 -
118 316 253.2114 -
118 317 257.3872 -
118 318 260.2641 -
118 319 264.5955 -
118 320 268.5233 -
118 321 272.9861 -
118 322 276.2648 -
118 323 281.0078 -
118 324 284.3232 -
118 325 288.9151 -
118 326 292.3879 -
118 327 297.1354 -
118 328 300.5950 -
118 329 305.3757 -
118 330 308.9855 -
118 331 313.9333 -
118 332 317.7456 -
118 333 323.0791 -
118 334 327.0105 -
118 335 332.1660 -
118 336 336.2511 -
118 337 341.5422 -
118 338 345.7045 -
118 339 351.3764 -
118 340 355.9277 -
118 341 361.6574 -
118 342 366.2614 -
118 343 372.0540 -
118 344 376.6379 -
118 345 382.4066 -
118 346 386.9481 -
118 347 393.0685 -
118 348 398.2176 -
118 349 404.5631 -
118 350 409.8582 -
119 280 208.1837 -
119 281 206.4711 -
119 282 206.1157 -
119 283 204.5291 -
119 284 204.5204 -
119 285 203.3528 -
119 286 203.5210 -
119 287 202.5767 -
119 288 203.0970 -
119 289 202.4657 -
119 290 203.2117 -
119 291 202.8473 -
119 292 203.8285 -
119 293 203.7239 -
119 294 205.0721 -
119 295 205.4245 -
119 296 206.8837 -
119 297 207.4067 -
119 298 209.4739 -
119 299 210.4173 -
119 300 212.5506 -
119 301 213.6958 -
119 302 216.1549 -
119 303 217.6665 -
119 304 221.0203 -
119 305 223.4057 -
119 306 226.8475 -
119 307 229.1724 -
119 308 232.2362 -
119 309 234.2455 -
119 310 237.5122 -
119 311 239.8579 -
119 312 243.2707 -
119 313 244.7204 -
119 314 248.0036 -
119 315 250.3935 -
119 316 254.0082 -
119 317 256.7409 -
119 318 260.5640 -
119 319 263.4526 -
119 320 267.4315 -
119 321 270.5130 -
119 322 274.6222 -
119 323 277.7789 -
119 324 283.0065 -
119 325 286.7745 -
119 326 291.3018 -
119 327 294.6260 -
119 328 299.0329 -
119 329 302.4974 -
119 330 307.0311 -
119 331 310.7709 -
119 332 315.4809 -
119 333 319.3383 -
119 334 324.1048 -
119 335 328.1197 -
119 336 333.2266 -
119 337 336.8422 -
119 338 342.0388 -
119 339 346.2156 -
119 340 351.4975 -
119 341 356.0366 -
119 342 361.6524 -
119 343 366.1024 -
119 344 371.5604 -
119 345 376.1674 -
119 346 381.5287 -
119 347 386.0793 -
119 348 391.8776 -
119 349 397.0779 -
119 350 403.1547 -
120 283 214.6305 -
120 284 212.6254 -
120 285 212.7077 -
120 286 211.1814 -
120 287 211.3977 -
120 288 210.0897 -
120 289 210.6279 -
120 290 209.6581 -
120 291 210.3702 -
120 292 209.6302 -
120 293 210.6953 -
120 294 210.2018 -
120 295 211.5711 -
120 296 211.5408 -
120 297 213.0785 -
120 298 213.2294 -
120 299 215.2919 -
120 300 215.8741 -
120 301 218.0148 -
120 302 218.7598 -
120 303 221.1943 -
120 304 222.2965 -
120 305 225.6881 -
120 306 227.7041 -
120 307 231.1711 -
120 308 232.9931 -
120 309 235.9986 -
120 310 237.6459 -
120 311 240.9632 -
120 312 242.9658 -
120 313 246.4247 -
120 314 248.4617 -
120 315 250.8493 -
120 316 252.8639 -
120 317 256.5164 -
120 318 258.9069 -
120 319 262.7703 -
120 320 265.2923 -
120 321 269.3191 -
120 322 272.0349 -
120 323 276.1167 -
120 324 278.9199 -
120 325 283.1063 -
120 326 287.9584 -
120 327 292.0935 -
120 328 295.2449 -
120 329 299.9391 -
120 330 303.2017 -
120 331 307.6460 -
120 332 311.0044 -
120 333 315.7445 -
120 334 319.3162 -
120 335 324.0970 -
120 336 326.7007 -
120 337 331.7936 -
120 338 335.7787 -
120 339 342.1353 -
120 340 345.4862 -
120 341 350.7933 -
120 342 354.9795 -
120 343 360.4479 -
120 344 364.7487 -
120 345 370.2113 -
120 346 374.5362 -
120 347 379.7336 -
120 348 383.8238 -
120 349 389.6942 -
120 350 394.6144 -
121 286 222.8688 -
121 287 221.4647 -
121 288 221.3899 -
121 289 220.1589 -
121 290 220.3401 -
121 291 219.3704 -
121 292 219.8021 -
121 293 218.9653 -
121 294 219.7054 -
121 295 219.2233 -
121 296 220.2335 -
121 297 220.2416 -
121 298 221.3550 -
121 299 221.4691 -
121 300 223.0872 -
121 301 223.6267 -
121 302 225.3633 -
121 303 226.1254 -
121 304 228.2265 -
121 305 229.3627 -
121 306 232.3629 -
121 307 234.4013 -
121 308 237.4859 -
121 309 239.0629 -
121 310 241.7078 -
121 311 243.3862 -
121 312 246.3242 -
121 313 248.3213 -
121 314 251.4357 -
121 315 253.4953 -
121 316 255.8279 -
121 317 257.8670 -
121 318 261.1735 -
121 319 263.5902 -
121 320 267.0790 -
121 321 269.6279 -
121 322 273.2718 -
121 323 275.9867 -
121 324 279.7065 -
121 325 282.5177 -
121 326 286.3172 -
121 327 291.4026 -
121 328 294.9036 -
121 329 298.0847 -
121 330 302.2645 -
121 331 305.8651 -
121 332 310.0700 -
121 333 313.4395 -
121 334 317.8147 -
121 335 321.3445 -
121 336 325.8250 -
121 337 329.5352 -
121 338 334.3920 -
121 339 338.4406 -
121 340 343.3538 -
121 341 347.4355 -
121 342 352.0554 -
121 343 356.3844 -
121 344 361.3760 -
121 345 365.6388 -
121 346 370.6826 -
121 347 374.8539 -
121 348 379.6990 -
121 349 383.9463 -
121 350 389.4933 -
122 289 230.1293 -
122 290 228.6940 -
122 291 228.8618 -
122 292 227.5048 -
122 293 227.8436 -
122 294 226.7217 -
122 295 227.5639 -
122 296 226.7209 -
122 297 227.7444 -
122 298 227.3007 -
122 299 228.4679 -
122 300 228.1585 -
122 301 229.7325 -
122 302 229.8624 -
122 303 231.6209 -
122 304 232.0092 -
122 305 234.1741 -
122 306 234.9603 -
122 307 237.9797 -
122 308 239.6352 -
122 309 242.3696 -
122 310 243.5595 -
122 311 246.2409 -
122 312 247.5550 -
122 313 250.5243 -
122 314 252.1628 -
122 315 255.3013 -
122 316 257.0251 -
122 317 260.1874 -
122 318 261.5012 -
122 319 264.8559 -
122 320 266.9214 -
122 321 270.4357 -
122 322 272.5483 -
122 323 276.2303 -
122 324 279.8734 -
122 325 283.7611 -
122 326 284.7675 -
122 327 288.5455 -
122 328 293.1342 -
122 329 297.3440 -
122 330 299.5434 -
122 331 303.7650 -
122 332 306.7250 -
122 333 311.4816 -
122 334 314.4902 -
122 335 318.8946 -
122 336 322.0568 -
122 337 326.5794 -
122 338 329.9338 -
122 339 334.8533 -
122 340 338.4222 -
122 341 343.3531 -
122 342 347.2909 -
122 343 352.2147 -
122 344 356.1191 -
122 345 361.3063 -
122 346 365.2010 -
122 347 370.2138 -
122 348 373.8919 -
122 349 378.8317 -
122 350 382.7513 -
123 292 239.2344 -
123 293 237.8693 -
123 294 237.8006 -
123 295 236.6723 -
123 296 237.1823 -
123 297 236.5264 -
123 298 237.1470 -
123 299 236.6668 -
123 300 237.3923 -
123 301 237.0748 -
123 302 238.2496 -
123 303 238.3948 -
123 304 239.7870 -
123 305 240.1944 -
123 306 241.9661 -
123 307 242.7473 -
123 308 245.3933 -
123 309 246.9976 -
123 310 249.2638 -
123 311 250.4610 -
123 312 252.7791 -
123 313 254.1143 -
123 314 256.7266 -
123 315 258.3931 -
123 316 261.1728 -
123 317 262.8520 -
123 318 265.6005 -
123 319 267.3049 -
123 320 270.3165 -
123 321 272.4044 -
123 322 275.5027 -
123 323 277.6524 -
123 324 280.9604 -
123 325 284.1581 -
123 326 287.8518 -
123 327 290.5640 -
123 328 294.3139 -
123 329 297.0566 -
123 330 300.9081 -
123 331 303.9182 -
123 332 307.1466 -
123 333 310.1146 -
123 334 314.1002 -
123 335 317.7592 -
123 336 321.8363 -
123 337 323.1124 -
123 338 327.3834 -
123 339 330.8555 -
123 340 337.1519 -
123 341 340.5919 -
123 342 345.1903 -
123 343 348.9790 -
123 344 353.6884 -
123 345 357.6002 -
123 346 362.5131 -
123 347 366.6691 -
123 348 371.5019 -
123 349 375.1867 -
123 350 379.8414 -
124 296 245.0429 -
124 297 245.6270 -
124 298 244.7929 -
124 299 245.4014 -
124 300 244.4546 -
124 301 245.1915 -
124 302 244.5031 -
124 303 245.7142 -
124 304 245.4930 -
124 305 246.9248 -
124 306 246.9501 -
124 307 248.6963 -
124 308 249.0745 -
124 309 251.7661 -
124 310 252.7933 -
124 311 255.0747 -
124 312 255.8890 -
124 313 258.2387 -
124 314 259.2034 -
124 315 261.8512 -
124 316 263.1505 -
124 317 265.9274 -
124 318 267.1276 -
124 319 269.8864 -
124 320 271.3353 -
124 321 274.4092 -
124 322 276.1550 -
124 323 279.4499 -
124 324 281.3168 -
124 325 284.6550 -
124 326 287.2098 -
124 327 290.9604 -
124 328 293.4113 -
124 329 297.0579 -
124 330 299.4991 -
124 331 303.4515 -
124 332 306.1804 -
124 333 310.1260 -
124 334 312.0955 -
124 335 316.1120 -
124 336 318.8852 -
124 337 323.7092 -
124 338 324.4779 -
124 339 328.8018 -
124 340 331.9196 -
124 341 336.4114 -
124 342 339.7175 -
124 343 344.3302 -
124 344 349.4479 -
124 345 354.1877 -
124 346 357.7019 -
124 347 362.6605 -
124 348 366.4880 -
124 349 371.6777 -
124 350 375.2538 -
125 299 255.5130 -
125 300 255.7500 -
125 301 254.8051 -
125 302 255.1850 -
125 303 254.4819 -
125 304 255.2937 -
125 305 255.0985 -
125 306 256.2069 -
125 307 256.2446 -
125 308 257.5649 -
125 309 257.9491 -
125 310 260.2632 -
125 311 260.9800 -
125 312 262.8629 -
125 313 263.6759 -
125 314 265.6461 -
125 315 266.6316 -
125 316 268.8996 -
125 317 270.1904 -
125 318 272.4603 -
125 319 273.6709 -
125 320 276.0674 -
125 321 277.5550 -
125 322 280.3075 -
125 323 282.1204 -
125 324 285.0965 -
125 325 287.1048 -
125 326 290.3309 -
125 327 292.5915 -
125 328 295.9446 -
125 329 298.3168 -
125 330 301.7218 -
125 331 304.2542 -
125 332 307.8318 -
125 333 310.5699 -
125 334 314.2149 -
125 335 316.2361 -
125 336 319.9227 -
125 337 322.7106 -
125 338 326.5561 -
125 339 330.3092 -
125 340 332.2109 -
125 341 335.3589 -
125 342 339.4908 -
125 343 342.8015 -
125 344 348.4126 -
125 345 351.8378 -
125 346 356.3169 -
125 347 359.9438 -
125 348 364.5772 -
125 349 368.4513 -
125 350 373.3400 -
126 302 263.4365 -
126 303 263.8495 -
126 304 262.8525 -
126 305 263.7977 -
126 306 263.2394 -
126 307 264.3834 -
126 308 264.0559 -
126 309 265.3983 -
126 310 265.4126 -
126 311 267.3746 -
126 312 267.6590 -
126 313 269.5306 -
126 314 269.9450 -
126 315 271.9369 -
126 316 272.5221 -
126 317 274.8112 -
126 318 275.6535 -
126 319 277.8866 -
126 320 278.7375 -
126 321 281.1856 -
126 322 282.3279 -
126 323 285.1607 -
126 324 286.6469 -
126 325 289.6963 -
126 326 291.3368 -
126 327 294.6096 -
126 328 296.3561 -
126 329 299.7406 -
126 330 301.8696 -
126 331 305.3304 -
126 332 307.5054 -
126 333 311.1912 -
126 334 313.5329 -
126 335 317.2672 -
126 336 318.9649 -
126 337 322.6765 -
126 338 325.1213 -
126 339 329.0056 -
126 340 331.6055 -
126 341 336.5842 -
126 342 337.4227 -
126 343 341.5806 -
126 344 344.5259 -
126 345 349.8806 -
126 346 352.9280 -
126 347 357.4892 -
126 348 360.7869 -
126 349 365.4632 -
126 350 369.0086 -
127 305 273.0717 -
127 306 273.6849 -
127 307 273.3012 -
127 308 274.2699 -
127 309 273.9928 -
127 310 275.0247 -
127 311 274.9721 -
127 312 276.2996 -
127 313 276.5756 -
127 314 278.0555 -
127 315 278.4514 -
127 316 280.0390 -
127 317 280.6090 -
127 318 282.4718 -
127 319 283.1688 -
127 320 285.0537 -
127 321 285.9453 -
127 322 288.0561 -
127 323 289.2481 -
127 324 291.7639 -
127 325 293.2890 -
127 326 295.9816 -
127 327 297.6780 -
127 328 300.6077 -
127 329 302.2955 -
127 330 305.3396 -
127 331 307.5653 -
127 332 310.6821 -
127 333 312.8635 -
127 334 316.2034 -
127 335 318.5939 -
127 336 321.4969 -
127 337 323.8073 -
127 338 327.1744 -
127 339 329.6536 -
127 340 333.1777 -
127 341 335.8924 -
127 342 339.6091 -
127 343 341.5561 -
127 344 345.3356 -
127 345 348.2608 -
127 346 353.0514 -
127 347 356.1269 -
127 348 360.3656 -
127 349 364.6312 -
127 350 368.1440 -
128 308 281.6487 -
128 309 282.7056 -
128 310 282.1524 -
128 311 283.2194 -
128 312 282.8068 -
128 313 284.1490 -
128 314 284.0304 -
128 315 285.4931 -
128 316 285.4774 -
128 317 287.0502 -
128 318 287.1630 -
128 319 288.8842 -
128 320 289.1909 -
128 321 291.1054 -
128 322 291.6450 -
128 323 293.8096 -
128 324 294.6601 -
128 325 297.2534 -
128 326 298.4493 -
128 327 301.2111 -
128 328 302.5658 -
128 329 305.4335 -
128 330 307.0983 -
128 331 310.1214 -
128 332 311.7904 -
128 333 314.9061 -
128 334 316.7646 -
128 335 320.0432 -
128 336 321.9041 -
128 337 325.2383 -
128 338 327.1989 -
128 339 330.6217 -
128 340 332.7602 -
128 341 336.3237 -
128 342 339.7342 -
128 343 343.4966 -
128 344 345.9993 -
128 345 348.0075 -
128 346 350.5787 -
128 347 355.2445 -
128 348 357.9638 -
128 349 363.2496 -
128 350 366.2331 -
129 312 293.4352 -
129 313 293.0410 -
129 314 294.0027 -
129 315 293.7494 -
129 316 294.7209 -
129 317 294.6104 -
129 318 295.7768 -
129 319 295.8872 -
129 320 297.2344 -
129 321 297.5426 -
129 322 299.0591 -
129 323 299.5802 -
129 324 301.3607 -
129 325 302.2307 -
129 326 304.4631 -
129 327 305.6952 -
129 328 308.1243 -
129 329 309.5283 -
129 330 312.1225 -
129 331 313.6507 -
129 332 316.2644 -
129 333 317.9941 -
129 334 320.8326 -
129 335 322.6829 -
129 336 325.7199 -
129 337 327.7507 -
129 338 330.7252 -
129 339 332.8477 -
129 340 335.9150 -
129 341 338.0934 -
129 342 341.3447 -
129 343 343.6401 -
129 344 348.0945 -
129 345 350.6501 -
129 346 352.4613 -
129 347 355.0505 -
129 348 358.6709 -
129 349 363.0609 -
129 350 366.8662 -
130 315 302.4147 -
130 316 301.7361 -
130 317 302.7118 -
130 318 302.2163 -
130 319 303.3996 -
130 320 303.1123 -
130 321 304.4749 -
130 322 304.3994 -
130 323 305.9065 -
130 324 306.0337 -
130 325 307.8230 -
130 326 308.3016 -
130 327 310.5701 -
130 328 311.4615 -
130 329 313.9291 -
130 330 315.0270 -
130 331 317.5845 -
130 332 318.7386 -
130 333 321.4068 -
130 334 322.7648 -
130 335 325.6683 -
130 336 327.1788 -
130 337 330.2426 -
130 338 332.0090 -
130 339 335.3172 -
130 340 336.9886 -
130 341 340.1776 -
130 342 342.0331 -
130 343 345.2163 -
130 344 347.1925 -
130 345 351.6754 -
130 346 353.8489 -
130 347 355.9048 -
130 348 358.1455 -
130 349 361.8073 -
130 350 364.2011 -
131 318 312.5746 -
131 319 312.0792 -
131 320 312.8771 -
131 321 312.5980 -
131 322 313.5745 -
131 323 313.5051 -
131 324 314.6450 -
131 325 314.7510 -
131 326 316.1646 -
131 327 316.6498 -
131 328 318.5645 -
131 329 319.4864 -
131 330 321.5852 -
131 331 322.6942 -
131 332 324.8819 -
131 333 326.0292 -
131 334 328.3569 -
131 335 329.7461 -
131 336 332.3212 -
131 337 333.8912 -
131 338 336.6041 -
131 339 338.4015 -
131 340 341.3590 -
131 341 343.1759 -
131 342 346.0862 -
131 343 347.8391 -
131 344 350.8019 -
131 345 352.8634 -
131 346 355.9378 -
131 347 359.2324 -
131 348 361.0847 -
131 349 363.3844 -
131 350 366.7231 -
132 321 321.2605 -
132 322 320.6098 -
132 323 321.6012 -
132 324 321.1510 -
132 325 322.2918 -
132 326 322.0102 -
132 327 323.4426 -
132 328 323.5545 -
132 329 325.4841 -
132 330 326.0470 -
132 331 328.1756 -
132 332 328.8972 -
132 333 331.0979 -
132 334 331.8875 -
132 335 334.2621 -
132 336 335.3012 -
132 337 337.9572 -
132 338 339.1729 -
132 339 341.9330 -
132 340 343.3797 -
132 341 346.4134 -
132 342 348.2614 -
132 343 350.9622 -
132 344 352.3844 -
132 345 355.3625 -
132 346 357.0756 -
132 347 360.2259 -
132 348 363.2149 -
132 349 365.1805 -
132 350 367.1552 -
